{"p": 0.076, "barbin": 0, "corr": 0.08297267556190491, "timescale": 7.559917192056433, "rgb": "#000000", "zyx": [22, 53, 54]}