{"p": 0.405, "barbin": 0, "corr": 0.016000501811504364, "timescale": 5.85300902483343, "rgb": "#000000", "zyx": [8, 78, 49]}