{"p": 0.442, "barbin": 0, "corr": 0.008252259343862534, "timescale": 5.009605486553501, "rgb": "#000000", "zyx": [14, 50, 23]}