{"p": 0.003, "barbin": 2, "corr": 0.15789730846881866, "timescale": 7.00991114661936, "rgb": "#000000", "zyx": [14, 31, 51]}