{"p": 0.955, "barbin": 0, "corr": -0.09643672406673431, "timescale": 3.1880416673070355, "rgb": "#000000", "zyx": [19, 30, 55]}