{"p": 0.001, "barbin": 2, "corr": 0.1560674011707306, "timescale": 7.059969511510955, "rgb": "#000000", "zyx": [23, 42, 65]}