{"p": 0.29, "barbin": 0, "corr": 0.029433168470859528, "timescale": 4.5833583603261365, "rgb": "#000000", "zyx": [16, 71, 60]}