{"p": 0.316, "barbin": 0, "corr": 0.004431698005646467, "timescale": 3.5851401027106515, "rgb": "#000000", "zyx": [17, 33, 51]}