{"p": 0.412, "barbin": 0, "corr": 0.011779939755797386, "timescale": 4.400413057348982, "rgb": "#000000", "zyx": [9, 48, 78]}