{"p": 0.003, "barbin": 2, "corr": 0.1558518260717392, "timescale": 7.331336874847504, "rgb": "#000000", "zyx": [13, 78, 47]}