{"p": 0.0, "barbin": 3, "corr": 0.24410775303840637, "timescale": 6.847642493114788, "rgb": "#000000", "zyx": [18, 51, 40]}