{"p": 0.101, "barbin": 0, "corr": 0.0744834914803505, "timescale": 4.85327273996, "rgb": "#000000", "zyx": [15, 66, 33]}