{"p": 0.046, "barbin": 1, "corr": 0.10031033307313919, "timescale": 5.757113259608261, "rgb": "#000000", "zyx": [5, 72, 24]}