{"p": 0.416, "barbin": 0, "corr": 0.011586379259824753, "timescale": 3.5997693317963284, "rgb": "#000000", "zyx": [15, 73, 78]}