{"p": 0.067, "barbin": 0, "corr": 0.08937391638755798, "timescale": 6.710179101821114, "rgb": "#000000", "zyx": [14, 82, 45]}