{"p": 0.073, "barbin": 0, "corr": 0.06022757291793823, "timescale": 7.48247750428288, "rgb": "#000000", "zyx": [7, 57, 51]}