{"p": 0.96, "barbin": 0, "corr": -0.07707835733890533, "timescale": 6.844529025815493, "rgb": "#000000", "zyx": [6, 42, 61]}