{"p": 0.501, "barbin": 0, "corr": -0.0014859449584037066, "timescale": 3.4859214002279457, "rgb": "#000000", "zyx": [7, 63, 58]}