{"p": 0.716, "barbin": 0, "corr": -0.00019733977387659252, "timescale": 7.584956247634882, "rgb": "#000000", "zyx": [15, 91, 57]}