{"p": 0.002, "barbin": 2, "corr": 0.16232189536094666, "timescale": 8.567518582918641, "rgb": "#000000", "zyx": [15, 54, 77]}