{"p": 0.082, "barbin": 0, "corr": 0.08744978904724121, "timescale": 6.3256079084580215, "rgb": "#000000", "zyx": [19, 79, 44]}