{"p": 0.004, "barbin": 1, "corr": 0.13555534183979034, "timescale": 8.497322749300851, "rgb": "#000000", "zyx": [19, 41, 64]}