{"p": 0.387, "barbin": 0, "corr": 0.016763998195528984, "timescale": 4.625917344008583, "rgb": "#000000", "zyx": [5, 36, 40]}