{"p": 0.0, "barbin": 3, "corr": 0.2267908751964569, "timescale": 7.309628617956016, "rgb": "#000000", "zyx": [20, 33, 49]}