{"p": 0.0, "barbin": 2, "corr": 0.1902192384004593, "timescale": 7.370395588785457, "rgb": "#000000", "zyx": [9, 41, 72]}