{"p": 0.184, "barbin": 0, "corr": 0.050438642501831055, "timescale": 6.352525589323519, "rgb": "#000000", "zyx": [13, 78, 40]}