{"p": 0.005, "barbin": 1, "corr": 0.14060412347316742, "timescale": 6.610872015267643, "rgb": "#000000", "zyx": [26, 64, 47]}