{"p": 0.894, "barbin": 0, "corr": -0.019471224397420883, "timescale": 4.865959882425014, "rgb": "#000000", "zyx": [16, 75, 64]}