{"p": 0.0, "barbin": 4, "corr": 0.30486541986465454, "timescale": 6.454857526802261, "rgb": "#000000", "zyx": [9, 74, 33]}