{"p": 0.995, "barbin": 0, "corr": -0.16535741090774536, "timescale": 3.584962500721156, "rgb": "#000000", "zyx": [0, 78, 33]}