{"p": 0.235, "barbin": 0, "corr": 0.03700486570596695, "timescale": 7.4132637655051585, "rgb": "#000000", "zyx": [5, 92, 64]}