{"p": 0.608, "barbin": 0, "corr": -0.014306625351309776, "timescale": 8.58246034863692, "rgb": "#000000", "zyx": [9, 57, 64]}