{"p": 0.09, "barbin": 0, "corr": 0.07328993082046509, "timescale": 8.581874966467815, "rgb": "#000000", "zyx": [15, 28, 72]}