{"p": 0.987, "barbin": 0, "corr": -0.08003175258636475, "timescale": 7.584962500721156, "rgb": "#000000", "zyx": [13, 65, 25]}