{"p": 0.042, "barbin": 1, "corr": 0.10385437309741974, "timescale": 6.624811383405339, "rgb": "#000000", "zyx": [15, 57, 68]}