{"p": 0.038, "barbin": 1, "corr": 0.1035364493727684, "timescale": 6.736402298889079, "rgb": "#000000", "zyx": [7, 74, 30]}