{"p": 0.756, "barbin": 0, "corr": -0.03629305586218834, "timescale": 4.073148051224649, "rgb": "#000000", "zyx": [17, 18, 54]}