{"p": 0.436, "barbin": 0, "corr": 0.002982557751238346, "timescale": 6.47101574633942, "rgb": "#000000", "zyx": [18, 51, 29]}