{"p": 0.601, "barbin": 0, "corr": -0.02101759985089302, "timescale": 2.5868023501860304, "rgb": "#000000", "zyx": [17, 81, 53]}