{"p": 0.723, "barbin": 0, "corr": -0.028760798275470734, "timescale": 4.216467459524773, "rgb": "#000000", "zyx": [16, 80, 39]}