{"p": 0.558, "barbin": 0, "corr": -0.009741147980093956, "timescale": 3.8953426673151297, "rgb": "#000000", "zyx": [18, 46, 71]}