{"p": 0.456, "barbin": 0, "corr": 0.005090557504445314, "timescale": 4.9179558554423375, "rgb": "#000000", "zyx": [19, 24, 57]}