{"p": 0.463, "barbin": 0, "corr": 0.0034259543754160404, "timescale": 5.586330474301105, "rgb": "#000000", "zyx": [10, 43, 64]}