{"p": 0.42, "barbin": 0, "corr": 0.00474893394857645, "timescale": 3.747834985489345, "rgb": "#000000", "zyx": [7, 72, 37]}