{"p": 0.263, "barbin": 0, "corr": 0.03225872665643692, "timescale": 3.6387801775888806, "rgb": "#000000", "zyx": [11, 34, 71]}