{"p": 0.137, "barbin": 0, "corr": 0.05057214945554733, "timescale": 6.947740645415067, "rgb": "#000000", "zyx": [24, 41, 65]}