{"p": 0.057, "barbin": 0, "corr": 0.08092139661312103, "timescale": 2.610015779157106, "rgb": "#000000", "zyx": [9, 83, 42]}