{"p": 0.726, "barbin": 0, "corr": -0.03599338233470917, "timescale": 3.231330681039348, "rgb": "#000000", "zyx": [7, 37, 43]}