{"p": 0.835, "barbin": 0, "corr": -0.014766828157007694, "timescale": 4.714253458154585, "rgb": "#000000", "zyx": [8, 57, 58]}