{"p": 0.494, "barbin": 0, "corr": 0.002130452310666442, "timescale": 3.5580418351854135, "rgb": "#000000", "zyx": [13, 86, 67]}