{"p": 0.529, "barbin": 0, "corr": -0.003656301647424698, "timescale": 6.284180991785483, "rgb": "#000000", "zyx": [22, 39, 51]}