{"p": 0.988, "barbin": 0, "corr": -0.13968300819396973, "timescale": 4.584962500721156, "rgb": "#000000", "zyx": [13, 60, 63]}