{"p": 0.998, "barbin": 0, "corr": -0.12710529565811157, "timescale": 7.584931328934434, "rgb": "#000000", "zyx": [6, 32, 57]}