{"p": 0.887, "barbin": 0, "corr": -0.04894893243908882, "timescale": 8.552334739357173, "rgb": "#000000", "zyx": [3, 91, 59]}