{"p": 0.148, "barbin": 0, "corr": 0.06251870095729828, "timescale": 7.2347739563941795, "rgb": "#000000", "zyx": [12, 28, 37]}