{"p": 0.059, "barbin": 0, "corr": 0.008150305598974228, "timescale": 6.370198010444604, "rgb": "#000000", "zyx": [4, 79, 70]}