{"p": 0.001, "barbin": 4, "corr": 0.2561340928077698, "timescale": 6.6192117527336265, "rgb": "#000000", "zyx": [21, 27, 48]}