{"p": 0.032, "barbin": 0, "corr": 0.023138755932450294, "timescale": 6.670582539479814, "rgb": "#000000", "zyx": [14, 25, 71]}