{"p": 0.653, "barbin": 0, "corr": -0.022889651358127594, "timescale": 7.584962500721156, "rgb": "#000000", "zyx": [1, 41, 40]}