{"p": 0.676, "barbin": 0, "corr": -0.029369065538048744, "timescale": 4.762258161532451, "rgb": "#000000", "zyx": [10, 36, 30]}