{"p": 0.015, "barbin": 1, "corr": 0.12797251343727112, "timescale": 5.851209145952142, "rgb": "#000000", "zyx": [11, 56, 50]}