{"p": 0.0, "barbin": 2, "corr": 0.18109236657619476, "timescale": 6.190163139198778, "rgb": "#000000", "zyx": [13, 72, 75]}