{"p": 0.017, "barbin": 1, "corr": 0.1167440339922905, "timescale": 8.584962500772688, "rgb": "#000000", "zyx": [17, 81, 42]}