{"p": 0.908, "barbin": 0, "corr": -0.07487437129020691, "timescale": 5.592517400357615, "rgb": "#000000", "zyx": [14, 49, 53]}