{"p": 0.595, "barbin": 0, "corr": -0.006414913106709719, "timescale": 7.369265884622871, "rgb": "#000000", "zyx": [8, 91, 37]}