{"p": 0.0, "barbin": 2, "corr": 0.18062952160835266, "timescale": 6.768563967234702, "rgb": "#000000", "zyx": [5, 45, 32]}