{"p": 0.215, "barbin": 0, "corr": 0.050143033266067505, "timescale": 7.545585890427731, "rgb": "#000000", "zyx": [15, 81, 37]}