{"p": 0.003, "barbin": 1, "corr": 0.1289808750152588, "timescale": 4.869020792775159, "rgb": "#000000", "zyx": [15, 88, 50]}