{"p": 0.945, "barbin": 0, "corr": -0.08716581016778946, "timescale": 4.485240041016837, "rgb": "#000000", "zyx": [9, 71, 33]}