{"p": 0.0, "barbin": 3, "corr": 0.20692197978496552, "timescale": 6.745428419810727, "rgb": "#000000", "zyx": [25, 57, 62]}