{"p": 0.002, "barbin": 2, "corr": 0.1609392613172531, "timescale": 7.369619990732487, "rgb": "#000000", "zyx": [18, 86, 40]}