{"p": 0.463, "barbin": 0, "corr": 0.006196706555783749, "timescale": 7.490674884404181, "rgb": "#000000", "zyx": [9, 81, 49]}