{"p": 0.0, "barbin": 4, "corr": 0.5169549584388733, "timescale": 6.54897551948782, "rgb": "#000000", "zyx": [16, 41, 66]}