{"p": 0.564, "barbin": 0, "corr": -0.008469875901937485, "timescale": 5.02345767618038, "rgb": "#000000", "zyx": [20, 84, 57]}