{"p": 0.001, "barbin": 2, "corr": 0.16106340289115906, "timescale": 5.418679026232732, "rgb": "#000000", "zyx": [19, 25, 59]}