{"p": 0.77, "barbin": 0, "corr": -0.04505094140768051, "timescale": 6.511119266630935, "rgb": "#000000", "zyx": [14, 17, 47]}