{"p": 0.851, "barbin": 0, "corr": -0.0587080679833889, "timescale": 5.5916308441104094, "rgb": "#000000", "zyx": [20, 40, 55]}