{"p": 0.538, "barbin": 0, "corr": -0.010291405953466892, "timescale": 4.787003620002629, "rgb": "#000000", "zyx": [7, 67, 42]}