{"p": 0.351, "barbin": 0, "corr": 0.02154809609055519, "timescale": 6.382424625492438, "rgb": "#000000", "zyx": [3, 75, 77]}