{"p": 0.379, "barbin": 0, "corr": 0.01891261711716652, "timescale": 6.483244793757483, "rgb": "#000000", "zyx": [22, 60, 73]}