{"p": 0.929, "barbin": 0, "corr": -0.08333970606327057, "timescale": 6.582697241228361, "rgb": "#000000", "zyx": [17, 22, 64]}