{"p": 0.532, "barbin": 0, "corr": -0.004519603680819273, "timescale": 3.599497705191107, "rgb": "#000000", "zyx": [9, 40, 48]}