{"p": 0.934, "barbin": 0, "corr": -0.08841913938522339, "timescale": 5.636799332476489, "rgb": "#000000", "zyx": [6, 50, 50]}