{"p": 0.11, "barbin": 0, "corr": 0.04589655250310898, "timescale": 3.706725863284497, "rgb": "#000000", "zyx": [14, 51, 36]}