{"p": 0.29, "barbin": 0, "corr": 0.023435842245817184, "timescale": 7.584955794680204, "rgb": "#000000", "zyx": [5, 64, 77]}