{"p": 0.162, "barbin": 0, "corr": 0.05609431490302086, "timescale": 7.558817446244457, "rgb": "#000000", "zyx": [5, 84, 47]}