{"p": 0.979, "barbin": 0, "corr": -0.11525852978229523, "timescale": 1.5849625007211563, "rgb": "#000000", "zyx": [15, 41, 50]}