{"p": 0.966, "barbin": 0, "corr": -0.10633067786693573, "timescale": 6.288976184294372, "rgb": "#000000", "zyx": [20, 78, 58]}