{"p": 0.618, "barbin": 0, "corr": -0.01617744006216526, "timescale": 7.5849626233606235, "rgb": "#000000", "zyx": [8, 31, 47]}