{"p": 0.69, "barbin": 0, "corr": -0.026704877614974976, "timescale": 1.7547895059322804, "rgb": "#000000", "zyx": [3, 85, 49]}