{"p": 0.159, "barbin": 0, "corr": 0.06155075132846832, "timescale": 6.554384205943384, "rgb": "#000000", "zyx": [15, 65, 53]}