{"p": 0.964, "barbin": 0, "corr": -0.10505010187625885, "timescale": 4.947641327448736, "rgb": "#000000", "zyx": [25, 42, 62]}