{"p": 0.574, "barbin": 0, "corr": -5.166162009118125e-05, "timescale": 2.8836970261929307, "rgb": "#000000", "zyx": [4, 54, 60]}