{"p": 0.573, "barbin": 0, "corr": -0.009050250053405762, "timescale": 8.579014442816325, "rgb": "#000000", "zyx": [5, 73, 40]}