{"p": 0.292, "barbin": 0, "corr": 0.03615410625934601, "timescale": 6.447379470117009, "rgb": "#000000", "zyx": [22, 76, 38]}