{"p": 0.429, "barbin": 0, "corr": 0.012255489826202393, "timescale": 7.600426982321771, "rgb": "#000000", "zyx": [23, 58, 55]}