{"p": 0.062, "barbin": 0, "corr": 0.08423718810081482, "timescale": 6.586645046322632, "rgb": "#000000", "zyx": [16, 72, 51]}