{"p": 0.915, "barbin": 0, "corr": -0.07060135155916214, "timescale": 6.742873534295933, "rgb": "#000000", "zyx": [12, 67, 75]}