{"p": 0.331, "barbin": 0, "corr": 0.025500044226646423, "timescale": 2.640383310136667, "rgb": "#000000", "zyx": [17, 57, 23]}