{"p": 0.29, "barbin": 0, "corr": 0.0005502760177478194, "timescale": 7.8511751994407275, "rgb": "#000000", "zyx": [3, 34, 58]}