{"p": 0.035, "barbin": 0, "corr": 0.0989471971988678, "timescale": 4.8406643797655, "rgb": "#000000", "zyx": [20, 64, 76]}