{"p": 0.066, "barbin": 0, "corr": 0.0005606661434285343, "timescale": 2.966587656077033, "rgb": "#000000", "zyx": [20, 75, 73]}