{"p": 0.676, "barbin": 0, "corr": -0.024136841297149658, "timescale": 1.584962500721156, "rgb": "#000000", "zyx": [8, 45, 52]}