{"p": 0.504, "barbin": 0, "corr": 0.0007339922012761235, "timescale": 3.673043128601308, "rgb": "#000000", "zyx": [7, 94, 55]}