{"p": 0.488, "barbin": 0, "corr": 3.469047078397125e-05, "timescale": 3.554652126681945, "rgb": "#000000", "zyx": [14, 30, 64]}