{"p": 0.881, "barbin": 0, "corr": -0.06708963215351105, "timescale": 4.636294762207321, "rgb": "#000000", "zyx": [19, 86, 65]}