{"p": 0.623, "barbin": 0, "corr": -0.016917934641242027, "timescale": 6.415219137788777, "rgb": "#000000", "zyx": [11, 62, 68]}