{"p": 0.483, "barbin": 0, "corr": 0.00415167398750782, "timescale": 5.008948110540241, "rgb": "#000000", "zyx": [3, 60, 28]}