{"p": 0.019, "barbin": 0, "corr": 0.08314888179302216, "timescale": 3.5882493434408054, "rgb": "#000000", "zyx": [15, 62, 32]}