{"p": 0.231, "barbin": 0, "corr": 0.047110702842473984, "timescale": 6.585397362955088, "rgb": "#000000", "zyx": [3, 71, 42]}