{"p": 0.544, "barbin": 0, "corr": -0.008410172536969185, "timescale": 3.476521907368249, "rgb": "#000000", "zyx": [21, 62, 42]}