{"p": 0.068, "barbin": 0, "corr": 0.06163904070854187, "timescale": 6.532760467892833, "rgb": "#000000", "zyx": [9, 76, 45]}