{"p": 0.076, "barbin": 0, "corr": 0.08356505632400513, "timescale": 5.505723198890862, "rgb": "#000000", "zyx": [20, 78, 40]}