{"p": 0.064, "barbin": 0, "corr": 0.09026889503002167, "timescale": 3.2179157638790747, "rgb": "#000000", "zyx": [5, 63, 29]}