{"p": 0.285, "barbin": 0, "corr": 0.030939828604459763, "timescale": 7.657620308230287, "rgb": "#000000", "zyx": [21, 39, 32]}