{"p": 0.363, "barbin": 0, "corr": 0.022066228091716766, "timescale": 7.316958328214177, "rgb": "#000000", "zyx": [19, 42, 39]}