{"p": 0.027, "barbin": 0, "corr": 0.08150745928287506, "timescale": 6.236115437213731, "rgb": "#000000", "zyx": [19, 44, 73]}