{"p": 0.068, "barbin": 0, "corr": 0.061044368892908096, "timescale": 6.0674827575379675, "rgb": "#000000", "zyx": [14, 90, 56]}