{"p": 0.431, "barbin": 0, "corr": 0.00927470251917839, "timescale": 1.7261584475237521, "rgb": "#000000", "zyx": [16, 72, 67]}