{"p": 0.896, "barbin": 0, "corr": -0.050247982144355774, "timescale": 4.584962500721156, "rgb": "#000000", "zyx": [21, 56, 44]}