{"p": 0.823, "barbin": 0, "corr": -0.0499865896999836, "timescale": 7.584369130969145, "rgb": "#000000", "zyx": [15, 71, 60]}