{"p": 0.963, "barbin": 0, "corr": -0.10752998292446136, "timescale": 4.722310471567084, "rgb": "#000000", "zyx": [10, 84, 61]}