{"p": 0.701, "barbin": 0, "corr": -0.0326298289000988, "timescale": 5.112868516347297, "rgb": "#000000", "zyx": [13, 29, 36]}