{"p": 0.641, "barbin": 0, "corr": -0.0005763167282566428, "timescale": 6.576191964492447, "rgb": "#000000", "zyx": [14, 57, 64]}