{"p": 0.643, "barbin": 0, "corr": -0.01507609710097313, "timescale": 6.730474769336199, "rgb": "#000000", "zyx": [21, 67, 32]}