{"p": 0.479, "barbin": 0, "corr": 0.0006184857920743525, "timescale": 4.010078575134236, "rgb": "#000000", "zyx": [13, 83, 60]}