{"p": 0.406, "barbin": 0, "corr": 0.015562809072434902, "timescale": 4.529099085820286, "rgb": "#000000", "zyx": [1, 45, 60]}