{"p": 0.538, "barbin": 0, "corr": -0.0020443573594093323, "timescale": 1.5888008010682224, "rgb": "#000000", "zyx": [8, 69, 42]}