{"p": 0.991, "barbin": 0, "corr": -0.02881128340959549, "timescale": 7.584962500721156, "rgb": "#000000", "zyx": [14, 50, 63]}