{"p": 0.119, "barbin": 0, "corr": 0.06894562393426895, "timescale": 6.229846552870213, "rgb": "#000000", "zyx": [13, 82, 33]}