{"p": 0.0, "barbin": 4, "corr": 0.3681428134441376, "timescale": 6.899697141658915, "rgb": "#000000", "zyx": [8, 46, 32]}