{"p": 0.191, "barbin": 0, "corr": 0.0500677116215229, "timescale": 6.227488931041919, "rgb": "#000000", "zyx": [16, 21, 48]}