{"p": 0.049, "barbin": 0, "corr": 0.06262942403554916, "timescale": 7.054092863339846, "rgb": "#000000", "zyx": [18, 79, 57]}