{"p": 0.0, "barbin": 4, "corr": 0.3108215034008026, "timescale": 6.765976562831172, "rgb": "#000000", "zyx": [14, 89, 60]}