{"p": 0.353, "barbin": 0, "corr": 0.02330385148525238, "timescale": 7.286837174087703, "rgb": "#000000", "zyx": [14, 77, 59]}