{"p": 0.769, "barbin": 0, "corr": -0.04748135432600975, "timescale": 5.584962292455894, "rgb": "#000000", "zyx": [23, 35, 63]}