{"p": 0.849, "barbin": 0, "corr": -0.06015842407941818, "timescale": 5.055585865388974, "rgb": "#000000", "zyx": [24, 71, 48]}