{"p": 0.099, "barbin": 0, "corr": 0.08036144077777863, "timescale": 6.3169169333362625, "rgb": "#000000", "zyx": [21, 36, 62]}