{"p": 0.735, "barbin": 0, "corr": -0.033854737877845764, "timescale": 2.584962500721156, "rgb": "#000000", "zyx": [5, 37, 66]}