{"p": 0.915, "barbin": 0, "corr": -0.0787716656923294, "timescale": 3.573360858533697, "rgb": "#000000", "zyx": [13, 70, 40]}