{"p": 0.936, "barbin": 0, "corr": -0.09405010938644409, "timescale": 3.56437482094938, "rgb": "#000000", "zyx": [12, 73, 26]}