{"p": 0.075, "barbin": 0, "corr": 0.07599722594022751, "timescale": 2.720496264393705, "rgb": "#000000", "zyx": [5, 46, 38]}