{"p": 0.613, "barbin": 0, "corr": -0.0170903280377388, "timescale": 6.584962498829959, "rgb": "#000000", "zyx": [3, 48, 77]}