{"p": 0.399, "barbin": 0, "corr": 0.014433384872972965, "timescale": 6.272816654878931, "rgb": "#000000", "zyx": [14, 64, 68]}