{"p": 0.755, "barbin": 0, "corr": -0.03787690028548241, "timescale": 6.5814463834273464, "rgb": "#000000", "zyx": [11, 30, 61]}