{"p": 0.914, "barbin": 0, "corr": -0.08222200721502304, "timescale": 8.460088872197815, "rgb": "#000000", "zyx": [11, 33, 47]}