{"p": 0.003, "barbin": 1, "corr": 0.13465358316898346, "timescale": 4.89141243997797, "rgb": "#000000", "zyx": [9, 51, 29]}