{"p": 0.029, "barbin": 0, "corr": 0.08935053646564484, "timescale": 7.185574990735862, "rgb": "#000000", "zyx": [19, 34, 63]}