{"p": 0.799, "barbin": 0, "corr": -0.05125376209616661, "timescale": 3.583959875946856, "rgb": "#000000", "zyx": [19, 75, 50]}