{"p": 0.518, "barbin": 0, "corr": -0.0025589352007955313, "timescale": 6.584962500721156, "rgb": "#000000", "zyx": [8, 86, 50]}