{"p": 0.776, "barbin": 0, "corr": -0.03907717391848564, "timescale": 7.584962500721156, "rgb": "#000000", "zyx": [9, 68, 68]}