{"p": 0.668, "barbin": 0, "corr": -0.025594424456357956, "timescale": 7.7094114684839266, "rgb": "#000000", "zyx": [9, 65, 78]}