{"p": 0.891, "barbin": 0, "corr": -0.05808684974908829, "timescale": 7.869083384550209, "rgb": "#000000", "zyx": [13, 49, 76]}