{"p": 0.446, "barbin": 0, "corr": 0.006730746012181044, "timescale": 3.4418683044082163, "rgb": "#000000", "zyx": [11, 89, 58]}