{"p": 0.509, "barbin": 0, "corr": -0.0010950099676847458, "timescale": 5.908267667638444, "rgb": "#000000", "zyx": [11, 37, 31]}