{"p": 0.999, "barbin": 0, "corr": -0.18508970737457275, "timescale": 7.082197598988094, "rgb": "#000000", "zyx": [21, 70, 69]}