{"p": 0.271, "barbin": 0, "corr": 0.0026790190022438765, "timescale": 7.1657000606706065, "rgb": "#000000", "zyx": [8, 94, 42]}