{"p": 0.381, "barbin": 0, "corr": 0.015356429852545261, "timescale": 3.6522253786990713, "rgb": "#000000", "zyx": [23, 62, 42]}