{"p": 0.662, "barbin": 0, "corr": -0.02285287342965603, "timescale": 4.845615404551646, "rgb": "#000000", "zyx": [7, 58, 34]}