{"p": 0.799, "barbin": 0, "corr": -0.047402385622262955, "timescale": 6.9554059339132275, "rgb": "#000000", "zyx": [10, 18, 47]}