{"p": 0.868, "barbin": 0, "corr": -0.0492272824048996, "timescale": 5.584962500721156, "rgb": "#000000", "zyx": [2, 46, 63]}