{"p": 0.001, "barbin": 2, "corr": 0.19918005168437958, "timescale": 7.551280876617058, "rgb": "#000000", "zyx": [20, 28, 43]}