{"p": 0.216, "barbin": 0, "corr": 0.04157758504152298, "timescale": 7.547871320197929, "rgb": "#000000", "zyx": [9, 68, 23]}