{"p": 0.545, "barbin": 0, "corr": -0.008584721945226192, "timescale": 2.573880826607095, "rgb": "#000000", "zyx": [3, 59, 66]}