{"p": 0.0, "barbin": 2, "corr": 0.19785049557685852, "timescale": 5.650622258711646, "rgb": "#000000", "zyx": [12, 83, 33]}