{"p": 0.992, "barbin": 0, "corr": -0.13961589336395264, "timescale": 6.8088325222741215, "rgb": "#000000", "zyx": [18, 33, 30]}