{"p": 0.0, "barbin": 3, "corr": 0.20597445964813232, "timescale": 6.5110845754655475, "rgb": "#000000", "zyx": [22, 39, 44]}