{"p": 0.854, "barbin": 0, "corr": -0.05016934499144554, "timescale": 2.5420530849538023, "rgb": "#000000", "zyx": [10, 32, 57]}