{"p": 0.027, "barbin": 1, "corr": 0.11346178501844406, "timescale": 7.280364918203753, "rgb": "#000000", "zyx": [21, 73, 36]}