{"p": 0.359, "barbin": 0, "corr": 0.011872287839651108, "timescale": 7.626724554687678, "rgb": "#000000", "zyx": [7, 91, 66]}