{"p": 0.128, "barbin": 0, "corr": 0.027766171842813492, "timescale": 6.446187128423658, "rgb": "#000000", "zyx": [8, 63, 53]}