{"p": 0.005, "barbin": 1, "corr": 0.14144794642925262, "timescale": 7.572278795497467, "rgb": "#000000", "zyx": [26, 42, 52]}