{"p": 0.0, "barbin": 4, "corr": 0.25462788343429565, "timescale": 6.5752870792202875, "rgb": "#000000", "zyx": [11, 81, 47]}