{"p": 0.261, "barbin": 0, "corr": 0.03944605216383934, "timescale": 2.5518671188393114, "rgb": "#000000", "zyx": [20, 65, 49]}