{"p": 0.62, "barbin": 0, "corr": -0.015671782195568085, "timescale": 6.336899168592597, "rgb": "#000000", "zyx": [16, 54, 51]}