{"p": 0.021, "barbin": 1, "corr": 0.11685964465141296, "timescale": 7.660268412329474, "rgb": "#000000", "zyx": [11, 86, 66]}