{"p": 0.353, "barbin": 0, "corr": 0.020391933619976044, "timescale": 2.581160734360869, "rgb": "#000000", "zyx": [3, 40, 57]}