{"p": 0.153, "barbin": 0, "corr": 0.057510536164045334, "timescale": 3.7573619326972136, "rgb": "#000000", "zyx": [14, 32, 37]}