{"p": 0.198, "barbin": 0, "corr": 0.04162513464689255, "timescale": 6.584962266421359, "rgb": "#000000", "zyx": [16, 31, 51]}