{"p": 0.374, "barbin": 0, "corr": 0.01541118510067463, "timescale": 4.398508539532298, "rgb": "#000000", "zyx": [4, 83, 37]}