{"p": 0.0, "barbin": 4, "corr": 0.2638988494873047, "timescale": 6.5653021427695295, "rgb": "#000000", "zyx": [22, 37, 52]}