{"p": 0.862, "barbin": 0, "corr": -0.04782065004110336, "timescale": 5.510381083065253, "rgb": "#000000", "zyx": [7, 38, 61]}