{"p": 0.148, "barbin": 0, "corr": 0.06471278518438339, "timescale": 5.584962713634628, "rgb": "#000000", "zyx": [8, 54, 55]}