{"p": 0.155, "barbin": 0, "corr": 0.05574303865432739, "timescale": 3.1302559282025424, "rgb": "#000000", "zyx": [8, 33, 67]}