{"p": 0.012, "barbin": 1, "corr": 0.1353844851255417, "timescale": 5.187077722343186, "rgb": "#000000", "zyx": [13, 88, 47]}