{"p": 0.003, "barbin": 2, "corr": 0.15903881192207336, "timescale": 7.033011707516198, "rgb": "#000000", "zyx": [12, 77, 33]}