{"p": 0.224, "barbin": 0, "corr": 0.04776204004883766, "timescale": 5.701721252702396, "rgb": "#000000", "zyx": [16, 76, 74]}