{"p": 0.825, "barbin": 0, "corr": -0.0496857687830925, "timescale": 2.956816831791348, "rgb": "#000000", "zyx": [8, 43, 55]}