{"p": 0.008, "barbin": 1, "corr": 0.13846750557422638, "timescale": 8.260934652832876, "rgb": "#000000", "zyx": [24, 74, 56]}