{"p": 0.411, "barbin": 0, "corr": 0.01814233511686325, "timescale": 3.5851704407406486, "rgb": "#000000", "zyx": [13, 46, 77]}