{"p": 0.017, "barbin": 1, "corr": 0.11351622641086578, "timescale": 7.317944245156314, "rgb": "#000000", "zyx": [10, 54, 67]}