{"p": 0.133, "barbin": 0, "corr": 0.06238009035587311, "timescale": 5.427873400802955, "rgb": "#000000", "zyx": [18, 42, 48]}