{"p": 0.826, "barbin": 0, "corr": -0.04865296185016632, "timescale": 3.613853292368572, "rgb": "#000000", "zyx": [13, 29, 69]}