{"p": 0.904, "barbin": 0, "corr": -0.07871434837579727, "timescale": 4.251944110418006, "rgb": "#000000", "zyx": [26, 70, 47]}