{"p": 0.009, "barbin": 2, "corr": 0.15138982236385345, "timescale": 7.488532279863044, "rgb": "#000000", "zyx": [10, 36, 41]}