{"p": 0.684, "barbin": 0, "corr": -0.026750974357128143, "timescale": 6.584962675539623, "rgb": "#000000", "zyx": [3, 59, 68]}