{"p": 0.142, "barbin": 0, "corr": 0.06392033398151398, "timescale": 7.125974713721147, "rgb": "#000000", "zyx": [11, 45, 39]}