{"p": 0.984, "barbin": 0, "corr": -0.13061556220054626, "timescale": 3.584962500721156, "rgb": "#000000", "zyx": [16, 72, 38]}