{"p": 0.129, "barbin": 0, "corr": 0.06180960312485695, "timescale": 5.584926402225277, "rgb": "#000000", "zyx": [19, 77, 48]}