{"p": 0.182, "barbin": 0, "corr": 0.05425586551427841, "timescale": 6.619483419221754, "rgb": "#000000", "zyx": [13, 27, 44]}