{"p": 0.431, "barbin": 0, "corr": 0.01148479524999857, "timescale": 1.5867494809349152, "rgb": "#000000", "zyx": [2, 45, 41]}