{"p": 0.479, "barbin": 0, "corr": 0.002318083541467786, "timescale": 4.222295363733381, "rgb": "#000000", "zyx": [22, 79, 51]}