{"p": 0.701, "barbin": 0, "corr": -0.008466241881251335, "timescale": 5.164811028629481, "rgb": "#000000", "zyx": [4, 66, 45]}