{"p": 0.681, "barbin": 0, "corr": -0.02590588480234146, "timescale": 2.093715299979351, "rgb": "#000000", "zyx": [15, 40, 40]}