{"p": 0.232, "barbin": 0, "corr": 0.04472170025110245, "timescale": 6.451806678863155, "rgb": "#000000", "zyx": [6, 45, 29]}