{"p": 0.387, "barbin": 0, "corr": 0.019853956997394562, "timescale": 7.407579412583831, "rgb": "#000000", "zyx": [10, 61, 51]}