{"p": 0.195, "barbin": 0, "corr": 0.0005322590004652739, "timescale": 3.9752177593656732, "rgb": "#000000", "zyx": [12, 20, 35]}