{"p": 0.035, "barbin": 1, "corr": 0.10655330866575241, "timescale": 7.072541985245966, "rgb": "#000000", "zyx": [25, 54, 48]}