{"p": 0.517, "barbin": 0, "corr": -0.0017249863594770432, "timescale": 7.327328121437782, "rgb": "#000000", "zyx": [23, 45, 61]}