{"p": 0.011, "barbin": 1, "corr": 0.10466040670871735, "timescale": 5.629918409400223, "rgb": "#000000", "zyx": [8, 73, 25]}