{"p": 0.719, "barbin": 0, "corr": -0.030940281227231026, "timescale": 4.309689307030487, "rgb": "#000000", "zyx": [7, 50, 51]}