{"p": 0.868, "barbin": 0, "corr": -0.042911022901535034, "timescale": 2.8549638947259033, "rgb": "#000000", "zyx": [17, 51, 42]}