{"p": 0.816, "barbin": 0, "corr": -0.029895486310124397, "timescale": 4.659040088928897, "rgb": "#000000", "zyx": [13, 60, 75]}