{"p": 0.609, "barbin": 0, "corr": -0.009599845856428146, "timescale": 8.578501046482971, "rgb": "#000000", "zyx": [14, 67, 26]}