{"p": 0.88, "barbin": 0, "corr": -0.032323844730854034, "timescale": 3.5838814594452644, "rgb": "#000000", "zyx": [4, 44, 71]}