{"p": 0.114, "barbin": 0, "corr": 0.02738858386874199, "timescale": 4.078721618500925, "rgb": "#000000", "zyx": [19, 40, 39]}