{"p": 0.249, "barbin": 0, "corr": 0.03456130623817444, "timescale": 8.582830602807457, "rgb": "#000000", "zyx": [4, 46, 74]}