{"p": 0.003, "barbin": 1, "corr": 0.10803022235631943, "timescale": 7.558156651952749, "rgb": "#000000", "zyx": [16, 69, 72]}