{"p": 0.827, "barbin": 0, "corr": -0.05654287710785866, "timescale": 5.585869492335254, "rgb": "#000000", "zyx": [9, 75, 26]}