{"p": 0.563, "barbin": 0, "corr": -0.010889936238527298, "timescale": 7.584962500721156, "rgb": "#000000", "zyx": [5, 87, 68]}