{"p": 0.749, "barbin": 0, "corr": -0.03958200290799141, "timescale": 4.977249755708635, "rgb": "#000000", "zyx": [8, 78, 59]}