{"p": 0.439, "barbin": 0, "corr": 0.007571456488221884, "timescale": 4.320647891403345, "rgb": "#000000", "zyx": [4, 54, 31]}