{"p": 0.042, "barbin": 1, "corr": 0.10228118300437927, "timescale": 6.568876811237891, "rgb": "#000000", "zyx": [8, 51, 50]}