{"p": 0.702, "barbin": 0, "corr": -0.03000854328274727, "timescale": 2.584962500721156, "rgb": "#000000", "zyx": [6, 39, 49]}