{"p": 0.781, "barbin": 0, "corr": -0.04773359000682831, "timescale": 7.798996678592449, "rgb": "#000000", "zyx": [22, 57, 46]}