{"p": 0.111, "barbin": 0, "corr": 0.020984018221497536, "timescale": 4.943629197043727, "rgb": "#000000", "zyx": [12, 62, 28]}