{"p": 0.082, "barbin": 0, "corr": 0.07899296283721924, "timescale": 7.427247487804426, "rgb": "#000000", "zyx": [15, 70, 64]}