{"p": 0.374, "barbin": 0, "corr": 0.01612202636897564, "timescale": 5.526822623742697, "rgb": "#000000", "zyx": [14, 54, 64]}