{"p": 0.993, "barbin": 0, "corr": -0.15145748853683472, "timescale": 8.584960873100927, "rgb": "#000000", "zyx": [0, 86, 65]}