{"p": 0.011, "barbin": 1, "corr": 0.1349475234746933, "timescale": 5.477633034170156, "rgb": "#000000", "zyx": [4, 76, 52]}