{"p": 0.83, "barbin": 0, "corr": -0.04566504806280136, "timescale": 7.188837059836325, "rgb": "#000000", "zyx": [14, 51, 33]}