{"p": 0.0, "barbin": 2, "corr": 0.17933905124664307, "timescale": 6.5048005192567, "rgb": "#000000", "zyx": [8, 45, 33]}