{"p": 0.006, "barbin": 1, "corr": 0.1327851563692093, "timescale": 6.07329309960897, "rgb": "#000000", "zyx": [4, 45, 37]}