{"p": 0.004, "barbin": 1, "corr": 0.14784637093544006, "timescale": 4.19560146370389, "rgb": "#000000", "zyx": [12, 58, 32]}