{"p": 0.68, "barbin": 0, "corr": -0.02696697600185871, "timescale": 4.509614136952031, "rgb": "#000000", "zyx": [4, 68, 66]}