{"p": 0.897, "barbin": 0, "corr": -0.05346919223666191, "timescale": 8.535728677164453, "rgb": "#000000", "zyx": [7, 84, 66]}