{"p": 0.143, "barbin": 0, "corr": 0.052548833191394806, "timescale": 1.6729002836742466, "rgb": "#000000", "zyx": [24, 30, 56]}