{"p": 0.5, "barbin": 0, "corr": -0.00027869612677022815, "timescale": 6.593453696092358, "rgb": "#000000", "zyx": [17, 53, 45]}