{"p": 0.019, "barbin": 1, "corr": 0.1216069906949997, "timescale": 6.154672106286479, "rgb": "#000000", "zyx": [13, 87, 46]}