{"p": 0.808, "barbin": 0, "corr": -0.04578287899494171, "timescale": 8.282571342285975, "rgb": "#000000", "zyx": [10, 46, 65]}