{"p": 0.773, "barbin": 0, "corr": -0.04661136120557785, "timescale": 1.5849625257093922, "rgb": "#000000", "zyx": [16, 71, 57]}