{"p": 0.544, "barbin": 0, "corr": -2.1489771825145e-05, "timescale": 2.949151668197184, "rgb": "#000000", "zyx": [20, 85, 40]}