{"p": 0.921, "barbin": 0, "corr": -0.09039217978715897, "timescale": 2.585046331462675, "rgb": "#000000", "zyx": [1, 73, 77]}