{"p": 0.0, "barbin": 1, "corr": 0.11596745252609253, "timescale": 6.659701600213281, "rgb": "#000000", "zyx": [20, 46, 46]}