{"p": 0.033, "barbin": 0, "corr": 0.09840922802686691, "timescale": 7.397787705596915, "rgb": "#000000", "zyx": [16, 69, 53]}