{"p": 0.976, "barbin": 0, "corr": -0.09124921262264252, "timescale": 3.398208112655892, "rgb": "#000000", "zyx": [9, 55, 40]}