{"p": 0.033, "barbin": 1, "corr": 0.11130931973457336, "timescale": 6.532954890289802, "rgb": "#000000", "zyx": [26, 55, 48]}