{"p": 0.046, "barbin": 0, "corr": 0.09825754165649414, "timescale": 4.884398077507228, "rgb": "#000000", "zyx": [21, 45, 47]}