{"p": 0.001, "barbin": 0, "corr": 0.07761798053979874, "timescale": 7.584915383538616, "rgb": "#000000", "zyx": [11, 69, 25]}