{"p": 0.047, "barbin": 0, "corr": 0.07331723719835281, "timescale": 3.9542401241884013, "rgb": "#000000", "zyx": [19, 50, 51]}