{"p": 0.983, "barbin": 0, "corr": -0.12150227278470993, "timescale": 3.266726730573164, "rgb": "#000000", "zyx": [2, 78, 40]}