{"p": 0.92, "barbin": 0, "corr": -0.08092555403709412, "timescale": 8.584962500721156, "rgb": "#000000", "zyx": [9, 65, 22]}