{"p": 0.0, "barbin": 1, "corr": 0.13205476105213165, "timescale": 6.080519229300053, "rgb": "#000000", "zyx": [15, 38, 34]}