{"p": 0.9, "barbin": 0, "corr": -0.07477884739637375, "timescale": 8.20889643900371, "rgb": "#000000", "zyx": [16, 75, 43]}