{"p": 0.173, "barbin": 0, "corr": 0.05408794805407524, "timescale": 5.5848633241929635, "rgb": "#000000", "zyx": [21, 36, 68]}