{"p": 0.008, "barbin": 1, "corr": 0.1480225771665573, "timescale": 5.808457360522127, "rgb": "#000000", "zyx": [8, 62, 59]}