{"p": 0.785, "barbin": 0, "corr": -0.00022800531587563455, "timescale": 2.991350692558553, "rgb": "#000000", "zyx": [19, 39, 73]}