{"p": 0.975, "barbin": 0, "corr": -0.10703205317258835, "timescale": 5.584962500721156, "rgb": "#000000", "zyx": [8, 89, 41]}