{"p": 0.679, "barbin": 0, "corr": -0.027142234146595, "timescale": 3.5885684368113573, "rgb": "#000000", "zyx": [19, 62, 55]}