{"p": 0.0, "barbin": 2, "corr": 0.19413039088249207, "timescale": 6.3205928213975575, "rgb": "#000000", "zyx": [12, 75, 69]}