{"p": 0.653, "barbin": 0, "corr": -0.025047846138477325, "timescale": 4.603123433467527, "rgb": "#000000", "zyx": [21, 85, 46]}