{"p": 0.05, "barbin": 0, "corr": 0.06472758203744888, "timescale": 7.585150748513883, "rgb": "#000000", "zyx": [24, 31, 53]}