{"p": 0.047, "barbin": 0, "corr": 0.04000445082783699, "timescale": 3.9473240949483794, "rgb": "#000000", "zyx": [24, 64, 35]}