{"p": 0.44, "barbin": 0, "corr": 0.0035616611130535603, "timescale": 6.7872268004495595, "rgb": "#000000", "zyx": [4, 55, 35]}