{"p": 0.522, "barbin": 0, "corr": -0.0015015816316008568, "timescale": 7.584962501875177, "rgb": "#000000", "zyx": [12, 29, 53]}