{"p": 0.51, "barbin": 0, "corr": -0.0020126744639128447, "timescale": 3.574484546683511, "rgb": "#000000", "zyx": [20, 79, 43]}