{"p": 0.361, "barbin": 0, "corr": 0.007859300822019577, "timescale": 3.718853949665521, "rgb": "#000000", "zyx": [22, 54, 70]}