{"p": 0.0, "barbin": 3, "corr": 0.21419912576675415, "timescale": 5.732758489001064, "rgb": "#000000", "zyx": [12, 81, 69]}