{"p": 0.866, "barbin": 0, "corr": -0.05514582619071007, "timescale": 7.569504343330958, "rgb": "#000000", "zyx": [6, 65, 81]}