{"p": 0.002, "barbin": 2, "corr": 0.17186440527439117, "timescale": 3.0904033607210053, "rgb": "#000000", "zyx": [14, 88, 50]}