{"p": 0.647, "barbin": 0, "corr": -0.019481787458062172, "timescale": 3.613025789112241, "rgb": "#000000", "zyx": [22, 67, 59]}