{"p": 0.983, "barbin": 0, "corr": -0.12525209784507751, "timescale": 4.585269992606718, "rgb": "#000000", "zyx": [10, 47, 49]}