{"p": 0.956, "barbin": 0, "corr": -0.09762158989906311, "timescale": 4.175347494561514, "rgb": "#000000", "zyx": [20, 47, 55]}