{"p": 0.101, "barbin": 0, "corr": 0.07634886354207993, "timescale": 7.714990218666173, "rgb": "#000000", "zyx": [23, 66, 52]}