{"p": 0.0, "barbin": 3, "corr": 0.22794507443904877, "timescale": 6.806135157546397, "rgb": "#000000", "zyx": [9, 51, 25]}