{"p": 0.23, "barbin": 0, "corr": 0.011391691863536835, "timescale": 7.564576098244158, "rgb": "#000000", "zyx": [3, 59, 31]}