{"p": 0.0, "barbin": 2, "corr": 0.1575947403907776, "timescale": 7.370923941584581, "rgb": "#000000", "zyx": [3, 73, 60]}