{"p": 0.247, "barbin": 0, "corr": 0.03953181952238083, "timescale": 6.602765461939261, "rgb": "#000000", "zyx": [24, 73, 63]}