{"p": 0.162, "barbin": 0, "corr": 0.06263219565153122, "timescale": 7.165567336852646, "rgb": "#000000", "zyx": [9, 56, 80]}