{"p": 0.137, "barbin": 0, "corr": 0.06356807798147202, "timescale": 7.3075964146310906, "rgb": "#000000", "zyx": [8, 57, 65]}