{"p": 0.65, "barbin": 0, "corr": -0.0020531066693365574, "timescale": 4.862837394328171, "rgb": "#000000", "zyx": [9, 46, 48]}