{"p": 0.121, "barbin": 0, "corr": 0.05015600472688675, "timescale": 7.5813043738075345, "rgb": "#000000", "zyx": [2, 91, 57]}