{"p": 0.0, "barbin": 3, "corr": 0.20380572974681854, "timescale": 8.150947677711047, "rgb": "#000000", "zyx": [8, 73, 54]}