{"p": 0.0, "barbin": 4, "corr": 0.335149884223938, "timescale": 5.730249419393562, "rgb": "#000000", "zyx": [10, 71, 26]}