{"p": 0.785, "barbin": 0, "corr": -0.04894402623176575, "timescale": 6.204636875483463, "rgb": "#000000", "zyx": [24, 78, 53]}