{"p": 0.0, "barbin": 2, "corr": 0.18914547562599182, "timescale": 7.137554862793113, "rgb": "#000000", "zyx": [12, 40, 40]}