{"p": 0.157, "barbin": 0, "corr": 0.04659182205796242, "timescale": 5.290803598946977, "rgb": "#000000", "zyx": [13, 48, 76]}