{"p": 0.012, "barbin": 1, "corr": 0.12336410582065582, "timescale": 7.55354966655121, "rgb": "#000000", "zyx": [19, 48, 55]}