{"p": 0.837, "barbin": 0, "corr": -0.05498576536774635, "timescale": 5.584962501212389, "rgb": "#000000", "zyx": [10, 42, 44]}