{"p": 0.0, "barbin": 4, "corr": 0.26145416498184204, "timescale": 7.01102295125002, "rgb": "#000000", "zyx": [12, 76, 52]}