{"p": 0.034, "barbin": 0, "corr": 0.0897725522518158, "timescale": 7.622409390801886, "rgb": "#000000", "zyx": [4, 71, 61]}