{"p": 0.611, "barbin": 0, "corr": -0.011463243514299393, "timescale": 4.150862435765816, "rgb": "#000000", "zyx": [18, 72, 58]}