{"p": 0.726, "barbin": 0, "corr": -0.035564351826906204, "timescale": 8.584962500721156, "rgb": "#000000", "zyx": [0, 79, 56]}