{"p": 0.0, "barbin": 4, "corr": 0.35247790813446045, "timescale": 6.204116741273468, "rgb": "#000000", "zyx": [15, 39, 73]}