{"p": 0.883, "barbin": 0, "corr": -0.06799352169036865, "timescale": 1.5849625007211572, "rgb": "#000000", "zyx": [20, 78, 57]}