{"p": 0.179, "barbin": 0, "corr": 0.05190571770071983, "timescale": 4.574171344105686, "rgb": "#000000", "zyx": [4, 44, 58]}