{"p": 0.846, "barbin": 0, "corr": -0.06010450795292854, "timescale": 3.5831611266146743, "rgb": "#000000", "zyx": [7, 88, 61]}