{"p": 0.0, "barbin": 4, "corr": 0.2721497416496277, "timescale": 6.407512178165658, "rgb": "#000000", "zyx": [22, 59, 71]}