{"p": 0.677, "barbin": 0, "corr": -0.02540973573923111, "timescale": 3.091176278534082, "rgb": "#000000", "zyx": [12, 87, 66]}