{"p": 0.341, "barbin": 0, "corr": 0.015493558719754219, "timescale": 6.490785623534259, "rgb": "#000000", "zyx": [3, 38, 60]}