{"p": 0.001, "barbin": 2, "corr": 0.19624200463294983, "timescale": 7.05735468542989, "rgb": "#000000", "zyx": [9, 67, 55]}