{"p": 0.267, "barbin": 0, "corr": 0.03082217462360859, "timescale": 2.612439585662926, "rgb": "#000000", "zyx": [18, 23, 66]}