{"p": 0.805, "barbin": 0, "corr": -0.04869447648525238, "timescale": 6.58375581249429, "rgb": "#000000", "zyx": [20, 72, 56]}