{"p": 0.941, "barbin": 0, "corr": -0.09022772312164307, "timescale": 7.053638624769343, "rgb": "#000000", "zyx": [21, 69, 57]}