{"p": 0.788, "barbin": 0, "corr": -0.04239675775170326, "timescale": 4.517783774804962, "rgb": "#000000", "zyx": [12, 31, 52]}