{"p": 0.752, "barbin": 0, "corr": -0.03818512707948685, "timescale": 5.436212084346856, "rgb": "#000000", "zyx": [9, 59, 63]}