{"p": 0.079, "barbin": 0, "corr": 0.08236036449670792, "timescale": 7.212562381508388, "rgb": "#000000", "zyx": [21, 33, 45]}