{"p": 0.064, "barbin": 0, "corr": 0.0919332504272461, "timescale": 5.78793325268214, "rgb": "#000000", "zyx": [15, 32, 64]}