{"p": 0.842, "barbin": 0, "corr": -0.05108349397778511, "timescale": 7.729446035105248, "rgb": "#000000", "zyx": [19, 45, 38]}