{"p": 0.005, "barbin": 0, "corr": 0.0008979624835774302, "timescale": 6.8854638638414905, "rgb": "#000000", "zyx": [13, 43, 50]}