{"p": 0.965, "barbin": 0, "corr": -0.1066080629825592, "timescale": 6.8615265856367085, "rgb": "#000000", "zyx": [12, 70, 56]}