{"p": 0.04, "barbin": 0, "corr": 0.09516631066799164, "timescale": 6.495937249167558, "rgb": "#000000", "zyx": [19, 59, 67]}