{"p": 0.618, "barbin": 0, "corr": -0.011693849228322506, "timescale": 3.6416935111674853, "rgb": "#000000", "zyx": [20, 33, 36]}