{"p": 0.211, "barbin": 0, "corr": 0.042526595294475555, "timescale": 1.6430541536971006, "rgb": "#000000", "zyx": [10, 78, 35]}