{"p": 0.953, "barbin": 0, "corr": -0.10204356908798218, "timescale": 7.575146342819915, "rgb": "#000000", "zyx": [17, 20, 64]}