{"p": 0.001, "barbin": 2, "corr": 0.16692790389060974, "timescale": 7.081768833671916, "rgb": "#000000", "zyx": [4, 67, 69]}