{"p": 0.171, "barbin": 0, "corr": 0.04925989732146263, "timescale": 7.860408915668666, "rgb": "#000000", "zyx": [11, 41, 45]}