{"p": 0.001, "barbin": 3, "corr": 0.20714960992336273, "timescale": 6.450465178747273, "rgb": "#000000", "zyx": [18, 53, 64]}