{"p": 0.976, "barbin": 0, "corr": -0.12150834500789642, "timescale": 3.5758965390882227, "rgb": "#000000", "zyx": [17, 66, 34]}