{"p": 0.773, "barbin": 0, "corr": -0.02097414620220661, "timescale": 1.6110098668740858, "rgb": "#000000", "zyx": [15, 31, 40]}