{"p": 0.418, "barbin": 0, "corr": 0.008269171230494976, "timescale": 5.546801236110583, "rgb": "#000000", "zyx": [10, 64, 46]}