{"p": 0.373, "barbin": 0, "corr": 0.015331659466028214, "timescale": 3.572201863937916, "rgb": "#000000", "zyx": [4, 80, 47]}