{"p": 0.036, "barbin": 0, "corr": 0.09803380072116852, "timescale": 6.338284890919747, "rgb": "#000000", "zyx": [16, 29, 53]}