{"p": 0.043, "barbin": 0, "corr": 0.08957839012145996, "timescale": 2.926596436159961, "rgb": "#000000", "zyx": [17, 62, 56]}