{"p": 0.152, "barbin": 0, "corr": 0.014347560703754425, "timescale": 3.159474707668009, "rgb": "#000000", "zyx": [5, 77, 74]}