{"p": 0.0, "barbin": 4, "corr": 0.29719728231430054, "timescale": 6.628780305476158, "rgb": "#000000", "zyx": [22, 47, 69]}