{"p": 0.338, "barbin": 0, "corr": 0.00735276797786355, "timescale": 3.028776517331222, "rgb": "#000000", "zyx": [14, 38, 60]}