{"p": 0.202, "barbin": 0, "corr": 0.029055168852210045, "timescale": 6.552257268691592, "rgb": "#000000", "zyx": [16, 71, 28]}