{"p": 0.935, "barbin": 0, "corr": -0.015667151659727097, "timescale": 4.0278949317338295, "rgb": "#000000", "zyx": [4, 50, 47]}