{"p": 0.693, "barbin": 0, "corr": -0.017280714586377144, "timescale": 8.026735463233976, "rgb": "#000000", "zyx": [12, 60, 36]}