{"p": 0.155, "barbin": 0, "corr": 0.05541849508881569, "timescale": 7.110572802236007, "rgb": "#000000", "zyx": [14, 41, 74]}