{"p": 0.77, "barbin": 0, "corr": -0.04400567710399628, "timescale": 4.07760548341356, "rgb": "#000000", "zyx": [6, 32, 52]}