{"p": 0.0, "barbin": 0, "corr": 0.08004748076200485, "timescale": 5.690852894339628, "rgb": "#000000", "zyx": [11, 29, 51]}