{"p": 0.368, "barbin": 0, "corr": 0.01766827702522278, "timescale": 6.490698861049843, "rgb": "#000000", "zyx": [7, 47, 43]}