{"p": 0.0, "barbin": 3, "corr": 0.21294981241226196, "timescale": 8.252349589437532, "rgb": "#000000", "zyx": [17, 77, 53]}