{"p": 0.321, "barbin": 0, "corr": 0.028571974486112595, "timescale": 6.591960964200353, "rgb": "#000000", "zyx": [4, 72, 45]}