{"p": 0.305, "barbin": 0, "corr": 0.027462035417556763, "timescale": 7.408053402070199, "rgb": "#000000", "zyx": [10, 37, 44]}