{"p": 0.958, "barbin": 0, "corr": -0.10607437789440155, "timescale": 6.585001413201601, "rgb": "#000000", "zyx": [18, 29, 34]}