{"p": 0.0, "barbin": 3, "corr": 0.2253887951374054, "timescale": 5.827645365647592, "rgb": "#000000", "zyx": [8, 73, 35]}