{"p": 0.354, "barbin": 0, "corr": 0.026660356670618057, "timescale": 7.526961069797566, "rgb": "#000000", "zyx": [15, 76, 63]}