{"p": 0.726, "barbin": 0, "corr": -0.02729267254471779, "timescale": 2.837083502967932, "rgb": "#000000", "zyx": [19, 48, 49]}