{"p": 0.0, "barbin": 3, "corr": 0.2069855034351349, "timescale": 7.443250709317255, "rgb": "#000000", "zyx": [17, 81, 70]}