{"p": 0.099, "barbin": 0, "corr": 0.05112635716795921, "timescale": 5.770392015221456, "rgb": "#000000", "zyx": [10, 68, 24]}