{"p": 0.753, "barbin": 0, "corr": -0.010992458090186119, "timescale": 1.6283237902267031, "rgb": "#000000", "zyx": [22, 56, 48]}