{"p": 0.572, "barbin": 0, "corr": -0.005928356666117907, "timescale": 2.197891308456599, "rgb": "#000000", "zyx": [9, 58, 22]}