{"p": 0.333, "barbin": 0, "corr": 0.016050491482019424, "timescale": 4.610431901761181, "rgb": "#000000", "zyx": [21, 52, 65]}