{"p": 0.506, "barbin": 0, "corr": -0.00029955717036500573, "timescale": 3.641124612157904, "rgb": "#000000", "zyx": [14, 42, 43]}