{"p": 0.701, "barbin": 0, "corr": -0.03347525745630264, "timescale": 5.584963158792272, "rgb": "#000000", "zyx": [5, 56, 23]}