{"p": 0.876, "barbin": 0, "corr": -0.029174109920859337, "timescale": 8.103376604481912, "rgb": "#000000", "zyx": [6, 73, 25]}