{"p": 0.0, "barbin": 3, "corr": 0.22759242355823517, "timescale": 6.625519382098033, "rgb": "#000000", "zyx": [13, 76, 39]}