{"p": 0.0, "barbin": 4, "corr": 0.2673376500606537, "timescale": 6.782774266021482, "rgb": "#000000", "zyx": [26, 46, 55]}