{"p": 0.349, "barbin": 0, "corr": 0.014340701512992382, "timescale": 6.8111152064192435, "rgb": "#000000", "zyx": [12, 18, 62]}