{"p": 0.09, "barbin": 0, "corr": 0.0010335334809496999, "timescale": 4.050875869301156, "rgb": "#000000", "zyx": [19, 35, 57]}