{"p": 0.0, "barbin": 2, "corr": 0.19486333429813385, "timescale": 7.2416747038049, "rgb": "#000000", "zyx": [21, 41, 64]}