{"p": 0.641, "barbin": 0, "corr": -0.016566075384616852, "timescale": 6.098169362396544, "rgb": "#000000", "zyx": [2, 39, 58]}