{"p": 0.716, "barbin": 0, "corr": -0.03127351775765419, "timescale": 4.328801471958203, "rgb": "#000000", "zyx": [20, 50, 50]}