{"p": 0.507, "barbin": 0, "corr": 0.001097273314371705, "timescale": 8.406348883424064, "rgb": "#000000", "zyx": [21, 76, 57]}