{"p": 0.274, "barbin": 0, "corr": 0.03858690708875656, "timescale": 6.061536970399836, "rgb": "#000000", "zyx": [11, 45, 49]}