{"p": 0.29, "barbin": 0, "corr": 0.035637032240629196, "timescale": 6.963126272873593, "rgb": "#000000", "zyx": [10, 57, 72]}