{"p": 0.0, "barbin": 4, "corr": 0.3254127502441406, "timescale": 6.113906101437248, "rgb": "#000000", "zyx": [12, 51, 72]}