{"p": 0.0, "barbin": 3, "corr": 0.217146635055542, "timescale": 7.035996287394595, "rgb": "#000000", "zyx": [9, 36, 70]}