{"p": 0.756, "barbin": 0, "corr": -0.03530937805771828, "timescale": 3.6059889561814913, "rgb": "#000000", "zyx": [14, 84, 48]}