{"p": 0.884, "barbin": 0, "corr": -0.07253611087799072, "timescale": 8.217431249520443, "rgb": "#000000", "zyx": [3, 64, 70]}