{"p": 0.003, "barbin": 2, "corr": 0.16419173777103424, "timescale": 6.826256566518316, "rgb": "#000000", "zyx": [21, 28, 48]}