{"p": 0.975, "barbin": 0, "corr": -0.11805467307567596, "timescale": 7.584955453699028, "rgb": "#000000", "zyx": [15, 65, 74]}