{"p": 0.958, "barbin": 0, "corr": -0.0967799499630928, "timescale": 7.341515741401757, "rgb": "#000000", "zyx": [22, 67, 72]}