{"p": 0.047, "barbin": 1, "corr": 0.10155802965164185, "timescale": 3.619683241246995, "rgb": "#000000", "zyx": [16, 81, 32]}