{"p": 0.266, "barbin": 0, "corr": 0.043025534600019455, "timescale": 3.5864654886264202, "rgb": "#000000", "zyx": [16, 78, 30]}