{"p": 0.083, "barbin": 0, "corr": 0.059712108224630356, "timescale": 8.420411978788405, "rgb": "#000000", "zyx": [8, 83, 76]}