{"p": 0.383, "barbin": 0, "corr": 0.015629129484295845, "timescale": 8.36832280790671, "rgb": "#000000", "zyx": [4, 74, 48]}