{"p": 0.715, "barbin": 0, "corr": -0.03705446422100067, "timescale": 8.472272254685008, "rgb": "#000000", "zyx": [14, 58, 55]}