{"p": 0.824, "barbin": 0, "corr": -0.051581479609012604, "timescale": 8.532624522479336, "rgb": "#000000", "zyx": [3, 54, 67]}