{"p": 0.292, "barbin": 0, "corr": 0.0038258801214396954, "timescale": 1.5860109457716725, "rgb": "#000000", "zyx": [4, 85, 53]}