{"p": 0.033, "barbin": 1, "corr": 0.10445110499858856, "timescale": 7.638714618742522, "rgb": "#000000", "zyx": [7, 44, 32]}