{"p": 0.412, "barbin": 0, "corr": 0.013759929686784744, "timescale": 5.926488340464488, "rgb": "#000000", "zyx": [10, 59, 41]}