{"p": 0.536, "barbin": 0, "corr": -0.007557595148682594, "timescale": 5.293082940503953, "rgb": "#000000", "zyx": [13, 20, 68]}