{"p": 0.951, "barbin": 0, "corr": -0.04669951647520065, "timescale": 4.109667581367289, "rgb": "#000000", "zyx": [3, 42, 62]}