{"p": 0.626, "barbin": 0, "corr": -0.014271932654082775, "timescale": 5.230706204990819, "rgb": "#000000", "zyx": [5, 86, 70]}