{"p": 0.658, "barbin": 0, "corr": -0.009504610672593117, "timescale": 7.919561448237236, "rgb": "#000000", "zyx": [27, 56, 59]}