{"p": 0.998, "barbin": 0, "corr": -0.14200177788734436, "timescale": 5.8841542733005365, "rgb": "#000000", "zyx": [9, 50, 62]}