{"p": 0.009, "barbin": 1, "corr": 0.13066816329956055, "timescale": 6.7279094298444315, "rgb": "#000000", "zyx": [15, 43, 36]}