{"p": 0.075, "barbin": 0, "corr": 0.08782875537872314, "timescale": 8.437321963910584, "rgb": "#000000", "zyx": [11, 34, 45]}