{"p": 0.841, "barbin": 0, "corr": -0.057973358780145645, "timescale": 7.530553640290134, "rgb": "#000000", "zyx": [6, 86, 52]}