{"p": 0.441, "barbin": 0, "corr": 0.009702411480247974, "timescale": 3.077720141468714, "rgb": "#000000", "zyx": [20, 63, 49]}