{"p": 0.062, "barbin": 0, "corr": 0.07623223960399628, "timescale": 6.105734372617032, "rgb": "#000000", "zyx": [14, 37, 52]}