{"p": 0.005, "barbin": 1, "corr": 0.10990013927221298, "timescale": 7.387883277578847, "rgb": "#000000", "zyx": [23, 41, 39]}