{"p": 0.501, "barbin": 0, "corr": 5.220326784183271e-06, "timescale": 1.5955000067552731, "rgb": "#000000", "zyx": [7, 53, 64]}