{"p": 0.24, "barbin": 0, "corr": 0.04146323353052139, "timescale": 6.9364358620905655, "rgb": "#000000", "zyx": [5, 64, 28]}