{"p": 0.786, "barbin": 0, "corr": -0.05122191458940506, "timescale": 7.584962500721156, "rgb": "#000000", "zyx": [11, 19, 54]}