{"p": 0.373, "barbin": 0, "corr": 0.018177174031734467, "timescale": 4.58744080083697, "rgb": "#000000", "zyx": [23, 60, 38]}