{"p": 0.054, "barbin": 0, "corr": 0.0775606632232666, "timescale": 5.6258346166237585, "rgb": "#000000", "zyx": [2, 61, 74]}