{"p": 0.799, "barbin": 0, "corr": -0.04436020180583, "timescale": 2.5850046257257486, "rgb": "#000000", "zyx": [20, 59, 59]}