{"p": 0.316, "barbin": 0, "corr": 0.027085935696959496, "timescale": 4.575688644245692, "rgb": "#000000", "zyx": [10, 70, 53]}