{"p": 0.311, "barbin": 0, "corr": 0.021509084850549698, "timescale": 2.686467637059073, "rgb": "#000000", "zyx": [7, 50, 43]}