{"p": 0.0, "barbin": 4, "corr": 0.30721285939216614, "timescale": 7.265987182176331, "rgb": "#000000", "zyx": [17, 28, 41]}