{"p": 0.96, "barbin": 0, "corr": -0.09601200371980667, "timescale": 3.5938753938863415, "rgb": "#000000", "zyx": [8, 87, 49]}