{"p": 0.436, "barbin": 0, "corr": 0.002585930284112692, "timescale": 2.9206400086230384, "rgb": "#000000", "zyx": [26, 45, 42]}