{"p": 0.954, "barbin": 0, "corr": -0.07481789588928223, "timescale": 5.584139632231697, "rgb": "#000000", "zyx": [1, 50, 39]}