{"p": 0.001, "barbin": 3, "corr": 0.20032775402069092, "timescale": 6.529496028431741, "rgb": "#000000", "zyx": [11, 81, 46]}