{"p": 0.011, "barbin": 1, "corr": 0.13676616549491882, "timescale": 7.314491493547007, "rgb": "#000000", "zyx": [5, 80, 51]}