{"p": 0.553, "barbin": 0, "corr": -0.0107220858335495, "timescale": 4.575183049409575, "rgb": "#000000", "zyx": [10, 48, 36]}