{"p": 0.077, "barbin": 0, "corr": 0.07512679696083069, "timescale": 6.233760656675482, "rgb": "#000000", "zyx": [9, 66, 27]}