{"p": 0.923, "barbin": 0, "corr": -0.08118493854999542, "timescale": 5.577703348204849, "rgb": "#000000", "zyx": [9, 49, 58]}