{"p": 0.004, "barbin": 1, "corr": 0.13147801160812378, "timescale": 5.608465432340651, "rgb": "#000000", "zyx": [12, 55, 37]}