{"p": 0.929, "barbin": 0, "corr": -0.0798337534070015, "timescale": 4.59062052190023, "rgb": "#000000", "zyx": [9, 90, 47]}