{"p": 0.144, "barbin": 0, "corr": 0.06243766099214554, "timescale": 6.584962500721156, "rgb": "#000000", "zyx": [19, 62, 57]}