{"p": 0.0, "barbin": 2, "corr": 0.19764187932014465, "timescale": 8.541521121877667, "rgb": "#000000", "zyx": [22, 30, 61]}