{"p": 0.699, "barbin": 0, "corr": -0.03176755830645561, "timescale": 4.543007895866214, "rgb": "#000000", "zyx": [24, 37, 58]}