{"p": 0.143, "barbin": 0, "corr": 0.06438291072845459, "timescale": 3.187703394571324, "rgb": "#000000", "zyx": [14, 30, 50]}