{"p": 0.009, "barbin": 1, "corr": 0.13881796598434448, "timescale": 7.241846280789315, "rgb": "#000000", "zyx": [5, 51, 65]}