{"p": 0.381, "barbin": 0, "corr": 0.01647367887198925, "timescale": 6.584885692169991, "rgb": "#000000", "zyx": [7, 39, 56]}