{"p": 0.24, "barbin": 0, "corr": 0.03625008463859558, "timescale": 6.405580129938725, "rgb": "#000000", "zyx": [12, 56, 49]}