{"p": 0.358, "barbin": 0, "corr": 0.016611214727163315, "timescale": 5.624271263894323, "rgb": "#000000", "zyx": [10, 34, 48]}