{"p": 0.0, "barbin": 4, "corr": 0.2530306577682495, "timescale": 8.570044934158142, "rgb": "#000000", "zyx": [13, 63, 57]}