{"p": 0.0, "barbin": 2, "corr": 0.15573883056640625, "timescale": 5.576571447247207, "rgb": "#000000", "zyx": [11, 70, 32]}