{"p": 0.0, "barbin": 4, "corr": 0.4075770974159241, "timescale": 7.315754917388451, "rgb": "#000000", "zyx": [10, 80, 37]}