{"p": 0.011, "barbin": 1, "corr": 0.136545330286026, "timescale": 6.309280437959161, "rgb": "#000000", "zyx": [12, 42, 67]}