{"p": 0.548, "barbin": 0, "corr": -0.00019423052435740829, "timescale": 8.569990970226266, "rgb": "#000000", "zyx": [6, 76, 72]}