{"p": 0.006, "barbin": 1, "corr": 0.13071800768375397, "timescale": 6.529266119424908, "rgb": "#000000", "zyx": [7, 37, 40]}