{"p": 0.062, "barbin": 0, "corr": 0.0788348913192749, "timescale": 6.095888822220352, "rgb": "#000000", "zyx": [15, 19, 49]}