{"p": 0.001, "barbin": 2, "corr": 0.1950484961271286, "timescale": 6.376281402824471, "rgb": "#000000", "zyx": [11, 78, 45]}