{"p": 0.069, "barbin": 0, "corr": 0.08277542889118195, "timescale": 7.06273690936984, "rgb": "#000000", "zyx": [9, 79, 59]}