{"p": 0.381, "barbin": 0, "corr": 0.017636559903621674, "timescale": 3.987934656306482, "rgb": "#000000", "zyx": [19, 80, 40]}