{"p": 0.012, "barbin": 1, "corr": 0.11673580855131149, "timescale": 5.115674222425987, "rgb": "#000000", "zyx": [18, 34, 64]}