{"p": 0.281, "barbin": 0, "corr": 0.03150485083460808, "timescale": 5.925922453986728, "rgb": "#000000", "zyx": [9, 50, 69]}