{"p": 0.454, "barbin": 0, "corr": 0.0013493673177435994, "timescale": 1.8023636266576515, "rgb": "#000000", "zyx": [17, 64, 29]}