{"p": 0.076, "barbin": 0, "corr": 0.08279794454574585, "timescale": 2.615967433062226, "rgb": "#000000", "zyx": [16, 71, 43]}