{"p": 0.538, "barbin": 0, "corr": -7.462338544428349e-05, "timescale": 5.418791171308686, "rgb": "#000000", "zyx": [11, 22, 37]}