{"p": 0.562, "barbin": 0, "corr": -0.01014640461653471, "timescale": 4.286851521812997, "rgb": "#000000", "zyx": [10, 73, 27]}