{"p": 0.125, "barbin": 0, "corr": 0.06344405561685562, "timescale": 6.2413519895804574, "rgb": "#000000", "zyx": [20, 67, 44]}