{"p": 0.001, "barbin": 2, "corr": 0.16250236332416534, "timescale": 7.173583319652871, "rgb": "#000000", "zyx": [14, 75, 30]}