{"p": 0.532, "barbin": 0, "corr": -0.007312866393476725, "timescale": 5.588379724948422, "rgb": "#000000", "zyx": [1, 89, 40]}