{"p": 0.175, "barbin": 0, "corr": 0.005901480093598366, "timescale": 4.584443523557489, "rgb": "#000000", "zyx": [8, 59, 83]}