{"p": 0.002, "barbin": 2, "corr": 0.16437765955924988, "timescale": 6.3291391854840935, "rgb": "#000000", "zyx": [18, 86, 56]}