{"p": 0.997, "barbin": 0, "corr": -0.147309347987175, "timescale": 1.6081544039603592, "rgb": "#000000", "zyx": [0, 83, 43]}