{"p": 0.429, "barbin": 0, "corr": 0.0011845127446576953, "timescale": 3.5849407845328556, "rgb": "#000000", "zyx": [17, 47, 76]}