{"p": 0.734, "barbin": 0, "corr": -0.03938208147883415, "timescale": 4.867301678116664, "rgb": "#000000", "zyx": [1, 75, 71]}