{"p": 0.173, "barbin": 0, "corr": 0.05602806806564331, "timescale": 5.772546812664766, "rgb": "#000000", "zyx": [19, 64, 42]}