{"p": 0.061, "barbin": 0, "corr": 0.08060045540332794, "timescale": 2.62901111394305, "rgb": "#000000", "zyx": [17, 61, 59]}