{"p": 0.477, "barbin": 0, "corr": 3.692611790029332e-05, "timescale": 4.118565765952786, "rgb": "#000000", "zyx": [20, 47, 28]}