{"p": 0.489, "barbin": 0, "corr": 0.0005925172008574009, "timescale": 3.5791817406468724, "rgb": "#000000", "zyx": [3, 83, 34]}