{"p": 0.248, "barbin": 0, "corr": 0.03151143342256546, "timescale": 6.411325523991328, "rgb": "#000000", "zyx": [10, 68, 32]}