{"p": 0.548, "barbin": 0, "corr": -0.004654979798942804, "timescale": 3.19283098391145, "rgb": "#000000", "zyx": [4, 79, 60]}