{"p": 0.468, "barbin": 0, "corr": 0.0025190741289407015, "timescale": 4.507794805673418, "rgb": "#000000", "zyx": [0, 84, 40]}