{"p": 0.682, "barbin": 0, "corr": -0.018861522898077965, "timescale": 7.608735523873389, "rgb": "#000000", "zyx": [2, 60, 68]}