{"p": 0.258, "barbin": 0, "corr": 0.03400524705648422, "timescale": 7.578765651707725, "rgb": "#000000", "zyx": [27, 53, 42]}