{"p": 0.138, "barbin": 0, "corr": 0.060287415981292725, "timescale": 2.589206096084841, "rgb": "#000000", "zyx": [10, 36, 57]}