{"p": 0.536, "barbin": 0, "corr": -0.0013680215924978256, "timescale": 5.702931337378926, "rgb": "#000000", "zyx": [4, 57, 40]}