{"p": 0.677, "barbin": 0, "corr": -0.02083844318985939, "timescale": 5.905959243724796, "rgb": "#000000", "zyx": [6, 80, 31]}