{"p": 0.0, "barbin": 2, "corr": 0.18820488452911377, "timescale": 7.5104441388661956, "rgb": "#000000", "zyx": [18, 84, 59]}