{"p": 0.492, "barbin": 0, "corr": 0.0016989321447908878, "timescale": 4.628915019974116, "rgb": "#000000", "zyx": [4, 71, 25]}