{"p": 0.709, "barbin": 0, "corr": -0.03063894249498844, "timescale": 3.1744855485413863, "rgb": "#000000", "zyx": [10, 68, 45]}