{"p": 0.729, "barbin": 0, "corr": -0.02723369002342224, "timescale": 6.584962248473454, "rgb": "#000000", "zyx": [12, 25, 35]}