{"p": 0.514, "barbin": 0, "corr": -0.007084127515554428, "timescale": 8.52248393722468, "rgb": "#000000", "zyx": [19, 40, 42]}