{"p": 0.715, "barbin": 0, "corr": -0.03353182226419449, "timescale": 2.5849613062522714, "rgb": "#000000", "zyx": [13, 85, 65]}