{"p": 0.069, "barbin": 0, "corr": 0.08511876314878464, "timescale": 6.555631967370385, "rgb": "#000000", "zyx": [8, 46, 62]}