{"p": 0.2, "barbin": 0, "corr": 0.05182518810033798, "timescale": 5.594952834849458, "rgb": "#000000", "zyx": [8, 42, 41]}