{"p": 0.042, "barbin": 0, "corr": 0.09689909219741821, "timescale": 4.6661562005123995, "rgb": "#000000", "zyx": [17, 31, 63]}