{"p": 0.108, "barbin": 0, "corr": 0.07171278446912766, "timescale": 5.284153606793569, "rgb": "#000000", "zyx": [15, 60, 48]}