{"p": 0.552, "barbin": 0, "corr": -0.006539789494127035, "timescale": 3.584962500721156, "rgb": "#000000", "zyx": [24, 64, 52]}