{"p": 0.028, "barbin": 0, "corr": 0.08491148054599762, "timescale": 7.367287513478001, "rgb": "#000000", "zyx": [14, 23, 56]}