{"p": 0.549, "barbin": 0, "corr": -0.005000189878046513, "timescale": 6.040234897503896, "rgb": "#000000", "zyx": [13, 70, 79]}