{"p": 0.337, "barbin": 0, "corr": 0.01869095489382744, "timescale": 1.775549303157218, "rgb": "#000000", "zyx": [6, 79, 58]}