{"p": 0.712, "barbin": 0, "corr": -0.030381614342331886, "timescale": 5.936246445106119, "rgb": "#000000", "zyx": [25, 52, 56]}