{"p": 0.755, "barbin": 0, "corr": -0.04291067272424698, "timescale": 4.584962500721156, "rgb": "#000000", "zyx": [23, 74, 46]}