{"p": 0.591, "barbin": 0, "corr": -0.012174185365438461, "timescale": 3.5849625092815747, "rgb": "#000000", "zyx": [17, 61, 42]}