{"p": 0.331, "barbin": 0, "corr": 0.016712380573153496, "timescale": 5.626405014459387, "rgb": "#000000", "zyx": [4, 44, 70]}