{"p": 0.557, "barbin": 0, "corr": -0.0071294368244707584, "timescale": 6.387335247840831, "rgb": "#000000", "zyx": [14, 84, 58]}