{"p": 0.0, "barbin": 4, "corr": 0.2712300717830658, "timescale": 6.901711386141545, "rgb": "#000000", "zyx": [14, 76, 56]}