{"p": 0.0, "barbin": 1, "corr": 0.12894809246063232, "timescale": 6.076142848146478, "rgb": "#000000", "zyx": [18, 32, 66]}