{"p": 0.825, "barbin": 0, "corr": -0.049989186227321625, "timescale": 2.679352935205465, "rgb": "#000000", "zyx": [19, 78, 72]}