{"p": 0.364, "barbin": 0, "corr": 0.018107205629348755, "timescale": 8.5532532416749, "rgb": "#000000", "zyx": [8, 81, 57]}