{"p": 0.046, "barbin": 1, "corr": 0.1026519238948822, "timescale": 6.360281304717608, "rgb": "#000000", "zyx": [9, 50, 32]}