{"p": 0.689, "barbin": 0, "corr": -0.012955034151673317, "timescale": 4.680244746314435, "rgb": "#000000", "zyx": [3, 39, 70]}