{"p": 0.136, "barbin": 0, "corr": 0.062402307987213135, "timescale": 6.602325384856795, "rgb": "#000000", "zyx": [2, 83, 36]}