{"p": 0.0, "barbin": 3, "corr": 0.21583621203899384, "timescale": 4.395145176286515, "rgb": "#000000", "zyx": [19, 30, 63]}