{"p": 0.423, "barbin": 0, "corr": 0.007821841165423393, "timescale": 8.367983066479752, "rgb": "#000000", "zyx": [14, 67, 30]}