{"p": 0.0, "barbin": 2, "corr": 0.19337862730026245, "timescale": 6.543335923845979, "rgb": "#000000", "zyx": [22, 38, 57]}