{"p": 0.314, "barbin": 0, "corr": 0.006870887242257595, "timescale": 4.339312637108879, "rgb": "#000000", "zyx": [6, 44, 69]}