{"p": 0.539, "barbin": 0, "corr": -7.896203896962106e-06, "timescale": 6.622090414238987, "rgb": "#000000", "zyx": [2, 81, 50]}