{"p": 0.303, "barbin": 0, "corr": 0.03477781265974045, "timescale": 4.256833820134351, "rgb": "#000000", "zyx": [6, 32, 41]}