{"p": 0.471, "barbin": 0, "corr": 0.004850570112466812, "timescale": 5.897563763405741, "rgb": "#000000", "zyx": [24, 56, 38]}