{"p": 0.009, "barbin": 1, "corr": 0.11821414530277252, "timescale": 5.522797720955446, "rgb": "#000000", "zyx": [12, 38, 34]}