{"p": 0.0, "barbin": 4, "corr": 0.2766718566417694, "timescale": 6.344034766357914, "rgb": "#000000", "zyx": [9, 67, 35]}