{"p": 0.772, "barbin": 0, "corr": -0.04389960318803787, "timescale": 3.5064329568503094, "rgb": "#000000", "zyx": [14, 50, 75]}