{"p": 0.046, "barbin": 1, "corr": 0.10492735356092453, "timescale": 6.631619046467574, "rgb": "#000000", "zyx": [12, 40, 48]}