{"p": 0.696, "barbin": 0, "corr": -0.03130745142698288, "timescale": 5.453543366132989, "rgb": "#000000", "zyx": [9, 51, 79]}