{"p": 0.966, "barbin": 0, "corr": -0.10683181881904602, "timescale": 8.584899875393187, "rgb": "#000000", "zyx": [14, 64, 55]}