{"p": 0.001, "barbin": 1, "corr": 0.14191323518753052, "timescale": 6.568445314781974, "rgb": "#000000", "zyx": [10, 55, 81]}