{"p": 0.146, "barbin": 0, "corr": 0.062318794429302216, "timescale": 3.1997628503092366, "rgb": "#000000", "zyx": [15, 63, 75]}