{"p": 0.001, "barbin": 2, "corr": 0.15430212020874023, "timescale": 5.417786511409249, "rgb": "#000000", "zyx": [20, 35, 37]}