{"p": 0.596, "barbin": 0, "corr": -0.013153335079550743, "timescale": 5.584962500721156, "rgb": "#000000", "zyx": [19, 43, 59]}