{"p": 1.0, "barbin": 0, "corr": -0.04421206936240196, "timescale": 4.711222846730222, "rgb": "#000000", "zyx": [18, 33, 65]}