{"p": 0.359, "barbin": 0, "corr": 0.010063345544040203, "timescale": 4.464417637939364, "rgb": "#000000", "zyx": [15, 54, 76]}