{"p": 0.991, "barbin": 0, "corr": -0.13600249588489532, "timescale": 6.478673052370857, "rgb": "#000000", "zyx": [7, 79, 40]}