{"p": 0.151, "barbin": 0, "corr": 0.06087847799062729, "timescale": 6.440968536116818, "rgb": "#000000", "zyx": [11, 65, 72]}