{"p": 0.056, "barbin": 0, "corr": 0.09036429226398468, "timescale": 1.9243815868145924, "rgb": "#000000", "zyx": [2, 43, 72]}