{"p": 0.174, "barbin": 0, "corr": 0.054747097194194794, "timescale": 3.3553591306704273, "rgb": "#000000", "zyx": [6, 80, 49]}