{"p": 0.107, "barbin": 0, "corr": 0.07228870689868927, "timescale": 3.9299917423900435, "rgb": "#000000", "zyx": [19, 42, 56]}