{"p": 0.869, "barbin": 0, "corr": -0.036484573036432266, "timescale": 8.08616243305689, "rgb": "#000000", "zyx": [14, 16, 53]}