{"p": 0.828, "barbin": 0, "corr": -0.05556156486272812, "timescale": 5.59681589817351, "rgb": "#000000", "zyx": [13, 85, 44]}