{"p": 0.002, "barbin": 2, "corr": 0.1693413257598877, "timescale": 7.650823183644508, "rgb": "#000000", "zyx": [20, 40, 64]}