{"p": 0.36, "barbin": 0, "corr": 0.021271416917443275, "timescale": 5.098439614732177, "rgb": "#000000", "zyx": [3, 82, 37]}