{"p": 0.44, "barbin": 0, "corr": 0.0005165997426956892, "timescale": 4.383505674189415, "rgb": "#000000", "zyx": [4, 63, 71]}