{"p": 0.0, "barbin": 2, "corr": 0.17009267210960388, "timescale": 7.145599887561678, "rgb": "#000000", "zyx": [9, 54, 25]}