{"p": 0.178, "barbin": 0, "corr": 0.015367051586508751, "timescale": 4.32896996462073, "rgb": "#000000", "zyx": [20, 48, 51]}