{"p": 0.525, "barbin": 0, "corr": 0.00040737539529800415, "timescale": 7.190931619685502, "rgb": "#000000", "zyx": [10, 40, 38]}