{"p": 0.0, "barbin": 3, "corr": 0.20587821304798126, "timescale": 8.386361986673617, "rgb": "#000000", "zyx": [19, 60, 35]}