{"p": 0.07, "barbin": 0, "corr": 0.07165217399597168, "timescale": 6.5774726723952215, "rgb": "#000000", "zyx": [3, 65, 66]}