{"p": 0.807, "barbin": 0, "corr": -0.04581386595964432, "timescale": 1.585276895972856, "rgb": "#000000", "zyx": [19, 76, 62]}