{"p": 0.0, "barbin": 3, "corr": 0.23258855938911438, "timescale": 5.621671092963604, "rgb": "#000000", "zyx": [9, 66, 32]}