{"p": 0.623, "barbin": 0, "corr": -0.016024017706513405, "timescale": 4.74666878492063, "rgb": "#000000", "zyx": [5, 33, 65]}