{"p": 0.002, "barbin": 2, "corr": 0.16793036460876465, "timescale": 4.148571873169168, "rgb": "#000000", "zyx": [13, 44, 36]}