{"p": 0.466, "barbin": 0, "corr": 0.004985833540558815, "timescale": 4.62593945824562, "rgb": "#000000", "zyx": [6, 84, 65]}