{"p": 0.993, "barbin": 0, "corr": -0.05755402520298958, "timescale": 5.5569417423320795, "rgb": "#000000", "zyx": [18, 29, 33]}