{"p": 0.836, "barbin": 0, "corr": -0.058646101504564285, "timescale": 6.3476487494372025, "rgb": "#000000", "zyx": [6, 41, 77]}