{"p": 0.503, "barbin": 0, "corr": -0.0008488899329677224, "timescale": 4.284302284257091, "rgb": "#000000", "zyx": [8, 77, 62]}