{"p": 0.787, "barbin": 0, "corr": -0.03992791846394539, "timescale": 7.75519412661545, "rgb": "#000000", "zyx": [12, 86, 42]}