{"p": 0.002, "barbin": 0, "corr": 0.06092551723122597, "timescale": 7.584747210339313, "rgb": "#000000", "zyx": [8, 65, 53]}