{"p": 0.215, "barbin": 0, "corr": 0.026720091700553894, "timescale": 7.790562339278976, "rgb": "#000000", "zyx": [19, 37, 63]}