{"p": 0.136, "barbin": 0, "corr": 0.01740018092095852, "timescale": 4.61760565878855, "rgb": "#000000", "zyx": [16, 35, 28]}