{"p": 0.266, "barbin": 0, "corr": 0.03824802488088608, "timescale": 7.161217009448112, "rgb": "#000000", "zyx": [18, 42, 45]}