{"p": 0.288, "barbin": 0, "corr": 0.032194677740335464, "timescale": 6.890540412481814, "rgb": "#000000", "zyx": [1, 80, 62]}