{"p": 0.502, "barbin": 0, "corr": 5.6663780014787335e-06, "timescale": 5.957483210366723, "rgb": "#000000", "zyx": [9, 39, 51]}