{"p": 0.751, "barbin": 0, "corr": -0.03255598619580269, "timescale": 4.567977329147292, "rgb": "#000000", "zyx": [6, 45, 59]}