{"p": 0.073, "barbin": 0, "corr": 0.0649607926607132, "timescale": 7.320768284582978, "rgb": "#000000", "zyx": [5, 84, 62]}