{"p": 0.022, "barbin": 0, "corr": 0.08260136842727661, "timescale": 6.900016515277077, "rgb": "#000000", "zyx": [10, 62, 28]}