{"p": 0.251, "barbin": 0, "corr": 0.042645640671253204, "timescale": 3.994610077627193, "rgb": "#000000", "zyx": [9, 36, 45]}