{"p": 0.0, "barbin": 2, "corr": 0.16463544964790344, "timescale": 7.505748939403679, "rgb": "#000000", "zyx": [23, 32, 52]}