{"p": 0.52, "barbin": 0, "corr": -0.004680566489696503, "timescale": 1.584962500721156, "rgb": "#000000", "zyx": [1, 42, 62]}