{"p": 0.006, "barbin": 2, "corr": 0.1667981594800949, "timescale": 7.106142504810637, "rgb": "#000000", "zyx": [5, 45, 37]}