{"p": 0.001, "barbin": 3, "corr": 0.2086997926235199, "timescale": 6.956745461950186, "rgb": "#000000", "zyx": [16, 43, 72]}