{"p": 0.477, "barbin": 0, "corr": 0.004087849985808134, "timescale": 5.584969551580983, "rgb": "#000000", "zyx": [27, 51, 56]}