{"p": 0.626, "barbin": 0, "corr": -0.016742002218961716, "timescale": 5.101653630855917, "rgb": "#000000", "zyx": [17, 20, 50]}