{"p": 0.0, "barbin": 2, "corr": 0.19413168728351593, "timescale": 7.308193329195381, "rgb": "#000000", "zyx": [18, 39, 46]}