{"p": 0.074, "barbin": 0, "corr": 0.08029185980558395, "timescale": 5.347776348658567, "rgb": "#000000", "zyx": [4, 49, 47]}