{"p": 0.518, "barbin": 0, "corr": 0.0018443837761878967, "timescale": 8.560677229771436, "rgb": "#000000", "zyx": [3, 61, 28]}