{"p": 0.415, "barbin": 0, "corr": 0.011701478622853756, "timescale": 7.584953202965104, "rgb": "#000000", "zyx": [5, 58, 68]}