{"p": 0.033, "barbin": 1, "corr": 0.11062504351139069, "timescale": 7.2510858853004665, "rgb": "#000000", "zyx": [20, 69, 32]}