{"p": 0.276, "barbin": 0, "corr": 0.034657400101423264, "timescale": 6.803845775596283, "rgb": "#000000", "zyx": [6, 83, 74]}