{"p": 0.985, "barbin": 0, "corr": -0.12096401304006577, "timescale": 3.5849639530561785, "rgb": "#000000", "zyx": [7, 45, 37]}