{"p": 0.293, "barbin": 0, "corr": 0.03151116892695427, "timescale": 7.584890381087805, "rgb": "#000000", "zyx": [17, 67, 35]}