{"p": 0.951, "barbin": 0, "corr": -0.0933477059006691, "timescale": 2.9024400489724305, "rgb": "#000000", "zyx": [7, 50, 42]}