{"p": 0.865, "barbin": 0, "corr": -0.0410190112888813, "timescale": 2.584962500721156, "rgb": "#000000", "zyx": [14, 57, 42]}