{"p": 0.807, "barbin": 0, "corr": -0.04897700250148773, "timescale": 2.5809346656851804, "rgb": "#000000", "zyx": [15, 49, 73]}