{"p": 0.081, "barbin": 0, "corr": 0.06636175513267517, "timescale": 6.770159846688235, "rgb": "#000000", "zyx": [20, 78, 72]}