{"p": 0.858, "barbin": 0, "corr": -0.06375680863857269, "timescale": 4.533783922841793, "rgb": "#000000", "zyx": [10, 67, 73]}