{"p": 0.049, "barbin": 1, "corr": 0.10584758967161179, "timescale": 7.507846216102458, "rgb": "#000000", "zyx": [21, 49, 50]}