{"p": 0.274, "barbin": 0, "corr": 0.037897199392318726, "timescale": 7.082347136358243, "rgb": "#000000", "zyx": [16, 53, 30]}