{"p": 0.0, "barbin": 3, "corr": 0.23632554709911346, "timescale": 7.286280626021657, "rgb": "#000000", "zyx": [17, 68, 76]}