{"p": 0.597, "barbin": 0, "corr": -0.005268769338726997, "timescale": 5.585269004850063, "rgb": "#000000", "zyx": [2, 79, 49]}