{"p": 0.067, "barbin": 0, "corr": 0.05085074156522751, "timescale": 7.882817239346431, "rgb": "#000000", "zyx": [24, 44, 63]}