{"p": 0.992, "barbin": 0, "corr": -0.15763156116008759, "timescale": 5.842439323615977, "rgb": "#000000", "zyx": [5, 40, 27]}