{"p": 0.884, "barbin": 0, "corr": -0.06268733739852905, "timescale": 4.578548399330692, "rgb": "#000000", "zyx": [12, 73, 65]}