{"p": 0.455, "barbin": 0, "corr": 0.007343796081840992, "timescale": 6.585022105888442, "rgb": "#000000", "zyx": [8, 26, 56]}