{"p": 0.604, "barbin": 0, "corr": -0.009168093092739582, "timescale": 3.593872406750741, "rgb": "#000000", "zyx": [1, 86, 52]}