{"p": 0.097, "barbin": 0, "corr": 0.07226324081420898, "timescale": 8.584614268999468, "rgb": "#000000", "zyx": [21, 48, 40]}