{"p": 0.848, "barbin": 0, "corr": -0.009108616970479488, "timescale": 6.8143930853426395, "rgb": "#000000", "zyx": [9, 76, 38]}