{"p": 0.711, "barbin": 0, "corr": -0.020192192867398262, "timescale": 3.68282928332339, "rgb": "#000000", "zyx": [19, 67, 61]}