{"p": 0.393, "barbin": 0, "corr": 0.012598684057593346, "timescale": 3.088376235800299, "rgb": "#000000", "zyx": [12, 35, 42]}