{"p": 0.071, "barbin": 0, "corr": 0.0871993899345398, "timescale": 5.50929175117409, "rgb": "#000000", "zyx": [16, 17, 51]}