{"p": 0.023, "barbin": 1, "corr": 0.1236909031867981, "timescale": 6.595924635700204, "rgb": "#000000", "zyx": [20, 52, 33]}