{"p": 0.06, "barbin": 0, "corr": 0.08975847065448761, "timescale": 6.5380499376748, "rgb": "#000000", "zyx": [9, 81, 73]}