{"p": 0.178, "barbin": 0, "corr": 0.04571530967950821, "timescale": 2.589314289414885, "rgb": "#000000", "zyx": [1, 50, 37]}