{"p": 0.869, "barbin": 0, "corr": -0.042909517884254456, "timescale": 6.0899791621431545, "rgb": "#000000", "zyx": [17, 53, 46]}