{"p": 0.193, "barbin": 0, "corr": 0.0005782711086794734, "timescale": 3.9898910347778997, "rgb": "#000000", "zyx": [9, 84, 46]}