{"p": 0.733, "barbin": 0, "corr": -0.039010416716337204, "timescale": 3.662389877415854, "rgb": "#000000", "zyx": [16, 25, 36]}