{"p": 0.0, "barbin": 4, "corr": 0.2889101505279541, "timescale": 7.721315967267052, "rgb": "#000000", "zyx": [21, 43, 42]}