{"p": 0.283, "barbin": 0, "corr": 0.033439915627241135, "timescale": 4.2873068573139435, "rgb": "#000000", "zyx": [16, 42, 45]}