{"p": 0.008, "barbin": 1, "corr": 0.11286032944917679, "timescale": 5.0265642927088265, "rgb": "#000000", "zyx": [19, 68, 36]}