{"p": 0.714, "barbin": 0, "corr": -0.028304357081651688, "timescale": 1.6948440724118945, "rgb": "#000000", "zyx": [2, 42, 37]}