{"p": 0.0, "barbin": 4, "corr": 0.3201116621494293, "timescale": 6.405739729410372, "rgb": "#000000", "zyx": [9, 73, 27]}