{"p": 0.0, "barbin": 3, "corr": 0.24207790195941925, "timescale": 5.807030273796075, "rgb": "#000000", "zyx": [19, 52, 38]}