{"p": 0.943, "barbin": 0, "corr": -0.08721666038036346, "timescale": 4.946047991515283, "rgb": "#000000", "zyx": [27, 52, 45]}