{"p": 0.0, "barbin": 3, "corr": 0.20066705346107483, "timescale": 5.255371861305168, "rgb": "#000000", "zyx": [11, 26, 51]}