{"p": 0.565, "barbin": 0, "corr": -0.007595413830131292, "timescale": 3.5643448411717427, "rgb": "#000000", "zyx": [3, 49, 60]}