{"p": 0.001, "barbin": 2, "corr": 0.1551891416311264, "timescale": 5.918504158404539, "rgb": "#000000", "zyx": [22, 42, 50]}