{"p": 0.781, "barbin": 0, "corr": -0.030990226194262505, "timescale": 4.949834450788922, "rgb": "#000000", "zyx": [10, 28, 63]}