{"p": 0.014, "barbin": 1, "corr": 0.13222752511501312, "timescale": 7.268935166055683, "rgb": "#000000", "zyx": [6, 55, 35]}