{"p": 0.02, "barbin": 1, "corr": 0.10646850615739822, "timescale": 4.811053164022915, "rgb": "#000000", "zyx": [1, 70, 76]}