{"p": 0.536, "barbin": 0, "corr": -0.011126535944640636, "timescale": 1.6669721405399218, "rgb": "#000000", "zyx": [15, 42, 61]}