{"p": 0.017, "barbin": 1, "corr": 0.13171261548995972, "timescale": 7.763684159823355, "rgb": "#000000", "zyx": [11, 78, 63]}