{"p": 0.0, "barbin": 4, "corr": 0.2681729793548584, "timescale": 7.538845899901275, "rgb": "#000000", "zyx": [1, 77, 41]}