{"p": 0.123, "barbin": 0, "corr": 0.0367245189845562, "timescale": 6.738655558750306, "rgb": "#000000", "zyx": [13, 69, 34]}