{"p": 0.162, "barbin": 0, "corr": 0.05627236142754555, "timescale": 5.208432457576055, "rgb": "#000000", "zyx": [14, 34, 32]}