{"p": 0.066, "barbin": 0, "corr": 0.012259289622306824, "timescale": 3.212118612970615, "rgb": "#000000", "zyx": [23, 52, 31]}