{"p": 0.035, "barbin": 1, "corr": 0.10306591540575027, "timescale": 7.046687479476474, "rgb": "#000000", "zyx": [18, 31, 62]}