{"p": 0.773, "barbin": 0, "corr": -0.015767104923725128, "timescale": 2.047730757385432, "rgb": "#000000", "zyx": [5, 53, 50]}