{"p": 0.544, "barbin": 0, "corr": -0.003953884355723858, "timescale": 3.9159292924558144, "rgb": "#000000", "zyx": [11, 86, 62]}