{"p": 0.929, "barbin": 0, "corr": -0.08231733739376068, "timescale": 5.157377148592294, "rgb": "#000000", "zyx": [21, 72, 72]}