{"p": 0.0, "barbin": 3, "corr": 0.20753328502178192, "timescale": 4.345756326101931, "rgb": "#000000", "zyx": [11, 73, 73]}