{"p": 0.0, "barbin": 2, "corr": 0.18383492529392242, "timescale": 6.234953917410895, "rgb": "#000000", "zyx": [13, 32, 29]}