{"p": 0.214, "barbin": 0, "corr": 0.04233809933066368, "timescale": 7.581907113469067, "rgb": "#000000", "zyx": [21, 55, 75]}