{"p": 0.31, "barbin": 0, "corr": 0.024776987731456757, "timescale": 5.953015822267291, "rgb": "#000000", "zyx": [4, 76, 38]}