{"p": 0.621, "barbin": 0, "corr": -0.00012084159243386239, "timescale": 6.753414405971705, "rgb": "#000000", "zyx": [11, 62, 63]}