{"p": 0.142, "barbin": 0, "corr": 0.00047578103840351105, "timescale": 5.183923249680005, "rgb": "#000000", "zyx": [25, 65, 63]}