{"p": 0.167, "barbin": 0, "corr": 0.0583869069814682, "timescale": 7.081171003654567, "rgb": "#000000", "zyx": [24, 71, 65]}