{"p": 0.198, "barbin": 0, "corr": 0.03586475923657417, "timescale": 6.4909851318951866, "rgb": "#000000", "zyx": [9, 54, 33]}