{"p": 0.016, "barbin": 1, "corr": 0.10211170464754105, "timescale": 5.595331762338649, "rgb": "#000000", "zyx": [12, 47, 75]}