{"p": 0.0, "barbin": 4, "corr": 0.3229936361312866, "timescale": 7.25164987154914, "rgb": "#000000", "zyx": [8, 70, 55]}