{"p": 0.0, "barbin": 4, "corr": 0.31803786754608154, "timescale": 7.674249970028658, "rgb": "#000000", "zyx": [23, 49, 62]}