{"p": 0.0, "barbin": 3, "corr": 0.23584090173244476, "timescale": 6.2614087622903964, "rgb": "#000000", "zyx": [20, 49, 72]}