{"p": 0.295, "barbin": 0, "corr": 0.010760817676782608, "timescale": 5.955235986890258, "rgb": "#000000", "zyx": [26, 40, 49]}