{"p": 0.842, "barbin": 0, "corr": -0.0629008486866951, "timescale": 2.5823439790731775, "rgb": "#000000", "zyx": [18, 75, 56]}