{"p": 0.081, "barbin": 0, "corr": 0.07873351126909256, "timescale": 4.612876446072179, "rgb": "#000000", "zyx": [19, 27, 34]}