{"p": 0.007, "barbin": 2, "corr": 0.15344122052192688, "timescale": 6.963725187870055, "rgb": "#000000", "zyx": [12, 58, 67]}