{"p": 0.0, "barbin": 4, "corr": 0.2587810158729553, "timescale": 6.725247383774628, "rgb": "#000000", "zyx": [12, 85, 50]}