{"p": 0.783, "barbin": 0, "corr": -0.0475044921040535, "timescale": 3.999425146482455, "rgb": "#000000", "zyx": [8, 69, 72]}