{"p": 0.468, "barbin": 0, "corr": 0.002832958474755287, "timescale": 6.587082153331919, "rgb": "#000000", "zyx": [16, 50, 43]}