{"p": 0.512, "barbin": 0, "corr": -0.0009632023866288364, "timescale": 5.051072684599894, "rgb": "#000000", "zyx": [4, 81, 55]}