{"p": 0.54, "barbin": 0, "corr": -0.0031663011759519577, "timescale": 3.771886972680321, "rgb": "#000000", "zyx": [12, 56, 23]}