{"p": 0.207, "barbin": 0, "corr": 0.047751616686582565, "timescale": 5.207170608296307, "rgb": "#000000", "zyx": [7, 70, 56]}