{"p": 0.197, "barbin": 0, "corr": 0.028724944218993187, "timescale": 3.7321907126108895, "rgb": "#000000", "zyx": [22, 51, 51]}