{"p": 0.175, "barbin": 0, "corr": 0.05171271786093712, "timescale": 2.659527136532865, "rgb": "#000000", "zyx": [16, 46, 66]}