{"p": 0.628, "barbin": 0, "corr": -0.005747411400079727, "timescale": 4.298335013894214, "rgb": "#000000", "zyx": [15, 47, 62]}