{"p": 0.934, "barbin": 0, "corr": -0.09249511361122131, "timescale": 2.4317714980345375, "rgb": "#000000", "zyx": [7, 30, 49]}