{"p": 0.812, "barbin": 0, "corr": -0.04424074664711952, "timescale": 4.723915194288395, "rgb": "#000000", "zyx": [12, 23, 64]}