{"p": 0.049, "barbin": 0, "corr": 0.09525017440319061, "timescale": 6.7870846926880075, "rgb": "#000000", "zyx": [24, 52, 57]}