{"p": 0.0, "barbin": 2, "corr": 0.1831967681646347, "timescale": 7.482745339072865, "rgb": "#000000", "zyx": [23, 74, 63]}