{"p": 0.82, "barbin": 0, "corr": -0.038693126291036606, "timescale": 4.832744477314092, "rgb": "#000000", "zyx": [11, 74, 65]}