{"p": 0.476, "barbin": 0, "corr": 0.005576342344284058, "timescale": 5.406533481942244, "rgb": "#000000", "zyx": [7, 54, 29]}