{"p": 0.892, "barbin": 0, "corr": -0.0615953765809536, "timescale": 4.502348868078026, "rgb": "#000000", "zyx": [20, 64, 59]}