{"p": 0.0, "barbin": 3, "corr": 0.2391253262758255, "timescale": 7.361729593715012, "rgb": "#000000", "zyx": [16, 81, 49]}