{"p": 0.745, "barbin": 0, "corr": -0.0286899134516716, "timescale": 4.621731454137911, "rgb": "#000000", "zyx": [10, 78, 72]}