{"p": 0.147, "barbin": 0, "corr": 0.06257359683513641, "timescale": 5.487833906393133, "rgb": "#000000", "zyx": [13, 72, 27]}