{"p": 0.969, "barbin": 0, "corr": -0.10590358078479767, "timescale": 2.659787276939102, "rgb": "#000000", "zyx": [4, 35, 70]}