{"p": 0.789, "barbin": 0, "corr": -0.041354212909936905, "timescale": 7.551658639546784, "rgb": "#000000", "zyx": [15, 31, 58]}