{"p": 0.266, "barbin": 0, "corr": 0.03896644711494446, "timescale": 3.5409962754490056, "rgb": "#000000", "zyx": [9, 79, 64]}