{"p": 0.489, "barbin": 0, "corr": 0.005289217457175255, "timescale": 2.7676384736601687, "rgb": "#000000", "zyx": [10, 68, 22]}