{"p": 0.511, "barbin": 0, "corr": -0.00044888153206557035, "timescale": 6.266205769576099, "rgb": "#000000", "zyx": [25, 35, 53]}