{"p": 0.87, "barbin": 0, "corr": -0.0540803037583828, "timescale": 6.116989825556425, "rgb": "#000000", "zyx": [3, 43, 32]}