{"p": 0.0, "barbin": 2, "corr": 0.18126478791236877, "timescale": 7.947804726456528, "rgb": "#000000", "zyx": [8, 81, 55]}