{"p": 0.216, "barbin": 0, "corr": 0.03549588844180107, "timescale": 5.127391153963879, "rgb": "#000000", "zyx": [12, 42, 43]}