{"p": 0.636, "barbin": 0, "corr": -0.015600504353642464, "timescale": 5.701503563610404, "rgb": "#000000", "zyx": [3, 61, 31]}