{"p": 0.628, "barbin": 0, "corr": -0.010616139508783817, "timescale": 5.459695361419893, "rgb": "#000000", "zyx": [6, 66, 63]}