{"p": 0.242, "barbin": 0, "corr": 0.037850212305784225, "timescale": 7.0626105861254995, "rgb": "#000000", "zyx": [10, 67, 72]}