{"p": 0.067, "barbin": 0, "corr": 0.04781445115804672, "timescale": 2.2912447189139153, "rgb": "#000000", "zyx": [20, 58, 29]}