{"p": 0.0, "barbin": 4, "corr": 0.2916277348995209, "timescale": 6.809517072786492, "rgb": "#000000", "zyx": [16, 79, 73]}