{"p": 0.442, "barbin": 0, "corr": 0.011111123487353325, "timescale": 8.317095507011654, "rgb": "#000000", "zyx": [10, 75, 55]}