{"p": 0.632, "barbin": 0, "corr": -0.01984957605600357, "timescale": 3.3927644313880894, "rgb": "#000000", "zyx": [19, 84, 64]}