{"p": 0.288, "barbin": 0, "corr": 0.030550731346011162, "timescale": 7.439213105924568, "rgb": "#000000", "zyx": [6, 53, 47]}