{"p": 0.168, "barbin": 0, "corr": 0.053864091634750366, "timescale": 8.584962214572604, "rgb": "#000000", "zyx": [10, 43, 49]}