{"p": 0.937, "barbin": 0, "corr": -0.0664205253124237, "timescale": 4.58544513455172, "rgb": "#000000", "zyx": [0, 82, 39]}