{"p": 0.0, "barbin": 4, "corr": 0.30172082781791687, "timescale": 6.997633775838719, "rgb": "#000000", "zyx": [24, 50, 64]}