{"p": 0.111, "barbin": 0, "corr": 0.059010908007621765, "timescale": 6.210111755586266, "rgb": "#000000", "zyx": [15, 18, 46]}