{"p": 0.022, "barbin": 1, "corr": 0.10634755343198776, "timescale": 4.82166253487215, "rgb": "#000000", "zyx": [12, 86, 59]}