{"p": 0.474, "barbin": 0, "corr": 0.003190630581229925, "timescale": 6.586432367808973, "rgb": "#000000", "zyx": [24, 55, 60]}