{"p": 0.701, "barbin": 0, "corr": -0.030148504301905632, "timescale": 5.208646891246409, "rgb": "#000000", "zyx": [23, 71, 57]}