{"p": 0.041, "barbin": 0, "corr": 0.0006004879833199084, "timescale": 4.659445171318358, "rgb": "#000000", "zyx": [6, 32, 36]}