{"p": 0.043, "barbin": 1, "corr": 0.10427677631378174, "timescale": 8.425510692527773, "rgb": "#000000", "zyx": [3, 49, 47]}