{"p": 0.003, "barbin": 1, "corr": 0.14499531686306, "timescale": 8.399770406584155, "rgb": "#000000", "zyx": [9, 77, 61]}