{"p": 0.828, "barbin": 0, "corr": -0.04291106015443802, "timescale": 5.518280559818209, "rgb": "#000000", "zyx": [21, 54, 71]}