{"p": 0.598, "barbin": 0, "corr": -0.010303973220288754, "timescale": 7.372450916305035, "rgb": "#000000", "zyx": [20, 51, 69]}