{"p": 0.015, "barbin": 1, "corr": 0.11994767189025879, "timescale": 6.053478227335591, "rgb": "#000000", "zyx": [16, 77, 74]}