{"p": 0.0, "barbin": 3, "corr": 0.21543876826763153, "timescale": 7.580362465667972, "rgb": "#000000", "zyx": [14, 21, 60]}