{"p": 0.0, "barbin": 4, "corr": 0.3282838463783264, "timescale": 7.41685575718033, "rgb": "#000000", "zyx": [18, 32, 46]}