{"p": 0.18, "barbin": 0, "corr": 0.018988806754350662, "timescale": 7.583693752081344, "rgb": "#000000", "zyx": [9, 54, 46]}