{"p": 0.49, "barbin": 0, "corr": -0.0002429928135825321, "timescale": 7.131152966400243, "rgb": "#000000", "zyx": [17, 57, 36]}