{"p": 0.911, "barbin": 0, "corr": -0.025492852553725243, "timescale": 2.9669263970244075, "rgb": "#000000", "zyx": [17, 77, 74]}