{"p": 0.459, "barbin": 0, "corr": 0.0037180972285568714, "timescale": 6.2824691168260856, "rgb": "#000000", "zyx": [7, 37, 55]}