{"p": 0.943, "barbin": 0, "corr": -0.09357611835002899, "timescale": 6.584962500721156, "rgb": "#000000", "zyx": [21, 49, 56]}