{"p": 0.588, "barbin": 0, "corr": -0.01278225239366293, "timescale": 4.679146260909863, "rgb": "#000000", "zyx": [3, 52, 69]}