{"p": 0.185, "barbin": 0, "corr": 0.0507633201777935, "timescale": 5.132557766903888, "rgb": "#000000", "zyx": [22, 51, 44]}