{"p": 0.194, "barbin": 0, "corr": 0.050168074667453766, "timescale": 2.6185580788253153, "rgb": "#000000", "zyx": [6, 73, 48]}