{"p": 0.201, "barbin": 0, "corr": 0.023085134103894234, "timescale": 5.5811809680703215, "rgb": "#000000", "zyx": [17, 62, 32]}