{"p": 0.715, "barbin": 0, "corr": -0.03621016442775726, "timescale": 3.7643093683028392, "rgb": "#000000", "zyx": [14, 32, 62]}