{"p": 0.316, "barbin": 0, "corr": 0.012328509241342545, "timescale": 6.925565718356231, "rgb": "#000000", "zyx": [21, 83, 60]}