{"p": 0.291, "barbin": 0, "corr": 0.017045896500349045, "timescale": 5.61796648849641, "rgb": "#000000", "zyx": [3, 82, 50]}