{"p": 0.411, "barbin": 0, "corr": 0.009542969055473804, "timescale": 3.767615619396624, "rgb": "#000000", "zyx": [17, 64, 40]}