{"p": 0.005, "barbin": 2, "corr": 0.15135635435581207, "timescale": 8.0329841925871, "rgb": "#000000", "zyx": [15, 77, 49]}