{"p": 0.319, "barbin": 0, "corr": 0.026895442977547646, "timescale": 1.7044416732860737, "rgb": "#000000", "zyx": [9, 18, 46]}