{"p": 0.059, "barbin": 0, "corr": 0.07591969519853592, "timescale": 7.181856000773173, "rgb": "#000000", "zyx": [1, 69, 71]}