{"p": 0.379, "barbin": 0, "corr": 0.01604023389518261, "timescale": 6.647846888701054, "rgb": "#000000", "zyx": [19, 65, 74]}