{"p": 0.0, "barbin": 2, "corr": 0.19150997698307037, "timescale": 7.1884132549556625, "rgb": "#000000", "zyx": [13, 71, 29]}