{"p": 0.653, "barbin": 0, "corr": -0.010132025927305222, "timescale": 7.584962765474316, "rgb": "#000000", "zyx": [3, 88, 35]}