{"p": 0.061, "barbin": 0, "corr": 0.016090821474790573, "timescale": 6.410144897302168, "rgb": "#000000", "zyx": [3, 50, 43]}