{"p": 0.564, "barbin": 0, "corr": -0.0071717724204063416, "timescale": 2.5957956477283517, "rgb": "#000000", "zyx": [20, 65, 55]}