{"p": 0.778, "barbin": 0, "corr": -0.045813437551259995, "timescale": 4.296738238908296, "rgb": "#000000", "zyx": [17, 61, 38]}