{"p": 0.81, "barbin": 0, "corr": -0.04735145717859268, "timescale": 4.002336117249621, "rgb": "#000000", "zyx": [5, 73, 46]}