{"p": 0.717, "barbin": 0, "corr": -0.035892587155103683, "timescale": 1.5881002296270623, "rgb": "#000000", "zyx": [11, 62, 42]}