{"p": 0.392, "barbin": 0, "corr": 0.013837892562150955, "timescale": 2.095938016675751, "rgb": "#000000", "zyx": [9, 60, 46]}