{"p": 0.158, "barbin": 0, "corr": 0.05859208106994629, "timescale": 4.7251363513381515, "rgb": "#000000", "zyx": [13, 52, 29]}