{"p": 0.151, "barbin": 0, "corr": 0.058315347880125046, "timescale": 6.390937150049932, "rgb": "#000000", "zyx": [18, 64, 56]}