{"p": 0.816, "barbin": 0, "corr": -0.044907912611961365, "timescale": 2.6207600128365742, "rgb": "#000000", "zyx": [16, 47, 53]}