{"p": 0.035, "barbin": 1, "corr": 0.10604282468557358, "timescale": 7.193891581314357, "rgb": "#000000", "zyx": [1, 45, 35]}