{"p": 0.537, "barbin": 0, "corr": -0.003560373093932867, "timescale": 5.3274303809701795, "rgb": "#000000", "zyx": [1, 85, 64]}