{"p": 0.077, "barbin": 0, "corr": 0.07579370588064194, "timescale": 6.351821867377767, "rgb": "#000000", "zyx": [16, 79, 38]}