{"p": 0.239, "barbin": 0, "corr": 0.04288338124752045, "timescale": 7.900213734883439, "rgb": "#000000", "zyx": [11, 45, 36]}