{"p": 0.916, "barbin": 0, "corr": -0.08695188164710999, "timescale": 3.95533166749562, "rgb": "#000000", "zyx": [16, 60, 28]}