{"p": 0.017, "barbin": 1, "corr": 0.1187821552157402, "timescale": 6.47497520941126, "rgb": "#000000", "zyx": [12, 57, 50]}