{"p": 0.777, "barbin": 0, "corr": -0.015336308628320694, "timescale": 6.468014874549894, "rgb": "#000000", "zyx": [9, 47, 49]}