{"p": 0.102, "barbin": 0, "corr": 0.04394609108567238, "timescale": 6.986693796296118, "rgb": "#000000", "zyx": [10, 77, 76]}