{"p": 0.255, "barbin": 0, "corr": 0.031232837587594986, "timescale": 6.409583256354271, "rgb": "#000000", "zyx": [22, 62, 50]}