{"p": 0.0, "barbin": 4, "corr": 0.3250972032546997, "timescale": 7.090774692396902, "rgb": "#000000", "zyx": [6, 69, 74]}