{"p": 0.475, "barbin": 0, "corr": 0.0051568965427577496, "timescale": 8.172889434978886, "rgb": "#000000", "zyx": [8, 33, 71]}