{"p": 0.221, "barbin": 0, "corr": 0.03960364684462547, "timescale": 8.58339012983997, "rgb": "#000000", "zyx": [21, 28, 42]}