{"p": 0.25, "barbin": 0, "corr": 0.009259502403438091, "timescale": 1.609482066822649, "rgb": "#000000", "zyx": [16, 76, 48]}