{"p": 0.616, "barbin": 0, "corr": -0.016874810680747032, "timescale": 7.55617417212041, "rgb": "#000000", "zyx": [5, 81, 37]}