{"p": 0.795, "barbin": 0, "corr": -0.024319229647517204, "timescale": 3.592074062467679, "rgb": "#000000", "zyx": [8, 48, 61]}