{"p": 0.164, "barbin": 0, "corr": 0.0603073388338089, "timescale": 4.302643737561837, "rgb": "#000000", "zyx": [4, 41, 34]}