{"p": 0.086, "barbin": 0, "corr": 0.08146301656961441, "timescale": 8.577407204927379, "rgb": "#000000", "zyx": [6, 30, 63]}