{"p": 0.132, "barbin": 0, "corr": 0.05287012457847595, "timescale": 4.734256383967897, "rgb": "#000000", "zyx": [17, 41, 69]}