{"p": 0.292, "barbin": 0, "corr": 0.03002004511654377, "timescale": 1.968155243965624, "rgb": "#000000", "zyx": [20, 66, 68]}