{"p": 0.3, "barbin": 0, "corr": 0.025561343878507614, "timescale": 5.50352445941035, "rgb": "#000000", "zyx": [7, 82, 78]}