{"p": 0.001, "barbin": 1, "corr": 0.14420464634895325, "timescale": 5.68531138743963, "rgb": "#000000", "zyx": [10, 51, 71]}