{"p": 0.635, "barbin": 0, "corr": -0.025638530030846596, "timescale": 8.584623793365068, "rgb": "#000000", "zyx": [13, 56, 29]}