{"p": 0.459, "barbin": 0, "corr": 0.0067779291421175, "timescale": 2.592393924052117, "rgb": "#000000", "zyx": [7, 62, 32]}