{"p": 0.977, "barbin": 0, "corr": -0.0009868404595181346, "timescale": 6.5642607349967195, "rgb": "#000000", "zyx": [2, 44, 30]}