{"p": 0.034, "barbin": 0, "corr": 0.09079410880804062, "timescale": 4.6120376671980265, "rgb": "#000000", "zyx": [7, 47, 59]}