{"p": 0.26, "barbin": 0, "corr": 0.020922070369124413, "timescale": 4.6108377092619985, "rgb": "#000000", "zyx": [22, 72, 58]}