{"p": 0.333, "barbin": 0, "corr": 0.025427596643567085, "timescale": 4.51390043337422, "rgb": "#000000", "zyx": [9, 53, 32]}