{"p": 0.382, "barbin": 0, "corr": 0.017814839258790016, "timescale": 2.7811656216987126, "rgb": "#000000", "zyx": [24, 54, 35]}