{"p": 0.003, "barbin": 2, "corr": 0.17897950112819672, "timescale": 6.74836929175015, "rgb": "#000000", "zyx": [19, 33, 54]}