{"p": 0.516, "barbin": 0, "corr": -0.000554252415895462, "timescale": 6.65573089926035, "rgb": "#000000", "zyx": [17, 73, 69]}