{"p": 0.091, "barbin": 0, "corr": 0.07362093031406403, "timescale": 7.549384511316292, "rgb": "#000000", "zyx": [13, 24, 35]}