{"p": 0.001, "barbin": 2, "corr": 0.17738811671733856, "timescale": 6.406645180844051, "rgb": "#000000", "zyx": [8, 49, 31]}