{"p": 0.539, "barbin": 0, "corr": -0.0018269140273332596, "timescale": 8.580186476760357, "rgb": "#000000", "zyx": [14, 37, 42]}