{"p": 0.009, "barbin": 1, "corr": 0.12588182091712952, "timescale": 6.014287564281408, "rgb": "#000000", "zyx": [10, 50, 33]}