{"p": 0.019, "barbin": 1, "corr": 0.10373187810182571, "timescale": 7.153540674335981, "rgb": "#000000", "zyx": [8, 69, 52]}