{"p": 0.036, "barbin": 0, "corr": 0.0006096232682466507, "timescale": 6.516603449227401, "rgb": "#000000", "zyx": [11, 35, 67]}