{"p": 0.649, "barbin": 0, "corr": -0.020055998116731644, "timescale": 4.585320536856668, "rgb": "#000000", "zyx": [3, 44, 38]}