{"p": 0.763, "barbin": 0, "corr": -0.04239760339260101, "timescale": 4.584962500721156, "rgb": "#000000", "zyx": [17, 33, 57]}