{"p": 0.802, "barbin": 0, "corr": -0.05381394177675247, "timescale": 5.153778136498728, "rgb": "#000000", "zyx": [20, 59, 50]}