{"p": 0.529, "barbin": 0, "corr": 0.0003373236977495253, "timescale": 7.581420111898009, "rgb": "#000000", "zyx": [4, 87, 65]}