{"p": 0.002, "barbin": 2, "corr": 0.16130515933036804, "timescale": 7.658994209961711, "rgb": "#000000", "zyx": [19, 26, 40]}