{"p": 0.864, "barbin": 0, "corr": -0.015202246606349945, "timescale": 6.584829381118328, "rgb": "#000000", "zyx": [20, 29, 36]}