{"p": 0.138, "barbin": 0, "corr": 0.05075932294130325, "timescale": 6.9447968412103815, "rgb": "#000000", "zyx": [7, 34, 37]}