{"p": 0.973, "barbin": 0, "corr": -0.10801509022712708, "timescale": 3.3397274848060894, "rgb": "#000000", "zyx": [5, 47, 61]}