{"p": 0.001, "barbin": 3, "corr": 0.20472371578216553, "timescale": 7.509403386866221, "rgb": "#000000", "zyx": [1, 69, 75]}