{"p": 0.0, "barbin": 4, "corr": 0.37773799896240234, "timescale": 7.187464125229802, "rgb": "#000000", "zyx": [24, 37, 45]}