{"p": 0.651, "barbin": 0, "corr": -0.01890009082853794, "timescale": 8.360331185307434, "rgb": "#000000", "zyx": [12, 67, 49]}