{"p": 0.388, "barbin": 0, "corr": 0.013217998668551445, "timescale": 7.585126806406873, "rgb": "#000000", "zyx": [13, 90, 60]}