{"p": 0.0, "barbin": 4, "corr": 0.2559258043766022, "timescale": 6.838574059905645, "rgb": "#000000", "zyx": [14, 75, 70]}