{"p": 0.431, "barbin": 0, "corr": 0.011025996878743172, "timescale": 6.346712332277497, "rgb": "#000000", "zyx": [19, 86, 47]}