{"p": 0.748, "barbin": 0, "corr": -0.03854857385158539, "timescale": 2.139255042250862, "rgb": "#000000", "zyx": [7, 77, 62]}