{"p": 0.0, "barbin": 3, "corr": 0.2064455896615982, "timescale": 6.667746277426052, "rgb": "#000000", "zyx": [12, 81, 49]}