{"p": 0.527, "barbin": 0, "corr": -0.006522851064801216, "timescale": 6.71454409745992, "rgb": "#000000", "zyx": [14, 29, 34]}