{"p": 0.57, "barbin": 0, "corr": -0.008545844815671444, "timescale": 6.776653598463453, "rgb": "#000000", "zyx": [15, 75, 35]}