{"p": 0.814, "barbin": 0, "corr": -0.056495536118745804, "timescale": 4.584962500721355, "rgb": "#000000", "zyx": [0, 86, 51]}