{"p": 0.385, "barbin": 0, "corr": 0.015323169529438019, "timescale": 8.584879829164418, "rgb": "#000000", "zyx": [9, 78, 34]}