{"p": 0.142, "barbin": 0, "corr": 0.059653401374816895, "timescale": 7.3986287601723495, "rgb": "#000000", "zyx": [11, 58, 52]}