{"p": 0.451, "barbin": 0, "corr": 0.0060814013704657555, "timescale": 3.6166993168779396, "rgb": "#000000", "zyx": [3, 65, 41]}