{"p": 0.0, "barbin": 3, "corr": 0.23649682104587555, "timescale": 7.1417687030126675, "rgb": "#000000", "zyx": [26, 48, 45]}