{"p": 0.001, "barbin": 0, "corr": 0.0010453445138409734, "timescale": 3.871691126185799, "rgb": "#000000", "zyx": [22, 66, 70]}