{"p": 0.005, "barbin": 2, "corr": 0.1733786016702652, "timescale": 6.890569866481968, "rgb": "#000000", "zyx": [17, 51, 68]}