{"p": 0.006, "barbin": 1, "corr": 0.14362740516662598, "timescale": 6.068115420687716, "rgb": "#000000", "zyx": [24, 70, 61]}