{"p": 0.396, "barbin": 0, "corr": 0.004331693518906832, "timescale": 5.196650113775707, "rgb": "#000000", "zyx": [8, 38, 57]}