{"p": 0.146, "barbin": 0, "corr": 0.06491764634847641, "timescale": 5.580772302596986, "rgb": "#000000", "zyx": [20, 63, 76]}