{"p": 0.853, "barbin": 0, "corr": -0.06559216976165771, "timescale": 7.584699258141648, "rgb": "#000000", "zyx": [18, 41, 59]}