{"p": 0.386, "barbin": 0, "corr": 0.014877595007419586, "timescale": 7.145318015754434, "rgb": "#000000", "zyx": [4, 87, 56]}