{"p": 0.585, "barbin": 0, "corr": -0.006884107366204262, "timescale": 6.333974182847516, "rgb": "#000000", "zyx": [14, 15, 55]}