{"p": 0.944, "barbin": 0, "corr": -0.09762296080589294, "timescale": 6.295079414859913, "rgb": "#000000", "zyx": [22, 71, 57]}