{"p": 0.011, "barbin": 0, "corr": 0.03843152895569801, "timescale": 6.368513128130337, "rgb": "#000000", "zyx": [16, 37, 27]}