{"p": 0.805, "barbin": 0, "corr": -0.02667197212576866, "timescale": 4.584962500721156, "rgb": "#000000", "zyx": [0, 84, 38]}