{"p": 0.0, "barbin": 3, "corr": 0.20599037408828735, "timescale": 7.536732999242591, "rgb": "#000000", "zyx": [6, 54, 64]}