{"p": 0.931, "barbin": 0, "corr": -0.005650748498737812, "timescale": 6.537231000372145, "rgb": "#000000", "zyx": [20, 85, 50]}