{"p": 0.709, "barbin": 0, "corr": -0.030212806537747383, "timescale": 8.080368268518962, "rgb": "#000000", "zyx": [10, 27, 58]}