{"p": 0.0, "barbin": 2, "corr": 0.19577166438102722, "timescale": 7.0094463161923395, "rgb": "#000000", "zyx": [19, 77, 69]}