{"p": 0.579, "barbin": 0, "corr": -0.006007123272866011, "timescale": 3.9053124742770575, "rgb": "#000000", "zyx": [6, 35, 60]}