{"p": 0.117, "barbin": 0, "corr": 0.07014821469783783, "timescale": 3.566893631676337, "rgb": "#000000", "zyx": [13, 56, 78]}