{"p": 0.271, "barbin": 0, "corr": 0.022365404292941093, "timescale": 6.594747171830804, "rgb": "#000000", "zyx": [20, 32, 34]}