{"p": 0.697, "barbin": 0, "corr": -0.027939291670918465, "timescale": 5.343827298087787, "rgb": "#000000", "zyx": [23, 60, 66]}