{"p": 0.0, "barbin": 3, "corr": 0.23622272908687592, "timescale": 6.866946502825092, "rgb": "#000000", "zyx": [6, 73, 74]}