{"p": 0.648, "barbin": 0, "corr": -0.014399010688066483, "timescale": 6.584954253613621, "rgb": "#000000", "zyx": [10, 49, 36]}