{"p": 0.561, "barbin": 0, "corr": -0.011886265128850937, "timescale": 4.5763665252096235, "rgb": "#000000", "zyx": [14, 81, 33]}