{"p": 0.463, "barbin": 0, "corr": 0.0024782177060842514, "timescale": 2.5198567219919927, "rgb": "#000000", "zyx": [13, 30, 56]}