{"p": 0.485, "barbin": 0, "corr": -0.0007336870767176151, "timescale": 6.442725461765055, "rgb": "#000000", "zyx": [3, 92, 62]}