{"p": 0.15, "barbin": 0, "corr": 0.04942719638347626, "timescale": 3.300189556288429, "rgb": "#000000", "zyx": [11, 62, 24]}