{"p": 0.02, "barbin": 1, "corr": 0.11305080354213715, "timescale": 6.334575042515341, "rgb": "#000000", "zyx": [15, 88, 57]}