{"p": 0.276, "barbin": 0, "corr": 0.02991352789103985, "timescale": 1.5935400620899662, "rgb": "#000000", "zyx": [14, 85, 39]}