{"p": 0.807, "barbin": 0, "corr": -0.05210959538817406, "timescale": 3.961922268917552, "rgb": "#000000", "zyx": [18, 67, 46]}