{"p": 0.198, "barbin": 0, "corr": 0.03440086171030998, "timescale": 6.341823294380607, "rgb": "#000000", "zyx": [4, 62, 70]}