{"p": 0.214, "barbin": 0, "corr": 0.03629789128899574, "timescale": 6.1425115526587915, "rgb": "#000000", "zyx": [10, 30, 40]}