{"p": 0.654, "barbin": 0, "corr": -0.019751695916056633, "timescale": 7.584962500721156, "rgb": "#000000", "zyx": [13, 34, 34]}