{"p": 0.261, "barbin": 0, "corr": 0.039415981620550156, "timescale": 4.387770766927628, "rgb": "#000000", "zyx": [8, 19, 52]}