{"p": 0.564, "barbin": 0, "corr": -0.007258931174874306, "timescale": 6.511258782394993, "rgb": "#000000", "zyx": [5, 82, 52]}