{"p": 0.322, "barbin": 0, "corr": 0.03001469001173973, "timescale": 1.895274249785973, "rgb": "#000000", "zyx": [8, 39, 56]}