{"p": 0.034, "barbin": 1, "corr": 0.10273762792348862, "timescale": 6.456582876133055, "rgb": "#000000", "zyx": [23, 79, 44]}