{"p": 0.208, "barbin": 0, "corr": 0.04864738509058952, "timescale": 7.30987819965844, "rgb": "#000000", "zyx": [24, 50, 60]}