{"p": 0.773, "barbin": 0, "corr": -0.03782699257135391, "timescale": 3.521103278024506, "rgb": "#000000", "zyx": [23, 45, 50]}