{"p": 0.021, "barbin": 1, "corr": 0.12367312610149384, "timescale": 6.4909325886079134, "rgb": "#000000", "zyx": [2, 49, 68]}