{"p": 0.678, "barbin": 0, "corr": -0.0027529713697731495, "timescale": 5.586236288719192, "rgb": "#000000", "zyx": [5, 54, 61]}