{"p": 0.715, "barbin": 0, "corr": -0.023577623069286346, "timescale": 7.8333141704604845, "rgb": "#000000", "zyx": [15, 55, 32]}