{"p": 0.812, "barbin": 0, "corr": -0.05332227796316147, "timescale": 4.5321782594043185, "rgb": "#000000", "zyx": [9, 58, 41]}