{"p": 0.532, "barbin": 0, "corr": -0.006959465332329273, "timescale": 3.949798375802683, "rgb": "#000000", "zyx": [21, 63, 75]}