{"p": 0.371, "barbin": 0, "corr": 0.020494356751441956, "timescale": 5.584962500721156, "rgb": "#000000", "zyx": [21, 37, 46]}