{"p": 0.342, "barbin": 0, "corr": 0.02719220705330372, "timescale": 2.7196283399651446, "rgb": "#000000", "zyx": [19, 45, 49]}