{"p": 0.973, "barbin": 0, "corr": -0.08415549993515015, "timescale": 2.4976429590714493, "rgb": "#000000", "zyx": [20, 70, 30]}