{"p": 0.001, "barbin": 3, "corr": 0.2249278426170349, "timescale": 7.473835460124008, "rgb": "#000000", "zyx": [13, 85, 68]}