{"p": 0.653, "barbin": 0, "corr": -0.023096580058336258, "timescale": 4.076872992342408, "rgb": "#000000", "zyx": [14, 33, 44]}