{"p": 0.354, "barbin": 0, "corr": 0.02472887933254242, "timescale": 6.392927680923136, "rgb": "#000000", "zyx": [5, 74, 27]}