{"p": 0.0, "barbin": 4, "corr": 0.26458412408828735, "timescale": 7.523112835547315, "rgb": "#000000", "zyx": [6, 64, 64]}