{"p": 0.325, "barbin": 0, "corr": 0.02548403851687908, "timescale": 8.19239751781778, "rgb": "#000000", "zyx": [9, 34, 54]}