{"p": 0.027, "barbin": 1, "corr": 0.11107300966978073, "timescale": 6.8215879593492685, "rgb": "#000000", "zyx": [11, 34, 57]}