{"p": 0.468, "barbin": 0, "corr": 0.0015515501145273447, "timescale": 5.354294080568035, "rgb": "#000000", "zyx": [18, 54, 38]}