{"p": 1.0, "barbin": 0, "corr": -0.18488098680973053, "timescale": 2.43073245792709, "rgb": "#000000", "zyx": [8, 54, 59]}