{"p": 0.433, "barbin": 0, "corr": 0.00972153153270483, "timescale": 5.576642153980616, "rgb": "#000000", "zyx": [4, 82, 29]}