{"p": 0.166, "barbin": 0, "corr": 0.058438558131456375, "timescale": 5.635344003943594, "rgb": "#000000", "zyx": [5, 82, 38]}