{"p": 0.119, "barbin": 0, "corr": 0.06843062490224838, "timescale": 6.527564696140379, "rgb": "#000000", "zyx": [17, 75, 71]}