{"p": 0.842, "barbin": 0, "corr": -0.0579986609518528, "timescale": 5.574684577879891, "rgb": "#000000", "zyx": [11, 27, 43]}