{"p": 0.132, "barbin": 0, "corr": 0.0633876770734787, "timescale": 6.489992233803604, "rgb": "#000000", "zyx": [9, 56, 79]}