{"p": 0.85, "barbin": 0, "corr": -0.061810798943042755, "timescale": 6.702901945829875, "rgb": "#000000", "zyx": [1, 50, 40]}