{"p": 0.056, "barbin": 0, "corr": 0.09267786145210266, "timescale": 6.8795997497185954, "rgb": "#000000", "zyx": [24, 37, 48]}