{"p": 0.803, "barbin": 0, "corr": -0.05229358375072479, "timescale": 3.551484827097585, "rgb": "#000000", "zyx": [3, 89, 40]}