{"p": 0.245, "barbin": 0, "corr": 0.03756700083613396, "timescale": 8.584876564487411, "rgb": "#000000", "zyx": [21, 46, 62]}