{"p": 0.983, "barbin": 0, "corr": -0.11014552414417267, "timescale": 5.898252790837019, "rgb": "#000000", "zyx": [4, 73, 80]}