{"p": 0.285, "barbin": 0, "corr": 0.03426160663366318, "timescale": 6.645622226758757, "rgb": "#000000", "zyx": [12, 72, 35]}