{"p": 0.709, "barbin": 0, "corr": -0.03328549861907959, "timescale": 5.9298659011675925, "rgb": "#000000", "zyx": [21, 83, 54]}