{"p": 0.616, "barbin": 0, "corr": -0.006326742935925722, "timescale": 4.702057523434538, "rgb": "#000000", "zyx": [5, 42, 58]}