{"p": 0.99, "barbin": 0, "corr": -0.1268419474363327, "timescale": 3.5855906484062756, "rgb": "#000000", "zyx": [0, 84, 42]}