{"p": 0.193, "barbin": 0, "corr": 0.052686646580696106, "timescale": 4.474581147342689, "rgb": "#000000", "zyx": [4, 51, 32]}