{"p": 0.801, "barbin": 0, "corr": -0.048804040998220444, "timescale": 6.584962500723747, "rgb": "#000000", "zyx": [20, 25, 58]}