{"p": 0.0, "barbin": 4, "corr": 0.27458205819129944, "timescale": 6.496173377727407, "rgb": "#000000", "zyx": [24, 49, 47]}