{"p": 0.651, "barbin": 0, "corr": -0.02249099873006344, "timescale": 3.9809675907101374, "rgb": "#000000", "zyx": [7, 73, 61]}