{"p": 0.702, "barbin": 0, "corr": -0.02386578731238842, "timescale": 2.5849625008441164, "rgb": "#000000", "zyx": [6, 65, 31]}