{"p": 0.0, "barbin": 2, "corr": 0.15977340936660767, "timescale": 5.877026308364319, "rgb": "#000000", "zyx": [12, 56, 75]}