{"p": 0.359, "barbin": 0, "corr": 0.022417400032281876, "timescale": 5.651624816410575, "rgb": "#000000", "zyx": [7, 83, 41]}