{"p": 0.62, "barbin": 0, "corr": -0.0029909200966358185, "timescale": 6.807087246405769, "rgb": "#000000", "zyx": [7, 58, 45]}