{"p": 0.198, "barbin": 0, "corr": 0.05092110484838486, "timescale": 7.179778555137532, "rgb": "#000000", "zyx": [23, 50, 59]}