{"p": 0.643, "barbin": 0, "corr": -0.02129473350942135, "timescale": 5.663159864925376, "rgb": "#000000", "zyx": [14, 44, 32]}