{"p": 0.327, "barbin": 0, "corr": 0.023492859676480293, "timescale": 4.586764389740481, "rgb": "#000000", "zyx": [14, 25, 40]}