{"p": 0.359, "barbin": 0, "corr": 0.021504167467355728, "timescale": 5.658241055630349, "rgb": "#000000", "zyx": [15, 37, 39]}