{"p": 0.055, "barbin": 0, "corr": 0.08253731578588486, "timescale": 3.9190510620850407, "rgb": "#000000", "zyx": [20, 86, 41]}