{"p": 0.979, "barbin": 0, "corr": -0.11648742854595184, "timescale": 5.060855121759032, "rgb": "#000000", "zyx": [12, 39, 50]}