{"p": 0.114, "barbin": 0, "corr": 0.07110055536031723, "timescale": 8.138484650911808, "rgb": "#000000", "zyx": [27, 57, 47]}