{"p": 0.048, "barbin": 0, "corr": 0.09279131889343262, "timescale": 1.6028871254578518, "rgb": "#000000", "zyx": [12, 49, 71]}