{"p": 0.025, "barbin": 0, "corr": 0.0006724722916260362, "timescale": 1.5852225064277403, "rgb": "#000000", "zyx": [8, 81, 42]}