{"p": 0.0, "barbin": 3, "corr": 0.22892430424690247, "timescale": 7.494297498273306, "rgb": "#000000", "zyx": [23, 33, 54]}