{"p": 0.0, "barbin": 4, "corr": 0.25670260190963745, "timescale": 7.4700772350210425, "rgb": "#000000", "zyx": [2, 76, 65]}