{"p": 0.667, "barbin": 0, "corr": -0.00797236617654562, "timescale": 4.977533835502887, "rgb": "#000000", "zyx": [26, 68, 44]}