{"p": 0.0, "barbin": 4, "corr": 0.31974005699157715, "timescale": 6.546281793024144, "rgb": "#000000", "zyx": [16, 50, 35]}