{"p": 0.136, "barbin": 0, "corr": 0.06795855611562729, "timescale": 2.5958455599961754, "rgb": "#000000", "zyx": [8, 31, 63]}