{"p": 0.419, "barbin": 0, "corr": 0.006021345499902964, "timescale": 7.0370331312057655, "rgb": "#000000", "zyx": [15, 29, 34]}