{"p": 0.052, "barbin": 0, "corr": 0.08587870746850967, "timescale": 5.746809708846662, "rgb": "#000000", "zyx": [10, 51, 80]}