{"p": 0.05, "barbin": 0, "corr": 0.07850169390439987, "timescale": 6.4009243025028475, "rgb": "#000000", "zyx": [9, 82, 72]}