{"p": 0.18, "barbin": 0, "corr": 0.044413916766643524, "timescale": 7.399043727511099, "rgb": "#000000", "zyx": [16, 42, 74]}