{"p": 0.731, "barbin": 0, "corr": -0.03824201598763466, "timescale": 8.584875901245544, "rgb": "#000000", "zyx": [5, 43, 62]}