{"p": 0.169, "barbin": 0, "corr": 0.05287352204322815, "timescale": 2.5691487360432004, "rgb": "#000000", "zyx": [3, 38, 72]}