{"p": 0.817, "barbin": 0, "corr": -0.045488808304071426, "timescale": 6.598785497917692, "rgb": "#000000", "zyx": [6, 70, 67]}