{"p": 0.091, "barbin": 0, "corr": 0.08071741461753845, "timescale": 4.40470003481262, "rgb": "#000000", "zyx": [16, 31, 70]}