{"p": 0.25, "barbin": 0, "corr": 0.033713821321725845, "timescale": 7.584384987952665, "rgb": "#000000", "zyx": [6, 54, 51]}