{"p": 0.128, "barbin": 0, "corr": 0.026298776268959045, "timescale": 4.310055606103217, "rgb": "#000000", "zyx": [15, 75, 56]}