{"p": 0.06, "barbin": 0, "corr": 0.034018732607364655, "timescale": 5.357462270610813, "rgb": "#000000", "zyx": [6, 52, 42]}