{"p": 0.471, "barbin": 0, "corr": 0.0025789830833673477, "timescale": 2.5852384575898912, "rgb": "#000000", "zyx": [1, 42, 33]}