{"p": 0.825, "barbin": 0, "corr": -0.007967338897287846, "timescale": 8.572624622783419, "rgb": "#000000", "zyx": [25, 42, 58]}