{"p": 0.039, "barbin": 0, "corr": 0.09233126789331436, "timescale": 6.192373960118615, "rgb": "#000000", "zyx": [25, 51, 60]}