{"p": 0.856, "barbin": 0, "corr": -0.0648568868637085, "timescale": 3.1135590314946744, "rgb": "#000000", "zyx": [20, 54, 75]}