{"p": 0.187, "barbin": 0, "corr": 0.05307365953922272, "timescale": 3.6407709649215265, "rgb": "#000000", "zyx": [23, 45, 34]}