{"p": 0.014, "barbin": 0, "corr": 0.07591862231492996, "timescale": 3.912424880939416, "rgb": "#000000", "zyx": [16, 65, 76]}