{"p": 0.888, "barbin": 0, "corr": -0.0735572874546051, "timescale": 7.5108151409548105, "rgb": "#000000", "zyx": [17, 63, 63]}