{"p": 0.738, "barbin": 0, "corr": -0.03450620919466019, "timescale": 3.5880286360142146, "rgb": "#000000", "zyx": [21, 39, 46]}