{"p": 0.776, "barbin": 0, "corr": -0.03589629381895065, "timescale": 8.584850381827922, "rgb": "#000000", "zyx": [8, 56, 55]}