{"p": 0.0, "barbin": 4, "corr": 0.28922250866889954, "timescale": 5.7062262470252465, "rgb": "#000000", "zyx": [13, 86, 50]}