{"p": 0.732, "barbin": 0, "corr": -0.0346037782728672, "timescale": 7.438729263996796, "rgb": "#000000", "zyx": [10, 28, 46]}