{"p": 0.715, "barbin": 0, "corr": -0.027653366327285767, "timescale": 6.545414528550113, "rgb": "#000000", "zyx": [8, 65, 50]}