{"p": 0.004, "barbin": 0, "corr": 0.0009345001308247447, "timescale": 1.5850004375873596, "rgb": "#000000", "zyx": [9, 83, 61]}