{"p": 0.0, "barbin": 4, "corr": 0.2573297321796417, "timescale": 6.7840961558463135, "rgb": "#000000", "zyx": [10, 90, 39]}