{"p": 0.543, "barbin": 0, "corr": -0.00807227473706007, "timescale": 7.490237594094486, "rgb": "#000000", "zyx": [8, 46, 38]}