{"p": 0.923, "barbin": 0, "corr": -0.08317942172288895, "timescale": 1.5863026588057123, "rgb": "#000000", "zyx": [2, 59, 36]}