{"p": 0.105, "barbin": 0, "corr": 0.07083642482757568, "timescale": 8.056217982475514, "rgb": "#000000", "zyx": [23, 80, 58]}