{"p": 0.549, "barbin": 0, "corr": -0.009140427224338055, "timescale": 4.584963135265723, "rgb": "#000000", "zyx": [15, 69, 65]}