{"p": 0.614, "barbin": 0, "corr": -0.017986975610256195, "timescale": 3.224072058056812, "rgb": "#000000", "zyx": [21, 64, 49]}