{"p": 0.521, "barbin": 0, "corr": -0.00040313589852303267, "timescale": 2.584962500779376, "rgb": "#000000", "zyx": [23, 73, 41]}