{"p": 0.385, "barbin": 0, "corr": 0.01398507971316576, "timescale": 8.454918971305943, "rgb": "#000000", "zyx": [21, 71, 55]}