{"p": 0.023, "barbin": 1, "corr": 0.10872890055179596, "timescale": 6.378716367133789, "rgb": "#000000", "zyx": [2, 66, 66]}