{"p": 0.353, "barbin": 0, "corr": 0.02690332941710949, "timescale": 2.272833154877864, "rgb": "#000000", "zyx": [3, 82, 60]}