{"p": 0.549, "barbin": 0, "corr": -0.005911331623792648, "timescale": 4.744996984050308, "rgb": "#000000", "zyx": [19, 28, 55]}