{"p": 0.364, "barbin": 0, "corr": 0.017824221402406693, "timescale": 5.6383570694915, "rgb": "#000000", "zyx": [0, 82, 50]}