{"p": 0.262, "barbin": 0, "corr": 0.020931202918291092, "timescale": 4.392497661717898, "rgb": "#000000", "zyx": [21, 71, 42]}