{"p": 1.0, "barbin": 0, "corr": -0.1760478913784027, "timescale": 3.584963427020811, "rgb": "#000000", "zyx": [21, 25, 49]}