{"p": 0.296, "barbin": 0, "corr": 0.02588653564453125, "timescale": 7.583042945680877, "rgb": "#000000", "zyx": [7, 91, 65]}