{"p": 0.631, "barbin": 0, "corr": -0.0001082708258763887, "timescale": 6.227463246523157, "rgb": "#000000", "zyx": [9, 49, 54]}