{"p": 0.036, "barbin": 0, "corr": 0.03294631838798523, "timescale": 4.587155181344851, "rgb": "#000000", "zyx": [19, 50, 42]}