{"p": 0.915, "barbin": 0, "corr": -0.023151442408561707, "timescale": 7.584966863047083, "rgb": "#000000", "zyx": [13, 28, 73]}