{"p": 0.693, "barbin": 0, "corr": -0.010951000265777111, "timescale": 2.7128458615221804, "rgb": "#000000", "zyx": [7, 88, 57]}