{"p": 0.095, "barbin": 0, "corr": 0.08166810125112534, "timescale": 8.283885436201533, "rgb": "#000000", "zyx": [15, 80, 44]}