{"p": 0.272, "barbin": 0, "corr": 0.034457482397556305, "timescale": 5.654656259099054, "rgb": "#000000", "zyx": [12, 53, 75]}