{"p": 0.061, "barbin": 0, "corr": 0.09770745038986206, "timescale": 3.76046813553082, "rgb": "#000000", "zyx": [19, 25, 61]}