{"p": 0.25, "barbin": 0, "corr": 0.03829086199402809, "timescale": 6.19504456553106, "rgb": "#000000", "zyx": [23, 75, 46]}