{"p": 0.383, "barbin": 0, "corr": 0.014125813730061054, "timescale": 3.5806812966697312, "rgb": "#000000", "zyx": [0, 87, 60]}