{"p": 0.544, "barbin": 0, "corr": -0.00384709145873785, "timescale": 4.459544947910838, "rgb": "#000000", "zyx": [19, 53, 76]}