{"p": 0.851, "barbin": 0, "corr": -0.05988650396466255, "timescale": 2.597988061955191, "rgb": "#000000", "zyx": [13, 33, 42]}