{"p": 0.167, "barbin": 0, "corr": 0.05677277222275734, "timescale": 8.339881241219071, "rgb": "#000000", "zyx": [14, 68, 29]}