{"p": 0.721, "barbin": 0, "corr": -0.029588788747787476, "timescale": 4.614339736630312, "rgb": "#000000", "zyx": [14, 66, 33]}