{"p": 0.702, "barbin": 0, "corr": -0.03126981481909752, "timescale": 2.6395751155500715, "rgb": "#000000", "zyx": [20, 48, 37]}