{"p": 0.029, "barbin": 1, "corr": 0.10738352686166763, "timescale": 5.191017184210757, "rgb": "#000000", "zyx": [22, 27, 47]}