{"p": 0.937, "barbin": 0, "corr": -0.09112647920846939, "timescale": 4.584962500721156, "rgb": "#000000", "zyx": [18, 34, 41]}