{"p": 0.007, "barbin": 1, "corr": 0.1255986988544464, "timescale": 6.5522604256121655, "rgb": "#000000", "zyx": [6, 82, 55]}