{"p": 0.022, "barbin": 1, "corr": 0.12328968197107315, "timescale": 7.4859243043688215, "rgb": "#000000", "zyx": [8, 57, 75]}