{"p": 0.645, "barbin": 0, "corr": -0.018302423879504204, "timescale": 3.5013298015352836, "rgb": "#000000", "zyx": [9, 79, 57]}