{"p": 0.698, "barbin": 0, "corr": -0.035111166536808014, "timescale": 7.584962503602223, "rgb": "#000000", "zyx": [20, 47, 61]}