{"p": 0.029, "barbin": 1, "corr": 0.11041184514760971, "timescale": 8.584912348214054, "rgb": "#000000", "zyx": [24, 68, 58]}