{"p": 0.793, "barbin": 0, "corr": -0.048360537737607956, "timescale": 3.5628974921391965, "rgb": "#000000", "zyx": [7, 78, 72]}