{"p": 0.069, "barbin": 0, "corr": 0.07780947536230087, "timescale": 5.090608365948827, "rgb": "#000000", "zyx": [9, 56, 31]}