{"p": 0.001, "barbin": 3, "corr": 0.20020148158073425, "timescale": 6.970537267779344, "rgb": "#000000", "zyx": [25, 53, 61]}