{"p": 0.0, "barbin": 2, "corr": 0.17674830555915833, "timescale": 5.734938900955742, "rgb": "#000000", "zyx": [10, 66, 75]}