{"p": 0.034, "barbin": 1, "corr": 0.11343484371900558, "timescale": 8.261794546129442, "rgb": "#000000", "zyx": [24, 68, 50]}