{"p": 0.0, "barbin": 3, "corr": 0.23415669798851013, "timescale": 5.300167585675824, "rgb": "#000000", "zyx": [12, 85, 66]}