{"p": 0.045, "barbin": 1, "corr": 0.10601738840341568, "timescale": 7.693838500997002, "rgb": "#000000", "zyx": [9, 66, 79]}