{"p": 0.682, "barbin": 0, "corr": -0.029560819268226624, "timescale": 6.595065818028151, "rgb": "#000000", "zyx": [14, 32, 41]}