{"p": 0.578, "barbin": 0, "corr": -0.006315501872450113, "timescale": 4.5849500559068455, "rgb": "#000000", "zyx": [19, 65, 38]}