{"p": 0.346, "barbin": 0, "corr": 0.02508207969367504, "timescale": 4.322917149830657, "rgb": "#000000", "zyx": [2, 50, 37]}