{"p": 0.082, "barbin": 0, "corr": 0.0796751007437706, "timescale": 6.895825886453481, "rgb": "#000000", "zyx": [11, 42, 67]}