{"p": 0.088, "barbin": 0, "corr": 0.0711127296090126, "timescale": 5.08421596498445, "rgb": "#000000", "zyx": [15, 42, 76]}