{"p": 0.497, "barbin": 0, "corr": -0.0011321211932227015, "timescale": 5.589441890393686, "rgb": "#000000", "zyx": [6, 82, 76]}