{"p": 0.665, "barbin": 0, "corr": -0.0248507559299469, "timescale": 5.950030680311405, "rgb": "#000000", "zyx": [19, 68, 38]}