{"p": 0.4, "barbin": 0, "corr": 0.0014305972727015615, "timescale": 4.694552916250509, "rgb": "#000000", "zyx": [14, 17, 61]}