{"p": 0.528, "barbin": 0, "corr": -0.003552003763616085, "timescale": 3.5918069460842865, "rgb": "#000000", "zyx": [16, 69, 36]}