{"p": 0.221, "barbin": 0, "corr": 0.020126521587371826, "timescale": 3.222587299569797, "rgb": "#000000", "zyx": [20, 58, 52]}