{"p": 0.631, "barbin": 0, "corr": -0.009357264265418053, "timescale": 6.928827563666985, "rgb": "#000000", "zyx": [15, 65, 47]}