{"p": 0.212, "barbin": 0, "corr": 0.04010186344385147, "timescale": 6.191346783344835, "rgb": "#000000", "zyx": [14, 42, 37]}