{"p": 0.717, "barbin": 0, "corr": -0.024553516879677773, "timescale": 7.952132727183062, "rgb": "#000000", "zyx": [8, 31, 43]}