{"p": 0.944, "barbin": 0, "corr": -0.07233876734972, "timescale": 1.9857572384383255, "rgb": "#000000", "zyx": [3, 41, 30]}