{"p": 0.202, "barbin": 0, "corr": 0.048505935817956924, "timescale": 8.562542589233296, "rgb": "#000000", "zyx": [6, 67, 62]}