{"p": 0.009, "barbin": 1, "corr": 0.14572125673294067, "timescale": 6.548189925933889, "rgb": "#000000", "zyx": [15, 70, 29]}