{"p": 0.531, "barbin": 0, "corr": -0.0006458993884734809, "timescale": 6.501460423307361, "rgb": "#000000", "zyx": [12, 65, 64]}