{"p": 0.45, "barbin": 0, "corr": 0.008174177259206772, "timescale": 5.376939655187793, "rgb": "#000000", "zyx": [16, 70, 55]}