{"p": 0.88, "barbin": 0, "corr": -0.06964560598134995, "timescale": 1.587452485671797, "rgb": "#000000", "zyx": [14, 53, 34]}