{"p": 0.439, "barbin": 0, "corr": 0.009242279455065727, "timescale": 4.597212365281283, "rgb": "#000000", "zyx": [3, 34, 41]}