{"p": 0.645, "barbin": 0, "corr": -0.012401100248098373, "timescale": 5.58496250254449, "rgb": "#000000", "zyx": [4, 54, 66]}