{"p": 0.954, "barbin": 0, "corr": -0.08397728949785233, "timescale": 7.584968170830831, "rgb": "#000000", "zyx": [23, 52, 70]}