{"p": 0.125, "barbin": 0, "corr": 0.07013493031263351, "timescale": 8.21360705219884, "rgb": "#000000", "zyx": [14, 70, 47]}