{"p": 0.432, "barbin": 0, "corr": 0.00815095566213131, "timescale": 4.211902259379565, "rgb": "#000000", "zyx": [22, 58, 40]}