{"p": 0.757, "barbin": 0, "corr": -0.03927397355437279, "timescale": 1.5851506267243844, "rgb": "#000000", "zyx": [2, 63, 33]}