{"p": 0.011, "barbin": 1, "corr": 0.13977406919002533, "timescale": 6.199186854928284, "rgb": "#000000", "zyx": [7, 71, 32]}