{"p": 0.34, "barbin": 0, "corr": 0.02350517176091671, "timescale": 8.58144293884463, "rgb": "#000000", "zyx": [6, 83, 44]}