{"p": 0.0, "barbin": 2, "corr": 0.15172244608402252, "timescale": 6.777124707039534, "rgb": "#000000", "zyx": [8, 70, 24]}