{"p": 0.965, "barbin": 0, "corr": -0.11347847431898117, "timescale": 3.584973707303038, "rgb": "#000000", "zyx": [5, 49, 55]}