{"p": 0.003, "barbin": 2, "corr": 0.1781345009803772, "timescale": 7.584448079705106, "rgb": "#000000", "zyx": [9, 49, 23]}