{"p": 0.006, "barbin": 0, "corr": 0.05778093636035919, "timescale": 8.21352719313305, "rgb": "#000000", "zyx": [6, 36, 37]}