{"p": 0.457, "barbin": 0, "corr": 0.006661417428404093, "timescale": 5.313608730098381, "rgb": "#000000", "zyx": [13, 35, 58]}