{"p": 0.917, "barbin": 0, "corr": -0.0801376923918724, "timescale": 8.566175744977567, "rgb": "#000000", "zyx": [14, 78, 40]}