{"p": 0.0, "barbin": 4, "corr": 0.39996033906936646, "timescale": 6.788643289628137, "rgb": "#000000", "zyx": [11, 75, 31]}