{"p": 0.287, "barbin": 0, "corr": 0.023184027522802353, "timescale": 5.639605597888544, "rgb": "#000000", "zyx": [14, 19, 65]}