{"p": 0.156, "barbin": 0, "corr": 0.06042582541704178, "timescale": 4.964538860941069, "rgb": "#000000", "zyx": [22, 34, 48]}