{"p": 0.0, "barbin": 3, "corr": 0.21076473593711853, "timescale": 6.726929057218356, "rgb": "#000000", "zyx": [9, 39, 60]}