{"p": 0.417, "barbin": 0, "corr": 0.011531796306371689, "timescale": 6.58429764636872, "rgb": "#000000", "zyx": [5, 55, 31]}