{"p": 0.005, "barbin": 0, "corr": 0.0947188287973404, "timescale": 6.616603653380216, "rgb": "#000000", "zyx": [24, 64, 59]}