{"p": 0.838, "barbin": 0, "corr": -0.05754747614264488, "timescale": 2.6385449531725915, "rgb": "#000000", "zyx": [4, 74, 71]}