{"p": 0.0, "barbin": 4, "corr": 0.2904987633228302, "timescale": 7.132137674288606, "rgb": "#000000", "zyx": [27, 53, 48]}