{"p": 0.0, "barbin": 4, "corr": 0.27968794107437134, "timescale": 7.177593145309131, "rgb": "#000000", "zyx": [16, 40, 63]}