{"p": 0.021, "barbin": 1, "corr": 0.12913820147514343, "timescale": 7.584784346200247, "rgb": "#000000", "zyx": [19, 43, 35]}