{"p": 0.122, "barbin": 0, "corr": 0.024725545197725296, "timescale": 2.6249453920796664, "rgb": "#000000", "zyx": [3, 47, 75]}