{"p": 0.388, "barbin": 0, "corr": 0.014038218185305595, "timescale": 3.9579713723301717, "rgb": "#000000", "zyx": [4, 35, 43]}