{"p": 0.93, "barbin": 0, "corr": -0.08281975239515305, "timescale": 1.955546206672546, "rgb": "#000000", "zyx": [5, 72, 47]}