{"p": 0.122, "barbin": 0, "corr": 0.06850504130125046, "timescale": 3.6642985037560223, "rgb": "#000000", "zyx": [14, 25, 53]}