{"p": 0.0, "barbin": 2, "corr": 0.1737234741449356, "timescale": 4.571053677804033, "rgb": "#000000", "zyx": [16, 86, 50]}