{"p": 0.211, "barbin": 0, "corr": 0.04852798581123352, "timescale": 8.44451300265061, "rgb": "#000000", "zyx": [9, 68, 45]}