{"p": 0.873, "barbin": 0, "corr": -0.05850262567400932, "timescale": 2.6380564820326615, "rgb": "#000000", "zyx": [19, 71, 59]}