{"p": 0.967, "barbin": 0, "corr": -0.10446806252002716, "timescale": 5.450075567899956, "rgb": "#000000", "zyx": [6, 57, 24]}