{"p": 0.685, "barbin": 0, "corr": -0.033357277512550354, "timescale": 4.584962500721156, "rgb": "#000000", "zyx": [8, 84, 75]}