{"p": 0.836, "barbin": 0, "corr": -0.019383665174245834, "timescale": 3.585703521427291, "rgb": "#000000", "zyx": [17, 87, 68]}