{"p": 0.661, "barbin": 0, "corr": -0.0079896105453372, "timescale": 3.10361309187393, "rgb": "#000000", "zyx": [6, 75, 67]}