{"p": 0.002, "barbin": 2, "corr": 0.19358821213245392, "timescale": 6.09207280992051, "rgb": "#000000", "zyx": [7, 70, 78]}