{"p": 0.142, "barbin": 0, "corr": 0.06300793588161469, "timescale": 8.584469182060971, "rgb": "#000000", "zyx": [6, 53, 74]}