{"p": 0.799, "barbin": 0, "corr": -0.03919636830687523, "timescale": 5.583670618110801, "rgb": "#000000", "zyx": [12, 28, 70]}