{"p": 0.324, "barbin": 0, "corr": 0.026577981188893318, "timescale": 6.571794943893119, "rgb": "#000000", "zyx": [27, 65, 44]}