{"p": 0.007, "barbin": 1, "corr": 0.1436772644519806, "timescale": 7.014557731787379, "rgb": "#000000", "zyx": [17, 31, 47]}