{"p": 0.409, "barbin": 0, "corr": 0.01500311866402626, "timescale": 7.584946694901025, "rgb": "#000000", "zyx": [3, 48, 36]}