{"p": 0.967, "barbin": 0, "corr": -0.045599114149808884, "timescale": 5.902801473044289, "rgb": "#000000", "zyx": [6, 47, 44]}