{"p": 0.0, "barbin": 4, "corr": 0.2774277627468109, "timescale": 6.294570979280323, "rgb": "#000000", "zyx": [4, 69, 33]}