{"p": 0.209, "barbin": 0, "corr": 0.047342125326395035, "timescale": 8.583998443278762, "rgb": "#000000", "zyx": [16, 46, 33]}