{"p": 0.126, "barbin": 0, "corr": 0.06444240361452103, "timescale": 6.889368606069985, "rgb": "#000000", "zyx": [16, 64, 50]}