{"p": 0.711, "barbin": 0, "corr": -0.016675392165780067, "timescale": 4.852435119031817, "rgb": "#000000", "zyx": [5, 44, 77]}