{"p": 0.884, "barbin": 0, "corr": -0.060384683310985565, "timescale": 7.254433190447142, "rgb": "#000000", "zyx": [18, 70, 66]}