{"p": 0.018, "barbin": 0, "corr": 0.09074927866458893, "timescale": 5.408554877292616, "rgb": "#000000", "zyx": [9, 77, 76]}