{"p": 0.674, "barbin": 0, "corr": -0.022331057116389275, "timescale": 6.895538213434813, "rgb": "#000000", "zyx": [11, 24, 56]}