{"p": 0.373, "barbin": 0, "corr": 0.01385264378041029, "timescale": 1.682846267128955, "rgb": "#000000", "zyx": [7, 79, 49]}