{"p": 0.6, "barbin": 0, "corr": -0.007643791846930981, "timescale": 1.7607213393747205, "rgb": "#000000", "zyx": [14, 41, 62]}