{"p": 0.0, "barbin": 3, "corr": 0.21458971500396729, "timescale": 5.744393536014217, "rgb": "#000000", "zyx": [23, 47, 57]}