{"p": 0.787, "barbin": 0, "corr": -0.047043245285749435, "timescale": 5.584979466663714, "rgb": "#000000", "zyx": [25, 46, 48]}