{"p": 0.563, "barbin": 0, "corr": -0.0020596408285200596, "timescale": 6.525237404627414, "rgb": "#000000", "zyx": [6, 45, 44]}