{"p": 0.883, "barbin": 0, "corr": -0.06958353519439697, "timescale": 6.284138857907743, "rgb": "#000000", "zyx": [7, 83, 64]}