{"p": 0.106, "barbin": 0, "corr": 0.08003512024879456, "timescale": 4.885583056623968, "rgb": "#000000", "zyx": [15, 47, 29]}