{"p": 0.595, "barbin": 0, "corr": -0.0025384100154042244, "timescale": 6.446125037573177, "rgb": "#000000", "zyx": [19, 69, 48]}