{"p": 0.592, "barbin": 0, "corr": -0.007821381092071533, "timescale": 7.172506580561214, "rgb": "#000000", "zyx": [0, 42, 43]}