{"p": 0.692, "barbin": 0, "corr": -0.03078056499361992, "timescale": 1.5887795027255185, "rgb": "#000000", "zyx": [3, 43, 39]}