{"p": 0.566, "barbin": 0, "corr": -0.008417057804763317, "timescale": 6.173567944484354, "rgb": "#000000", "zyx": [12, 17, 59]}