{"p": 0.019, "barbin": 1, "corr": 0.12916480004787445, "timescale": 6.340477013125127, "rgb": "#000000", "zyx": [8, 71, 29]}