{"p": 0.383, "barbin": 0, "corr": 0.01130722276866436, "timescale": 6.594030748021021, "rgb": "#000000", "zyx": [3, 57, 38]}