{"p": 0.141, "barbin": 0, "corr": 0.05746179819107056, "timescale": 2.1112663424482303, "rgb": "#000000", "zyx": [9, 66, 57]}