{"p": 0.492, "barbin": 0, "corr": 0.004661399871110916, "timescale": 2.80526657773616, "rgb": "#000000", "zyx": [7, 29, 54]}