{"p": 0.253, "barbin": 0, "corr": 0.04381484165787697, "timescale": 7.2262844009109815, "rgb": "#000000", "zyx": [14, 16, 51]}