{"p": 0.173, "barbin": 0, "corr": 0.059010736644268036, "timescale": 4.7074042114213785, "rgb": "#000000", "zyx": [16, 80, 73]}