{"p": 0.814, "barbin": 0, "corr": -0.051988378167152405, "timescale": 3.5846417491621656, "rgb": "#000000", "zyx": [6, 91, 49]}