{"p": 0.0, "barbin": 3, "corr": 0.2051602154970169, "timescale": 5.1530664554685774, "rgb": "#000000", "zyx": [12, 81, 67]}