{"p": 0.116, "barbin": 0, "corr": 0.0603676438331604, "timescale": 5.014766962265477, "rgb": "#000000", "zyx": [12, 37, 34]}