{"p": 0.0, "barbin": 4, "corr": 0.2742873728275299, "timescale": 6.011996704213945, "rgb": "#000000", "zyx": [9, 64, 70]}