{"p": 0.583, "barbin": 0, "corr": -0.000917477416805923, "timescale": 5.145878469384925, "rgb": "#000000", "zyx": [13, 67, 39]}