{"p": 0.001, "barbin": 2, "corr": 0.1869087517261505, "timescale": 5.90975343170225, "rgb": "#000000", "zyx": [15, 86, 40]}