{"p": 0.304, "barbin": 0, "corr": 0.03245742246508598, "timescale": 5.544731471379769, "rgb": "#000000", "zyx": [8, 55, 56]}