{"p": 0.0, "barbin": 4, "corr": 0.2698584794998169, "timescale": 6.146733636575859, "rgb": "#000000", "zyx": [13, 25, 49]}