{"p": 0.874, "barbin": 0, "corr": -0.05987212434411049, "timescale": 5.310759186184207, "rgb": "#000000", "zyx": [25, 61, 49]}