{"p": 0.633, "barbin": 0, "corr": -0.018247123807668686, "timescale": 4.430919451565592, "rgb": "#000000", "zyx": [14, 78, 65]}