{"p": 0.14, "barbin": 0, "corr": 0.05911581590771675, "timescale": 6.329690801136152, "rgb": "#000000", "zyx": [17, 73, 27]}