{"p": 0.562, "barbin": 0, "corr": -0.006325560621917248, "timescale": 2.605326268342823, "rgb": "#000000", "zyx": [10, 69, 48]}