{"p": 0.39, "barbin": 0, "corr": 0.019125841557979584, "timescale": 5.349098447222621, "rgb": "#000000", "zyx": [10, 56, 66]}