{"p": 0.621, "barbin": 0, "corr": -0.018234282732009888, "timescale": 6.191302410947029, "rgb": "#000000", "zyx": [14, 19, 36]}