{"p": 0.258, "barbin": 0, "corr": 0.03635884076356888, "timescale": 6.864162650931787, "rgb": "#000000", "zyx": [19, 60, 43]}