{"p": 0.445, "barbin": 0, "corr": 0.0015518440632149577, "timescale": 4.586107612575783, "rgb": "#000000", "zyx": [15, 46, 37]}