{"p": 0.999, "barbin": 0, "corr": -0.16607671976089478, "timescale": 2.5850299918641677, "rgb": "#000000", "zyx": [1, 43, 40]}