{"p": 0.798, "barbin": 0, "corr": -0.022703368216753006, "timescale": 4.94460433933397, "rgb": "#000000", "zyx": [2, 80, 64]}