{"p": 0.608, "barbin": 0, "corr": -0.0037095106672495604, "timescale": 3.457620258701503, "rgb": "#000000", "zyx": [11, 76, 51]}