{"p": 0.001, "barbin": 1, "corr": 0.13507862389087677, "timescale": 7.248841298010954, "rgb": "#000000", "zyx": [6, 67, 79]}