{"p": 0.704, "barbin": 0, "corr": -0.018049931153655052, "timescale": 5.793863837429461, "rgb": "#000000", "zyx": [5, 50, 50]}