{"p": 0.987, "barbin": 0, "corr": -0.11449423432350159, "timescale": 4.078024487745321, "rgb": "#000000", "zyx": [0, 81, 34]}