{"p": 0.65, "barbin": 0, "corr": -0.016646219417452812, "timescale": 1.9514560132991852, "rgb": "#000000", "zyx": [21, 37, 61]}