{"p": 0.119, "barbin": 0, "corr": 0.025401681661605835, "timescale": 2.8776424686411968, "rgb": "#000000", "zyx": [18, 65, 37]}