{"p": 0.234, "barbin": 0, "corr": 0.04431778937578201, "timescale": 3.535725116207832, "rgb": "#000000", "zyx": [5, 70, 40]}