{"p": 0.039, "barbin": 1, "corr": 0.10732574760913849, "timescale": 8.572580231215802, "rgb": "#000000", "zyx": [17, 66, 50]}