{"p": 0.002, "barbin": 2, "corr": 0.17259542644023895, "timescale": 6.77698631485322, "rgb": "#000000", "zyx": [9, 64, 26]}