{"p": 0.997, "barbin": 0, "corr": -0.1174384206533432, "timescale": 6.584962500721156, "rgb": "#000000", "zyx": [11, 22, 58]}