{"p": 0.0, "barbin": 4, "corr": 0.41988301277160645, "timescale": 6.694541788024671, "rgb": "#000000", "zyx": [16, 40, 68]}