{"p": 0.001, "barbin": 2, "corr": 0.1678825318813324, "timescale": 7.1561023462513695, "rgb": "#000000", "zyx": [18, 36, 73]}