{"p": 0.725, "barbin": 0, "corr": -0.03629246726632118, "timescale": 8.584962159984256, "rgb": "#000000", "zyx": [14, 24, 46]}