{"p": 0.002, "barbin": 2, "corr": 0.1590242236852646, "timescale": 6.731064364127533, "rgb": "#000000", "zyx": [8, 68, 29]}