{"p": 0.806, "barbin": 0, "corr": -0.010230934247374535, "timescale": 3.569638680358171, "rgb": "#000000", "zyx": [16, 37, 59]}