{"p": 0.989, "barbin": 0, "corr": -0.14149264991283417, "timescale": 2.5849612207327506, "rgb": "#000000", "zyx": [10, 66, 37]}