{"p": 0.578, "barbin": 0, "corr": -0.010005977004766464, "timescale": 8.57191215072891, "rgb": "#000000", "zyx": [14, 64, 56]}