{"p": 0.306, "barbin": 0, "corr": 0.028282636776566505, "timescale": 6.5849625365940625, "rgb": "#000000", "zyx": [13, 60, 62]}