{"p": 0.274, "barbin": 0, "corr": 0.024259962141513824, "timescale": 7.581031028731422, "rgb": "#000000", "zyx": [5, 58, 58]}