{"p": 0.145, "barbin": 0, "corr": 0.05777989700436592, "timescale": 5.01175595041134, "rgb": "#000000", "zyx": [12, 51, 26]}