{"p": 0.959, "barbin": 0, "corr": -0.1022813618183136, "timescale": 5.5799787329393915, "rgb": "#000000", "zyx": [9, 64, 62]}