{"p": 0.771, "barbin": 0, "corr": -0.04532323032617569, "timescale": 3.582684059455574, "rgb": "#000000", "zyx": [10, 37, 69]}