{"p": 0.0, "barbin": 3, "corr": 0.22374869883060455, "timescale": 6.165348275129514, "rgb": "#000000", "zyx": [9, 73, 51]}