{"p": 0.882, "barbin": 0, "corr": -0.06057668849825859, "timescale": 4.58485322325845, "rgb": "#000000", "zyx": [15, 57, 27]}