{"p": 0.346, "barbin": 0, "corr": 0.005975476931780577, "timescale": 1.6815128122473308, "rgb": "#000000", "zyx": [7, 86, 31]}