{"p": 0.279, "barbin": 0, "corr": 0.035493724048137665, "timescale": 3.0785555367542665, "rgb": "#000000", "zyx": [21, 72, 62]}