{"p": 0.674, "barbin": 0, "corr": -3.101980109931901e-05, "timescale": 2.584962500721156, "rgb": "#000000", "zyx": [18, 27, 69]}