{"p": 0.053, "barbin": 0, "corr": 0.06280388683080673, "timescale": 6.4184354538464445, "rgb": "#000000", "zyx": [8, 41, 54]}