{"p": 0.651, "barbin": 0, "corr": -0.02142360992729664, "timescale": 7.582968601080634, "rgb": "#000000", "zyx": [3, 91, 65]}