{"p": 0.253, "barbin": 0, "corr": 0.008659320883452892, "timescale": 4.582085799680296, "rgb": "#000000", "zyx": [2, 80, 65]}