{"p": 0.989, "barbin": 0, "corr": -0.1367795169353485, "timescale": 1.584963184337742, "rgb": "#000000", "zyx": [22, 59, 60]}