{"p": 0.871, "barbin": 0, "corr": -0.06548106670379639, "timescale": 3.34856333737697, "rgb": "#000000", "zyx": [10, 88, 59]}