{"p": 0.0, "barbin": 4, "corr": 0.2881910800933838, "timescale": 7.166873504588958, "rgb": "#000000", "zyx": [21, 49, 43]}