{"p": 0.0, "barbin": 2, "corr": 0.19067297875881195, "timescale": 7.791693269698441, "rgb": "#000000", "zyx": [14, 78, 72]}