{"p": 0.309, "barbin": 0, "corr": 0.03005087375640869, "timescale": 8.584962343223077, "rgb": "#000000", "zyx": [8, 53, 80]}