{"p": 0.602, "barbin": 0, "corr": -0.014978352002799511, "timescale": 6.357766254843823, "rgb": "#000000", "zyx": [8, 51, 64]}