{"p": 0.925, "barbin": 0, "corr": -0.05390537157654762, "timescale": 4.688563831857492, "rgb": "#000000", "zyx": [3, 39, 34]}