{"p": 0.426, "barbin": 0, "corr": 0.010167274624109268, "timescale": 8.430701262096742, "rgb": "#000000", "zyx": [3, 54, 63]}