{"p": 0.262, "barbin": 0, "corr": 0.027438735589385033, "timescale": 4.580988852047826, "rgb": "#000000", "zyx": [10, 68, 47]}