{"p": 0.145, "barbin": 0, "corr": 0.05912421643733978, "timescale": 7.43348570528703, "rgb": "#000000", "zyx": [10, 55, 75]}