{"p": 0.073, "barbin": 0, "corr": 0.0652872771024704, "timescale": 5.564316178284733, "rgb": "#000000", "zyx": [10, 51, 32]}