{"p": 0.209, "barbin": 0, "corr": 0.04170866683125496, "timescale": 6.405100935739984, "rgb": "#000000", "zyx": [8, 58, 34]}