{"p": 0.963, "barbin": 0, "corr": -0.10208472609519958, "timescale": 7.489651975162838, "rgb": "#000000", "zyx": [9, 45, 26]}