{"p": 0.029, "barbin": 0, "corr": 0.05480426922440529, "timescale": 7.057771709963003, "rgb": "#000000", "zyx": [9, 89, 46]}