{"p": 0.918, "barbin": 0, "corr": -0.046620924025774, "timescale": 5.166512771859249, "rgb": "#000000", "zyx": [21, 85, 63]}