{"p": 0.0, "barbin": 3, "corr": 0.20112091302871704, "timescale": 6.5238814235289215, "rgb": "#000000", "zyx": [21, 40, 42]}