{"p": 0.233, "barbin": 0, "corr": 0.02764136716723442, "timescale": 6.552041704436901, "rgb": "#000000", "zyx": [24, 75, 40]}