{"p": 0.0, "barbin": 4, "corr": 0.32528528571128845, "timescale": 5.931908284614799, "rgb": "#000000", "zyx": [14, 44, 73]}