{"p": 0.751, "barbin": 0, "corr": -0.03669756278395653, "timescale": 7.581859007231339, "rgb": "#000000", "zyx": [11, 20, 62]}