{"p": 0.158, "barbin": 0, "corr": 0.0577181801199913, "timescale": 6.859070173178898, "rgb": "#000000", "zyx": [5, 39, 70]}