{"p": 0.004, "barbin": 1, "corr": 0.1311352699995041, "timescale": 5.903045923030839, "rgb": "#000000", "zyx": [8, 75, 32]}