{"p": 0.389, "barbin": 0, "corr": 0.002653706818819046, "timescale": 4.758793685635194, "rgb": "#000000", "zyx": [20, 57, 70]}