{"p": 0.354, "barbin": 0, "corr": 0.01908174343407154, "timescale": 7.504638316841423, "rgb": "#000000", "zyx": [7, 86, 42]}