{"p": 0.327, "barbin": 0, "corr": 0.008790597319602966, "timescale": 8.584948019595215, "rgb": "#000000", "zyx": [11, 27, 57]}