{"p": 0.881, "barbin": 0, "corr": -0.057246435433626175, "timescale": 5.305573723405053, "rgb": "#000000", "zyx": [1, 78, 32]}