{"p": 0.0, "barbin": 4, "corr": 0.3803371787071228, "timescale": 6.790001187530849, "rgb": "#000000", "zyx": [24, 36, 44]}