{"p": 0.053, "barbin": 0, "corr": 0.0962526723742485, "timescale": 2.1586837827061833, "rgb": "#000000", "zyx": [11, 28, 48]}