{"p": 0.08, "barbin": 0, "corr": 0.08621417731046677, "timescale": 5.496294002652702, "rgb": "#000000", "zyx": [21, 30, 50]}