{"p": 0.88, "barbin": 0, "corr": -0.06214745342731476, "timescale": 4.582814322436894, "rgb": "#000000", "zyx": [7, 31, 67]}