{"p": 0.585, "barbin": 0, "corr": -0.01405625231564045, "timescale": 4.582330523002733, "rgb": "#000000", "zyx": [5, 52, 74]}