{"p": 0.569, "barbin": 0, "corr": -0.011070539243519306, "timescale": 4.731459544095129, "rgb": "#000000", "zyx": [9, 54, 78]}