{"p": 0.018, "barbin": 1, "corr": 0.12744808197021484, "timescale": 6.336596885836223, "rgb": "#000000", "zyx": [11, 33, 31]}