{"p": 0.929, "barbin": 0, "corr": -0.08291147649288177, "timescale": 4.423105639004199, "rgb": "#000000", "zyx": [3, 54, 73]}