{"p": 0.252, "barbin": 0, "corr": 0.0358489453792572, "timescale": 5.771545542155186, "rgb": "#000000", "zyx": [17, 34, 62]}