{"p": 0.061, "barbin": 0, "corr": 0.02927430532872677, "timescale": 6.9379264494471355, "rgb": "#000000", "zyx": [14, 30, 37]}