{"p": 0.0, "barbin": 3, "corr": 0.22260639071464539, "timescale": 6.509545266598021, "rgb": "#000000", "zyx": [10, 36, 39]}