{"p": 0.942, "barbin": 0, "corr": -0.06886608153581619, "timescale": 3.7256697435714603, "rgb": "#000000", "zyx": [14, 50, 78]}