{"p": 0.132, "barbin": 0, "corr": 0.06021897867321968, "timescale": 5.2863021939669546, "rgb": "#000000", "zyx": [5, 31, 63]}