{"p": 0.622, "barbin": 0, "corr": -0.00840001180768013, "timescale": 3.54836420683736, "rgb": "#000000", "zyx": [5, 42, 45]}