{"p": 0.008, "barbin": 1, "corr": 0.14509093761444092, "timescale": 5.998047338858606, "rgb": "#000000", "zyx": [21, 40, 57]}