{"p": 0.387, "barbin": 0, "corr": 0.014954435639083385, "timescale": 6.886294133810719, "rgb": "#000000", "zyx": [2, 43, 66]}