{"p": 0.186, "barbin": 0, "corr": 0.051670417189598083, "timescale": 2.5369381720960984, "rgb": "#000000", "zyx": [6, 84, 62]}