{"p": 0.949, "barbin": 0, "corr": -0.08446480333805084, "timescale": 2.291384139152556, "rgb": "#000000", "zyx": [8, 55, 35]}