{"p": 0.207, "barbin": 0, "corr": 0.038313284516334534, "timescale": 6.738794968938663, "rgb": "#000000", "zyx": [12, 49, 65]}