{"p": 0.989, "barbin": 0, "corr": -0.1302419900894165, "timescale": 5.053560137739376, "rgb": "#000000", "zyx": [14, 21, 44]}