{"p": 0.01, "barbin": 1, "corr": 0.13124798238277435, "timescale": 7.062591209907249, "rgb": "#000000", "zyx": [11, 23, 41]}