{"p": 0.26, "barbin": 0, "corr": 0.03135552629828453, "timescale": 4.46340998722627, "rgb": "#000000", "zyx": [13, 30, 46]}