{"p": 0.068, "barbin": 0, "corr": 0.09062819927930832, "timescale": 7.782535938053329, "rgb": "#000000", "zyx": [19, 75, 53]}