{"p": 0.754, "barbin": 0, "corr": -0.04426043480634689, "timescale": 3.5905003560017894, "rgb": "#000000", "zyx": [18, 46, 60]}