{"p": 0.008, "barbin": 0, "corr": 0.01026023831218481, "timescale": 6.444998449234574, "rgb": "#000000", "zyx": [19, 40, 54]}