{"p": 0.49, "barbin": 0, "corr": 0.0037649013102054596, "timescale": 2.5959701344865636, "rgb": "#000000", "zyx": [7, 68, 37]}