{"p": 0.963, "barbin": 0, "corr": -0.1051899716258049, "timescale": 5.646656443704954, "rgb": "#000000", "zyx": [20, 50, 58]}