{"p": 0.62, "barbin": 0, "corr": -0.009502127766609192, "timescale": 4.585971773151881, "rgb": "#000000", "zyx": [20, 83, 64]}