{"p": 0.001, "barbin": 3, "corr": 0.2055913209915161, "timescale": 6.286302997193234, "rgb": "#000000", "zyx": [15, 76, 47]}