{"p": 0.874, "barbin": 0, "corr": -0.06949695199728012, "timescale": 5.591521757051791, "rgb": "#000000", "zyx": [14, 61, 68]}