{"p": 0.0, "barbin": 3, "corr": 0.24848440289497375, "timescale": 6.49865068169773, "rgb": "#000000", "zyx": [20, 35, 40]}