{"p": 0.249, "barbin": 0, "corr": 0.00940610934048891, "timescale": 4.169094691410037, "rgb": "#000000", "zyx": [13, 19, 59]}