{"p": 0.02, "barbin": 0, "corr": 0.07164846360683441, "timescale": 6.239679495787422, "rgb": "#000000", "zyx": [11, 70, 35]}