{"p": 0.951, "barbin": 0, "corr": -0.09018778055906296, "timescale": 5.571587104620341, "rgb": "#000000", "zyx": [14, 24, 41]}