{"p": 0.001, "barbin": 2, "corr": 0.1669728010892868, "timescale": 7.055140486538955, "rgb": "#000000", "zyx": [21, 48, 61]}