{"p": 0.028, "barbin": 1, "corr": 0.10523465275764465, "timescale": 8.502619559020495, "rgb": "#000000", "zyx": [16, 16, 48]}