{"p": 0.014, "barbin": 0, "corr": 0.025499120354652405, "timescale": 6.270405984469152, "rgb": "#000000", "zyx": [11, 28, 60]}