{"p": 0.113, "barbin": 0, "corr": 0.07554828375577927, "timescale": 2.584962500777921, "rgb": "#000000", "zyx": [2, 56, 39]}