{"p": 0.058, "barbin": 0, "corr": 0.08696939796209335, "timescale": 6.288906529195374, "rgb": "#000000", "zyx": [21, 51, 46]}