{"p": 0.016, "barbin": 1, "corr": 0.1276688277721405, "timescale": 6.325681085532522, "rgb": "#000000", "zyx": [14, 59, 29]}