{"p": 0.001, "barbin": 2, "corr": 0.1621321439743042, "timescale": 6.368211953142109, "rgb": "#000000", "zyx": [9, 65, 74]}