{"p": 0.076, "barbin": 0, "corr": 0.0612027645111084, "timescale": 6.134383584778126, "rgb": "#000000", "zyx": [13, 34, 66]}