{"p": 0.964, "barbin": 0, "corr": -0.09927769005298615, "timescale": 3.5288885141671034, "rgb": "#000000", "zyx": [3, 79, 40]}