{"p": 0.0, "barbin": 4, "corr": 0.39695826172828674, "timescale": 6.983909931504357, "rgb": "#000000", "zyx": [10, 80, 35]}