{"p": 0.516, "barbin": 0, "corr": -0.002737891860306263, "timescale": 6.974331320463433, "rgb": "#000000", "zyx": [6, 31, 63]}