{"p": 0.668, "barbin": 0, "corr": -0.019485879689455032, "timescale": 5.821148747553202, "rgb": "#000000", "zyx": [19, 60, 27]}