{"p": 0.0, "barbin": 3, "corr": 0.2419842928647995, "timescale": 6.042727974385478, "rgb": "#000000", "zyx": [25, 49, 62]}