{"p": 0.636, "barbin": 0, "corr": -0.00023778332979418337, "timescale": 5.114595491231546, "rgb": "#000000", "zyx": [17, 38, 38]}