{"p": 0.073, "barbin": 0, "corr": 0.08624427020549774, "timescale": 8.016149504212379, "rgb": "#000000", "zyx": [17, 44, 48]}