{"p": 0.141, "barbin": 0, "corr": 0.056044790893793106, "timescale": 4.548239684169452, "rgb": "#000000", "zyx": [16, 59, 25]}