{"p": 0.0, "barbin": 4, "corr": 0.25767409801483154, "timescale": 6.55341547113304, "rgb": "#000000", "zyx": [12, 83, 40]}