{"p": 0.006, "barbin": 1, "corr": 0.1338401585817337, "timescale": 7.342823477395452, "rgb": "#000000", "zyx": [12, 75, 73]}