{"p": 0.872, "barbin": 0, "corr": -0.06739308685064316, "timescale": 1.9418489516419963, "rgb": "#000000", "zyx": [15, 54, 79]}