{"p": 0.699, "barbin": 0, "corr": -0.025447359308600426, "timescale": 6.501519189501651, "rgb": "#000000", "zyx": [15, 52, 27]}