{"p": 0.0, "barbin": 3, "corr": 0.2076616734266281, "timescale": 6.477119977824577, "rgb": "#000000", "zyx": [14, 73, 46]}