{"p": 0.241, "barbin": 0, "corr": 0.006735254544764757, "timescale": 1.5891328466774912, "rgb": "#000000", "zyx": [15, 86, 60]}