{"p": 0.01, "barbin": 1, "corr": 0.13750776648521423, "timescale": 7.038288079992202, "rgb": "#000000", "zyx": [14, 26, 55]}