{"p": 0.724, "barbin": 0, "corr": -0.03405503183603287, "timescale": 6.316625116148996, "rgb": "#000000", "zyx": [19, 38, 73]}