{"p": 0.129, "barbin": 0, "corr": 0.06640695780515671, "timescale": 2.570605372123898, "rgb": "#000000", "zyx": [5, 50, 32]}