{"p": 0.648, "barbin": 0, "corr": -0.02167985588312149, "timescale": 8.584918426454195, "rgb": "#000000", "zyx": [8, 32, 67]}