{"p": 0.765, "barbin": 0, "corr": -0.04600141942501068, "timescale": 6.584479224945111, "rgb": "#000000", "zyx": [22, 72, 36]}