{"p": 0.0, "barbin": 4, "corr": 0.45482444763183594, "timescale": 7.122031788444247, "rgb": "#000000", "zyx": [12, 85, 63]}