{"p": 0.466, "barbin": 0, "corr": 0.004501947667449713, "timescale": 6.4029301133484795, "rgb": "#000000", "zyx": [6, 55, 66]}