{"p": 0.227, "barbin": 0, "corr": 0.04466083273291588, "timescale": 2.595528608723509, "rgb": "#000000", "zyx": [4, 48, 72]}