{"p": 0.695, "barbin": 0, "corr": -0.021314961835741997, "timescale": 5.586470065547108, "rgb": "#000000", "zyx": [10, 42, 65]}