{"p": 0.094, "barbin": 0, "corr": 0.08040439337491989, "timescale": 4.5848761995221325, "rgb": "#000000", "zyx": [3, 49, 42]}