{"p": 0.761, "barbin": 0, "corr": -0.0341041199862957, "timescale": 4.732922856669893, "rgb": "#000000", "zyx": [15, 62, 68]}