{"p": 0.451, "barbin": 0, "corr": 0.00558275543153286, "timescale": 6.644629300828682, "rgb": "#000000", "zyx": [25, 52, 46]}