{"p": 0.073, "barbin": 0, "corr": 0.07818837463855743, "timescale": 6.4555732471922465, "rgb": "#000000", "zyx": [13, 24, 46]}