{"p": 0.016, "barbin": 0, "corr": 0.09082314372062683, "timescale": 6.0989960881183665, "rgb": "#000000", "zyx": [12, 45, 72]}