{"p": 0.143, "barbin": 0, "corr": 0.05352608859539032, "timescale": 6.579635372747434, "rgb": "#000000", "zyx": [4, 64, 37]}