{"p": 0.042, "barbin": 0, "corr": 0.0981728732585907, "timescale": 8.584961351438915, "rgb": "#000000", "zyx": [10, 53, 53]}