{"p": 0.009, "barbin": 1, "corr": 0.13611343502998352, "timescale": 7.585790820112005, "rgb": "#000000", "zyx": [20, 66, 65]}