{"p": 0.032, "barbin": 1, "corr": 0.11136697232723236, "timescale": 7.169307247884063, "rgb": "#000000", "zyx": [14, 22, 59]}