{"p": 0.0, "barbin": 4, "corr": 0.3137170970439911, "timescale": 7.266941662258655, "rgb": "#000000", "zyx": [8, 62, 74]}