{"p": 0.001, "barbin": 1, "corr": 0.1333375871181488, "timescale": 5.981550032077362, "rgb": "#000000", "zyx": [14, 27, 36]}