{"p": 0.004, "barbin": 1, "corr": 0.14890114963054657, "timescale": 5.441990059329565, "rgb": "#000000", "zyx": [16, 36, 29]}