{"p": 0.851, "barbin": 0, "corr": -0.025421835482120514, "timescale": 5.585752127241713, "rgb": "#000000", "zyx": [8, 92, 51]}