{"p": 0.799, "barbin": 0, "corr": -0.04269033670425415, "timescale": 6.56140771903894, "rgb": "#000000", "zyx": [3, 85, 60]}