{"p": 0.0, "barbin": 3, "corr": 0.201836958527565, "timescale": 4.596241745890245, "rgb": "#000000", "zyx": [9, 75, 76]}