{"p": 0.998, "barbin": 0, "corr": -0.08415966480970383, "timescale": 6.584155416478055, "rgb": "#000000", "zyx": [7, 66, 44]}