{"p": 0.77, "barbin": 0, "corr": -0.04101362079381943, "timescale": 3.5141438647501597, "rgb": "#000000", "zyx": [20, 88, 60]}