{"p": 0.049, "barbin": 0, "corr": 0.05954613909125328, "timescale": 7.501488443378501, "rgb": "#000000", "zyx": [9, 57, 59]}