{"p": 0.0, "barbin": 4, "corr": 0.287082701921463, "timescale": 6.283778210554111, "rgb": "#000000", "zyx": [9, 72, 26]}