{"p": 0.155, "barbin": 0, "corr": 0.062177110463380814, "timescale": 6.058376453380008, "rgb": "#000000", "zyx": [3, 66, 67]}