{"p": 0.0, "barbin": 4, "corr": 0.47262394428253174, "timescale": 6.597419324241013, "rgb": "#000000", "zyx": [16, 41, 67]}