{"p": 0.375, "barbin": 0, "corr": 0.014769649133086205, "timescale": 6.57056782242822, "rgb": "#000000", "zyx": [10, 43, 61]}