{"p": 0.008, "barbin": 0, "corr": 0.08228578418493271, "timescale": 8.290551906813675, "rgb": "#000000", "zyx": [14, 42, 69]}