{"p": 0.715, "barbin": 0, "corr": -0.016006985679268837, "timescale": 6.169860832590352, "rgb": "#000000", "zyx": [7, 75, 43]}