{"p": 0.0, "barbin": 3, "corr": 0.23358780145645142, "timescale": 7.686144510209647, "rgb": "#000000", "zyx": [16, 27, 47]}