{"p": 0.092, "barbin": 0, "corr": 0.06187884882092476, "timescale": 7.303983827311725, "rgb": "#000000", "zyx": [3, 61, 37]}