{"p": 0.304, "barbin": 0, "corr": 0.029227249324321747, "timescale": 7.87213781768051, "rgb": "#000000", "zyx": [8, 26, 43]}