{"p": 0.221, "barbin": 0, "corr": 0.0446326807141304, "timescale": 3.4454616434014027, "rgb": "#000000", "zyx": [4, 47, 32]}