{"p": 0.039, "barbin": 0, "corr": 0.08168002218008041, "timescale": 6.677384908249681, "rgb": "#000000", "zyx": [10, 82, 68]}