{"p": 0.031, "barbin": 1, "corr": 0.11643237620592117, "timescale": 6.6299873370947395, "rgb": "#000000", "zyx": [26, 63, 58]}