{"p": 0.548, "barbin": 0, "corr": -0.00924353301525116, "timescale": 5.041536597291564, "rgb": "#000000", "zyx": [17, 74, 64]}