{"p": 0.02, "barbin": 1, "corr": 0.10456416010856628, "timescale": 6.430143189411391, "rgb": "#000000", "zyx": [9, 43, 29]}