{"p": 0.763, "barbin": 0, "corr": -0.03151749446988106, "timescale": 2.5621572511067634, "rgb": "#000000", "zyx": [16, 79, 46]}