{"p": 0.076, "barbin": 0, "corr": 0.08435794711112976, "timescale": 4.170408057993038, "rgb": "#000000", "zyx": [19, 77, 61]}