{"p": 0.141, "barbin": 0, "corr": 0.05777891352772713, "timescale": 5.174930107808938, "rgb": "#000000", "zyx": [14, 85, 47]}