{"p": 0.469, "barbin": 0, "corr": 0.0039001903496682644, "timescale": 4.7795695730725525, "rgb": "#000000", "zyx": [21, 82, 48]}