{"p": 0.951, "barbin": 0, "corr": -0.09629477560520172, "timescale": 1.5849631102574766, "rgb": "#000000", "zyx": [3, 42, 29]}