{"p": 0.0, "barbin": 4, "corr": 0.2532893121242523, "timescale": 6.504336342390656, "rgb": "#000000", "zyx": [19, 26, 48]}