{"p": 0.0, "barbin": 4, "corr": 0.27595004439353943, "timescale": 5.830463962376465, "rgb": "#000000", "zyx": [9, 71, 27]}