{"p": 0.59, "barbin": 0, "corr": -0.015554613433778286, "timescale": 7.138604195058687, "rgb": "#000000", "zyx": [11, 41, 75]}