{"p": 0.019, "barbin": 0, "corr": 0.08966825157403946, "timescale": 5.337741423538011, "rgb": "#000000", "zyx": [16, 65, 56]}