{"p": 0.299, "barbin": 0, "corr": 0.010932212695479393, "timescale": 4.358835238238077, "rgb": "#000000", "zyx": [17, 54, 70]}