{"p": 0.785, "barbin": 0, "corr": -0.047590143978595734, "timescale": 2.584962500721156, "rgb": "#000000", "zyx": [9, 69, 37]}