{"p": 0.46, "barbin": 0, "corr": 0.00485926354303956, "timescale": 6.577844058787327, "rgb": "#000000", "zyx": [9, 52, 58]}