{"p": 0.789, "barbin": 0, "corr": -0.0445636548101902, "timescale": 5.586958741967158, "rgb": "#000000", "zyx": [13, 77, 77]}