{"p": 0.187, "barbin": 0, "corr": 0.04925675317645073, "timescale": 2.5850803456523024, "rgb": "#000000", "zyx": [2, 46, 40]}