{"p": 0.66, "barbin": 0, "corr": -0.025291258469223976, "timescale": 6.584962500721156, "rgb": "#000000", "zyx": [10, 84, 46]}