{"p": 0.68, "barbin": 0, "corr": -0.02749188430607319, "timescale": 2.398658135978005, "rgb": "#000000", "zyx": [21, 51, 66]}