{"p": 0.184, "barbin": 0, "corr": 0.04723045974969864, "timescale": 6.92822463005009, "rgb": "#000000", "zyx": [6, 42, 45]}