{"p": 0.67, "barbin": 0, "corr": -0.022421060130000114, "timescale": 5.724529653172532, "rgb": "#000000", "zyx": [9, 68, 66]}