{"p": 0.154, "barbin": 0, "corr": 0.06000686436891556, "timescale": 5.693998483857648, "rgb": "#000000", "zyx": [5, 69, 42]}