{"p": 0.259, "barbin": 0, "corr": 0.031124712899327278, "timescale": 7.838764089626946, "rgb": "#000000", "zyx": [4, 63, 67]}