{"p": 0.0, "barbin": 2, "corr": 0.1805940717458725, "timescale": 4.733418582983923, "rgb": "#000000", "zyx": [14, 44, 55]}