{"p": 0.479, "barbin": 0, "corr": 0.0034352950751781464, "timescale": 5.564700450342232, "rgb": "#000000", "zyx": [8, 61, 83]}