{"p": 0.29, "barbin": 0, "corr": 0.012028180062770844, "timescale": 4.167196755841538, "rgb": "#000000", "zyx": [18, 86, 50]}