{"p": 0.656, "barbin": 0, "corr": -0.02684018202126026, "timescale": 5.298806621223628, "rgb": "#000000", "zyx": [19, 51, 57]}