{"p": 0.379, "barbin": 0, "corr": 0.01649470068514347, "timescale": 6.719632618754458, "rgb": "#000000", "zyx": [16, 55, 48]}