{"p": 0.202, "barbin": 0, "corr": 0.05145896598696709, "timescale": 5.631469330713487, "rgb": "#000000", "zyx": [10, 63, 68]}