{"p": 0.58, "barbin": 0, "corr": -0.005441747605800629, "timescale": 8.538774879936097, "rgb": "#000000", "zyx": [8, 51, 25]}