{"p": 0.227, "barbin": 0, "corr": 0.04376574233174324, "timescale": 4.635366211597526, "rgb": "#000000", "zyx": [18, 53, 71]}