{"p": 0.345, "barbin": 0, "corr": 0.020225416868925095, "timescale": 5.472761639274539, "rgb": "#000000", "zyx": [12, 61, 34]}