{"p": 0.311, "barbin": 0, "corr": 0.025335004553198814, "timescale": 6.584962500759332, "rgb": "#000000", "zyx": [4, 58, 64]}