{"p": 0.001, "barbin": 1, "corr": 0.1373136341571808, "timescale": 7.025401258407332, "rgb": "#000000", "zyx": [26, 55, 52]}