{"p": 0.472, "barbin": 0, "corr": 0.006087632849812508, "timescale": 4.659048081273397, "rgb": "#000000", "zyx": [8, 61, 58]}