{"p": 0.149, "barbin": 0, "corr": 0.06159617379307747, "timescale": 7.58237937387702, "rgb": "#000000", "zyx": [21, 70, 53]}