{"p": 0.26, "barbin": 0, "corr": 0.018312903121113777, "timescale": 5.2435337388204095, "rgb": "#000000", "zyx": [15, 55, 31]}