{"p": 0.73, "barbin": 0, "corr": -0.009545451030135155, "timescale": 8.24003320056643, "rgb": "#000000", "zyx": [6, 83, 50]}