{"p": 0.713, "barbin": 0, "corr": -0.03235313668847084, "timescale": 7.580052688572017, "rgb": "#000000", "zyx": [20, 25, 44]}