{"p": 0.56, "barbin": 0, "corr": -0.009965908713638783, "timescale": 4.454435008959335, "rgb": "#000000", "zyx": [18, 60, 43]}