{"p": 0.762, "barbin": 0, "corr": -0.04534798115491867, "timescale": 7.584962500721157, "rgb": "#000000", "zyx": [3, 81, 53]}