{"p": 0.007, "barbin": 1, "corr": 0.11623449623584747, "timescale": 6.926172666099969, "rgb": "#000000", "zyx": [23, 50, 47]}