{"p": 0.303, "barbin": 0, "corr": 0.032273031771183014, "timescale": 4.600930728443744, "rgb": "#000000", "zyx": [4, 77, 45]}