{"p": 0.638, "barbin": 0, "corr": -0.022978689521551132, "timescale": 2.584962500721156, "rgb": "#000000", "zyx": [12, 31, 44]}