{"p": 0.534, "barbin": 0, "corr": -0.0008726271335035563, "timescale": 4.304745054028626, "rgb": "#000000", "zyx": [12, 91, 47]}