{"p": 0.627, "barbin": 0, "corr": -0.0028226810973137617, "timescale": 3.621822844652822, "rgb": "#000000", "zyx": [6, 34, 65]}