{"p": 0.001, "barbin": 2, "corr": 0.17610152065753937, "timescale": 7.3532458740034325, "rgb": "#000000", "zyx": [2, 72, 34]}