{"p": 0.787, "barbin": 0, "corr": -0.0003604899684432894, "timescale": 2.5836852076378043, "rgb": "#000000", "zyx": [6, 87, 73]}