{"p": 0.236, "barbin": 0, "corr": 0.04143308103084564, "timescale": 3.6424380804527616, "rgb": "#000000", "zyx": [8, 56, 44]}