{"p": 0.034, "barbin": 0, "corr": 0.07703738659620285, "timescale": 8.301969387210345, "rgb": "#000000", "zyx": [24, 74, 57]}