{"p": 0.341, "barbin": 0, "corr": 0.021125223487615585, "timescale": 5.584949942499964, "rgb": "#000000", "zyx": [15, 34, 75]}