{"p": 0.752, "barbin": 0, "corr": -0.03934216499328613, "timescale": 4.680198737436952, "rgb": "#000000", "zyx": [7, 54, 22]}