{"p": 0.102, "barbin": 0, "corr": 0.07761421799659729, "timescale": 8.457056633098082, "rgb": "#000000", "zyx": [6, 88, 54]}