{"p": 0.201, "barbin": 0, "corr": 0.03156939893960953, "timescale": 4.122990123087017, "rgb": "#000000", "zyx": [7, 56, 28]}