{"p": 0.043, "barbin": 0, "corr": 0.016664469614624977, "timescale": 6.321100094004457, "rgb": "#000000", "zyx": [23, 52, 69]}