{"p": 0.036, "barbin": 1, "corr": 0.10564576834440231, "timescale": 6.476847301350154, "rgb": "#000000", "zyx": [10, 35, 62]}