{"p": 0.671, "barbin": 0, "corr": -0.002138332696631551, "timescale": 3.768704946316439, "rgb": "#000000", "zyx": [14, 67, 66]}