{"p": 0.883, "barbin": 0, "corr": -0.07103194296360016, "timescale": 8.584960948595134, "rgb": "#000000", "zyx": [13, 57, 25]}