{"p": 0.0, "barbin": 2, "corr": 0.18187348544597626, "timescale": 2.7945025874451255, "rgb": "#000000", "zyx": [17, 67, 28]}