{"p": 0.0, "barbin": 4, "corr": 0.3063504695892334, "timescale": 7.395974038928884, "rgb": "#000000", "zyx": [25, 42, 49]}