{"p": 0.0, "barbin": 3, "corr": 0.22205333411693573, "timescale": 7.481665612785879, "rgb": "#000000", "zyx": [3, 74, 60]}