{"p": 0.158, "barbin": 0, "corr": 0.061006493866443634, "timescale": 8.176734377175219, "rgb": "#000000", "zyx": [16, 19, 44]}