{"p": 0.0, "barbin": 4, "corr": 0.3330427408218384, "timescale": 7.57937740768344, "rgb": "#000000", "zyx": [10, 83, 35]}