{"p": 0.922, "barbin": 0, "corr": -0.07873509079217911, "timescale": 4.641567525559146, "rgb": "#000000", "zyx": [13, 71, 81]}