{"p": 0.388, "barbin": 0, "corr": 0.003547767410054803, "timescale": 1.8882647902471457, "rgb": "#000000", "zyx": [21, 45, 57]}