{"p": 0.495, "barbin": 0, "corr": 0.001690603792667389, "timescale": 5.783331007308441, "rgb": "#000000", "zyx": [19, 72, 76]}