{"p": 0.525, "barbin": 0, "corr": -0.003054579021409154, "timescale": 2.584958774287295, "rgb": "#000000", "zyx": [6, 49, 69]}