{"p": 0.457, "barbin": 0, "corr": 0.010122379288077354, "timescale": 6.581334118795555, "rgb": "#000000", "zyx": [3, 65, 75]}