{"p": 0.593, "barbin": 0, "corr": -0.014552746899425983, "timescale": 4.9539856725572715, "rgb": "#000000", "zyx": [13, 31, 29]}