{"p": 0.012, "barbin": 1, "corr": 0.13034507632255554, "timescale": 6.681571531695029, "rgb": "#000000", "zyx": [24, 36, 52]}