{"p": 0.506, "barbin": 0, "corr": -0.0008932568598538637, "timescale": 5.8481760508693155, "rgb": "#000000", "zyx": [8, 34, 69]}