{"p": 0.602, "barbin": 0, "corr": -0.013174988329410553, "timescale": 4.442926197117824, "rgb": "#000000", "zyx": [11, 49, 75]}