{"p": 0.705, "barbin": 0, "corr": -0.0222183745354414, "timescale": 5.7695066467821, "rgb": "#000000", "zyx": [10, 45, 25]}