{"p": 0.939, "barbin": 0, "corr": -0.04087018221616745, "timescale": 6.5665571214615195, "rgb": "#000000", "zyx": [4, 46, 30]}