{"p": 0.618, "barbin": 0, "corr": -0.006096215918660164, "timescale": 8.289908710111195, "rgb": "#000000", "zyx": [5, 41, 40]}