{"p": 1.0, "barbin": 0, "corr": -0.11573626101016998, "timescale": 2.1654937806998156, "rgb": "#000000", "zyx": [15, 28, 62]}