{"p": 0.024, "barbin": 1, "corr": 0.10545730590820312, "timescale": 5.420321489872897, "rgb": "#000000", "zyx": [15, 66, 27]}