{"p": 0.374, "barbin": 0, "corr": 0.02309994027018547, "timescale": 8.584962500756976, "rgb": "#000000", "zyx": [8, 56, 47]}