{"p": 0.132, "barbin": 0, "corr": 0.04682723805308342, "timescale": 7.362460021902103, "rgb": "#000000", "zyx": [16, 69, 58]}