{"p": 0.629, "barbin": 0, "corr": -0.0001337168359896168, "timescale": 6.459031879242182, "rgb": "#000000", "zyx": [3, 50, 69]}