{"p": 0.672, "barbin": 0, "corr": -0.025183076038956642, "timescale": 1.5860933339528225, "rgb": "#000000", "zyx": [8, 41, 63]}