{"p": 0.722, "barbin": 0, "corr": -0.01262524165213108, "timescale": 5.753456207851535, "rgb": "#000000", "zyx": [2, 73, 34]}