{"p": 0.722, "barbin": 0, "corr": -0.03465547785162926, "timescale": 2.6355207633035183, "rgb": "#000000", "zyx": [7, 59, 34]}