{"p": 0.344, "barbin": 0, "corr": 0.021099766716361046, "timescale": 6.379351541119568, "rgb": "#000000", "zyx": [11, 79, 66]}