{"p": 0.108, "barbin": 0, "corr": 0.0702877938747406, "timescale": 6.028116056197607, "rgb": "#000000", "zyx": [4, 64, 44]}