{"p": 0.028, "barbin": 1, "corr": 0.12070092558860779, "timescale": 6.224385708464692, "rgb": "#000000", "zyx": [23, 45, 40]}