{"p": 0.228, "barbin": 0, "corr": 0.03472930192947388, "timescale": 5.8355443584435776, "rgb": "#000000", "zyx": [6, 79, 53]}