{"p": 0.67, "barbin": 0, "corr": -0.022228986024856567, "timescale": 5.8968799187385805, "rgb": "#000000", "zyx": [7, 53, 23]}