{"p": 0.618, "barbin": 0, "corr": -0.017820533365011215, "timescale": 6.178403632721511, "rgb": "#000000", "zyx": [19, 27, 43]}