{"p": 0.996, "barbin": 0, "corr": -0.1380106657743454, "timescale": 4.964219064786269, "rgb": "#000000", "zyx": [9, 89, 49]}