{"p": 0.909, "barbin": 0, "corr": -0.0714416429400444, "timescale": 4.564989396789752, "rgb": "#000000", "zyx": [26, 63, 64]}