{"p": 0.0, "barbin": 4, "corr": 0.36363932490348816, "timescale": 6.621497175099544, "rgb": "#000000", "zyx": [15, 81, 42]}