{"p": 0.316, "barbin": 0, "corr": 0.03221745789051056, "timescale": 8.329643442311855, "rgb": "#000000", "zyx": [11, 50, 24]}