{"p": 0.436, "barbin": 0, "corr": 0.010406809858977795, "timescale": 5.46210833202404, "rgb": "#000000", "zyx": [16, 78, 64]}