{"p": 0.243, "barbin": 0, "corr": 0.04018339887261391, "timescale": 2.970301495301418, "rgb": "#000000", "zyx": [18, 61, 74]}