{"p": 0.002, "barbin": 1, "corr": 0.14429163932800293, "timescale": 6.783810899448171, "rgb": "#000000", "zyx": [8, 71, 50]}