{"p": 0.057, "barbin": 0, "corr": 0.09546589851379395, "timescale": 7.184164044417026, "rgb": "#000000", "zyx": [17, 71, 33]}