{"p": 0.508, "barbin": 0, "corr": 0.0010380074381828308, "timescale": 8.255407196316668, "rgb": "#000000", "zyx": [6, 49, 53]}