{"p": 0.48, "barbin": 0, "corr": 0.006551133934408426, "timescale": 3.9299857253079864, "rgb": "#000000", "zyx": [16, 54, 39]}