{"p": 0.087, "barbin": 0, "corr": 0.07663366943597794, "timescale": 5.651400719335049, "rgb": "#000000", "zyx": [24, 78, 48]}