{"p": 0.112, "barbin": 0, "corr": 0.07829626649618149, "timescale": 8.125637458770123, "rgb": "#000000", "zyx": [20, 47, 63]}