{"p": 0.755, "barbin": 0, "corr": -0.008979935199022293, "timescale": 8.171649720464531, "rgb": "#000000", "zyx": [17, 38, 52]}