{"p": 0.883, "barbin": 0, "corr": -0.06735866516828537, "timescale": 6.585154725420815, "rgb": "#000000", "zyx": [21, 62, 53]}