{"p": 0.76, "barbin": 0, "corr": -0.04083595424890518, "timescale": 1.607063749461242, "rgb": "#000000", "zyx": [9, 84, 47]}