{"p": 0.412, "barbin": 0, "corr": 0.01275020744651556, "timescale": 5.6150780896609795, "rgb": "#000000", "zyx": [10, 63, 49]}