{"p": 0.73, "barbin": 0, "corr": -0.03279309347271919, "timescale": 8.583128265657864, "rgb": "#000000", "zyx": [13, 31, 42]}