{"p": 0.871, "barbin": 0, "corr": -0.06333655118942261, "timescale": 2.639106217359146, "rgb": "#000000", "zyx": [13, 89, 37]}