{"p": 0.519, "barbin": 0, "corr": -0.0017347526736557484, "timescale": 5.342270199000443, "rgb": "#000000", "zyx": [20, 78, 64]}