{"p": 0.945, "barbin": 0, "corr": -0.022942159324884415, "timescale": 2.7560652544206214, "rgb": "#000000", "zyx": [4, 60, 23]}