{"p": 0.354, "barbin": 0, "corr": 0.004448335152119398, "timescale": 4.5849623610066725, "rgb": "#000000", "zyx": [16, 73, 60]}