{"p": 0.023, "barbin": 1, "corr": 0.11218130588531494, "timescale": 7.715980933972282, "rgb": "#000000", "zyx": [19, 83, 55]}