{"p": 0.85, "barbin": 0, "corr": -0.05292258411645889, "timescale": 4.592082841533365, "rgb": "#000000", "zyx": [12, 68, 31]}