{"p": 0.072, "barbin": 0, "corr": 0.0865834429860115, "timescale": 8.562521527968306, "rgb": "#000000", "zyx": [10, 29, 62]}