{"p": 0.392, "barbin": 0, "corr": 0.015424112789332867, "timescale": 5.584962500728201, "rgb": "#000000", "zyx": [18, 52, 60]}