{"p": 0.975, "barbin": 0, "corr": -0.11680393666028976, "timescale": 8.584962626905623, "rgb": "#000000", "zyx": [6, 50, 43]}