{"p": 0.058, "barbin": 0, "corr": 0.08257702738046646, "timescale": 6.130863790870497, "rgb": "#000000", "zyx": [15, 52, 76]}