{"p": 0.633, "barbin": 0, "corr": -0.0170326866209507, "timescale": 6.615026395236158, "rgb": "#000000", "zyx": [10, 83, 67]}