{"p": 0.011, "barbin": 0, "corr": 0.08695095032453537, "timescale": 8.333616763759464, "rgb": "#000000", "zyx": [6, 80, 35]}