{"p": 0.265, "barbin": 0, "corr": 0.04159000143408775, "timescale": 4.240664341731431, "rgb": "#000000", "zyx": [22, 33, 37]}