{"p": 0.192, "barbin": 0, "corr": 0.05324013903737068, "timescale": 6.196014665710115, "rgb": "#000000", "zyx": [3, 66, 68]}