{"p": 0.732, "barbin": 0, "corr": -0.035289935767650604, "timescale": 4.950976235133536, "rgb": "#000000", "zyx": [20, 79, 55]}