{"p": 0.338, "barbin": 0, "corr": 0.014435872435569763, "timescale": 6.664391573204198, "rgb": "#000000", "zyx": [4, 69, 61]}