{"p": 0.0, "barbin": 4, "corr": 0.27177953720092773, "timescale": 6.923020060744753, "rgb": "#000000", "zyx": [18, 30, 37]}