{"p": 0.0, "barbin": 4, "corr": 0.4241380989551544, "timescale": 6.834957916475893, "rgb": "#000000", "zyx": [12, 80, 52]}