{"p": 0.015, "barbin": 1, "corr": 0.12691068649291992, "timescale": 7.716491112948365, "rgb": "#000000", "zyx": [20, 46, 42]}