{"p": 0.518, "barbin": 0, "corr": -0.0010995445773005486, "timescale": 3.59156952275222, "rgb": "#000000", "zyx": [25, 49, 66]}