{"p": 0.0, "barbin": 2, "corr": 0.18417911231517792, "timescale": 6.207576538146195, "rgb": "#000000", "zyx": [13, 83, 58]}