{"p": 0.0, "barbin": 4, "corr": 0.371244341135025, "timescale": 7.215577777458722, "rgb": "#000000", "zyx": [25, 47, 40]}