{"p": 0.095, "barbin": 0, "corr": 0.07447479665279388, "timescale": 5.158977050360262, "rgb": "#000000", "zyx": [17, 74, 44]}