{"p": 0.142, "barbin": 0, "corr": 0.010447693057358265, "timescale": 4.002798529785616, "rgb": "#000000", "zyx": [22, 55, 49]}