{"p": 0.0, "barbin": 4, "corr": 0.30439293384552, "timescale": 6.891673600917994, "rgb": "#000000", "zyx": [19, 32, 43]}