{"p": 0.757, "barbin": 0, "corr": -0.044856831431388855, "timescale": 3.5849644948799235, "rgb": "#000000", "zyx": [6, 43, 57]}