{"p": 0.0, "barbin": 4, "corr": 0.28743332624435425, "timescale": 7.9357277573525655, "rgb": "#000000", "zyx": [18, 74, 68]}