{"p": 0.57, "barbin": 0, "corr": -0.012362040579319, "timescale": 3.584962500721156, "rgb": "#000000", "zyx": [19, 45, 50]}