{"p": 0.0, "barbin": 3, "corr": 0.20328013598918915, "timescale": 5.336559313990668, "rgb": "#000000", "zyx": [17, 51, 52]}