{"p": 0.627, "barbin": 0, "corr": -0.02513526752591133, "timescale": 6.60169292698785, "rgb": "#000000", "zyx": [15, 33, 40]}