{"p": 0.927, "barbin": 0, "corr": -0.08633199334144592, "timescale": 4.259040654836907, "rgb": "#000000", "zyx": [19, 75, 33]}