{"p": 0.905, "barbin": 0, "corr": -0.06466254591941833, "timescale": 6.123978259835347, "rgb": "#000000", "zyx": [22, 46, 35]}