{"p": 0.473, "barbin": 0, "corr": 0.0042331404983997345, "timescale": 2.6141323723666354, "rgb": "#000000", "zyx": [14, 24, 37]}