{"p": 0.002, "barbin": 1, "corr": 0.1421053409576416, "timescale": 5.832903936505643, "rgb": "#000000", "zyx": [8, 71, 25]}