{"p": 0.151, "barbin": 0, "corr": 0.06080247461795807, "timescale": 3.8951326807303213, "rgb": "#000000", "zyx": [5, 38, 39]}