{"p": 0.76, "barbin": 0, "corr": -0.04520799219608307, "timescale": 8.505744754780443, "rgb": "#000000", "zyx": [7, 48, 54]}