{"p": 0.77, "barbin": 0, "corr": -0.044470302760601044, "timescale": 6.584961892831298, "rgb": "#000000", "zyx": [11, 34, 74]}