{"p": 0.278, "barbin": 0, "corr": 0.020101888105273247, "timescale": 7.578366616078984, "rgb": "#000000", "zyx": [1, 91, 47]}