{"p": 0.035, "barbin": 0, "corr": 0.09398544579744339, "timescale": 5.214552045104956, "rgb": "#000000", "zyx": [26, 56, 66]}