{"p": 0.46, "barbin": 0, "corr": 0.003565780585631728, "timescale": 7.570500478926205, "rgb": "#000000", "zyx": [4, 86, 39]}