{"p": 0.278, "barbin": 0, "corr": 0.02980758622288704, "timescale": 6.607471748381684, "rgb": "#000000", "zyx": [16, 49, 77]}