{"p": 0.612, "barbin": 0, "corr": -0.0025786468759179115, "timescale": 6.776677500070714, "rgb": "#000000", "zyx": [7, 68, 53]}