{"p": 0.032, "barbin": 0, "corr": 0.0701398104429245, "timescale": 4.714235704473081, "rgb": "#000000", "zyx": [14, 88, 47]}