{"p": 0.111, "barbin": 0, "corr": 0.06990383565425873, "timescale": 4.865033731867716, "rgb": "#000000", "zyx": [17, 53, 42]}