{"p": 0.507, "barbin": 0, "corr": 0.0007042903453111649, "timescale": 5.193861586535902, "rgb": "#000000", "zyx": [11, 31, 58]}