{"p": 0.333, "barbin": 0, "corr": 0.006155550945550203, "timescale": 2.7682928580118276, "rgb": "#000000", "zyx": [7, 36, 43]}