{"p": 0.964, "barbin": 0, "corr": -0.10440848767757416, "timescale": 2.1838537806911242, "rgb": "#000000", "zyx": [7, 62, 46]}