{"p": 0.405, "barbin": 0, "corr": 0.0020216850098222494, "timescale": 1.8393457700173161, "rgb": "#000000", "zyx": [21, 72, 33]}