{"p": 0.342, "barbin": 0, "corr": 0.025271689519286156, "timescale": 5.753264747529285, "rgb": "#000000", "zyx": [5, 60, 23]}