{"p": 0.198, "barbin": 0, "corr": 0.006398610770702362, "timescale": 4.105802725080773, "rgb": "#000000", "zyx": [9, 65, 40]}