{"p": 0.006, "barbin": 1, "corr": 0.10873477905988693, "timescale": 6.539312605393011, "rgb": "#000000", "zyx": [10, 54, 32]}