{"p": 0.133, "barbin": 0, "corr": 0.066024050116539, "timescale": 1.5871522046747646, "rgb": "#000000", "zyx": [24, 77, 45]}