{"p": 0.048, "barbin": 0, "corr": 0.06809255480766296, "timescale": 3.5630080522346783, "rgb": "#000000", "zyx": [12, 53, 76]}