{"p": 0.478, "barbin": 0, "corr": 0.0035270843654870987, "timescale": 8.392871935005173, "rgb": "#000000", "zyx": [14, 52, 63]}