{"p": 0.466, "barbin": 0, "corr": 0.005494144279509783, "timescale": 4.940666449609901, "rgb": "#000000", "zyx": [12, 30, 62]}