{"p": 0.214, "barbin": 0, "corr": 0.051961082965135574, "timescale": 7.020762059840821, "rgb": "#000000", "zyx": [17, 31, 62]}