{"p": 0.247, "barbin": 0, "corr": 0.04123067855834961, "timescale": 7.75567683630974, "rgb": "#000000", "zyx": [5, 91, 65]}