{"p": 0.823, "barbin": 0, "corr": -0.05595213919878006, "timescale": 3.5011298855537984, "rgb": "#000000", "zyx": [15, 80, 67]}