{"p": 0.0, "barbin": 1, "corr": 0.1462377905845642, "timescale": 7.522994087167247, "rgb": "#000000", "zyx": [15, 31, 49]}