{"p": 0.894, "barbin": 0, "corr": -0.05404431372880936, "timescale": 4.547189459127372, "rgb": "#000000", "zyx": [10, 67, 65]}