{"p": 0.001, "barbin": 2, "corr": 0.1974046528339386, "timescale": 5.484009460307251, "rgb": "#000000", "zyx": [23, 42, 55]}