{"p": 0.037, "barbin": 1, "corr": 0.10365428775548935, "timescale": 3.286928542906418, "rgb": "#000000", "zyx": [9, 61, 46]}