{"p": 1.0, "barbin": 0, "corr": -0.23666435480117798, "timescale": 5.408282835479661, "rgb": "#000000", "zyx": [22, 30, 55]}