{"p": 0.0, "barbin": 3, "corr": 0.23972441256046295, "timescale": 6.58907263138287, "rgb": "#000000", "zyx": [17, 42, 65]}