{"p": 0.011, "barbin": 1, "corr": 0.1273835003376007, "timescale": 5.002551372955654, "rgb": "#000000", "zyx": [12, 37, 66]}