{"p": 0.024, "barbin": 1, "corr": 0.11153816431760788, "timescale": 6.7476517216140985, "rgb": "#000000", "zyx": [22, 45, 45]}