{"p": 0.681, "barbin": 0, "corr": -0.025735629722476006, "timescale": 8.246160037757972, "rgb": "#000000", "zyx": [9, 68, 61]}