{"p": 0.231, "barbin": 0, "corr": 0.03967638686299324, "timescale": 2.8013230759242402, "rgb": "#000000", "zyx": [5, 55, 29]}