{"p": 0.633, "barbin": 0, "corr": -0.020201873034238815, "timescale": 7.604006887011333, "rgb": "#000000", "zyx": [26, 39, 56]}