{"p": 0.324, "barbin": 0, "corr": 0.029921207576990128, "timescale": 6.227391879476722, "rgb": "#000000", "zyx": [20, 77, 73]}