{"p": 0.033, "barbin": 0, "corr": 0.07255513221025467, "timescale": 6.8057393613144646, "rgb": "#000000", "zyx": [25, 70, 44]}