{"p": 0.0, "barbin": 4, "corr": 0.2558141350746155, "timescale": 7.752909355649103, "rgb": "#000000", "zyx": [3, 78, 58]}