{"p": 0.444, "barbin": 0, "corr": 0.007192870136350393, "timescale": 6.683037846792848, "rgb": "#000000", "zyx": [24, 72, 49]}