{"p": 0.048, "barbin": 0, "corr": 0.06083952635526657, "timescale": 6.119839856173229, "rgb": "#000000", "zyx": [21, 38, 47]}