{"p": 0.609, "barbin": 0, "corr": -0.005094843916594982, "timescale": 2.648367562178864, "rgb": "#000000", "zyx": [18, 55, 27]}