{"p": 0.239, "barbin": 0, "corr": 0.0028503327630460262, "timescale": 8.581618155621602, "rgb": "#000000", "zyx": [11, 58, 50]}