{"p": 0.653, "barbin": 0, "corr": -0.02265753597021103, "timescale": 3.5852155395696705, "rgb": "#000000", "zyx": [17, 71, 28]}