{"p": 0.71, "barbin": 0, "corr": -0.010480093769729137, "timescale": 2.6886940848645544, "rgb": "#000000", "zyx": [7, 80, 39]}