{"p": 0.811, "barbin": 0, "corr": -0.05464157089591026, "timescale": 1.8498837479945622, "rgb": "#000000", "zyx": [4, 54, 54]}