{"p": 0.035, "barbin": 0, "corr": 0.09281817823648453, "timescale": 2.5857457298196027, "rgb": "#000000", "zyx": [13, 33, 41]}