{"p": 0.473, "barbin": 0, "corr": 0.003288830630481243, "timescale": 5.308105950688843, "rgb": "#000000", "zyx": [6, 65, 28]}