{"p": 0.999, "barbin": 0, "corr": -0.15169230103492737, "timescale": 8.563303153423128, "rgb": "#000000", "zyx": [13, 49, 50]}