{"p": 0.149, "barbin": 0, "corr": 0.04058947041630745, "timescale": 6.33019861869085, "rgb": "#000000", "zyx": [20, 41, 62]}