{"p": 0.331, "barbin": 0, "corr": 0.020837944000959396, "timescale": 4.380908469382381, "rgb": "#000000", "zyx": [6, 77, 43]}