{"p": 0.052, "barbin": 0, "corr": 0.013626213185489178, "timescale": 3.607812993114009, "rgb": "#000000", "zyx": [10, 70, 80]}