{"p": 0.0, "barbin": 2, "corr": 0.15939238667488098, "timescale": 6.300309755041567, "rgb": "#000000", "zyx": [19, 86, 54]}