{"p": 0.082, "barbin": 0, "corr": 0.08704157918691635, "timescale": 2.692021758432919, "rgb": "#000000", "zyx": [3, 63, 43]}