{"p": 0.165, "barbin": 0, "corr": 0.029383542016148567, "timescale": 7.473079658443465, "rgb": "#000000", "zyx": [11, 21, 36]}