{"p": 0.232, "barbin": 0, "corr": 0.04498475044965744, "timescale": 2.831934401032151, "rgb": "#000000", "zyx": [8, 62, 30]}