{"p": 0.708, "barbin": 0, "corr": -0.028970099985599518, "timescale": 5.626924685999132, "rgb": "#000000", "zyx": [5, 58, 73]}