{"p": 0.647, "barbin": 0, "corr": -0.02166077122092247, "timescale": 6.558400432933956, "rgb": "#000000", "zyx": [19, 53, 74]}