{"p": 0.774, "barbin": 0, "corr": -0.04546692222356796, "timescale": 5.552634237213953, "rgb": "#000000", "zyx": [8, 59, 35]}