{"p": 0.811, "barbin": 0, "corr": -0.051766812801361084, "timescale": 7.560541694915212, "rgb": "#000000", "zyx": [26, 50, 41]}