{"p": 0.546, "barbin": 0, "corr": -0.005116848740726709, "timescale": 2.891250731985148, "rgb": "#000000", "zyx": [19, 61, 41]}