{"p": 0.138, "barbin": 0, "corr": 0.06798961013555527, "timescale": 7.584953969984246, "rgb": "#000000", "zyx": [19, 35, 67]}