{"p": 0.0, "barbin": 4, "corr": 0.32615962624549866, "timescale": 7.065550353058105, "rgb": "#000000", "zyx": [12, 73, 38]}