{"p": 0.044, "barbin": 1, "corr": 0.10482127219438553, "timescale": 4.936656524733447, "rgb": "#000000", "zyx": [16, 83, 37]}