{"p": 0.001, "barbin": 2, "corr": 0.19258590042591095, "timescale": 7.29946853245444, "rgb": "#000000", "zyx": [18, 31, 40]}