{"p": 0.0, "barbin": 2, "corr": 0.15443623065948486, "timescale": 6.389465841443917, "rgb": "#000000", "zyx": [14, 54, 51]}