{"p": 0.531, "barbin": 0, "corr": -0.003251166082918644, "timescale": 3.3213185679844814, "rgb": "#000000", "zyx": [22, 28, 43]}