{"p": 0.348, "barbin": 0, "corr": 0.01044413447380066, "timescale": 5.760836711483589, "rgb": "#000000", "zyx": [7, 66, 73]}