{"p": 0.061, "barbin": 0, "corr": 0.06597559154033661, "timescale": 7.0437954068180355, "rgb": "#000000", "zyx": [4, 94, 59]}