{"p": 0.575, "barbin": 0, "corr": -5.516042438102886e-05, "timescale": 7.429722773926965, "rgb": "#000000", "zyx": [18, 21, 58]}