{"p": 0.0, "barbin": 2, "corr": 0.19535893201828003, "timescale": 6.769098976230251, "rgb": "#000000", "zyx": [4, 68, 79]}