{"p": 0.932, "barbin": 0, "corr": -0.020279167219996452, "timescale": 7.907032991362862, "rgb": "#000000", "zyx": [9, 45, 43]}