{"p": 0.427, "barbin": 0, "corr": 0.008974947966635227, "timescale": 7.583560901172359, "rgb": "#000000", "zyx": [6, 79, 66]}