{"p": 0.58, "barbin": 0, "corr": -0.002535153180360794, "timescale": 1.5855341828320288, "rgb": "#000000", "zyx": [11, 50, 49]}