{"p": 0.015, "barbin": 0, "corr": 0.03525606170296669, "timescale": 4.450661330087713, "rgb": "#000000", "zyx": [4, 49, 31]}