{"p": 0.158, "barbin": 0, "corr": 0.05788525193929672, "timescale": 2.6211901366867587, "rgb": "#000000", "zyx": [2, 44, 40]}