{"p": 0.097, "barbin": 0, "corr": 0.023695293813943863, "timescale": 6.436381501634178, "rgb": "#000000", "zyx": [19, 41, 40]}