{"p": 0.478, "barbin": 0, "corr": 0.00016344900359399617, "timescale": 2.5860139235823265, "rgb": "#000000", "zyx": [22, 31, 63]}