{"p": 0.937, "barbin": 0, "corr": -0.09158319234848022, "timescale": 5.558526682723828, "rgb": "#000000", "zyx": [19, 33, 32]}