{"p": 0.006, "barbin": 2, "corr": 0.16167061030864716, "timescale": 7.148030754602146, "rgb": "#000000", "zyx": [20, 55, 35]}