{"p": 0.034, "barbin": 1, "corr": 0.10538208484649658, "timescale": 8.58092882786263, "rgb": "#000000", "zyx": [24, 56, 44]}