{"p": 0.017, "barbin": 1, "corr": 0.12518538534641266, "timescale": 6.304779269363915, "rgb": "#000000", "zyx": [18, 75, 70]}