{"p": 0.179, "barbin": 0, "corr": 0.05342946574091911, "timescale": 6.85787924759769, "rgb": "#000000", "zyx": [2, 75, 36]}