{"p": 0.405, "barbin": 0, "corr": 0.014298977330327034, "timescale": 5.817680456729918, "rgb": "#000000", "zyx": [4, 54, 50]}