{"p": 0.237, "barbin": 0, "corr": 0.0397498682141304, "timescale": 5.527767385957943, "rgb": "#000000", "zyx": [13, 68, 73]}