{"p": 0.063, "barbin": 0, "corr": 0.09338581562042236, "timescale": 6.985282399740154, "rgb": "#000000", "zyx": [4, 92, 63]}