{"p": 0.996, "barbin": 0, "corr": -0.1334662139415741, "timescale": 8.584962500721156, "rgb": "#000000", "zyx": [8, 90, 42]}