{"p": 0.075, "barbin": 0, "corr": 0.009213892742991447, "timescale": 7.5843871993131, "rgb": "#000000", "zyx": [24, 46, 47]}