{"p": 1.0, "barbin": 0, "corr": -0.12314190715551376, "timescale": 5.584962500721156, "rgb": "#000000", "zyx": [21, 77, 39]}