{"p": 0.0, "barbin": 4, "corr": 0.31156182289123535, "timescale": 8.547745602210359, "rgb": "#000000", "zyx": [11, 27, 46]}