{"p": 0.19, "barbin": 0, "corr": 0.04783365875482559, "timescale": 6.402671685005096, "rgb": "#000000", "zyx": [19, 33, 39]}