{"p": 0.895, "barbin": 0, "corr": -0.07222413271665573, "timescale": 3.4378390788582736, "rgb": "#000000", "zyx": [4, 76, 51]}