{"p": 0.531, "barbin": 0, "corr": -0.0038469284772872925, "timescale": 6.964823042675183, "rgb": "#000000", "zyx": [25, 63, 65]}