{"p": 0.0, "barbin": 3, "corr": 0.24922719597816467, "timescale": 7.147540354542259, "rgb": "#000000", "zyx": [6, 50, 75]}