{"p": 0.001, "barbin": 2, "corr": 0.17491166293621063, "timescale": 6.94944900984329, "rgb": "#000000", "zyx": [11, 73, 76]}