{"p": 0.959, "barbin": 0, "corr": -0.09854108095169067, "timescale": 6.5835189067156215, "rgb": "#000000", "zyx": [13, 73, 43]}