{"p": 0.049, "barbin": 1, "corr": 0.10220039635896683, "timescale": 2.120101594085769, "rgb": "#000000", "zyx": [6, 50, 41]}