{"p": 0.056, "barbin": 1, "corr": 0.1006159856915474, "timescale": 7.0974305678872485, "rgb": "#000000", "zyx": [13, 63, 71]}