{"p": 0.914, "barbin": 0, "corr": -0.08222761005163193, "timescale": 1.708567674790763, "rgb": "#000000", "zyx": [26, 56, 61]}