{"p": 0.867, "barbin": 0, "corr": -0.05804351717233658, "timescale": 3.7856565165673715, "rgb": "#000000", "zyx": [8, 90, 60]}