{"p": 0.74, "barbin": 0, "corr": -0.0403682142496109, "timescale": 4.364035612773369, "rgb": "#000000", "zyx": [9, 62, 45]}