{"p": 0.777, "barbin": 0, "corr": -0.013802928850054741, "timescale": 4.915889540365685, "rgb": "#000000", "zyx": [8, 91, 51]}