{"p": 0.476, "barbin": 0, "corr": 0.0076423585414886475, "timescale": 5.441804056183003, "rgb": "#000000", "zyx": [6, 77, 59]}