{"p": 0.686, "barbin": 0, "corr": -0.0024832847993820906, "timescale": 5.02691657318932, "rgb": "#000000", "zyx": [17, 41, 26]}