{"p": 0.001, "barbin": 3, "corr": 0.2042624056339264, "timescale": 6.746577313224885, "rgb": "#000000", "zyx": [11, 30, 57]}