{"p": 1.0, "barbin": 0, "corr": -0.15120668709278107, "timescale": 1.5849782326758952, "rgb": "#000000", "zyx": [14, 34, 74]}