{"p": 0.277, "barbin": 0, "corr": 0.029837580397725105, "timescale": 6.184210351276112, "rgb": "#000000", "zyx": [22, 61, 46]}