{"p": 0.552, "barbin": 0, "corr": -0.013248665258288383, "timescale": 2.584975317827035, "rgb": "#000000", "zyx": [19, 49, 74]}