{"p": 0.609, "barbin": 0, "corr": -0.0029923750553280115, "timescale": 1.6632229625071373, "rgb": "#000000", "zyx": [7, 80, 40]}