{"p": 0.3, "barbin": 0, "corr": 0.03541089594364166, "timescale": 3.190644633126981, "rgb": "#000000", "zyx": [3, 93, 52]}