{"p": 0.886, "barbin": 0, "corr": -0.0641198381781578, "timescale": 6.489962386709346, "rgb": "#000000", "zyx": [4, 39, 74]}