{"p": 0.396, "barbin": 0, "corr": 0.011523221619427204, "timescale": 3.061193442831929, "rgb": "#000000", "zyx": [11, 30, 32]}