{"p": 0.709, "barbin": 0, "corr": -0.026332605630159378, "timescale": 3.584962500721156, "rgb": "#000000", "zyx": [4, 69, 26]}