{"p": 0.205, "barbin": 0, "corr": 0.03197414427995682, "timescale": 3.586598097169989, "rgb": "#000000", "zyx": [15, 28, 70]}