{"p": 1.0, "barbin": 0, "corr": -0.24184875190258026, "timescale": 4.630070998216873, "rgb": "#000000", "zyx": [18, 20, 52]}