{"p": 0.0, "barbin": 4, "corr": 0.34694865345954895, "timescale": 7.0330930854850084, "rgb": "#000000", "zyx": [20, 31, 59]}