{"p": 0.858, "barbin": 0, "corr": -0.054645195603370667, "timescale": 7.416919699056532, "rgb": "#000000", "zyx": [3, 81, 41]}