{"p": 0.944, "barbin": 0, "corr": -0.004604565445333719, "timescale": 5.313081456810176, "rgb": "#000000", "zyx": [12, 60, 54]}