{"p": 0.824, "barbin": 0, "corr": -0.034715019166469574, "timescale": 8.571450711531574, "rgb": "#000000", "zyx": [21, 55, 46]}