{"p": 0.284, "barbin": 0, "corr": 0.03270905092358589, "timescale": 5.584966888968176, "rgb": "#000000", "zyx": [21, 64, 68]}