{"p": 0.078, "barbin": 0, "corr": 0.08603695780038834, "timescale": 5.7441379251249485, "rgb": "#000000", "zyx": [4, 71, 35]}