{"p": 0.0, "barbin": 1, "corr": 0.13547144830226898, "timescale": 5.0597126268709225, "rgb": "#000000", "zyx": [17, 54, 72]}