{"p": 0.586, "barbin": 0, "corr": -0.010754011571407318, "timescale": 4.3063866427291515, "rgb": "#000000", "zyx": [2, 55, 37]}