{"p": 0.387, "barbin": 0, "corr": 0.016538050025701523, "timescale": 8.573130912750715, "rgb": "#000000", "zyx": [10, 32, 41]}