{"p": 0.0, "barbin": 2, "corr": 0.19502630829811096, "timescale": 7.026064159527582, "rgb": "#000000", "zyx": [18, 27, 47]}