{"p": 0.186, "barbin": 0, "corr": 0.05314859002828598, "timescale": 4.940443760371767, "rgb": "#000000", "zyx": [6, 80, 55]}