{"p": 0.006, "barbin": 1, "corr": 0.14967922866344452, "timescale": 8.519340970560178, "rgb": "#000000", "zyx": [18, 76, 75]}