{"p": 0.141, "barbin": 0, "corr": 0.03803737834095955, "timescale": 5.640098180955161, "rgb": "#000000", "zyx": [14, 26, 69]}