{"p": 0.719, "barbin": 0, "corr": -0.03572797030210495, "timescale": 2.99578282968638, "rgb": "#000000", "zyx": [1, 73, 64]}