{"p": 0.001, "barbin": 2, "corr": 0.18618683516979218, "timescale": 7.145765569534647, "rgb": "#000000", "zyx": [13, 79, 56]}