{"p": 0.502, "barbin": 0, "corr": 0.0038619348779320717, "timescale": 3.995086180583354, "rgb": "#000000", "zyx": [20, 75, 47]}