{"p": 0.814, "barbin": 0, "corr": -0.050588831305503845, "timescale": 8.259708958981568, "rgb": "#000000", "zyx": [20, 33, 37]}