{"p": 0.668, "barbin": 0, "corr": -0.02581871673464775, "timescale": 6.193676924293331, "rgb": "#000000", "zyx": [16, 77, 75]}