{"p": 0.529, "barbin": 0, "corr": -0.005757227540016174, "timescale": 6.689772623184001, "rgb": "#000000", "zyx": [6, 66, 65]}