{"p": 0.332, "barbin": 0, "corr": 0.028043504804372787, "timescale": 7.558036220947313, "rgb": "#000000", "zyx": [10, 30, 46]}