{"p": 0.548, "barbin": 0, "corr": -0.004797276109457016, "timescale": 7.568449770303631, "rgb": "#000000", "zyx": [23, 30, 59]}