{"p": 0.555, "barbin": 0, "corr": -0.008627455681562424, "timescale": 6.554414041251007, "rgb": "#000000", "zyx": [3, 61, 69]}