{"p": 0.753, "barbin": 0, "corr": -0.04115010052919388, "timescale": 4.01235128145188, "rgb": "#000000", "zyx": [13, 88, 72]}