{"p": 0.011, "barbin": 1, "corr": 0.13560767471790314, "timescale": 8.584960833386173, "rgb": "#000000", "zyx": [20, 28, 63]}