{"p": 0.76, "barbin": 0, "corr": -0.019921420142054558, "timescale": 6.497385986508599, "rgb": "#000000", "zyx": [18, 81, 63]}