{"p": 0.999, "barbin": 0, "corr": -0.16904056072235107, "timescale": 7.700028049010025, "rgb": "#000000", "zyx": [17, 32, 64]}