{"p": 0.565, "barbin": 0, "corr": -0.002229648642241955, "timescale": 6.894074952397281, "rgb": "#000000", "zyx": [24, 69, 45]}