{"p": 0.247, "barbin": 0, "corr": 0.040991414338350296, "timescale": 6.590257516872776, "rgb": "#000000", "zyx": [5, 63, 35]}