{"p": 0.407, "barbin": 0, "corr": 0.005259816534817219, "timescale": 4.43858951683882, "rgb": "#000000", "zyx": [24, 48, 54]}