{"p": 0.024, "barbin": 1, "corr": 0.12300512194633484, "timescale": 6.336762533143212, "rgb": "#000000", "zyx": [9, 50, 23]}