{"p": 0.691, "barbin": 0, "corr": -0.025920474901795387, "timescale": 4.413433253091758, "rgb": "#000000", "zyx": [7, 84, 70]}