{"p": 0.693, "barbin": 0, "corr": -0.01347693894058466, "timescale": 6.976458610235467, "rgb": "#000000", "zyx": [8, 55, 73]}