{"p": 0.423, "barbin": 0, "corr": 0.010913005098700523, "timescale": 7.72909000994315, "rgb": "#000000", "zyx": [1, 43, 37]}