{"p": 0.465, "barbin": 0, "corr": 0.0007441017660312355, "timescale": 2.8565745953999793, "rgb": "#000000", "zyx": [23, 77, 52]}