{"p": 0.032, "barbin": 1, "corr": 0.1088547557592392, "timescale": 7.584964430923603, "rgb": "#000000", "zyx": [12, 23, 58]}