{"p": 0.0, "barbin": 4, "corr": 0.3997165560722351, "timescale": 6.8579228945493735, "rgb": "#000000", "zyx": [21, 34, 55]}