{"p": 0.094, "barbin": 0, "corr": 0.07720205187797546, "timescale": 5.309268329139587, "rgb": "#000000", "zyx": [16, 63, 36]}