{"p": 0.389, "barbin": 0, "corr": 0.011658310890197754, "timescale": 6.51760955689292, "rgb": "#000000", "zyx": [9, 77, 55]}