{"p": 0.843, "barbin": 0, "corr": -0.05288517102599144, "timescale": 5.615592459455649, "rgb": "#000000", "zyx": [6, 26, 49]}