{"p": 0.016, "barbin": 1, "corr": 0.11752204596996307, "timescale": 6.58155393622185, "rgb": "#000000", "zyx": [24, 67, 60]}