{"p": 0.882, "barbin": 0, "corr": -0.06530486792325974, "timescale": 1.5852161029943153, "rgb": "#000000", "zyx": [12, 79, 65]}