{"p": 0.463, "barbin": 0, "corr": 0.005273130256682634, "timescale": 6.516853282929745, "rgb": "#000000", "zyx": [1, 85, 57]}