{"p": 0.673, "barbin": 0, "corr": -0.024027574807405472, "timescale": 7.433288533338643, "rgb": "#000000", "zyx": [7, 55, 65]}