{"p": 0.304, "barbin": 0, "corr": 0.015783773735165596, "timescale": 7.498633466579969, "rgb": "#000000", "zyx": [8, 54, 54]}