{"p": 0.114, "barbin": 0, "corr": 0.07164715975522995, "timescale": 7.335668226567396, "rgb": "#000000", "zyx": [3, 35, 36]}