{"p": 0.437, "barbin": 0, "corr": 0.003159167245030403, "timescale": 8.499088560781138, "rgb": "#000000", "zyx": [10, 86, 67]}