{"p": 0.384, "barbin": 0, "corr": 0.00326288933865726, "timescale": 3.0821880752347077, "rgb": "#000000", "zyx": [6, 38, 62]}