{"p": 0.561, "barbin": 0, "corr": -0.006849305704236031, "timescale": 2.3779278079871187, "rgb": "#000000", "zyx": [9, 72, 61]}