{"p": 0.308, "barbin": 0, "corr": 0.02906845323741436, "timescale": 6.032762615351401, "rgb": "#000000", "zyx": [6, 74, 76]}