{"p": 0.968, "barbin": 0, "corr": -0.08711810410022736, "timescale": 4.570990865843968, "rgb": "#000000", "zyx": [15, 35, 73]}