{"p": 0.873, "barbin": 0, "corr": -0.06558103859424591, "timescale": 4.591736802363249, "rgb": "#000000", "zyx": [13, 85, 61]}