{"p": 0.538, "barbin": 0, "corr": -0.0001243596780113876, "timescale": 8.503414266802706, "rgb": "#000000", "zyx": [11, 59, 41]}