{"p": 0.109, "barbin": 0, "corr": 0.07588312774896622, "timescale": 6.246999665072817, "rgb": "#000000", "zyx": [5, 55, 77]}