{"p": 0.53, "barbin": 0, "corr": -0.005759688094258308, "timescale": 1.667822046034178, "rgb": "#000000", "zyx": [3, 43, 56]}