{"p": 0.362, "barbin": 0, "corr": 0.007785239722579718, "timescale": 4.653187380579566, "rgb": "#000000", "zyx": [14, 70, 27]}