{"p": 0.472, "barbin": 0, "corr": 0.010092923417687416, "timescale": 7.85276447003469, "rgb": "#000000", "zyx": [1, 80, 59]}