{"p": 0.19, "barbin": 0, "corr": 0.04715009778738022, "timescale": 5.239040024395952, "rgb": "#000000", "zyx": [18, 36, 60]}