{"p": 0.933, "barbin": 0, "corr": -0.08823353797197342, "timescale": 1.599129034111807, "rgb": "#000000", "zyx": [9, 71, 53]}