{"p": 0.309, "barbin": 0, "corr": 0.012355170212686062, "timescale": 4.594912057299677, "rgb": "#000000", "zyx": [6, 60, 78]}