{"p": 0.011, "barbin": 1, "corr": 0.1308736950159073, "timescale": 6.1736933968191625, "rgb": "#000000", "zyx": [14, 81, 42]}