{"p": 0.208, "barbin": 0, "corr": 0.047619935125112534, "timescale": 6.156238359194734, "rgb": "#000000", "zyx": [18, 77, 44]}