{"p": 0.326, "barbin": 0, "corr": 0.023420780897140503, "timescale": 5.859613234632737, "rgb": "#000000", "zyx": [11, 47, 36]}