{"p": 0.237, "barbin": 0, "corr": 0.04038539156317711, "timescale": 3.578243309026874, "rgb": "#000000", "zyx": [8, 23, 51]}