{"p": 0.198, "barbin": 0, "corr": 0.04518747702240944, "timescale": 5.777593035619953, "rgb": "#000000", "zyx": [8, 44, 26]}