{"p": 0.0, "barbin": 3, "corr": 0.23526456952095032, "timescale": 7.44926024726389, "rgb": "#000000", "zyx": [17, 39, 31]}