{"p": 0.756, "barbin": 0, "corr": -0.006177629344165325, "timescale": 7.460568840019269, "rgb": "#000000", "zyx": [14, 80, 69]}