{"p": 0.055, "barbin": 0, "corr": 0.0968267172574997, "timescale": 7.001038786604952, "rgb": "#000000", "zyx": [0, 72, 74]}