{"p": 0.573, "barbin": 0, "corr": -0.011243200860917568, "timescale": 4.589043575649466, "rgb": "#000000", "zyx": [5, 41, 38]}