{"p": 0.083, "barbin": 0, "corr": 0.07365147769451141, "timescale": 6.326553802095091, "rgb": "#000000", "zyx": [3, 73, 66]}