{"p": 0.002, "barbin": 1, "corr": 0.13533915579319, "timescale": 5.826191856524852, "rgb": "#000000", "zyx": [17, 42, 70]}