{"p": 0.022, "barbin": 1, "corr": 0.10634046792984009, "timescale": 6.584885358644666, "rgb": "#000000", "zyx": [9, 40, 32]}