{"p": 0.0, "barbin": 3, "corr": 0.23500072956085205, "timescale": 7.398457291011835, "rgb": "#000000", "zyx": [25, 50, 39]}