{"p": 0.0, "barbin": 3, "corr": 0.23373155295848846, "timescale": 6.641663229298566, "rgb": "#000000", "zyx": [19, 58, 36]}