{"p": 0.053, "barbin": 0, "corr": 0.06441648304462433, "timescale": 5.281330363578546, "rgb": "#000000", "zyx": [22, 70, 47]}