{"p": 0.225, "barbin": 0, "corr": 0.04488559067249298, "timescale": 7.581735305403642, "rgb": "#000000", "zyx": [9, 40, 73]}