{"p": 0.11, "barbin": 0, "corr": 0.05649131163954735, "timescale": 7.584589490169908, "rgb": "#000000", "zyx": [20, 28, 51]}