{"p": 0.813, "barbin": 0, "corr": -0.05476563423871994, "timescale": 7.48756796419807, "rgb": "#000000", "zyx": [17, 76, 57]}