{"p": 0.596, "barbin": 0, "corr": -0.012324945069849491, "timescale": 7.180610331252575, "rgb": "#000000", "zyx": [16, 83, 44]}