{"p": 0.039, "barbin": 0, "corr": 0.09321625530719757, "timescale": 4.191244646487811, "rgb": "#000000", "zyx": [22, 50, 57]}