{"p": 0.599, "barbin": 0, "corr": -0.005300602875649929, "timescale": 7.864496878991666, "rgb": "#000000", "zyx": [10, 50, 80]}