{"p": 0.001, "barbin": 2, "corr": 0.19143180549144745, "timescale": 6.7223341108638355, "rgb": "#000000", "zyx": [15, 78, 39]}