{"p": 0.036, "barbin": 0, "corr": 0.08057387918233871, "timescale": 5.9792240031837975, "rgb": "#000000", "zyx": [18, 53, 75]}