{"p": 0.054, "barbin": 0, "corr": 0.09368114918470383, "timescale": 5.49522062430856, "rgb": "#000000", "zyx": [12, 29, 46]}