{"p": 0.847, "barbin": 0, "corr": -0.05831335857510567, "timescale": 5.043283093338056, "rgb": "#000000", "zyx": [10, 67, 33]}