{"p": 0.939, "barbin": 0, "corr": -0.08370478451251984, "timescale": 3.585566809546, "rgb": "#000000", "zyx": [12, 54, 72]}