{"p": 0.464, "barbin": 0, "corr": -0.00013395014684647322, "timescale": 6.584828961871648, "rgb": "#000000", "zyx": [6, 48, 52]}