{"p": 0.087, "barbin": 0, "corr": 0.07494578510522842, "timescale": 2.268503572584256, "rgb": "#000000", "zyx": [16, 49, 75]}