{"p": 0.652, "barbin": 0, "corr": -0.024909257888793945, "timescale": 3.3809157414903037, "rgb": "#000000", "zyx": [21, 65, 41]}