{"p": 0.338, "barbin": 0, "corr": 0.006824505981057882, "timescale": 5.604732816639471, "rgb": "#000000", "zyx": [21, 87, 56]}