{"p": 0.289, "barbin": 0, "corr": 0.030028432607650757, "timescale": 7.45966924024451, "rgb": "#000000", "zyx": [18, 73, 39]}