{"p": 0.75, "barbin": 0, "corr": -0.03240782022476196, "timescale": 8.582128261153727, "rgb": "#000000", "zyx": [2, 46, 37]}