{"p": 0.249, "barbin": 0, "corr": 0.014995744451880455, "timescale": 5.660561931337784, "rgb": "#000000", "zyx": [6, 58, 81]}