{"p": 0.178, "barbin": 0, "corr": 0.05332759767770767, "timescale": 8.044588088355951, "rgb": "#000000", "zyx": [9, 72, 28]}