{"p": 0.608, "barbin": 0, "corr": -0.005358616355806589, "timescale": 7.575659812301428, "rgb": "#000000", "zyx": [8, 31, 45]}