{"p": 0.0, "barbin": 4, "corr": 0.2656867504119873, "timescale": 7.174288749679721, "rgb": "#000000", "zyx": [17, 22, 49]}