{"p": 0.239, "barbin": 0, "corr": 0.040948476642370224, "timescale": 6.094609197566377, "rgb": "#000000", "zyx": [9, 67, 75]}