{"p": 0.464, "barbin": 0, "corr": 0.0015477160923182964, "timescale": 5.259734140052627, "rgb": "#000000", "zyx": [13, 48, 63]}