{"p": 0.922, "barbin": 0, "corr": -0.07468990236520767, "timescale": 5.109329407970976, "rgb": "#000000", "zyx": [20, 47, 51]}