{"p": 0.236, "barbin": 0, "corr": 0.04353445768356323, "timescale": 6.476301694172349, "rgb": "#000000", "zyx": [15, 38, 67]}