{"p": 0.065, "barbin": 0, "corr": 0.05894727632403374, "timescale": 8.36456794050999, "rgb": "#000000", "zyx": [17, 55, 67]}