{"p": 0.969, "barbin": 0, "corr": -0.08110541850328445, "timescale": 2.0272953049308806, "rgb": "#000000", "zyx": [11, 65, 35]}