{"p": 0.976, "barbin": 0, "corr": -0.1129469946026802, "timescale": 7.572093934884462, "rgb": "#000000", "zyx": [2, 44, 67]}