{"p": 0.86, "barbin": 0, "corr": -0.055744435638189316, "timescale": 5.2290950322989955, "rgb": "#000000", "zyx": [8, 38, 65]}