{"p": 0.801, "barbin": 0, "corr": -0.04431089758872986, "timescale": 4.740057464330228, "rgb": "#000000", "zyx": [15, 41, 69]}