{"p": 0.951, "barbin": 0, "corr": -0.09094392508268356, "timescale": 4.628733054990139, "rgb": "#000000", "zyx": [22, 37, 48]}