{"p": 0.327, "barbin": 0, "corr": 0.031196031719446182, "timescale": 2.5880455290240327, "rgb": "#000000", "zyx": [7, 73, 58]}