{"p": 0.711, "barbin": 0, "corr": -0.004475429188460112, "timescale": 7.584202505405188, "rgb": "#000000", "zyx": [18, 82, 49]}