{"p": 0.617, "barbin": 0, "corr": -0.008345852605998516, "timescale": 1.5849625007219186, "rgb": "#000000", "zyx": [6, 95, 57]}