{"p": 0.976, "barbin": 0, "corr": -0.07976734638214111, "timescale": 1.586889113835918, "rgb": "#000000", "zyx": [23, 62, 55]}