{"p": 0.541, "barbin": 0, "corr": -0.004537664353847504, "timescale": 7.583104316115087, "rgb": "#000000", "zyx": [21, 62, 41]}