{"p": 0.086, "barbin": 0, "corr": 0.07837457209825516, "timescale": 3.804769131300808, "rgb": "#000000", "zyx": [11, 37, 39]}