{"p": 0.68, "barbin": 0, "corr": -0.030655261129140854, "timescale": 6.383037947462868, "rgb": "#000000", "zyx": [25, 76, 53]}