{"p": 0.45, "barbin": 0, "corr": 0.006040897220373154, "timescale": 1.5851932153750103, "rgb": "#000000", "zyx": [22, 59, 63]}