{"p": 0.411, "barbin": 0, "corr": 0.01270374283194542, "timescale": 5.387778231667738, "rgb": "#000000", "zyx": [12, 17, 40]}