{"p": 0.003, "barbin": 2, "corr": 0.15408146381378174, "timescale": 6.351247055227841, "rgb": "#000000", "zyx": [7, 65, 74]}