{"p": 0.001, "barbin": 1, "corr": 0.1309485137462616, "timescale": 8.198705680539717, "rgb": "#000000", "zyx": [13, 76, 36]}