{"p": 0.466, "barbin": 0, "corr": 0.0062780193984508514, "timescale": 8.584961819498714, "rgb": "#000000", "zyx": [11, 41, 47]}