{"p": 0.906, "barbin": 0, "corr": -0.07564877718687057, "timescale": 2.6616339296853546, "rgb": "#000000", "zyx": [8, 50, 53]}