{"p": 0.495, "barbin": 0, "corr": 0.00017341459169983864, "timescale": 5.669156020082744, "rgb": "#000000", "zyx": [17, 82, 73]}