{"p": 0.551, "barbin": 0, "corr": -0.00962734129279852, "timescale": 6.584962500721156, "rgb": "#000000", "zyx": [22, 59, 46]}