{"p": 0.261, "barbin": 0, "corr": 0.017891403287649155, "timescale": 4.187348799152863, "rgb": "#000000", "zyx": [14, 58, 48]}