{"p": 0.215, "barbin": 0, "corr": 0.04378955066204071, "timescale": 6.014122097504119, "rgb": "#000000", "zyx": [19, 45, 74]}