{"p": 0.624, "barbin": 0, "corr": -0.018455207347869873, "timescale": 6.806410215660311, "rgb": "#000000", "zyx": [25, 35, 50]}