{"p": 0.987, "barbin": 0, "corr": -0.12407692521810532, "timescale": 3.106796814590633, "rgb": "#000000", "zyx": [18, 66, 34]}