{"p": 0.363, "barbin": 0, "corr": 0.012940676882863045, "timescale": 2.213956290428311, "rgb": "#000000", "zyx": [18, 48, 33]}