{"p": 0.396, "barbin": 0, "corr": 0.007193627767264843, "timescale": 3.5433007876710994, "rgb": "#000000", "zyx": [5, 73, 45]}