{"p": 0.068, "barbin": 0, "corr": 0.08328306674957275, "timescale": 5.2105920592225825, "rgb": "#000000", "zyx": [20, 28, 52]}