{"p": 0.709, "barbin": 0, "corr": -0.025902170687913895, "timescale": 3.6854248626525905, "rgb": "#000000", "zyx": [20, 56, 28]}