{"p": 0.769, "barbin": 0, "corr": -0.029645828530192375, "timescale": 7.4464854482810585, "rgb": "#000000", "zyx": [16, 19, 58]}