{"p": 0.835, "barbin": 0, "corr": -0.00017428600403945893, "timescale": 4.598442176062765, "rgb": "#000000", "zyx": [3, 51, 32]}