{"p": 0.27, "barbin": 0, "corr": 0.03714430704712868, "timescale": 2.5671872769157704, "rgb": "#000000", "zyx": [18, 86, 67]}