{"p": 0.875, "barbin": 0, "corr": -0.06417801976203918, "timescale": 4.0200792832204915, "rgb": "#000000", "zyx": [18, 46, 72]}