{"p": 0.178, "barbin": 0, "corr": 0.05842842161655426, "timescale": 3.71685649139272, "rgb": "#000000", "zyx": [20, 69, 38]}