{"p": 0.344, "barbin": 0, "corr": 0.025859320536255836, "timescale": 7.5714787807316775, "rgb": "#000000", "zyx": [23, 72, 62]}