{"p": 0.762, "barbin": 0, "corr": -0.042588382959365845, "timescale": 1.5849625007233166, "rgb": "#000000", "zyx": [14, 61, 23]}