{"p": 0.206, "barbin": 0, "corr": 0.04795943945646286, "timescale": 7.4555756488567, "rgb": "#000000", "zyx": [3, 56, 25]}