{"p": 0.026, "barbin": 1, "corr": 0.12013255059719086, "timescale": 7.385958485170581, "rgb": "#000000", "zyx": [5, 80, 33]}