{"p": 0.53, "barbin": 0, "corr": -0.0007174995844252408, "timescale": 3.598572308227033, "rgb": "#000000", "zyx": [6, 79, 47]}