{"p": 0.007, "barbin": 1, "corr": 0.12013554573059082, "timescale": 7.571995077063432, "rgb": "#000000", "zyx": [10, 83, 75]}