{"p": 0.011, "barbin": 1, "corr": 0.12535503506660461, "timescale": 6.33883998386841, "rgb": "#000000", "zyx": [20, 41, 50]}