{"p": 0.188, "barbin": 0, "corr": 0.005957657005637884, "timescale": 1.7655497725015112, "rgb": "#000000", "zyx": [5, 64, 79]}