{"p": 0.356, "barbin": 0, "corr": 0.004927667323499918, "timescale": 7.4103937431109745, "rgb": "#000000", "zyx": [17, 89, 47]}