{"p": 0.203, "barbin": 0, "corr": 0.044217079877853394, "timescale": 7.2154584766916, "rgb": "#000000", "zyx": [15, 72, 61]}