{"p": 0.004, "barbin": 2, "corr": 0.15564696490764618, "timescale": 6.298675231786279, "rgb": "#000000", "zyx": [20, 73, 71]}