{"p": 0.084, "barbin": 0, "corr": 0.0772540494799614, "timescale": 8.38197094558087, "rgb": "#000000", "zyx": [8, 61, 75]}