{"p": 0.011, "barbin": 1, "corr": 0.12365251034498215, "timescale": 7.511596711501818, "rgb": "#000000", "zyx": [23, 29, 52]}