{"p": 0.0, "barbin": 0, "corr": 0.09988255798816681, "timescale": 6.517666184058905, "rgb": "#000000", "zyx": [18, 40, 71]}