{"p": 0.362, "barbin": 0, "corr": 0.013451986014842987, "timescale": 3.9319905978708594, "rgb": "#000000", "zyx": [17, 43, 50]}