{"p": 0.482, "barbin": 0, "corr": 0.0035582396667450666, "timescale": 4.205930173599868, "rgb": "#000000", "zyx": [19, 66, 64]}