{"p": 0.668, "barbin": 0, "corr": -0.013282652013003826, "timescale": 4.486143690910387, "rgb": "#000000", "zyx": [2, 86, 51]}