{"p": 0.873, "barbin": 0, "corr": -0.06502165645360947, "timescale": 3.4264636385594827, "rgb": "#000000", "zyx": [1, 88, 60]}