{"p": 0.485, "barbin": 0, "corr": -0.0008363145752809942, "timescale": 6.489573297979503, "rgb": "#000000", "zyx": [22, 74, 46]}