{"p": 0.0, "barbin": 2, "corr": 0.18288204073905945, "timescale": 6.001893528446949, "rgb": "#000000", "zyx": [10, 70, 34]}