{"p": 0.481, "barbin": 0, "corr": 0.007893809117376804, "timescale": 5.583204157904004, "rgb": "#000000", "zyx": [14, 28, 31]}