{"p": 0.334, "barbin": 0, "corr": 0.029053116217255592, "timescale": 4.5839821268814145, "rgb": "#000000", "zyx": [10, 44, 76]}