{"p": 0.02, "barbin": 1, "corr": 0.11819444596767426, "timescale": 8.283174053956934, "rgb": "#000000", "zyx": [14, 30, 53]}