{"p": 0.004, "barbin": 2, "corr": 0.15575072169303894, "timescale": 2.612013711450319, "rgb": "#000000", "zyx": [8, 30, 62]}