{"p": 0.0, "barbin": 3, "corr": 0.20509709417819977, "timescale": 5.644917349235829, "rgb": "#000000", "zyx": [15, 79, 37]}