{"p": 0.244, "barbin": 0, "corr": 0.03895990550518036, "timescale": 6.598265024716858, "rgb": "#000000", "zyx": [10, 84, 54]}