{"p": 0.404, "barbin": 0, "corr": 0.010810171253979206, "timescale": 4.516675309937761, "rgb": "#000000", "zyx": [10, 38, 40]}