{"p": 0.512, "barbin": 0, "corr": -0.0012254063040018082, "timescale": 6.242740749141016, "rgb": "#000000", "zyx": [9, 83, 76]}