{"p": 0.001, "barbin": 0, "corr": 0.0394924134016037, "timescale": 6.584960069897523, "rgb": "#000000", "zyx": [11, 65, 27]}