{"p": 0.395, "barbin": 0, "corr": 0.013750439509749413, "timescale": 2.6693660486578104, "rgb": "#000000", "zyx": [14, 71, 62]}