{"p": 0.07, "barbin": 0, "corr": 0.08454388380050659, "timescale": 5.847574630305186, "rgb": "#000000", "zyx": [2, 64, 37]}