{"p": 0.11, "barbin": 0, "corr": 0.06716924160718918, "timescale": 7.578757384559478, "rgb": "#000000", "zyx": [19, 58, 33]}