{"p": 0.021, "barbin": 1, "corr": 0.1262473464012146, "timescale": 7.362613028551208, "rgb": "#000000", "zyx": [6, 35, 71]}