{"p": 0.958, "barbin": 0, "corr": -0.1008293479681015, "timescale": 3.3161765732610577, "rgb": "#000000", "zyx": [6, 73, 57]}