{"p": 0.59, "barbin": 0, "corr": -0.011962756514549255, "timescale": 5.5856617428791475, "rgb": "#000000", "zyx": [10, 89, 56]}