{"p": 0.43, "barbin": 0, "corr": 0.01148271281272173, "timescale": 2.8255366876135906, "rgb": "#000000", "zyx": [19, 74, 36]}