{"p": 0.96, "barbin": 0, "corr": -0.08912327140569687, "timescale": 5.787071988110055, "rgb": "#000000", "zyx": [24, 56, 53]}