{"p": 0.311, "barbin": 0, "corr": 0.02582516334950924, "timescale": 5.249321418407856, "rgb": "#000000", "zyx": [3, 53, 69]}