{"p": 0.524, "barbin": 0, "corr": -0.001597253605723381, "timescale": 5.921815562378597, "rgb": "#000000", "zyx": [17, 64, 62]}