{"p": 0.0, "barbin": 3, "corr": 0.2032039761543274, "timescale": 6.8571760863087885, "rgb": "#000000", "zyx": [19, 57, 35]}