{"p": 0.0, "barbin": 2, "corr": 0.19356590509414673, "timescale": 6.274749991479071, "rgb": "#000000", "zyx": [14, 87, 40]}