{"p": 0.082, "barbin": 0, "corr": 0.05074167251586914, "timescale": 6.677838387352643, "rgb": "#000000", "zyx": [3, 38, 71]}