{"p": 0.24, "barbin": 0, "corr": 0.009099047631025314, "timescale": 6.353362441189526, "rgb": "#000000", "zyx": [20, 79, 34]}