{"p": 0.119, "barbin": 0, "corr": 0.060446061193943024, "timescale": 7.16227165144609, "rgb": "#000000", "zyx": [4, 89, 54]}