{"p": 0.855, "barbin": 0, "corr": -0.05854378640651703, "timescale": 8.584961808079534, "rgb": "#000000", "zyx": [22, 78, 60]}