{"p": 0.007, "barbin": 1, "corr": 0.14948514103889465, "timescale": 7.6238219947421495, "rgb": "#000000", "zyx": [23, 80, 55]}