{"p": 0.468, "barbin": 0, "corr": 0.0032999785616993904, "timescale": 5.600331854955177, "rgb": "#000000", "zyx": [9, 59, 60]}