{"p": 0.89, "barbin": 0, "corr": -0.0226131659001112, "timescale": 2.7997102930628976, "rgb": "#000000", "zyx": [9, 44, 37]}