{"p": 0.396, "barbin": 0, "corr": 0.011520885862410069, "timescale": 2.4327470835017486, "rgb": "#000000", "zyx": [15, 75, 45]}