{"p": 0.093, "barbin": 0, "corr": 0.0798204094171524, "timescale": 6.949727164164218, "rgb": "#000000", "zyx": [13, 41, 67]}