{"p": 0.905, "barbin": 0, "corr": -0.06215505674481392, "timescale": 5.467502027530204, "rgb": "#000000", "zyx": [16, 53, 49]}