{"p": 0.108, "barbin": 0, "corr": 0.055382296442985535, "timescale": 3.918067968111681, "rgb": "#000000", "zyx": [2, 79, 62]}