{"p": 0.899, "barbin": 0, "corr": -0.07338695228099823, "timescale": 7.82350766771914, "rgb": "#000000", "zyx": [11, 69, 46]}