{"p": 0.99, "barbin": 0, "corr": -0.13418331742286682, "timescale": 4.584960580392149, "rgb": "#000000", "zyx": [24, 35, 40]}