{"p": 0.687, "barbin": 0, "corr": -0.027200862765312195, "timescale": 6.935465434708102, "rgb": "#000000", "zyx": [16, 22, 62]}