{"p": 0.834, "barbin": 0, "corr": -0.058016177266836166, "timescale": 3.417059175855374, "rgb": "#000000", "zyx": [16, 71, 69]}