{"p": 0.302, "barbin": 0, "corr": 0.02652481012046337, "timescale": 4.5793894391563725, "rgb": "#000000", "zyx": [27, 46, 56]}