{"p": 0.29, "barbin": 0, "corr": 0.03189744055271149, "timescale": 7.151502990530628, "rgb": "#000000", "zyx": [7, 30, 46]}