{"p": 0.842, "barbin": 0, "corr": -0.06022288650274277, "timescale": 3.2658021115064337, "rgb": "#000000", "zyx": [15, 29, 56]}