{"p": 0.492, "barbin": 0, "corr": 0.0009681566734798253, "timescale": 7.494147519856725, "rgb": "#000000", "zyx": [8, 92, 67]}