{"p": 1.0, "barbin": 0, "corr": -0.16208575665950775, "timescale": 1.6217861683807084, "rgb": "#000000", "zyx": [14, 70, 51]}