{"p": 0.921, "barbin": 0, "corr": -0.0863136500120163, "timescale": 4.582255398497776, "rgb": "#000000", "zyx": [22, 55, 67]}