{"p": 0.113, "barbin": 0, "corr": 0.06509300321340561, "timescale": 5.435390902584824, "rgb": "#000000", "zyx": [18, 28, 34]}