{"p": 0.525, "barbin": 0, "corr": -0.0026430333964526653, "timescale": 3.5908119662003717, "rgb": "#000000", "zyx": [19, 77, 72]}