{"p": 0.99, "barbin": 0, "corr": -0.0008585397154092789, "timescale": 4.585046243587269, "rgb": "#000000", "zyx": [19, 88, 47]}