{"p": 0.088, "barbin": 0, "corr": 0.07562544196844101, "timescale": 6.344073146460609, "rgb": "#000000", "zyx": [21, 45, 59]}