{"p": 0.018, "barbin": 0, "corr": 0.0042143333703279495, "timescale": 3.518906766864771, "rgb": "#000000", "zyx": [5, 84, 46]}