{"p": 0.848, "barbin": 0, "corr": -0.06203549727797508, "timescale": 4.958004648551747, "rgb": "#000000", "zyx": [16, 76, 38]}