{"p": 0.514, "barbin": 0, "corr": -2.166695412597619e-05, "timescale": 3.0818432028600484, "rgb": "#000000", "zyx": [16, 46, 46]}