{"p": 0.458, "barbin": 0, "corr": 0.006691597867757082, "timescale": 3.919233595698742, "rgb": "#000000", "zyx": [16, 52, 37]}