{"p": 0.012, "barbin": 1, "corr": 0.13894852995872498, "timescale": 7.734372978018934, "rgb": "#000000", "zyx": [8, 37, 40]}