{"p": 0.354, "barbin": 0, "corr": 0.012748846784234047, "timescale": 5.641682033886617, "rgb": "#000000", "zyx": [8, 40, 62]}