{"p": 0.001, "barbin": 2, "corr": 0.19083891808986664, "timescale": 7.117545757941698, "rgb": "#000000", "zyx": [22, 45, 44]}