{"p": 0.014, "barbin": 1, "corr": 0.13092093169689178, "timescale": 4.132413461958621, "rgb": "#000000", "zyx": [5, 47, 46]}