{"p": 0.316, "barbin": 0, "corr": 0.01984114572405815, "timescale": 5.326014972246791, "rgb": "#000000", "zyx": [19, 53, 37]}