{"p": 0.063, "barbin": 0, "corr": 0.032412830740213394, "timescale": 3.5883213676030126, "rgb": "#000000", "zyx": [11, 78, 42]}