{"p": 0.903, "barbin": 0, "corr": -0.01786329224705696, "timescale": 7.58069238086712, "rgb": "#000000", "zyx": [15, 45, 40]}