{"p": 0.923, "barbin": 0, "corr": -0.08315810561180115, "timescale": 5.66325822659509, "rgb": "#000000", "zyx": [6, 39, 67]}