{"p": 0.828, "barbin": 0, "corr": -0.0601583793759346, "timescale": 7.5849658628147605, "rgb": "#000000", "zyx": [21, 55, 65]}