{"p": 0.842, "barbin": 0, "corr": -0.063982293009758, "timescale": 3.5765726696354196, "rgb": "#000000", "zyx": [21, 57, 44]}