{"p": 0.745, "barbin": 0, "corr": -0.03837677836418152, "timescale": 7.584962500721156, "rgb": "#000000", "zyx": [4, 60, 60]}