{"p": 0.418, "barbin": 0, "corr": 0.011610595509409904, "timescale": 8.221954156111401, "rgb": "#000000", "zyx": [6, 45, 26]}