{"p": 0.959, "barbin": 0, "corr": -0.07593045383691788, "timescale": 7.184384884701796, "rgb": "#000000", "zyx": [21, 35, 46]}