{"p": 0.034, "barbin": 1, "corr": 0.10118809342384338, "timescale": 5.734332332584931, "rgb": "#000000", "zyx": [15, 73, 47]}