{"p": 0.0, "barbin": 3, "corr": 0.23845477402210236, "timescale": 6.288329540583536, "rgb": "#000000", "zyx": [10, 71, 77]}