{"p": 0.386, "barbin": 0, "corr": 0.023881927132606506, "timescale": 3.2627871214395663, "rgb": "#000000", "zyx": [14, 61, 77]}