{"p": 0.011, "barbin": 1, "corr": 0.13351108133792877, "timescale": 7.714292345095612, "rgb": "#000000", "zyx": [3, 74, 41]}