{"p": 0.698, "barbin": 0, "corr": -0.02217196300625801, "timescale": 1.5871930745989422, "rgb": "#000000", "zyx": [5, 58, 56]}