{"p": 0.425, "barbin": 0, "corr": 0.008923898451030254, "timescale": 2.723756585697105, "rgb": "#000000", "zyx": [21, 75, 62]}