{"p": 0.0, "barbin": 4, "corr": 0.3564916253089905, "timescale": 7.002333075644188, "rgb": "#000000", "zyx": [13, 80, 53]}