{"p": 0.001, "barbin": 2, "corr": 0.1963452845811844, "timescale": 6.467126054298359, "rgb": "#000000", "zyx": [14, 34, 29]}