{"p": 0.982, "barbin": 0, "corr": -0.12333278357982635, "timescale": 3.5827063108267194, "rgb": "#000000", "zyx": [9, 66, 66]}