{"p": 0.394, "barbin": 0, "corr": 0.02053477056324482, "timescale": 5.584803761456444, "rgb": "#000000", "zyx": [6, 49, 70]}