{"p": 0.425, "barbin": 0, "corr": 0.006560776382684708, "timescale": 1.5853360438707007, "rgb": "#000000", "zyx": [20, 74, 33]}