{"p": 0.286, "barbin": 0, "corr": 0.03335227817296982, "timescale": 5.13846071607967, "rgb": "#000000", "zyx": [7, 39, 59]}