{"p": 0.04, "barbin": 0, "corr": 0.09809273481369019, "timescale": 2.6581563270961115, "rgb": "#000000", "zyx": [17, 88, 42]}