{"p": 0.023, "barbin": 0, "corr": 0.093632772564888, "timescale": 4.012651690785897, "rgb": "#000000", "zyx": [21, 34, 46]}