{"p": 0.277, "barbin": 0, "corr": 0.0403883270919323, "timescale": 5.6524245394833015, "rgb": "#000000", "zyx": [26, 70, 46]}