{"p": 0.683, "barbin": 0, "corr": -0.02567962184548378, "timescale": 3.4699052288857413, "rgb": "#000000", "zyx": [15, 44, 78]}