{"p": 0.029, "barbin": 0, "corr": 0.09616848826408386, "timescale": 6.553154589870357, "rgb": "#000000", "zyx": [17, 25, 34]}