{"p": 0.0, "barbin": 4, "corr": 0.25451773405075073, "timescale": 6.602560222008554, "rgb": "#000000", "zyx": [24, 50, 49]}