{"p": 0.226, "barbin": 0, "corr": 0.04182148724794388, "timescale": 3.763311164747772, "rgb": "#000000", "zyx": [10, 91, 58]}