{"p": 0.493, "barbin": 0, "corr": 2.3704487830400467e-06, "timescale": 5.8898257211912295, "rgb": "#000000", "zyx": [9, 94, 46]}