{"p": 0.841, "barbin": 0, "corr": -0.06043265759944916, "timescale": 5.744077305662344, "rgb": "#000000", "zyx": [15, 76, 34]}