{"p": 0.014, "barbin": 1, "corr": 0.1317378431558609, "timescale": 5.47763114819027, "rgb": "#000000", "zyx": [3, 48, 61]}