{"p": 0.003, "barbin": 1, "corr": 0.13732248544692993, "timescale": 6.030372563197425, "rgb": "#000000", "zyx": [10, 66, 78]}