{"p": 0.08, "barbin": 0, "corr": 0.05402188375592232, "timescale": 4.454728328105002, "rgb": "#000000", "zyx": [19, 63, 71]}