{"p": 0.552, "barbin": 0, "corr": -0.008706320077180862, "timescale": 3.647276304179798, "rgb": "#000000", "zyx": [24, 36, 40]}