{"p": 0.073, "barbin": 0, "corr": 0.0895233154296875, "timescale": 4.162613437731518, "rgb": "#000000", "zyx": [13, 35, 51]}