{"p": 0.795, "barbin": 0, "corr": -0.044439155608415604, "timescale": 8.419319017438974, "rgb": "#000000", "zyx": [7, 76, 65]}