{"p": 0.715, "barbin": 0, "corr": -0.034355975687503815, "timescale": 5.584962500721234, "rgb": "#000000", "zyx": [14, 20, 48]}