{"p": 0.39, "barbin": 0, "corr": 0.015752166509628296, "timescale": 8.18188879987042, "rgb": "#000000", "zyx": [9, 76, 62]}