{"p": 0.0, "barbin": 4, "corr": 0.40092378854751587, "timescale": 6.965202985199492, "rgb": "#000000", "zyx": [4, 73, 77]}