{"p": 0.248, "barbin": 0, "corr": 0.038513679057359695, "timescale": 4.580037237060587, "rgb": "#000000", "zyx": [16, 52, 76]}