{"p": 0.2, "barbin": 0, "corr": 0.04651742801070213, "timescale": 6.831777825112071, "rgb": "#000000", "zyx": [23, 32, 47]}