{"p": 0.364, "barbin": 0, "corr": 0.00011206663475604728, "timescale": 3.924393094375553, "rgb": "#000000", "zyx": [3, 75, 55]}