{"p": 0.663, "barbin": 0, "corr": -0.008518509566783905, "timescale": 6.557103140690033, "rgb": "#000000", "zyx": [19, 33, 35]}