{"p": 0.641, "barbin": 0, "corr": -0.02135637030005455, "timescale": 1.984621817474065, "rgb": "#000000", "zyx": [15, 82, 75]}