{"p": 0.667, "barbin": 0, "corr": -0.02597734145820141, "timescale": 6.522902959736023, "rgb": "#000000", "zyx": [5, 63, 39]}