{"p": 0.247, "barbin": 0, "corr": 0.039080820977687836, "timescale": 4.3553624706536045, "rgb": "#000000", "zyx": [3, 76, 70]}