{"p": 0.004, "barbin": 2, "corr": 0.15759849548339844, "timescale": 6.467406734441912, "rgb": "#000000", "zyx": [21, 28, 59]}