{"p": 0.206, "barbin": 0, "corr": 0.05188414081931114, "timescale": 8.26171248813964, "rgb": "#000000", "zyx": [14, 56, 33]}