{"p": 0.0, "barbin": 3, "corr": 0.224749356508255, "timescale": 7.093333598022341, "rgb": "#000000", "zyx": [19, 76, 34]}