{"p": 0.0, "barbin": 3, "corr": 0.23484832048416138, "timescale": 6.9115334061677025, "rgb": "#000000", "zyx": [13, 76, 31]}