{"p": 0.427, "barbin": 0, "corr": 0.010848745703697205, "timescale": 3.430481496456653, "rgb": "#000000", "zyx": [4, 66, 37]}