{"p": 0.761, "barbin": 0, "corr": -0.04007292538881302, "timescale": 4.286618672748168, "rgb": "#000000", "zyx": [4, 76, 57]}