{"p": 0.82, "barbin": 0, "corr": -0.05197650566697121, "timescale": 6.572929644253664, "rgb": "#000000", "zyx": [2, 68, 25]}