{"p": 0.839, "barbin": 0, "corr": -0.03740532696247101, "timescale": 7.6649279518568285, "rgb": "#000000", "zyx": [4, 48, 55]}