{"p": 0.568, "barbin": 0, "corr": -0.008817882277071476, "timescale": 2.583085185575416, "rgb": "#000000", "zyx": [6, 42, 39]}