{"p": 0.572, "barbin": 0, "corr": -0.013441594317555428, "timescale": 6.4619350815735155, "rgb": "#000000", "zyx": [5, 91, 44]}