{"p": 0.435, "barbin": 0, "corr": 0.0072080534882843494, "timescale": 6.567259037115096, "rgb": "#000000", "zyx": [22, 61, 58]}