{"p": 0.852, "barbin": 0, "corr": -0.05751924216747284, "timescale": 5.229948663337126, "rgb": "#000000", "zyx": [13, 63, 35]}