{"p": 0.494, "barbin": 0, "corr": 0.003820698708295822, "timescale": 2.614982685579844, "rgb": "#000000", "zyx": [10, 77, 55]}