{"p": 0.728, "barbin": 0, "corr": -0.03199969604611397, "timescale": 6.8063319819619394, "rgb": "#000000", "zyx": [23, 70, 57]}