{"p": 0.957, "barbin": 0, "corr": -0.10322999954223633, "timescale": 4.586931550352646, "rgb": "#000000", "zyx": [24, 68, 38]}