{"p": 0.907, "barbin": 0, "corr": -0.07219074666500092, "timescale": 7.585961275765234, "rgb": "#000000", "zyx": [6, 35, 64]}