{"p": 0.713, "barbin": 0, "corr": -0.030902788043022156, "timescale": 4.6075851401433825, "rgb": "#000000", "zyx": [18, 46, 51]}