{"p": 0.689, "barbin": 0, "corr": -0.0068643586710095406, "timescale": 6.3940108334123495, "rgb": "#000000", "zyx": [25, 61, 60]}