{"p": 0.014, "barbin": 1, "corr": 0.1204005628824234, "timescale": 7.961859185073272, "rgb": "#000000", "zyx": [23, 39, 66]}