{"p": 0.364, "barbin": 0, "corr": 0.017977042123675346, "timescale": 4.3876596705487, "rgb": "#000000", "zyx": [14, 77, 67]}