{"p": 0.202, "barbin": 0, "corr": 0.04998169094324112, "timescale": 7.409217282436647, "rgb": "#000000", "zyx": [24, 74, 63]}