{"p": 0.0, "barbin": 4, "corr": 0.3022770285606384, "timescale": 7.627917668807263, "rgb": "#000000", "zyx": [21, 44, 63]}