{"p": 0.258, "barbin": 0, "corr": 0.03435087576508522, "timescale": 3.809239513715621, "rgb": "#000000", "zyx": [14, 53, 67]}