{"p": 0.764, "barbin": 0, "corr": -0.03986923024058342, "timescale": 5.57865151911128, "rgb": "#000000", "zyx": [11, 69, 23]}