{"p": 0.929, "barbin": 0, "corr": -0.07994372397661209, "timescale": 8.57948633189084, "rgb": "#000000", "zyx": [25, 42, 59]}