{"p": 0.316, "barbin": 0, "corr": 0.023098932579159737, "timescale": 4.911354959582198, "rgb": "#000000", "zyx": [23, 55, 71]}