{"p": 0.954, "barbin": 0, "corr": -0.09704070538282394, "timescale": 4.361817932644007, "rgb": "#000000", "zyx": [6, 82, 47]}