{"p": 0.676, "barbin": 0, "corr": -0.022264882922172546, "timescale": 3.5072946452756875, "rgb": "#000000", "zyx": [5, 75, 65]}