{"p": 0.977, "barbin": 0, "corr": -0.11074624210596085, "timescale": 5.967660272018351, "rgb": "#000000", "zyx": [22, 46, 72]}