{"p": 0.329, "barbin": 0, "corr": 0.011162025853991508, "timescale": 8.580585674225174, "rgb": "#000000", "zyx": [8, 80, 51]}