{"p": 0.515, "barbin": 0, "corr": -0.005227390676736832, "timescale": 6.148010402578902, "rgb": "#000000", "zyx": [22, 33, 64]}