{"p": 0.264, "barbin": 0, "corr": 0.021913759410381317, "timescale": 4.238074446959242, "rgb": "#000000", "zyx": [23, 53, 47]}