{"p": 0.87, "barbin": 0, "corr": -0.05930167809128761, "timescale": 5.02527833554613, "rgb": "#000000", "zyx": [12, 68, 37]}