{"p": 0.151, "barbin": 0, "corr": 0.056605927646160126, "timescale": 7.579131340948242, "rgb": "#000000", "zyx": [11, 75, 60]}