{"p": 0.0, "barbin": 4, "corr": 0.3382982909679413, "timescale": 7.145864145568296, "rgb": "#000000", "zyx": [7, 72, 27]}