{"p": 0.049, "barbin": 0, "corr": 0.07503781467676163, "timescale": 6.0736218748957755, "rgb": "#000000", "zyx": [13, 45, 29]}