{"p": 0.49, "barbin": 0, "corr": 0.00036250706762075424, "timescale": 2.324822194690943, "rgb": "#000000", "zyx": [20, 85, 43]}