{"p": 0.819, "barbin": 0, "corr": -0.05315975099802017, "timescale": 4.613235060360308, "rgb": "#000000", "zyx": [21, 38, 46]}