{"p": 0.388, "barbin": 0, "corr": 6.22905427007936e-05, "timescale": 1.5849632926863957, "rgb": "#000000", "zyx": [9, 59, 37]}