{"p": 0.418, "barbin": 0, "corr": 0.001606106641702354, "timescale": 7.581587652773329, "rgb": "#000000", "zyx": [15, 54, 67]}