{"p": 0.417, "barbin": 0, "corr": 0.006036401726305485, "timescale": 3.8043827623100586, "rgb": "#000000", "zyx": [23, 65, 39]}