{"p": 0.442, "barbin": 0, "corr": 0.007489838637411594, "timescale": 6.318204551631927, "rgb": "#000000", "zyx": [11, 84, 75]}