{"p": 0.089, "barbin": 0, "corr": 0.07314284890890121, "timescale": 1.5901557895438632, "rgb": "#000000", "zyx": [19, 46, 56]}