{"p": 0.422, "barbin": 0, "corr": 0.009482424706220627, "timescale": 2.573894197364093, "rgb": "#000000", "zyx": [17, 37, 29]}