{"p": 0.952, "barbin": 0, "corr": -0.08444061875343323, "timescale": 6.813483208636088, "rgb": "#000000", "zyx": [0, 80, 40]}