{"p": 0.112, "barbin": 0, "corr": 0.01686210371553898, "timescale": 4.584796942890243, "rgb": "#000000", "zyx": [21, 38, 33]}