{"p": 0.804, "barbin": 0, "corr": -0.04664770886301994, "timescale": 6.584962500721156, "rgb": "#000000", "zyx": [23, 72, 68]}