{"p": 0.992, "barbin": 0, "corr": -0.14621710777282715, "timescale": 5.35243838145192, "rgb": "#000000", "zyx": [17, 63, 47]}