{"p": 0.083, "barbin": 0, "corr": 0.07381648570299149, "timescale": 8.345691160879952, "rgb": "#000000", "zyx": [19, 27, 53]}