{"p": 0.731, "barbin": 0, "corr": -0.04073323309421539, "timescale": 8.583768830933021, "rgb": "#000000", "zyx": [11, 25, 34]}