{"p": 0.0, "barbin": 4, "corr": 0.2984341084957123, "timescale": 8.584861081046133, "rgb": "#000000", "zyx": [6, 77, 54]}