{"p": 0.493, "barbin": 0, "corr": 1.2323138435021974e-05, "timescale": 4.060331928204115, "rgb": "#000000", "zyx": [5, 55, 79]}