{"p": 0.177, "barbin": 0, "corr": 0.056816741824150085, "timescale": 7.065601207181193, "rgb": "#000000", "zyx": [15, 27, 58]}