{"p": 0.963, "barbin": 0, "corr": -0.10336215794086456, "timescale": 5.53546272592267, "rgb": "#000000", "zyx": [20, 62, 50]}