{"p": 0.753, "barbin": 0, "corr": -0.03481607884168625, "timescale": 3.5849625007211605, "rgb": "#000000", "zyx": [10, 21, 56]}