{"p": 0.002, "barbin": 3, "corr": 0.2097848504781723, "timescale": 6.6774310400524595, "rgb": "#000000", "zyx": [18, 65, 53]}