{"p": 0.068, "barbin": 0, "corr": 0.09277299791574478, "timescale": 5.935452550233555, "rgb": "#000000", "zyx": [14, 66, 54]}