{"p": 0.115, "barbin": 0, "corr": 0.04542031139135361, "timescale": 7.898339280995794, "rgb": "#000000", "zyx": [9, 81, 50]}