{"p": 0.695, "barbin": 0, "corr": -0.0223386287689209, "timescale": 5.712517074244227, "rgb": "#000000", "zyx": [7, 93, 56]}