{"p": 0.776, "barbin": 0, "corr": -0.04393512010574341, "timescale": 8.06133806793118, "rgb": "#000000", "zyx": [11, 30, 34]}