{"p": 0.991, "barbin": 0, "corr": -0.13481155037879944, "timescale": 2.58498866392313, "rgb": "#000000", "zyx": [14, 69, 45]}