{"p": 0.434, "barbin": 0, "corr": 0.005694753956049681, "timescale": 6.584962504442984, "rgb": "#000000", "zyx": [8, 22, 50]}