{"p": 0.759, "barbin": 0, "corr": -0.01643816940486431, "timescale": 5.584962500721156, "rgb": "#000000", "zyx": [3, 43, 59]}