{"p": 0.417, "barbin": 0, "corr": 0.009667226113379002, "timescale": 5.584949737833442, "rgb": "#000000", "zyx": [8, 58, 23]}