{"p": 0.556, "barbin": 0, "corr": -0.010224550031125546, "timescale": 7.354302446145403, "rgb": "#000000", "zyx": [8, 54, 66]}