{"p": 0.368, "barbin": 0, "corr": 0.02494354359805584, "timescale": 2.299662262022943, "rgb": "#000000", "zyx": [10, 29, 31]}