{"p": 0.0, "barbin": 3, "corr": 0.24316823482513428, "timescale": 6.046786405244342, "rgb": "#000000", "zyx": [12, 24, 51]}