{"p": 0.0, "barbin": 2, "corr": 0.17901907861232758, "timescale": 8.524083842513939, "rgb": "#000000", "zyx": [2, 63, 38]}