{"p": 0.86, "barbin": 0, "corr": -0.06315935403108597, "timescale": 1.5937666380168112, "rgb": "#000000", "zyx": [9, 27, 68]}