{"p": 0.997, "barbin": 0, "corr": -0.1730334758758545, "timescale": 6.502455647827253, "rgb": "#000000", "zyx": [0, 79, 58]}