{"p": 0.0, "barbin": 4, "corr": 0.26575106382369995, "timescale": 7.3839968704557295, "rgb": "#000000", "zyx": [12, 74, 50]}