{"p": 0.424, "barbin": 0, "corr": 0.009945426136255264, "timescale": 6.537023278300604, "rgb": "#000000", "zyx": [13, 89, 70]}