{"p": 0.589, "barbin": 0, "corr": -0.010435586795210838, "timescale": 6.6806066985426265, "rgb": "#000000", "zyx": [6, 81, 50]}