{"p": 0.236, "barbin": 0, "corr": 0.0015748994192108512, "timescale": 2.583544862360409, "rgb": "#000000", "zyx": [3, 90, 68]}