{"p": 0.467, "barbin": 0, "corr": 0.01054976973682642, "timescale": 8.494891615802523, "rgb": "#000000", "zyx": [17, 88, 64]}