{"p": 0.0, "barbin": 4, "corr": 0.25750184059143066, "timescale": 7.765066530724465, "rgb": "#000000", "zyx": [22, 54, 41]}