{"p": 0.091, "barbin": 0, "corr": 0.017991986125707626, "timescale": 3.4164457669600825, "rgb": "#000000", "zyx": [17, 46, 38]}