{"p": 0.309, "barbin": 0, "corr": 0.023120269179344177, "timescale": 7.583048327394946, "rgb": "#000000", "zyx": [23, 40, 37]}