{"p": 0.763, "barbin": 0, "corr": -0.027036253362894058, "timescale": 7.5910855528531025, "rgb": "#000000", "zyx": [15, 64, 35]}