{"p": 0.474, "barbin": 0, "corr": 0.0038759945891797543, "timescale": 7.568344187668141, "rgb": "#000000", "zyx": [10, 36, 62]}