{"p": 0.059, "barbin": 0, "corr": 0.07547862827777863, "timescale": 6.187085691145367, "rgb": "#000000", "zyx": [16, 31, 42]}