{"p": 0.107, "barbin": 0, "corr": 0.02734147384762764, "timescale": 8.549961904275305, "rgb": "#000000", "zyx": [21, 25, 44]}