{"p": 0.248, "barbin": 0, "corr": 0.03127948194742203, "timescale": 5.64444735252963, "rgb": "#000000", "zyx": [16, 33, 36]}