{"p": 0.351, "barbin": 0, "corr": 0.02646329067647457, "timescale": 2.397035833856045, "rgb": "#000000", "zyx": [20, 61, 43]}