{"p": 0.003, "barbin": 0, "corr": 0.0733196958899498, "timescale": 3.377162932397035, "rgb": "#000000", "zyx": [12, 46, 36]}