{"p": 0.0, "barbin": 4, "corr": 0.2591177523136139, "timescale": 7.037967689991315, "rgb": "#000000", "zyx": [13, 46, 28]}