{"p": 0.287, "barbin": 0, "corr": 0.03459569811820984, "timescale": 6.030524789421806, "rgb": "#000000", "zyx": [5, 88, 39]}