{"p": 0.11, "barbin": 0, "corr": 0.06823816895484924, "timescale": 6.457651751207147, "rgb": "#000000", "zyx": [3, 89, 56]}