{"p": 0.77, "barbin": 0, "corr": -0.008774694986641407, "timescale": 6.584962615139154, "rgb": "#000000", "zyx": [15, 47, 75]}