{"p": 0.91, "barbin": 0, "corr": -0.05030161887407303, "timescale": 5.585753955515391, "rgb": "#000000", "zyx": [3, 56, 76]}