{"p": 0.64, "barbin": 0, "corr": -0.020650025457143784, "timescale": 3.5849579823935085, "rgb": "#000000", "zyx": [21, 69, 38]}