{"p": 0.789, "barbin": 0, "corr": -0.009175707586109638, "timescale": 3.586083114122746, "rgb": "#000000", "zyx": [20, 36, 65]}