{"p": 0.913, "barbin": 0, "corr": -0.07963399589061737, "timescale": 5.584962500721156, "rgb": "#000000", "zyx": [0, 77, 60]}