{"p": 0.0, "barbin": 4, "corr": 0.26407620310783386, "timescale": 6.75960253764996, "rgb": "#000000", "zyx": [23, 33, 44]}