{"p": 0.699, "barbin": 0, "corr": -0.0342828594148159, "timescale": 6.5003625202332955, "rgb": "#000000", "zyx": [20, 23, 53]}