{"p": 0.342, "barbin": 0, "corr": 6.237184425117448e-05, "timescale": 1.5856004593935744, "rgb": "#000000", "zyx": [7, 62, 55]}