{"p": 0.354, "barbin": 0, "corr": 0.019708553329110146, "timescale": 3.584962500721156, "rgb": "#000000", "zyx": [15, 26, 68]}