{"p": 0.558, "barbin": 0, "corr": -0.006437848322093487, "timescale": 6.238716475049129, "rgb": "#000000", "zyx": [5, 52, 32]}