{"p": 0.416, "barbin": 0, "corr": 0.013252859003841877, "timescale": 5.372869806821828, "rgb": "#000000", "zyx": [4, 88, 59]}