{"p": 0.148, "barbin": 0, "corr": 0.055258478969335556, "timescale": 7.403299520270879, "rgb": "#000000", "zyx": [25, 56, 62]}