{"p": 0.365, "barbin": 0, "corr": 0.019462766125798225, "timescale": 4.588209448387601, "rgb": "#000000", "zyx": [23, 52, 55]}