{"p": 0.027, "barbin": 1, "corr": 0.1120714470744133, "timescale": 6.590404649291256, "rgb": "#000000", "zyx": [15, 86, 71]}