{"p": 0.829, "barbin": 0, "corr": -0.05081227794289589, "timescale": 4.397902686348365, "rgb": "#000000", "zyx": [12, 75, 44]}