{"p": 0.993, "barbin": 0, "corr": -0.13537511229515076, "timescale": 4.58491720900264, "rgb": "#000000", "zyx": [1, 90, 62]}