{"p": 0.0, "barbin": 4, "corr": 0.2545270025730133, "timescale": 6.107194642310576, "rgb": "#000000", "zyx": [14, 81, 64]}