{"p": 0.452, "barbin": 0, "corr": 0.006645822897553444, "timescale": 4.145248160227372, "rgb": "#000000", "zyx": [0, 83, 50]}