{"p": 0.785, "barbin": 0, "corr": -0.04426879808306694, "timescale": 4.584962500721156, "rgb": "#000000", "zyx": [15, 77, 29]}