{"p": 0.007, "barbin": 1, "corr": 0.13530121743679047, "timescale": 6.7609071061072274, "rgb": "#000000", "zyx": [6, 66, 75]}