{"p": 0.679, "barbin": 0, "corr": -0.02552681788802147, "timescale": 1.8317637135928786, "rgb": "#000000", "zyx": [18, 18, 51]}