{"p": 0.377, "barbin": 0, "corr": 3.775863297050819e-05, "timescale": 1.5852624711833054, "rgb": "#000000", "zyx": [7, 53, 50]}