{"p": 0.791, "barbin": 0, "corr": -0.0474814847111702, "timescale": 7.584959233655697, "rgb": "#000000", "zyx": [22, 57, 47]}