{"p": 0.146, "barbin": 0, "corr": 0.06551211327314377, "timescale": 1.8973984461737394, "rgb": "#000000", "zyx": [4, 53, 70]}