{"p": 0.452, "barbin": 0, "corr": 0.004409785848110914, "timescale": 3.2952042039003224, "rgb": "#000000", "zyx": [12, 28, 31]}