{"p": 0.491, "barbin": 0, "corr": 0.00031139038037508726, "timescale": 6.594653815606329, "rgb": "#000000", "zyx": [5, 86, 33]}