{"p": 0.003, "barbin": 1, "corr": 0.1402805745601654, "timescale": 6.75386492378906, "rgb": "#000000", "zyx": [9, 56, 70]}