{"p": 0.188, "barbin": 0, "corr": 0.0071491701528429985, "timescale": 4.593675778406272, "rgb": "#000000", "zyx": [14, 45, 51]}