{"p": 0.687, "barbin": 0, "corr": -0.027908312156796455, "timescale": 2.4957995193331786, "rgb": "#000000", "zyx": [9, 82, 45]}