{"p": 0.0, "barbin": 2, "corr": 0.19001169502735138, "timescale": 6.492785841263014, "rgb": "#000000", "zyx": [7, 48, 30]}