{"p": 0.739, "barbin": 0, "corr": -0.005725987255573273, "timescale": 3.2827706384812814, "rgb": "#000000", "zyx": [5, 49, 47]}