{"p": 0.529, "barbin": 0, "corr": -0.005729475058615208, "timescale": 5.590951958496013, "rgb": "#000000", "zyx": [11, 79, 62]}