{"p": 0.34, "barbin": 0, "corr": 0.02349064126610756, "timescale": 4.95866090996177, "rgb": "#000000", "zyx": [3, 64, 61]}