{"p": 0.013, "barbin": 1, "corr": 0.1205333024263382, "timescale": 5.422219628332023, "rgb": "#000000", "zyx": [15, 28, 35]}