{"p": 0.363, "barbin": 0, "corr": 0.017358772456645966, "timescale": 4.41182125832394, "rgb": "#000000", "zyx": [8, 77, 56]}