{"p": 0.363, "barbin": 0, "corr": 0.018793310970067978, "timescale": 8.575486858435307, "rgb": "#000000", "zyx": [22, 71, 70]}