{"p": 0.966, "barbin": 0, "corr": -0.1032840758562088, "timescale": 1.584962500721156, "rgb": "#000000", "zyx": [13, 67, 46]}