{"p": 0.0, "barbin": 3, "corr": 0.23217536509037018, "timescale": 7.222273423979006, "rgb": "#000000", "zyx": [26, 49, 46]}