{"p": 0.064, "barbin": 0, "corr": 0.047757528722286224, "timescale": 3.5802510519586135, "rgb": "#000000", "zyx": [2, 49, 64]}