{"p": 0.804, "barbin": 0, "corr": -0.018004070967435837, "timescale": 5.529972936698005, "rgb": "#000000", "zyx": [11, 66, 49]}