{"p": 0.675, "barbin": 0, "corr": -0.017486274242401123, "timescale": 3.9899332028887793, "rgb": "#000000", "zyx": [2, 69, 65]}