{"p": 0.977, "barbin": 0, "corr": -0.09594006836414337, "timescale": 7.539004375216125, "rgb": "#000000", "zyx": [17, 21, 53]}