{"p": 0.227, "barbin": 0, "corr": 0.03583262115716934, "timescale": 3.5652929642605957, "rgb": "#000000", "zyx": [6, 75, 49]}