{"p": 0.01, "barbin": 1, "corr": 0.1410202980041504, "timescale": 4.736055053060264, "rgb": "#000000", "zyx": [12, 62, 81]}