{"p": 0.144, "barbin": 0, "corr": 0.03265654295682907, "timescale": 4.583973093586611, "rgb": "#000000", "zyx": [22, 50, 39]}