{"p": 0.683, "barbin": 0, "corr": -0.019536787644028664, "timescale": 5.586274950190068, "rgb": "#000000", "zyx": [8, 63, 46]}