{"p": 0.206, "barbin": 0, "corr": 0.02883949503302574, "timescale": 8.21788794874444, "rgb": "#000000", "zyx": [22, 56, 51]}