{"p": 0.234, "barbin": 0, "corr": 0.050322432070970535, "timescale": 4.44674276945821, "rgb": "#000000", "zyx": [22, 55, 59]}