{"p": 0.1, "barbin": 0, "corr": 0.05479513853788376, "timescale": 6.316651277003798, "rgb": "#000000", "zyx": [18, 67, 36]}