{"p": 0.355, "barbin": 0, "corr": 0.021596848964691162, "timescale": 8.572416836102942, "rgb": "#000000", "zyx": [16, 39, 50]}