{"p": 0.352, "barbin": 0, "corr": 0.021233845502138138, "timescale": 6.3713048729148305, "rgb": "#000000", "zyx": [2, 75, 54]}