{"p": 0.267, "barbin": 0, "corr": 0.020773541182279587, "timescale": 6.635416759259816, "rgb": "#000000", "zyx": [8, 48, 27]}