{"p": 0.745, "barbin": 0, "corr": -0.032190173864364624, "timescale": 5.006724724305829, "rgb": "#000000", "zyx": [20, 84, 49]}