{"p": 0.058, "barbin": 0, "corr": 0.09524223953485489, "timescale": 5.058728419669752, "rgb": "#000000", "zyx": [10, 75, 72]}