{"p": 0.075, "barbin": 0, "corr": 0.07264112681150436, "timescale": 6.426555533381934, "rgb": "#000000", "zyx": [19, 56, 28]}