{"p": 0.566, "barbin": 0, "corr": -0.007023317739367485, "timescale": 8.559375315681025, "rgb": "#000000", "zyx": [18, 62, 44]}