{"p": 0.765, "barbin": 0, "corr": -0.03866954520344734, "timescale": 3.5873630664592575, "rgb": "#000000", "zyx": [21, 39, 51]}