{"p": 0.907, "barbin": 0, "corr": -0.06859904527664185, "timescale": 4.6044384423272255, "rgb": "#000000", "zyx": [3, 75, 65]}