{"p": 0.108, "barbin": 0, "corr": 0.07514160871505737, "timescale": 6.498029585715264, "rgb": "#000000", "zyx": [19, 63, 77]}