{"p": 0.947, "barbin": 0, "corr": -0.09476673603057861, "timescale": 7.506793624812212, "rgb": "#000000", "zyx": [6, 80, 65]}