{"p": 0.637, "barbin": 0, "corr": -0.014847745187580585, "timescale": 4.0875447876132425, "rgb": "#000000", "zyx": [7, 35, 67]}