{"p": 0.793, "barbin": 0, "corr": -0.032084885984659195, "timescale": 8.130711439582132, "rgb": "#000000", "zyx": [23, 79, 53]}