{"p": 0.502, "barbin": 0, "corr": -0.002072365954518318, "timescale": 3.8623180133914383, "rgb": "#000000", "zyx": [27, 56, 42]}