{"p": 0.165, "barbin": 0, "corr": 0.060075096786022186, "timescale": 3.8706643056366086, "rgb": "#000000", "zyx": [24, 79, 58]}