{"p": 0.353, "barbin": 0, "corr": 0.019916146993637085, "timescale": 5.719947301276806, "rgb": "#000000", "zyx": [18, 44, 70]}