{"p": 0.037, "barbin": 0, "corr": 0.09615195542573929, "timescale": 6.569938895505085, "rgb": "#000000", "zyx": [10, 47, 31]}