{"p": 0.463, "barbin": 0, "corr": 0.0076138596050441265, "timescale": 3.0411120059633, "rgb": "#000000", "zyx": [4, 70, 64]}