{"p": 0.708, "barbin": 0, "corr": -0.029249954968690872, "timescale": 4.545013663419757, "rgb": "#000000", "zyx": [18, 58, 46]}