{"p": 0.359, "barbin": 0, "corr": 0.01955874264240265, "timescale": 8.584592180838754, "rgb": "#000000", "zyx": [5, 36, 65]}