{"p": 0.114, "barbin": 0, "corr": 0.037323497235774994, "timescale": 5.494262490826866, "rgb": "#000000", "zyx": [4, 90, 48]}