{"p": 0.986, "barbin": 0, "corr": -0.11587295681238174, "timescale": 8.584962500721156, "rgb": "#000000", "zyx": [2, 45, 31]}