{"p": 0.162, "barbin": 0, "corr": 0.04414389654994011, "timescale": 3.6280034899625595, "rgb": "#000000", "zyx": [12, 76, 26]}