{"p": 0.348, "barbin": 0, "corr": 0.01824980229139328, "timescale": 8.385685842276677, "rgb": "#000000", "zyx": [16, 60, 40]}