{"p": 0.0, "barbin": 2, "corr": 0.18178477883338928, "timescale": 6.1990709930422, "rgb": "#000000", "zyx": [13, 32, 73]}