{"p": 0.679, "barbin": 0, "corr": -0.028305191546678543, "timescale": 3.5849620787296597, "rgb": "#000000", "zyx": [3, 66, 43]}