{"p": 0.028, "barbin": 0, "corr": 0.07669830322265625, "timescale": 6.585959361298208, "rgb": "#000000", "zyx": [11, 43, 53]}