{"p": 0.288, "barbin": 0, "corr": 0.027997538447380066, "timescale": 7.336320847837852, "rgb": "#000000", "zyx": [12, 30, 34]}