{"p": 0.178, "barbin": 0, "corr": 0.05384793505072594, "timescale": 8.109712917143085, "rgb": "#000000", "zyx": [13, 80, 35]}