{"p": 0.038, "barbin": 0, "corr": 0.018303677439689636, "timescale": 4.601056813920958, "rgb": "#000000", "zyx": [3, 49, 67]}