{"p": 0.753, "barbin": 0, "corr": -0.04000602290034294, "timescale": 3.762119255825258, "rgb": "#000000", "zyx": [2, 53, 29]}