{"p": 0.0, "barbin": 4, "corr": 0.30101725459098816, "timescale": 7.192223728941365, "rgb": "#000000", "zyx": [8, 49, 30]}