{"p": 0.952, "barbin": 0, "corr": -0.05278361588716507, "timescale": 3.9364095116927666, "rgb": "#000000", "zyx": [0, 83, 36]}