{"p": 0.015, "barbin": 1, "corr": 0.11780426651239395, "timescale": 6.906997152518271, "rgb": "#000000", "zyx": [5, 68, 63]}