{"p": 0.287, "barbin": 0, "corr": 0.03464329242706299, "timescale": 7.515715722212834, "rgb": "#000000", "zyx": [19, 19, 46]}