{"p": 0.309, "barbin": 0, "corr": 0.029171474277973175, "timescale": 7.29474110841155, "rgb": "#000000", "zyx": [22, 62, 44]}