{"p": 0.168, "barbin": 0, "corr": 0.03992263600230217, "timescale": 6.135172862497657, "rgb": "#000000", "zyx": [6, 68, 42]}