{"p": 0.056, "barbin": 0, "corr": 0.09181257337331772, "timescale": 6.6767935920900054, "rgb": "#000000", "zyx": [7, 48, 58]}