{"p": 0.236, "barbin": 0, "corr": 0.03217579796910286, "timescale": 2.583680180749849, "rgb": "#000000", "zyx": [15, 49, 72]}