{"p": 0.35, "barbin": 0, "corr": 0.01684538647532463, "timescale": 2.665182984851353, "rgb": "#000000", "zyx": [4, 39, 46]}