{"p": 0.49, "barbin": 0, "corr": 0.002367587760090828, "timescale": 5.5849627124182, "rgb": "#000000", "zyx": [14, 73, 45]}