{"p": 0.929, "barbin": 0, "corr": -0.08063534647226334, "timescale": 7.171155806423291, "rgb": "#000000", "zyx": [22, 80, 47]}