{"p": 0.099, "barbin": 0, "corr": 0.0680585652589798, "timescale": 7.686520308530623, "rgb": "#000000", "zyx": [13, 29, 33]}