{"p": 0.012, "barbin": 2, "corr": 0.15479038655757904, "timescale": 4.927649503967988, "rgb": "#000000", "zyx": [14, 87, 66]}