{"p": 0.332, "barbin": 0, "corr": 0.020384177565574646, "timescale": 8.393821895547989, "rgb": "#000000", "zyx": [11, 49, 36]}