{"p": 0.32, "barbin": 0, "corr": 0.02572113275527954, "timescale": 8.584495491085864, "rgb": "#000000", "zyx": [12, 57, 36]}