{"p": 0.995, "barbin": 0, "corr": -0.14886870980262756, "timescale": 6.59398083536668, "rgb": "#000000", "zyx": [19, 78, 55]}