{"p": 0.0, "barbin": 4, "corr": 0.29665690660476685, "timescale": 7.184626848926185, "rgb": "#000000", "zyx": [25, 47, 44]}