{"p": 0.044, "barbin": 0, "corr": 0.08713049441576004, "timescale": 6.313828327097316, "rgb": "#000000", "zyx": [3, 78, 73]}