{"p": 0.457, "barbin": 0, "corr": 0.007660909555852413, "timescale": 4.408441771974279, "rgb": "#000000", "zyx": [24, 68, 70]}