{"p": 0.518, "barbin": 0, "corr": 0.0030017830431461334, "timescale": 5.470738689475441, "rgb": "#000000", "zyx": [10, 33, 36]}