{"p": 0.856, "barbin": 0, "corr": -0.01768578588962555, "timescale": 1.7995529389677667, "rgb": "#000000", "zyx": [18, 49, 47]}