{"p": 0.322, "barbin": 0, "corr": 0.02775704301893711, "timescale": 7.49051364406467, "rgb": "#000000", "zyx": [11, 42, 62]}