{"p": 0.869, "barbin": 0, "corr": -0.0003516963915899396, "timescale": 5.5844437862358385, "rgb": "#000000", "zyx": [13, 84, 74]}