{"p": 0.569, "barbin": 0, "corr": -0.013758018612861633, "timescale": 6.874328556491292, "rgb": "#000000", "zyx": [23, 36, 37]}