{"p": 0.888, "barbin": 0, "corr": -0.08043169230222702, "timescale": 3.5942164715228744, "rgb": "#000000", "zyx": [14, 20, 55]}