{"p": 0.001, "barbin": 2, "corr": 0.17752261459827423, "timescale": 8.584318657213997, "rgb": "#000000", "zyx": [18, 73, 32]}