{"p": 0.182, "barbin": 0, "corr": 0.05333023518323898, "timescale": 7.318109125044276, "rgb": "#000000", "zyx": [19, 34, 67]}