{"p": 0.356, "barbin": 0, "corr": 0.02168114110827446, "timescale": 7.584938551966916, "rgb": "#000000", "zyx": [3, 52, 68]}