{"p": 0.137, "barbin": 0, "corr": 0.06735125929117203, "timescale": 7.274267709579373, "rgb": "#000000", "zyx": [14, 84, 50]}