{"p": 0.451, "barbin": 0, "corr": 0.007233719807118177, "timescale": 5.9611863086837555, "rgb": "#000000", "zyx": [3, 86, 64]}