{"p": 0.196, "barbin": 0, "corr": 0.038188640028238297, "timescale": 4.430666622118824, "rgb": "#000000", "zyx": [8, 89, 53]}