{"p": 0.521, "barbin": 0, "corr": -0.0035745117347687483, "timescale": 2.606798246723706, "rgb": "#000000", "zyx": [4, 69, 44]}