{"p": 0.099, "barbin": 0, "corr": 0.08041130751371384, "timescale": 4.385859225921168, "rgb": "#000000", "zyx": [11, 38, 63]}