{"p": 0.484, "barbin": 0, "corr": -0.0002830383600667119, "timescale": 4.181199478956954, "rgb": "#000000", "zyx": [13, 53, 41]}