{"p": 0.311, "barbin": 0, "corr": 0.0077530634589493275, "timescale": 5.600556257230369, "rgb": "#000000", "zyx": [6, 38, 55]}