{"p": 0.001, "barbin": 4, "corr": 0.3119519054889679, "timescale": 6.848011501347429, "rgb": "#000000", "zyx": [6, 40, 29]}