{"p": 0.578, "barbin": 0, "corr": -0.003284126054495573, "timescale": 4.5733424325864505, "rgb": "#000000", "zyx": [17, 61, 55]}