{"p": 0.924, "barbin": 0, "corr": -0.07089292258024216, "timescale": 3.6800882949918137, "rgb": "#000000", "zyx": [10, 64, 27]}