{"p": 0.406, "barbin": 0, "corr": 0.017655372619628906, "timescale": 8.181121543191667, "rgb": "#000000", "zyx": [7, 75, 67]}