{"p": 0.568, "barbin": 0, "corr": -0.009653854183852673, "timescale": 6.032592448770112, "rgb": "#000000", "zyx": [5, 84, 70]}