{"p": 0.521, "barbin": 0, "corr": -0.004163767211139202, "timescale": 3.588350582122146, "rgb": "#000000", "zyx": [22, 35, 66]}