{"p": 0.698, "barbin": 0, "corr": -0.0249929279088974, "timescale": 5.755357793074657, "rgb": "#000000", "zyx": [16, 20, 48]}