{"p": 0.025, "barbin": 1, "corr": 0.11477497220039368, "timescale": 8.344090359887398, "rgb": "#000000", "zyx": [7, 70, 53]}