{"p": 0.051, "barbin": 0, "corr": 0.06949439644813538, "timescale": 5.544818756773546, "rgb": "#000000", "zyx": [8, 74, 49]}