{"p": 0.115, "barbin": 0, "corr": 0.06606858223676682, "timescale": 8.36965377416855, "rgb": "#000000", "zyx": [10, 30, 69]}