{"p": 0.36, "barbin": 0, "corr": 0.014242423698306084, "timescale": 3.540235111328538, "rgb": "#000000", "zyx": [5, 81, 59]}