{"p": 0.515, "barbin": 0, "corr": 0.0031811771914362907, "timescale": 7.584962554864725, "rgb": "#000000", "zyx": [11, 72, 59]}