{"p": 0.955, "barbin": 0, "corr": -0.10396558791399002, "timescale": 7.336528989402081, "rgb": "#000000", "zyx": [2, 66, 28]}