{"p": 0.0, "barbin": 4, "corr": 0.27981916069984436, "timescale": 6.847416290158514, "rgb": "#000000", "zyx": [17, 53, 64]}