{"p": 0.004, "barbin": 1, "corr": 0.14856714010238647, "timescale": 5.559718069199602, "rgb": "#000000", "zyx": [11, 22, 47]}