{"p": 0.892, "barbin": 0, "corr": -0.05047256126999855, "timescale": 8.578382173944966, "rgb": "#000000", "zyx": [10, 73, 31]}