{"p": 0.768, "barbin": 0, "corr": -0.03646855801343918, "timescale": 8.432594123740108, "rgb": "#000000", "zyx": [5, 63, 38]}