{"p": 0.766, "barbin": 0, "corr": -0.043866947293281555, "timescale": 4.584964543659739, "rgb": "#000000", "zyx": [8, 84, 69]}