{"p": 0.168, "barbin": 0, "corr": 0.053698860108852386, "timescale": 8.58259782991348, "rgb": "#000000", "zyx": [25, 77, 54]}