{"p": 0.544, "barbin": 0, "corr": -0.005757373291999102, "timescale": 1.602423564799518, "rgb": "#000000", "zyx": [8, 30, 58]}