{"p": 0.126, "barbin": 0, "corr": 0.0682964026927948, "timescale": 7.460290924116648, "rgb": "#000000", "zyx": [13, 67, 65]}