{"p": 0.026, "barbin": 1, "corr": 0.1162039265036583, "timescale": 5.88465374492731, "rgb": "#000000", "zyx": [26, 66, 51]}