{"p": 0.0, "barbin": 4, "corr": 0.3135313391685486, "timescale": 6.370700196770286, "rgb": "#000000", "zyx": [18, 28, 54]}