{"p": 0.498, "barbin": 0, "corr": 0.0004666802124120295, "timescale": 1.603200652727287, "rgb": "#000000", "zyx": [19, 79, 66]}