{"p": 0.671, "barbin": 0, "corr": -0.007245663087815046, "timescale": 8.56863106124171, "rgb": "#000000", "zyx": [15, 66, 69]}