{"p": 0.339, "barbin": 0, "corr": 0.023820094764232635, "timescale": 7.8904479599015716, "rgb": "#000000", "zyx": [18, 86, 66]}