{"p": 0.0, "barbin": 3, "corr": 0.23048652708530426, "timescale": 6.970697825772212, "rgb": "#000000", "zyx": [20, 34, 65]}