{"p": 0.0, "barbin": 2, "corr": 0.18271327018737793, "timescale": 6.969515221463167, "rgb": "#000000", "zyx": [11, 75, 50]}