{"p": 0.832, "barbin": 0, "corr": -0.057515699416399, "timescale": 1.621565589127847, "rgb": "#000000", "zyx": [8, 74, 44]}