{"p": 0.0, "barbin": 4, "corr": 0.4411890506744385, "timescale": 6.348128776730252, "rgb": "#000000", "zyx": [15, 39, 69]}