{"p": 0.267, "barbin": 0, "corr": 0.03541136533021927, "timescale": 7.368273825864759, "rgb": "#000000", "zyx": [1, 79, 55]}