{"p": 0.144, "barbin": 0, "corr": 0.008984807878732681, "timescale": 2.258493595570906, "rgb": "#000000", "zyx": [20, 58, 59]}