{"p": 0.022, "barbin": 1, "corr": 0.11783049255609512, "timescale": 7.342563312750659, "rgb": "#000000", "zyx": [25, 61, 52]}