{"p": 0.271, "barbin": 0, "corr": 0.032794706523418427, "timescale": 4.477253371678512, "rgb": "#000000", "zyx": [9, 55, 77]}