{"p": 0.009, "barbin": 1, "corr": 0.131284698843956, "timescale": 4.1705946093142785, "rgb": "#000000", "zyx": [17, 84, 44]}