{"p": 0.737, "barbin": 0, "corr": -0.03147337585687637, "timescale": 2.5062867923256587, "rgb": "#000000", "zyx": [6, 57, 42]}