{"p": 0.092, "barbin": 0, "corr": 0.07871188223361969, "timescale": 4.580066079922854, "rgb": "#000000", "zyx": [16, 85, 44]}