{"p": 0.786, "barbin": 0, "corr": -0.047173526138067245, "timescale": 8.584962507566765, "rgb": "#000000", "zyx": [10, 51, 44]}