{"p": 0.187, "barbin": 0, "corr": 0.054130472242832184, "timescale": 4.074307788224636, "rgb": "#000000", "zyx": [8, 71, 70]}