{"p": 0.434, "barbin": 0, "corr": 0.0007477857288904488, "timescale": 4.047784882106747, "rgb": "#000000", "zyx": [20, 21, 53]}