{"p": 0.714, "barbin": 0, "corr": -0.019313054159283638, "timescale": 7.387962777389823, "rgb": "#000000", "zyx": [23, 77, 66]}