{"p": 0.076, "barbin": 0, "corr": 0.07833289355039597, "timescale": 7.5133437764790685, "rgb": "#000000", "zyx": [7, 35, 54]}