{"p": 0.157, "barbin": 0, "corr": 0.0605853796005249, "timescale": 3.271317655777645, "rgb": "#000000", "zyx": [1, 72, 72]}