{"p": 0.253, "barbin": 0, "corr": 0.030387816950678825, "timescale": 6.204322633026547, "rgb": "#000000", "zyx": [18, 81, 47]}