{"p": 0.373, "barbin": 0, "corr": 0.01630680449306965, "timescale": 6.278196615972099, "rgb": "#000000", "zyx": [8, 38, 45]}