{"p": 0.001, "barbin": 1, "corr": 0.11006714403629303, "timescale": 5.881423983579856, "rgb": "#000000", "zyx": [16, 20, 47]}