{"p": 0.759, "barbin": 0, "corr": -0.0071264090947806835, "timescale": 4.826486004978358, "rgb": "#000000", "zyx": [5, 93, 40]}