{"p": 0.0, "barbin": 3, "corr": 0.2233242690563202, "timescale": 7.324768231363787, "rgb": "#000000", "zyx": [15, 53, 32]}