{"p": 0.297, "barbin": 0, "corr": 0.024865929037332535, "timescale": 4.598038688533953, "rgb": "#000000", "zyx": [15, 73, 43]}