{"p": 0.116, "barbin": 0, "corr": 0.07035360485315323, "timescale": 8.574913897127189, "rgb": "#000000", "zyx": [11, 37, 57]}