{"p": 0.057, "barbin": 0, "corr": 0.017721811309456825, "timescale": 3.114496307320614, "rgb": "#000000", "zyx": [9, 68, 60]}