{"p": 0.007, "barbin": 1, "corr": 0.1380891352891922, "timescale": 3.9602735265874136, "rgb": "#000000", "zyx": [11, 72, 42]}