{"p": 0.01, "barbin": 1, "corr": 0.1349124163389206, "timescale": 5.977194660080405, "rgb": "#000000", "zyx": [23, 57, 40]}