{"p": 0.361, "barbin": 0, "corr": 0.012434140779078007, "timescale": 5.261420722354816, "rgb": "#000000", "zyx": [14, 35, 61]}