{"p": 0.0, "barbin": 2, "corr": 0.1618088036775589, "timescale": 6.426677883664896, "rgb": "#000000", "zyx": [18, 80, 66]}