{"p": 0.06, "barbin": 0, "corr": 0.06911860406398773, "timescale": 7.582393232191941, "rgb": "#000000", "zyx": [5, 54, 67]}