{"p": 0.119, "barbin": 0, "corr": 0.06580610573291779, "timescale": 3.654462357974088, "rgb": "#000000", "zyx": [10, 52, 30]}