{"p": 0.857, "barbin": 0, "corr": -0.06714476644992828, "timescale": 4.584962500721156, "rgb": "#000000", "zyx": [22, 67, 64]}