{"p": 0.605, "barbin": 0, "corr": -0.010089299641549587, "timescale": 7.273653699546992, "rgb": "#000000", "zyx": [4, 59, 37]}