{"p": 0.0, "barbin": 2, "corr": 0.19974461197853088, "timescale": 6.888103784081297, "rgb": "#000000", "zyx": [10, 79, 68]}