{"p": 0.384, "barbin": 0, "corr": 0.016221972182393074, "timescale": 3.5551358459285995, "rgb": "#000000", "zyx": [19, 21, 59]}