{"p": 0.138, "barbin": 0, "corr": 0.06348581612110138, "timescale": 4.58313268753442, "rgb": "#000000", "zyx": [8, 31, 52]}