{"p": 0.897, "barbin": 0, "corr": -0.0003864181926473975, "timescale": 4.560143604246747, "rgb": "#000000", "zyx": [18, 62, 28]}