{"p": 0.18, "barbin": 0, "corr": 0.056746795773506165, "timescale": 6.801356630228678, "rgb": "#000000", "zyx": [12, 40, 65]}