{"p": 0.948, "barbin": 0, "corr": -0.03729664161801338, "timescale": 6.584590430733296, "rgb": "#000000", "zyx": [3, 35, 39]}