{"p": 0.0, "barbin": 2, "corr": 0.19489365816116333, "timescale": 5.22601394718905, "rgb": "#000000", "zyx": [14, 59, 35]}