{"p": 0.169, "barbin": 0, "corr": 0.04715238884091377, "timescale": 2.5906741387198284, "rgb": "#000000", "zyx": [15, 76, 44]}