{"p": 0.002, "barbin": 2, "corr": 0.19245712459087372, "timescale": 6.99265175748645, "rgb": "#000000", "zyx": [22, 36, 43]}