{"p": 0.225, "barbin": 0, "corr": 0.04483351483941078, "timescale": 8.04683376808751, "rgb": "#000000", "zyx": [17, 56, 35]}