{"p": 0.002, "barbin": 2, "corr": 0.1776902973651886, "timescale": 7.569958367731729, "rgb": "#000000", "zyx": [2, 79, 53]}