{"p": 0.613, "barbin": 0, "corr": -0.016938183456659317, "timescale": 1.5851948956203856, "rgb": "#000000", "zyx": [10, 20, 46]}