{"p": 0.061, "barbin": 0, "corr": 0.05453510954976082, "timescale": 4.345778318499811, "rgb": "#000000", "zyx": [14, 49, 74]}