{"p": 0.2, "barbin": 0, "corr": 0.017768608406186104, "timescale": 3.723425217669961, "rgb": "#000000", "zyx": [12, 64, 75]}