{"p": 0.988, "barbin": 0, "corr": -0.1068839281797409, "timescale": 3.584962500721156, "rgb": "#000000", "zyx": [8, 64, 47]}