{"p": 0.26, "barbin": 0, "corr": 0.0408950075507164, "timescale": 6.357556185319284, "rgb": "#000000", "zyx": [10, 16, 52]}