{"p": 0.129, "barbin": 0, "corr": 0.0674872174859047, "timescale": 7.279653739043147, "rgb": "#000000", "zyx": [21, 43, 36]}