{"p": 0.034, "barbin": 0, "corr": 0.017246568575501442, "timescale": 3.4336196263023817, "rgb": "#000000", "zyx": [23, 60, 52]}