{"p": 0.027, "barbin": 0, "corr": 0.03044978715479374, "timescale": 4.589796794462703, "rgb": "#000000", "zyx": [17, 29, 46]}