{"p": 0.978, "barbin": 0, "corr": -0.11398418992757797, "timescale": 7.350974268744593, "rgb": "#000000", "zyx": [5, 94, 43]}