{"p": 0.0, "barbin": 1, "corr": 0.11890610307455063, "timescale": 4.063584308265996, "rgb": "#000000", "zyx": [9, 63, 31]}