{"p": 0.229, "barbin": 0, "corr": 0.032492317259311676, "timescale": 5.2526852914253706, "rgb": "#000000", "zyx": [6, 50, 69]}