{"p": 0.459, "barbin": 0, "corr": 0.00031102640787139535, "timescale": 4.620873843790623, "rgb": "#000000", "zyx": [3, 82, 72]}