{"p": 0.926, "barbin": 0, "corr": -0.07857972383499146, "timescale": 6.50003545352587, "rgb": "#000000", "zyx": [8, 90, 47]}