{"p": 0.014, "barbin": 1, "corr": 0.1289311647415161, "timescale": 5.464675726844197, "rgb": "#000000", "zyx": [20, 57, 73]}