{"p": 0.865, "barbin": 0, "corr": -0.06580270826816559, "timescale": 2.7718518784056747, "rgb": "#000000", "zyx": [2, 89, 51]}