{"p": 0.997, "barbin": 0, "corr": -0.17504718899726868, "timescale": 5.584962500721156, "rgb": "#000000", "zyx": [9, 67, 63]}