{"p": 0.13, "barbin": 0, "corr": 0.06806088238954544, "timescale": 7.5527895694277065, "rgb": "#000000", "zyx": [9, 62, 81]}