{"p": 0.478, "barbin": 0, "corr": 0.0026594081427901983, "timescale": 5.541482895824783, "rgb": "#000000", "zyx": [10, 72, 35]}