{"p": 0.623, "barbin": 0, "corr": -0.00011425679258536547, "timescale": 6.7580392023335545, "rgb": "#000000", "zyx": [9, 49, 61]}