{"p": 0.273, "barbin": 0, "corr": 0.031508468091487885, "timescale": 6.742342881529651, "rgb": "#000000", "zyx": [18, 71, 47]}