{"p": 0.21, "barbin": 0, "corr": 0.047860220074653625, "timescale": 4.210271814141919, "rgb": "#000000", "zyx": [16, 23, 45]}