{"p": 0.364, "barbin": 0, "corr": 0.01948891580104828, "timescale": 6.607524205873302, "rgb": "#000000", "zyx": [17, 77, 63]}