{"p": 0.619, "barbin": 0, "corr": -0.015135584399104118, "timescale": 8.584962500721156, "rgb": "#000000", "zyx": [9, 39, 72]}