{"p": 0.972, "barbin": 0, "corr": -0.11287710070610046, "timescale": 6.652983140834535, "rgb": "#000000", "zyx": [6, 65, 72]}