{"p": 0.822, "barbin": 0, "corr": -0.04782360419631004, "timescale": 5.585326093744706, "rgb": "#000000", "zyx": [9, 82, 38]}