{"p": 0.74, "barbin": 0, "corr": -0.03781478852033615, "timescale": 2.5849791466492853, "rgb": "#000000", "zyx": [9, 27, 48]}