{"p": 0.312, "barbin": 0, "corr": 0.03310729190707207, "timescale": 7.22714675022135, "rgb": "#000000", "zyx": [12, 71, 52]}