{"p": 0.099, "barbin": 0, "corr": 0.059328243136405945, "timescale": 7.06667546874052, "rgb": "#000000", "zyx": [4, 91, 55]}