{"p": 0.036, "barbin": 0, "corr": 0.09032980352640152, "timescale": 6.8628947495061805, "rgb": "#000000", "zyx": [6, 84, 57]}