{"p": 0.347, "barbin": 0, "corr": 0.010593382641673088, "timescale": 4.597513920506285, "rgb": "#000000", "zyx": [4, 67, 59]}