{"p": 0.774, "barbin": 0, "corr": -0.03908582776784897, "timescale": 6.503606991111054, "rgb": "#000000", "zyx": [8, 61, 82]}