{"p": 0.555, "barbin": 0, "corr": -0.006287331227213144, "timescale": 7.586518020239279, "rgb": "#000000", "zyx": [19, 41, 53]}