{"p": 0.808, "barbin": 0, "corr": -0.04915093630552292, "timescale": 3.584962500721156, "rgb": "#000000", "zyx": [9, 51, 33]}