{"p": 0.431, "barbin": 0, "corr": 0.012229467742145061, "timescale": 5.64235199426123, "rgb": "#000000", "zyx": [18, 71, 60]}