{"p": 0.0, "barbin": 4, "corr": 0.2766544222831726, "timescale": 7.5440852736545665, "rgb": "#000000", "zyx": [22, 46, 38]}