{"p": 0.0, "barbin": 4, "corr": 0.2677587866783142, "timescale": 7.500293087632314, "rgb": "#000000", "zyx": [14, 42, 30]}