{"p": 0.522, "barbin": 0, "corr": -0.0015897732228040695, "timescale": 6.688960855022571, "rgb": "#000000", "zyx": [10, 90, 46]}