{"p": 0.277, "barbin": 0, "corr": 0.034342918545007706, "timescale": 5.585779370158544, "rgb": "#000000", "zyx": [17, 50, 62]}