{"p": 0.745, "barbin": 0, "corr": -0.036807697266340256, "timescale": 8.584962537329263, "rgb": "#000000", "zyx": [4, 40, 61]}