{"p": 0.936, "barbin": 0, "corr": -0.0871463194489479, "timescale": 3.0121261140118682, "rgb": "#000000", "zyx": [21, 54, 29]}