{"p": 0.407, "barbin": 0, "corr": 0.009991282597184181, "timescale": 7.069064132506052, "rgb": "#000000", "zyx": [3, 61, 35]}