{"p": 0.0, "barbin": 3, "corr": 0.2147693634033203, "timescale": 6.635553745205291, "rgb": "#000000", "zyx": [14, 43, 74]}