{"p": 0.693, "barbin": 0, "corr": -0.004260860849171877, "timescale": 2.5849628847206145, "rgb": "#000000", "zyx": [15, 48, 63]}