{"p": 0.252, "barbin": 0, "corr": 0.0430760383605957, "timescale": 4.90587329651026, "rgb": "#000000", "zyx": [6, 43, 71]}