{"p": 0.316, "barbin": 0, "corr": 0.025292638689279556, "timescale": 8.584898714726961, "rgb": "#000000", "zyx": [9, 86, 74]}