{"p": 1.0, "barbin": 0, "corr": -0.2069682776927948, "timescale": 1.646733473870594, "rgb": "#000000", "zyx": [20, 71, 57]}