{"p": 0.018, "barbin": 1, "corr": 0.12514230608940125, "timescale": 6.882106896826905, "rgb": "#000000", "zyx": [24, 68, 67]}