{"p": 0.585, "barbin": 0, "corr": -0.007403649389743805, "timescale": 8.143183023987849, "rgb": "#000000", "zyx": [3, 81, 28]}