{"p": 0.745, "barbin": 0, "corr": -0.0383334681391716, "timescale": 4.647505092682661, "rgb": "#000000", "zyx": [26, 49, 58]}