{"p": 0.908, "barbin": 0, "corr": -0.060427721589803696, "timescale": 8.55390190925785, "rgb": "#000000", "zyx": [6, 60, 46]}