{"p": 0.794, "barbin": 0, "corr": -0.049841348081827164, "timescale": 6.3755780161908815, "rgb": "#000000", "zyx": [19, 60, 57]}