{"p": 0.212, "barbin": 0, "corr": 0.049377940595149994, "timescale": 6.970810830189719, "rgb": "#000000", "zyx": [13, 51, 73]}