{"p": 0.003, "barbin": 2, "corr": 0.16310209035873413, "timescale": 6.563987847260644, "rgb": "#000000", "zyx": [9, 74, 52]}