{"p": 0.917, "barbin": 0, "corr": -0.0823824554681778, "timescale": 1.5849974505284463, "rgb": "#000000", "zyx": [8, 52, 34]}