{"p": 0.376, "barbin": 0, "corr": 0.01960691437125206, "timescale": 4.4385360066343695, "rgb": "#000000", "zyx": [18, 60, 37]}