{"p": 0.0, "barbin": 4, "corr": 0.36601004004478455, "timescale": 7.179315687743711, "rgb": "#000000", "zyx": [16, 36, 63]}