{"p": 0.677, "barbin": 0, "corr": -0.02808212675154209, "timescale": 6.576283856205612, "rgb": "#000000", "zyx": [6, 75, 73]}