{"p": 0.115, "barbin": 0, "corr": 0.0003905709891114384, "timescale": 4.027357582661084, "rgb": "#000000", "zyx": [11, 89, 37]}