{"p": 0.216, "barbin": 0, "corr": 0.03778146952390671, "timescale": 6.449072129358624, "rgb": "#000000", "zyx": [7, 30, 44]}