{"p": 0.62, "barbin": 0, "corr": -0.012985031120479107, "timescale": 3.166429358698088, "rgb": "#000000", "zyx": [4, 74, 51]}