{"p": 0.459, "barbin": 0, "corr": 0.0050740921869874, "timescale": 4.920068276777341, "rgb": "#000000", "zyx": [23, 55, 46]}