{"p": 0.296, "barbin": 0, "corr": 0.026175936684012413, "timescale": 2.827772458544662, "rgb": "#000000", "zyx": [13, 33, 76]}