{"p": 0.569, "barbin": 0, "corr": -0.012751929461956024, "timescale": 5.947105037437506, "rgb": "#000000", "zyx": [3, 73, 80]}