{"p": 0.038, "barbin": 1, "corr": 0.10527243465185165, "timescale": 7.356199847768894, "rgb": "#000000", "zyx": [23, 30, 55]}