{"p": 0.225, "barbin": 0, "corr": 0.04864814877510071, "timescale": 8.044209410283514, "rgb": "#000000", "zyx": [14, 62, 70]}