{"p": 0.173, "barbin": 0, "corr": 0.028935285285115242, "timescale": 4.843678639963326, "rgb": "#000000", "zyx": [9, 46, 38]}