{"p": 0.121, "barbin": 0, "corr": 0.06959747523069382, "timescale": 6.446306595616841, "rgb": "#000000", "zyx": [19, 70, 61]}