{"p": 0.086, "barbin": 0, "corr": 0.07579467445611954, "timescale": 6.886693637690327, "rgb": "#000000", "zyx": [17, 23, 57]}