{"p": 0.039, "barbin": 1, "corr": 0.10322272777557373, "timescale": 7.3400904295397105, "rgb": "#000000", "zyx": [22, 46, 43]}