{"p": 0.225, "barbin": 0, "corr": 0.042212460190057755, "timescale": 6.698783398736946, "rgb": "#000000", "zyx": [15, 77, 30]}