{"p": 0.0, "barbin": 2, "corr": 0.18912042677402496, "timescale": 6.919629178465847, "rgb": "#000000", "zyx": [9, 56, 26]}