{"p": 0.0, "barbin": 4, "corr": 0.3715896010398865, "timescale": 6.307453145506627, "rgb": "#000000", "zyx": [16, 39, 69]}