{"p": 0.776, "barbin": 0, "corr": -0.04399072378873825, "timescale": 2.7208517668848002, "rgb": "#000000", "zyx": [21, 64, 53]}