{"p": 0.265, "barbin": 0, "corr": 0.033011700958013535, "timescale": 4.998460111405443, "rgb": "#000000", "zyx": [12, 70, 35]}