{"p": 0.048, "barbin": 0, "corr": 0.09298096597194672, "timescale": 6.227069264230739, "rgb": "#000000", "zyx": [10, 80, 32]}