{"p": 0.953, "barbin": 0, "corr": -0.09603161364793777, "timescale": 7.584997636371663, "rgb": "#000000", "zyx": [14, 44, 65]}