{"p": 0.53, "barbin": 0, "corr": -0.0015495566185563803, "timescale": 4.126569087718255, "rgb": "#000000", "zyx": [14, 51, 71]}