{"p": 0.0, "barbin": 4, "corr": 0.3855959475040436, "timescale": 7.107610016573579, "rgb": "#000000", "zyx": [5, 71, 76]}