{"p": 0.626, "barbin": 0, "corr": -0.011393845081329346, "timescale": 8.574920299171385, "rgb": "#000000", "zyx": [10, 52, 65]}