{"p": 0.671, "barbin": 0, "corr": -0.009915140457451344, "timescale": 4.584962548046568, "rgb": "#000000", "zyx": [8, 53, 24]}