{"p": 0.41, "barbin": 0, "corr": 0.018347209319472313, "timescale": 6.332910606466453, "rgb": "#000000", "zyx": [13, 85, 41]}