{"p": 0.141, "barbin": 0, "corr": 0.06313789635896683, "timescale": 7.297045928274295, "rgb": "#000000", "zyx": [2, 71, 73]}