{"p": 0.225, "barbin": 0, "corr": 0.039871204644441605, "timescale": 7.928395807773948, "rgb": "#000000", "zyx": [24, 79, 57]}