{"p": 0.914, "barbin": 0, "corr": -0.05544456094503403, "timescale": 6.389752118658913, "rgb": "#000000", "zyx": [19, 39, 41]}