{"p": 0.54, "barbin": 0, "corr": -0.0038822339847683907, "timescale": 4.126329420661287, "rgb": "#000000", "zyx": [15, 67, 72]}