{"p": 0.224, "barbin": 0, "corr": 0.047827064990997314, "timescale": 7.928526382768239, "rgb": "#000000", "zyx": [17, 45, 45]}