{"p": 0.054, "barbin": 0, "corr": 0.08623937517404556, "timescale": 7.2393085002845545, "rgb": "#000000", "zyx": [9, 52, 77]}