{"p": 0.463, "barbin": 0, "corr": 0.003961110487580299, "timescale": 8.116833600967913, "rgb": "#000000", "zyx": [14, 92, 53]}