{"p": 0.613, "barbin": 0, "corr": -0.015132922679185867, "timescale": 3.584962741412614, "rgb": "#000000", "zyx": [25, 76, 50]}