{"p": 0.543, "barbin": 0, "corr": -0.007563209161162376, "timescale": 3.5869362956902706, "rgb": "#000000", "zyx": [18, 65, 61]}