{"p": 0.111, "barbin": 0, "corr": 0.07109254598617554, "timescale": 6.59067174366332, "rgb": "#000000", "zyx": [6, 69, 82]}