{"p": 0.853, "barbin": 0, "corr": -0.05126399174332619, "timescale": 3.6278469260958017, "rgb": "#000000", "zyx": [20, 50, 59]}