{"p": 0.291, "barbin": 0, "corr": 0.019363360479474068, "timescale": 6.715956820636928, "rgb": "#000000", "zyx": [19, 79, 64]}