{"p": 0.013, "barbin": 0, "corr": 0.09211018681526184, "timescale": 6.141832368557328, "rgb": "#000000", "zyx": [10, 52, 32]}