{"p": 0.869, "barbin": 0, "corr": -0.011167480610311031, "timescale": 3.863184316927523, "rgb": "#000000", "zyx": [8, 44, 77]}