{"p": 0.012, "barbin": 1, "corr": 0.13689595460891724, "timescale": 6.46068366130631, "rgb": "#000000", "zyx": [16, 49, 70]}