{"p": 0.884, "barbin": 0, "corr": -0.0014385596150532365, "timescale": 6.651083770965434, "rgb": "#000000", "zyx": [11, 73, 43]}