{"p": 0.052, "barbin": 1, "corr": 0.10394254326820374, "timescale": 6.7210185856195, "rgb": "#000000", "zyx": [9, 90, 67]}