{"p": 0.815, "barbin": 0, "corr": -0.05677856132388115, "timescale": 8.572916148764621, "rgb": "#000000", "zyx": [23, 60, 43]}