{"p": 0.102, "barbin": 0, "corr": 0.03614797815680504, "timescale": 7.3509885367619185, "rgb": "#000000", "zyx": [4, 76, 30]}