{"p": 0.728, "barbin": 0, "corr": -0.03286110609769821, "timescale": 5.118157527370996, "rgb": "#000000", "zyx": [3, 74, 32]}