{"p": 0.162, "barbin": 0, "corr": 0.05617731437087059, "timescale": 4.635043836601758, "rgb": "#000000", "zyx": [21, 73, 33]}