{"p": 0.0, "barbin": 4, "corr": 0.39001595973968506, "timescale": 7.111133497400717, "rgb": "#000000", "zyx": [11, 36, 36]}