{"p": 0.099, "barbin": 0, "corr": 0.07643257081508636, "timescale": 6.610112565902023, "rgb": "#000000", "zyx": [17, 81, 72]}