{"p": 0.178, "barbin": 0, "corr": 0.0434921495616436, "timescale": 6.198932944055124, "rgb": "#000000", "zyx": [13, 59, 56]}