{"p": 0.078, "barbin": 0, "corr": 0.08525089919567108, "timescale": 8.091344944279488, "rgb": "#000000", "zyx": [3, 77, 35]}