{"p": 0.844, "barbin": 0, "corr": -0.027729015797376633, "timescale": 5.125457641648247, "rgb": "#000000", "zyx": [9, 71, 66]}