{"p": 0.314, "barbin": 0, "corr": 0.02389492094516754, "timescale": 5.6011699781032025, "rgb": "#000000", "zyx": [8, 89, 56]}