{"p": 0.896, "barbin": 0, "corr": -0.06054382771253586, "timescale": 6.047886033109423, "rgb": "#000000", "zyx": [17, 21, 45]}