{"p": 0.001, "barbin": 1, "corr": 0.14574693143367767, "timescale": 8.42896191616089, "rgb": "#000000", "zyx": [21, 34, 36]}