{"p": 0.929, "barbin": 0, "corr": -0.08860176056623459, "timescale": 6.233798981844201, "rgb": "#000000", "zyx": [19, 47, 73]}