{"p": 0.011, "barbin": 1, "corr": 0.13792859017848969, "timescale": 7.256418072000919, "rgb": "#000000", "zyx": [10, 90, 66]}