{"p": 0.899, "barbin": 0, "corr": -0.07339224219322205, "timescale": 3.438226764203143, "rgb": "#000000", "zyx": [11, 17, 41]}