{"p": 0.654, "barbin": 0, "corr": -0.01514508668333292, "timescale": 8.195838153081885, "rgb": "#000000", "zyx": [7, 51, 28]}