{"p": 0.048, "barbin": 0, "corr": 0.08907493203878403, "timescale": 6.235586491692967, "rgb": "#000000", "zyx": [20, 29, 50]}