{"p": 0.533, "barbin": 0, "corr": -0.002362621948122978, "timescale": 7.648418337784858, "rgb": "#000000", "zyx": [15, 64, 59]}