{"p": 0.738, "barbin": 0, "corr": -0.03574324771761894, "timescale": 6.161035651639673, "rgb": "#000000", "zyx": [2, 45, 65]}