{"p": 0.0, "barbin": 4, "corr": 0.2690502405166626, "timescale": 7.303740554509916, "rgb": "#000000", "zyx": [19, 36, 42]}