{"p": 0.465, "barbin": 0, "corr": 0.0075589739717543125, "timescale": 3.3463530714114667, "rgb": "#000000", "zyx": [10, 31, 69]}