{"p": 0.544, "barbin": 0, "corr": -0.008721050806343555, "timescale": 6.58496250073226, "rgb": "#000000", "zyx": [0, 89, 54]}