{"p": 0.786, "barbin": 0, "corr": -0.0430920235812664, "timescale": 5.673844265644018, "rgb": "#000000", "zyx": [2, 72, 41]}