{"p": 0.758, "barbin": 0, "corr": -0.04177837446331978, "timescale": 8.542110305888203, "rgb": "#000000", "zyx": [24, 52, 44]}