{"p": 0.218, "barbin": 0, "corr": 0.011818543076515198, "timescale": 7.579425650443735, "rgb": "#000000", "zyx": [6, 44, 61]}