{"p": 0.9, "barbin": 0, "corr": -0.07665107399225235, "timescale": 4.580728718715582, "rgb": "#000000", "zyx": [18, 78, 49]}