{"p": 0.083, "barbin": 0, "corr": 0.08412860333919525, "timescale": 1.6840723506755904, "rgb": "#000000", "zyx": [23, 55, 72]}