{"p": 0.617, "barbin": 0, "corr": -0.011468484997749329, "timescale": 2.721083575636593, "rgb": "#000000", "zyx": [11, 60, 23]}