{"p": 0.038, "barbin": 0, "corr": 0.09657109528779984, "timescale": 6.582304015216183, "rgb": "#000000", "zyx": [20, 72, 51]}