{"p": 0.137, "barbin": 0, "corr": 0.06628060340881348, "timescale": 7.410763906571551, "rgb": "#000000", "zyx": [4, 91, 64]}