{"p": 0.23, "barbin": 0, "corr": 0.03377920389175415, "timescale": 5.824037875252167, "rgb": "#000000", "zyx": [18, 62, 26]}