{"p": 0.006, "barbin": 2, "corr": 0.16243623197078705, "timescale": 8.58254616538937, "rgb": "#000000", "zyx": [16, 28, 47]}