{"p": 0.037, "barbin": 0, "corr": 0.09839101135730743, "timescale": 5.244769694538036, "rgb": "#000000", "zyx": [8, 81, 71]}