{"p": 0.311, "barbin": 0, "corr": 0.032243289053440094, "timescale": 1.6570409639123675, "rgb": "#000000", "zyx": [7, 27, 54]}