{"p": 0.162, "barbin": 0, "corr": 0.026474030688405037, "timescale": 6.141722290307224, "rgb": "#000000", "zyx": [6, 38, 48]}