{"p": 0.0, "barbin": 4, "corr": 0.2785741686820984, "timescale": 6.5798458942479225, "rgb": "#000000", "zyx": [22, 58, 70]}