{"p": 0.473, "barbin": 0, "corr": 0.0025120603386312723, "timescale": 4.9898732466792275, "rgb": "#000000", "zyx": [7, 25, 52]}