{"p": 0.166, "barbin": 0, "corr": 0.04612738639116287, "timescale": 7.480865701859361, "rgb": "#000000", "zyx": [11, 83, 31]}