{"p": 0.889, "barbin": 0, "corr": -0.0685727670788765, "timescale": 4.5755116788849675, "rgb": "#000000", "zyx": [22, 66, 54]}