{"p": 0.418, "barbin": 0, "corr": 0.009548036381602287, "timescale": 4.709734734646078, "rgb": "#000000", "zyx": [9, 78, 67]}