{"p": 0.704, "barbin": 0, "corr": -0.027352074161171913, "timescale": 6.557123445362066, "rgb": "#000000", "zyx": [21, 72, 35]}