{"p": 0.268, "barbin": 0, "corr": 0.036573559045791626, "timescale": 8.580275513725867, "rgb": "#000000", "zyx": [21, 40, 56]}