{"p": 0.101, "barbin": 0, "corr": 0.031317152082920074, "timescale": 6.620581566357327, "rgb": "#000000", "zyx": [10, 62, 26]}