{"p": 0.674, "barbin": 0, "corr": -0.0001582026161486283, "timescale": 2.6511901854869113, "rgb": "#000000", "zyx": [13, 55, 32]}