{"p": 0.017, "barbin": 1, "corr": 0.1305285543203354, "timescale": 5.79513450585115, "rgb": "#000000", "zyx": [20, 33, 52]}