{"p": 0.006, "barbin": 1, "corr": 0.14144526422023773, "timescale": 7.782511300298489, "rgb": "#000000", "zyx": [13, 34, 30]}