{"p": 0.193, "barbin": 0, "corr": 0.03870142996311188, "timescale": 7.093268314849388, "rgb": "#000000", "zyx": [15, 33, 47]}