{"p": 0.153, "barbin": 0, "corr": 0.055053215473890305, "timescale": 4.08660409406149, "rgb": "#000000", "zyx": [16, 67, 32]}