{"p": 0.003, "barbin": 2, "corr": 0.1564139723777771, "timescale": 6.235316181737171, "rgb": "#000000", "zyx": [20, 57, 74]}