{"p": 0.564, "barbin": 0, "corr": -0.008051051758229733, "timescale": 6.045167398637917, "rgb": "#000000", "zyx": [14, 38, 37]}