{"p": 0.858, "barbin": 0, "corr": -0.0603153258562088, "timescale": 3.5849625011679733, "rgb": "#000000", "zyx": [6, 59, 71]}