{"p": 0.277, "barbin": 0, "corr": 0.03858855366706848, "timescale": 2.2903955507131446, "rgb": "#000000", "zyx": [10, 69, 74]}