{"p": 0.005, "barbin": 2, "corr": 0.16423532366752625, "timescale": 1.6995785658874125, "rgb": "#000000", "zyx": [23, 74, 69]}