{"p": 0.017, "barbin": 1, "corr": 0.10590104013681412, "timescale": 6.400441987973565, "rgb": "#000000", "zyx": [22, 74, 50]}