{"p": 0.044, "barbin": 1, "corr": 0.10008110851049423, "timescale": 7.434663509785292, "rgb": "#000000", "zyx": [11, 23, 39]}