{"p": 0.0, "barbin": 2, "corr": 0.1809772551059723, "timescale": 7.00230305522619, "rgb": "#000000", "zyx": [18, 72, 52]}