{"p": 0.132, "barbin": 0, "corr": 0.05299956351518631, "timescale": 5.757484377665455, "rgb": "#000000", "zyx": [14, 84, 49]}