{"p": 0.002, "barbin": 2, "corr": 0.15799261629581451, "timescale": 6.580875883399827, "rgb": "#000000", "zyx": [9, 88, 68]}