{"p": 0.331, "barbin": 0, "corr": 0.02275889739394188, "timescale": 5.544675480149218, "rgb": "#000000", "zyx": [3, 49, 77]}