{"p": 0.001, "barbin": 3, "corr": 0.21068784594535828, "timescale": 6.64546483289961, "rgb": "#000000", "zyx": [19, 36, 41]}