{"p": 0.85, "barbin": 0, "corr": -0.059316348284482956, "timescale": 8.584962500721156, "rgb": "#000000", "zyx": [7, 43, 68]}