{"p": 0.99, "barbin": 0, "corr": -0.13752995431423187, "timescale": 2.977312075363226, "rgb": "#000000", "zyx": [4, 85, 47]}