{"p": 0.021, "barbin": 0, "corr": 0.08084236830472946, "timescale": 6.277763511084875, "rgb": "#000000", "zyx": [12, 38, 30]}