{"p": 0.933, "barbin": 0, "corr": -0.08350922912359238, "timescale": 3.584962500721156, "rgb": "#000000", "zyx": [5, 41, 44]}