{"p": 0.16, "barbin": 0, "corr": 0.05708694830536842, "timescale": 4.5897037953104185, "rgb": "#000000", "zyx": [9, 69, 23]}