{"p": 0.236, "barbin": 0, "corr": 0.03713088482618332, "timescale": 8.28228650155967, "rgb": "#000000", "zyx": [13, 66, 64]}