{"p": 0.0, "barbin": 3, "corr": 0.21287387609481812, "timescale": 6.759816410304658, "rgb": "#000000", "zyx": [6, 70, 80]}