{"p": 0.707, "barbin": 0, "corr": -0.029558373615145683, "timescale": 4.519968055754164, "rgb": "#000000", "zyx": [12, 70, 73]}