{"p": 0.717, "barbin": 0, "corr": -0.023252293467521667, "timescale": 8.216522751837909, "rgb": "#000000", "zyx": [11, 60, 53]}