{"p": 0.717, "barbin": 0, "corr": -0.033494982868433, "timescale": 4.586149141331721, "rgb": "#000000", "zyx": [9, 93, 63]}