{"p": 0.939, "barbin": 0, "corr": -0.10045015811920166, "timescale": 6.379388489814788, "rgb": "#000000", "zyx": [8, 58, 66]}