{"p": 0.025, "barbin": 1, "corr": 0.11832723766565323, "timescale": 7.182472517373271, "rgb": "#000000", "zyx": [22, 30, 52]}