{"p": 0.0, "barbin": 4, "corr": 0.25883975625038147, "timescale": 6.607505163202448, "rgb": "#000000", "zyx": [6, 42, 34]}