{"p": 0.174, "barbin": 0, "corr": 0.05657077580690384, "timescale": 7.3662481192860705, "rgb": "#000000", "zyx": [20, 33, 47]}