{"p": 0.349, "barbin": 0, "corr": 0.01739179901778698, "timescale": 5.634324789474684, "rgb": "#000000", "zyx": [2, 87, 66]}