{"p": 0.22, "barbin": 0, "corr": 0.04739237576723099, "timescale": 5.488073770408473, "rgb": "#000000", "zyx": [23, 69, 36]}