{"p": 0.864, "barbin": 0, "corr": -0.059776682406663895, "timescale": 4.5979180850533865, "rgb": "#000000", "zyx": [8, 78, 55]}