{"p": 0.802, "barbin": 0, "corr": -0.021893244236707687, "timescale": 5.646293140472105, "rgb": "#000000", "zyx": [6, 46, 26]}