{"p": 0.286, "barbin": 0, "corr": 0.027077287435531616, "timescale": 6.1256104402210285, "rgb": "#000000", "zyx": [6, 87, 69]}