{"p": 0.977, "barbin": 0, "corr": -0.10986138880252838, "timescale": 6.584962500721156, "rgb": "#000000", "zyx": [2, 37, 39]}