{"p": 0.126, "barbin": 0, "corr": 0.06570014357566833, "timescale": 4.2102958664694885, "rgb": "#000000", "zyx": [11, 59, 72]}