{"p": 0.238, "barbin": 0, "corr": 0.030514586716890335, "timescale": 6.7362897885547355, "rgb": "#000000", "zyx": [8, 89, 49]}