{"p": 0.98, "barbin": 0, "corr": -0.0718267485499382, "timescale": 5.1066614934933705, "rgb": "#000000", "zyx": [11, 44, 51]}