{"p": 0.129, "barbin": 0, "corr": 0.010985469445586205, "timescale": 2.6835596426842367, "rgb": "#000000", "zyx": [7, 57, 56]}