{"p": 0.759, "barbin": 0, "corr": -0.041500553488731384, "timescale": 5.842244331945763, "rgb": "#000000", "zyx": [8, 77, 26]}