{"p": 0.033, "barbin": 0, "corr": 0.09477707743644714, "timescale": 6.189823761689825, "rgb": "#000000", "zyx": [8, 65, 79]}