{"p": 0.241, "barbin": 0, "corr": 0.041205763816833496, "timescale": 6.344133973619934, "rgb": "#000000", "zyx": [15, 20, 40]}