{"p": 0.066, "barbin": 0, "corr": 0.05736886337399483, "timescale": 4.005914368199778, "rgb": "#000000", "zyx": [15, 71, 28]}