{"p": 0.0, "barbin": 3, "corr": 0.23609083890914917, "timescale": 6.192687549228895, "rgb": "#000000", "zyx": [22, 60, 68]}