{"p": 0.949, "barbin": 0, "corr": -0.0771653801202774, "timescale": 6.675100602496787, "rgb": "#000000", "zyx": [5, 56, 68]}