{"p": 0.201, "barbin": 0, "corr": 0.04298621416091919, "timescale": 4.558390494042462, "rgb": "#000000", "zyx": [17, 29, 40]}