{"p": 0.621, "barbin": 0, "corr": -0.013950247317552567, "timescale": 3.5969472202038912, "rgb": "#000000", "zyx": [12, 32, 33]}