{"p": 0.551, "barbin": 0, "corr": -0.008285856805741787, "timescale": 4.123534195877501, "rgb": "#000000", "zyx": [11, 21, 59]}