{"p": 0.974, "barbin": 0, "corr": -0.11005877703428268, "timescale": 2.082793994097428, "rgb": "#000000", "zyx": [5, 41, 45]}