{"p": 0.57, "barbin": 0, "corr": -0.009218559600412846, "timescale": 3.59050115632773, "rgb": "#000000", "zyx": [7, 31, 45]}