{"p": 0.005, "barbin": 2, "corr": 0.15434205532073975, "timescale": 7.345615148880796, "rgb": "#000000", "zyx": [21, 30, 49]}