{"p": 0.0, "barbin": 4, "corr": 0.4247167706489563, "timescale": 6.8755022244634745, "rgb": "#000000", "zyx": [5, 44, 31]}