{"p": 0.49, "barbin": 0, "corr": 0.0007589990855194628, "timescale": 7.584962500721156, "rgb": "#000000", "zyx": [10, 71, 48]}