{"p": 0.134, "barbin": 0, "corr": 0.044261276721954346, "timescale": 6.174868599254763, "rgb": "#000000", "zyx": [13, 32, 68]}