{"p": 0.124, "barbin": 0, "corr": 0.05777667090296745, "timescale": 6.3758395215900405, "rgb": "#000000", "zyx": [16, 57, 69]}