{"p": 0.0, "barbin": 3, "corr": 0.22762511670589447, "timescale": 8.070107952128598, "rgb": "#000000", "zyx": [17, 82, 53]}