{"p": 0.025, "barbin": 1, "corr": 0.10958456993103027, "timescale": 7.550304860241001, "rgb": "#000000", "zyx": [22, 36, 60]}