{"p": 0.615, "barbin": 0, "corr": -0.004817476496100426, "timescale": 2.585279998263698, "rgb": "#000000", "zyx": [7, 49, 37]}