{"p": 0.0, "barbin": 3, "corr": 0.24422740936279297, "timescale": 7.427365652221581, "rgb": "#000000", "zyx": [9, 30, 49]}