{"p": 0.277, "barbin": 0, "corr": 0.027854211628437042, "timescale": 6.616330487701797, "rgb": "#000000", "zyx": [7, 69, 31]}