{"p": 0.689, "barbin": 0, "corr": -0.03129935264587402, "timescale": 4.584607687031982, "rgb": "#000000", "zyx": [7, 88, 69]}