{"p": 0.981, "barbin": 0, "corr": -0.116281658411026, "timescale": 1.5858719416353322, "rgb": "#000000", "zyx": [5, 44, 28]}