{"p": 0.053, "barbin": 0, "corr": 0.039032209664583206, "timescale": 4.84576174313913, "rgb": "#000000", "zyx": [12, 62, 31]}