{"p": 0.521, "barbin": 0, "corr": -0.007504783570766449, "timescale": 6.052501580899223, "rgb": "#000000", "zyx": [14, 42, 70]}