{"p": 0.175, "barbin": 0, "corr": 0.04162469878792763, "timescale": 7.076032872599419, "rgb": "#000000", "zyx": [13, 82, 29]}