{"p": 0.14, "barbin": 0, "corr": 0.0648324117064476, "timescale": 6.779097062455922, "rgb": "#000000", "zyx": [12, 29, 72]}