{"p": 0.889, "barbin": 0, "corr": -0.06312703341245651, "timescale": 2.586389202366943, "rgb": "#000000", "zyx": [4, 90, 64]}