{"p": 0.022, "barbin": 1, "corr": 0.12014858424663544, "timescale": 6.2773261751052, "rgb": "#000000", "zyx": [14, 82, 70]}