{"p": 0.962, "barbin": 0, "corr": -0.02055440843105316, "timescale": 4.429934506689797, "rgb": "#000000", "zyx": [13, 81, 40]}