{"p": 0.526, "barbin": 0, "corr": -0.00042067113099619746, "timescale": 4.051198895799795, "rgb": "#000000", "zyx": [4, 66, 46]}