{"p": 0.943, "barbin": 0, "corr": -0.01947462558746338, "timescale": 2.5909489544398983, "rgb": "#000000", "zyx": [5, 40, 43]}