{"p": 0.183, "barbin": 0, "corr": 0.051944442093372345, "timescale": 4.750212230180317, "rgb": "#000000", "zyx": [6, 45, 78]}