{"p": 0.469, "barbin": 0, "corr": 0.0044016605243086815, "timescale": 2.5592147098953046, "rgb": "#000000", "zyx": [18, 61, 34]}