{"p": 0.044, "barbin": 0, "corr": 0.01758361980319023, "timescale": 2.946399580360083, "rgb": "#000000", "zyx": [18, 89, 58]}