{"p": 0.222, "barbin": 0, "corr": 0.03215302899479866, "timescale": 7.475601393932719, "rgb": "#000000", "zyx": [5, 43, 67]}