{"p": 0.004, "barbin": 2, "corr": 0.15037746727466583, "timescale": 6.648279476391321, "rgb": "#000000", "zyx": [14, 26, 48]}