{"p": 0.0, "barbin": 1, "corr": 0.13483695685863495, "timescale": 8.119225359351706, "rgb": "#000000", "zyx": [8, 76, 55]}