{"p": 0.123, "barbin": 0, "corr": 0.05422664061188698, "timescale": 2.0124203881776648, "rgb": "#000000", "zyx": [7, 64, 41]}