{"p": 0.766, "barbin": 0, "corr": -0.029755666851997375, "timescale": 4.727338577784258, "rgb": "#000000", "zyx": [9, 63, 38]}