{"p": 0.994, "barbin": 0, "corr": -0.1393524706363678, "timescale": 5.485799648293141, "rgb": "#000000", "zyx": [8, 66, 25]}