{"p": 0.247, "barbin": 0, "corr": 0.04131336137652397, "timescale": 4.170931237192077, "rgb": "#000000", "zyx": [9, 83, 69]}