{"p": 0.572, "barbin": 0, "corr": -0.008275453932583332, "timescale": 7.4391451607406465, "rgb": "#000000", "zyx": [7, 91, 67]}