{"p": 0.228, "barbin": 0, "corr": 0.027907028794288635, "timescale": 7.584963902664619, "rgb": "#000000", "zyx": [4, 74, 49]}