{"p": 0.0, "barbin": 2, "corr": 0.19971516728401184, "timescale": 7.658749055454392, "rgb": "#000000", "zyx": [18, 33, 66]}