{"p": 0.642, "barbin": 0, "corr": -0.018141718581318855, "timescale": 5.706552614267347, "rgb": "#000000", "zyx": [6, 69, 53]}