{"p": 0.025, "barbin": 1, "corr": 0.11437086760997772, "timescale": 7.015351047439571, "rgb": "#000000", "zyx": [19, 84, 59]}