{"p": 0.853, "barbin": 0, "corr": -0.056219711899757385, "timescale": 2.80867398489368, "rgb": "#000000", "zyx": [13, 59, 42]}