{"p": 0.84, "barbin": 0, "corr": -0.007372054271399975, "timescale": 7.6324738954524545, "rgb": "#000000", "zyx": [22, 78, 58]}