{"p": 0.124, "barbin": 0, "corr": 0.06674801558256149, "timescale": 6.542479924842082, "rgb": "#000000", "zyx": [9, 74, 46]}