{"p": 0.627, "barbin": 0, "corr": -0.023140938952565193, "timescale": 5.108611227773348, "rgb": "#000000", "zyx": [15, 90, 61]}