{"p": 0.362, "barbin": 0, "corr": 0.023998329415917397, "timescale": 5.584956394108345, "rgb": "#000000", "zyx": [26, 43, 48]}