{"p": 0.0, "barbin": 3, "corr": 0.24134954810142517, "timescale": 6.661974918322016, "rgb": "#000000", "zyx": [13, 44, 28]}