{"p": 0.331, "barbin": 0, "corr": 0.024702325463294983, "timescale": 6.693899062012264, "rgb": "#000000", "zyx": [4, 37, 42]}