{"p": 0.094, "barbin": 0, "corr": 0.010029327124357224, "timescale": 3.666757013472193, "rgb": "#000000", "zyx": [8, 62, 67]}