{"p": 0.477, "barbin": 0, "corr": 0.0016141374362632632, "timescale": 5.283582183436985, "rgb": "#000000", "zyx": [5, 33, 42]}