{"p": 0.947, "barbin": 0, "corr": -0.09496793150901794, "timescale": 6.583117815097806, "rgb": "#000000", "zyx": [9, 71, 47]}