{"p": 0.018, "barbin": 0, "corr": 0.011388329789042473, "timescale": 8.302926585771942, "rgb": "#000000", "zyx": [4, 73, 71]}