{"p": 0.912, "barbin": 0, "corr": -0.08402696996927261, "timescale": 7.58492700282643, "rgb": "#000000", "zyx": [17, 62, 71]}