{"p": 0.743, "barbin": 0, "corr": -0.03355159983038902, "timescale": 4.559910423316723, "rgb": "#000000", "zyx": [22, 79, 39]}