{"p": 0.23, "barbin": 0, "corr": 0.02425854280591011, "timescale": 8.453146625368017, "rgb": "#000000", "zyx": [11, 61, 65]}