{"p": 0.256, "barbin": 0, "corr": 0.03692709654569626, "timescale": 7.77337188624121, "rgb": "#000000", "zyx": [15, 75, 46]}