{"p": 0.013, "barbin": 1, "corr": 0.12975668907165527, "timescale": 4.929400781743998, "rgb": "#000000", "zyx": [3, 68, 63]}