{"p": 0.004, "barbin": 1, "corr": 0.14243856072425842, "timescale": 6.386878465304948, "rgb": "#000000", "zyx": [18, 23, 57]}