{"p": 0.074, "barbin": 0, "corr": 0.06942777335643768, "timescale": 6.583881060794221, "rgb": "#000000", "zyx": [4, 73, 58]}