{"p": 0.21, "barbin": 0, "corr": 0.051430102437734604, "timescale": 6.763167963563219, "rgb": "#000000", "zyx": [19, 62, 48]}