{"p": 0.92, "barbin": 0, "corr": -0.0008291146368719637, "timescale": 6.5715359958234245, "rgb": "#000000", "zyx": [11, 29, 74]}