{"p": 0.864, "barbin": 0, "corr": -0.06592829525470734, "timescale": 4.584962500721156, "rgb": "#000000", "zyx": [24, 35, 41]}