{"p": 0.993, "barbin": 0, "corr": -0.12835557758808136, "timescale": 5.579249038420953, "rgb": "#000000", "zyx": [14, 37, 66]}