{"p": 0.392, "barbin": 0, "corr": 0.019879113882780075, "timescale": 8.469872981595305, "rgb": "#000000", "zyx": [27, 54, 43]}