{"p": 0.0, "barbin": 3, "corr": 0.23851338028907776, "timescale": 6.0574635680902364, "rgb": "#000000", "zyx": [20, 45, 67]}