{"p": 0.0, "barbin": 4, "corr": 0.41365206241607666, "timescale": 7.06128232932076, "rgb": "#000000", "zyx": [11, 87, 68]}