{"p": 0.0, "barbin": 3, "corr": 0.23485444486141205, "timescale": 6.754393578151907, "rgb": "#000000", "zyx": [18, 53, 28]}