{"p": 0.0, "barbin": 3, "corr": 0.2479771077632904, "timescale": 6.655073004026192, "rgb": "#000000", "zyx": [14, 74, 52]}