{"p": 0.027, "barbin": 1, "corr": 0.12165964394807816, "timescale": 7.777044894223615, "rgb": "#000000", "zyx": [19, 66, 31]}