{"p": 0.174, "barbin": 0, "corr": 0.053535208106040955, "timescale": 4.772444687790278, "rgb": "#000000", "zyx": [16, 88, 53]}