{"p": 0.39, "barbin": 0, "corr": 0.016301332041621208, "timescale": 5.913529208389038, "rgb": "#000000", "zyx": [19, 68, 60]}