{"p": 0.832, "barbin": 0, "corr": -0.05223478004336357, "timescale": 5.180681643489106, "rgb": "#000000", "zyx": [13, 59, 66]}