{"p": 0.529, "barbin": 0, "corr": -0.0010361653985455632, "timescale": 3.584962500721156, "rgb": "#000000", "zyx": [5, 93, 44]}