{"p": 0.0, "barbin": 4, "corr": 0.46412065625190735, "timescale": 7.126311401122925, "rgb": "#000000", "zyx": [8, 80, 38]}