{"p": 0.395, "barbin": 0, "corr": 0.013256221078336239, "timescale": 4.933656385837574, "rgb": "#000000", "zyx": [13, 18, 43]}