{"p": 0.149, "barbin": 0, "corr": 0.0598328672349453, "timescale": 5.181818133165203, "rgb": "#000000", "zyx": [21, 64, 71]}