{"p": 0.867, "barbin": 0, "corr": -0.06081720069050789, "timescale": 5.577426421090225, "rgb": "#000000", "zyx": [13, 76, 45]}