{"p": 0.058, "barbin": 0, "corr": 0.08474314957857132, "timescale": 8.541131548665364, "rgb": "#000000", "zyx": [22, 61, 37]}