{"p": 0.326, "barbin": 0, "corr": 0.024950914084911346, "timescale": 8.066465516097422, "rgb": "#000000", "zyx": [11, 59, 66]}