{"p": 0.384, "barbin": 0, "corr": 0.012312685139477253, "timescale": 7.133895054644448, "rgb": "#000000", "zyx": [17, 20, 38]}