{"p": 0.325, "barbin": 0, "corr": 0.026790572330355644, "timescale": 6.834715591123016, "rgb": "#000000", "zyx": [27, 61, 48]}