{"p": 0.0, "barbin": 3, "corr": 0.20500437915325165, "timescale": 7.022063499446264, "rgb": "#000000", "zyx": [5, 72, 30]}