{"p": 0.07, "barbin": 0, "corr": 0.0811564028263092, "timescale": 7.578350126808261, "rgb": "#000000", "zyx": [2, 78, 48]}