{"p": 0.075, "barbin": 0, "corr": 0.0844997987151146, "timescale": 6.584353169629061, "rgb": "#000000", "zyx": [20, 78, 67]}