{"p": 0.027, "barbin": 1, "corr": 0.11393966525793076, "timescale": 6.713999078987341, "rgb": "#000000", "zyx": [14, 57, 75]}