{"p": 0.003, "barbin": 2, "corr": 0.17426401376724243, "timescale": 6.175569759390209, "rgb": "#000000", "zyx": [7, 68, 76]}