{"p": 0.155, "barbin": 0, "corr": 0.04097800701856613, "timescale": 5.590159728022271, "rgb": "#000000", "zyx": [3, 68, 72]}