{"p": 0.325, "barbin": 0, "corr": 0.02178560569882393, "timescale": 2.3367005750267786, "rgb": "#000000", "zyx": [10, 84, 51]}