{"p": 0.471, "barbin": 0, "corr": 0.0023749812971800566, "timescale": 6.711179960348021, "rgb": "#000000", "zyx": [17, 82, 67]}