{"p": 0.646, "barbin": 0, "corr": -0.022339366376399994, "timescale": 4.943980106348731, "rgb": "#000000", "zyx": [19, 76, 53]}