{"p": 0.146, "barbin": 0, "corr": 0.047866977751255035, "timescale": 7.053273173599199, "rgb": "#000000", "zyx": [5, 55, 69]}