{"p": 0.0, "barbin": 3, "corr": 0.22126545011997223, "timescale": 6.322385019757225, "rgb": "#000000", "zyx": [18, 79, 36]}