{"p": 0.41, "barbin": 0, "corr": 0.017472578212618828, "timescale": 8.56110227449198, "rgb": "#000000", "zyx": [2, 42, 46]}