{"p": 0.531, "barbin": 0, "corr": -0.005785131826996803, "timescale": 3.5671532288596812, "rgb": "#000000", "zyx": [21, 71, 43]}