{"p": 0.021, "barbin": 1, "corr": 0.12682996690273285, "timescale": 7.869159475574684, "rgb": "#000000", "zyx": [16, 27, 58]}