{"p": 0.002, "barbin": 2, "corr": 0.1656295210123062, "timescale": 6.326890442842579, "rgb": "#000000", "zyx": [17, 60, 53]}