{"p": 0.498, "barbin": 0, "corr": 0.003564395010471344, "timescale": 7.584946993384027, "rgb": "#000000", "zyx": [10, 48, 49]}