{"p": 0.876, "barbin": 0, "corr": -0.06373042613267899, "timescale": 7.511052302679918, "rgb": "#000000", "zyx": [6, 60, 23]}