{"p": 0.28, "barbin": 0, "corr": 0.009128818288445473, "timescale": 7.557716425739558, "rgb": "#000000", "zyx": [15, 61, 57]}