{"p": 0.093, "barbin": 0, "corr": 0.0749228447675705, "timescale": 4.277312077046957, "rgb": "#000000", "zyx": [13, 49, 63]}