{"p": 0.733, "barbin": 0, "corr": -0.03711596876382828, "timescale": 2.8352414338161314, "rgb": "#000000", "zyx": [18, 57, 74]}