{"p": 0.543, "barbin": 0, "corr": -0.005645716097205877, "timescale": 5.425253176212528, "rgb": "#000000", "zyx": [18, 27, 64]}