{"p": 0.643, "barbin": 0, "corr": -0.004136971663683653, "timescale": 4.279143704563319, "rgb": "#000000", "zyx": [22, 76, 57]}