{"p": 0.412, "barbin": 0, "corr": 0.0038709871005266905, "timescale": 3.447337103167023, "rgb": "#000000", "zyx": [9, 70, 34]}