{"p": 0.0, "barbin": 4, "corr": 0.39271029829978943, "timescale": 7.285700262147243, "rgb": "#000000", "zyx": [12, 87, 64]}