{"p": 0.048, "barbin": 0, "corr": 0.08843058347702026, "timescale": 5.826936483417538, "rgb": "#000000", "zyx": [17, 31, 48]}