{"p": 0.398, "barbin": 0, "corr": 0.0013063056394457817, "timescale": 7.1796946763224465, "rgb": "#000000", "zyx": [20, 76, 32]}