{"p": 0.879, "barbin": 0, "corr": -0.07449258863925934, "timescale": 5.838615048614829, "rgb": "#000000", "zyx": [5, 50, 58]}