{"p": 0.633, "barbin": 0, "corr": -0.02115412801504135, "timescale": 1.7193472409427588, "rgb": "#000000", "zyx": [16, 80, 32]}