{"p": 0.584, "barbin": 0, "corr": -0.010955464094877243, "timescale": 5.513431315291806, "rgb": "#000000", "zyx": [7, 74, 49]}