{"p": 0.572, "barbin": 0, "corr": -0.014072149991989136, "timescale": 3.5848017143255695, "rgb": "#000000", "zyx": [9, 90, 60]}