{"p": 0.008, "barbin": 0, "corr": 0.0005320716882124543, "timescale": 1.5850645434771407, "rgb": "#000000", "zyx": [9, 53, 44]}