{"p": 0.554, "barbin": 0, "corr": -0.01203147042542696, "timescale": 5.496737272623442, "rgb": "#000000", "zyx": [20, 59, 38]}