{"p": 0.024, "barbin": 1, "corr": 0.10864779353141785, "timescale": 6.538937511907448, "rgb": "#000000", "zyx": [18, 55, 71]}