{"p": 0.196, "barbin": 0, "corr": 0.048852019011974335, "timescale": 6.479589503641259, "rgb": "#000000", "zyx": [9, 86, 31]}