{"p": 0.064, "barbin": 0, "corr": 0.08831296116113663, "timescale": 5.897983239699987, "rgb": "#000000", "zyx": [13, 73, 47]}