{"p": 0.003, "barbin": 1, "corr": 0.1377890408039093, "timescale": 6.5120452438101415, "rgb": "#000000", "zyx": [11, 84, 67]}