{"p": 0.712, "barbin": 0, "corr": -0.03152761235833168, "timescale": 4.580769868528715, "rgb": "#000000", "zyx": [10, 27, 54]}