{"p": 0.273, "barbin": 0, "corr": 0.00019263257854618132, "timescale": 5.927026644071322, "rgb": "#000000", "zyx": [7, 70, 48]}