{"p": 0.029, "barbin": 0, "corr": 0.02199513651430607, "timescale": 7.584962589682307, "rgb": "#000000", "zyx": [13, 70, 75]}