{"p": 0.441, "barbin": 0, "corr": 0.0038434788584709167, "timescale": 2.724357128363659, "rgb": "#000000", "zyx": [19, 70, 56]}