{"p": 0.406, "barbin": 0, "corr": 0.011253365315496922, "timescale": 7.560491742942327, "rgb": "#000000", "zyx": [6, 52, 32]}