{"p": 0.658, "barbin": 0, "corr": -0.026034316048026085, "timescale": 8.582850275015266, "rgb": "#000000", "zyx": [7, 51, 75]}