{"p": 0.548, "barbin": 0, "corr": -0.008363968692719936, "timescale": 4.284776380921153, "rgb": "#000000", "zyx": [11, 30, 73]}