{"p": 0.0, "barbin": 4, "corr": 0.2887287139892578, "timescale": 6.630403039965997, "rgb": "#000000", "zyx": [18, 69, 72]}