{"p": 0.0, "barbin": 2, "corr": 0.19992709159851074, "timescale": 6.556775895419641, "rgb": "#000000", "zyx": [16, 29, 34]}