{"p": 0.038, "barbin": 0, "corr": 0.06844410300254822, "timescale": 8.502171145350989, "rgb": "#000000", "zyx": [23, 32, 62]}