{"p": 0.376, "barbin": 0, "corr": 0.01935972459614277, "timescale": 4.306546720277395, "rgb": "#000000", "zyx": [4, 55, 39]}