{"p": 0.553, "barbin": 0, "corr": -0.002789299003779888, "timescale": 6.198316745543962, "rgb": "#000000", "zyx": [18, 49, 45]}