{"p": 0.0, "barbin": 1, "corr": 0.1049487441778183, "timescale": 7.143976206611734, "rgb": "#000000", "zyx": [13, 44, 52]}