{"p": 0.393, "barbin": 0, "corr": 0.0200100839138031, "timescale": 7.645457329535585, "rgb": "#000000", "zyx": [3, 66, 39]}