{"p": 0.057, "barbin": 0, "corr": 0.09277935326099396, "timescale": 5.587467188830381, "rgb": "#000000", "zyx": [7, 46, 52]}