{"p": 0.135, "barbin": 0, "corr": 0.048392437398433685, "timescale": 5.239195853375609, "rgb": "#000000", "zyx": [3, 86, 35]}