{"p": 0.033, "barbin": 1, "corr": 0.1012929230928421, "timescale": 7.605264485115952, "rgb": "#000000", "zyx": [1, 79, 64]}