{"p": 0.527, "barbin": 0, "corr": -0.0045447563752532005, "timescale": 4.593912037323064, "rgb": "#000000", "zyx": [26, 64, 43]}