{"p": 0.492, "barbin": 0, "corr": 0.00029193158843554556, "timescale": 5.587451444486912, "rgb": "#000000", "zyx": [6, 75, 80]}