{"p": 0.012, "barbin": 1, "corr": 0.1383676826953888, "timescale": 6.976673435512557, "rgb": "#000000", "zyx": [8, 70, 56]}