{"p": 0.706, "barbin": 0, "corr": -0.032835952937603, "timescale": 8.269860421036457, "rgb": "#000000", "zyx": [12, 36, 54]}