{"p": 0.001, "barbin": 2, "corr": 0.18304629623889923, "timescale": 6.907278623906617, "rgb": "#000000", "zyx": [24, 55, 39]}