{"p": 0.0, "barbin": 3, "corr": 0.22002366185188293, "timescale": 6.077617953661311, "rgb": "#000000", "zyx": [12, 85, 49]}