{"p": 0.008, "barbin": 1, "corr": 0.1361268311738968, "timescale": 2.584981313150927, "rgb": "#000000", "zyx": [11, 22, 40]}