{"p": 0.62, "barbin": 0, "corr": -0.01791735552251339, "timescale": 5.193743294060546, "rgb": "#000000", "zyx": [7, 33, 54]}