{"p": 0.292, "barbin": 0, "corr": 0.014826714061200619, "timescale": 3.698991142189949, "rgb": "#000000", "zyx": [14, 88, 44]}