{"p": 0.998, "barbin": 0, "corr": -0.13568896055221558, "timescale": 5.584962500721156, "rgb": "#000000", "zyx": [9, 58, 36]}