{"p": 0.026, "barbin": 1, "corr": 0.11515054851770401, "timescale": 6.000839247471152, "rgb": "#000000", "zyx": [18, 67, 31]}