{"p": 0.717, "barbin": 0, "corr": -0.03422512486577034, "timescale": 3.5241335094038755, "rgb": "#000000", "zyx": [21, 75, 40]}