{"p": 0.875, "barbin": 0, "corr": -0.048335254192352295, "timescale": 8.558329196275489, "rgb": "#000000", "zyx": [14, 21, 39]}