{"p": 0.547, "barbin": 0, "corr": -0.007084641605615616, "timescale": 1.584966201633219, "rgb": "#000000", "zyx": [7, 43, 63]}