{"p": 0.221, "barbin": 0, "corr": 0.04340739920735359, "timescale": 6.549641857023833, "rgb": "#000000", "zyx": [15, 69, 42]}