{"p": 0.0, "barbin": 2, "corr": 0.15284155309200287, "timescale": 7.65699327217204, "rgb": "#000000", "zyx": [19, 50, 28]}