{"p": 0.299, "barbin": 0, "corr": 0.03649560362100601, "timescale": 6.368299035537684, "rgb": "#000000", "zyx": [18, 82, 48]}