{"p": 0.546, "barbin": 0, "corr": -0.005886078346520662, "timescale": 1.5849675267999508, "rgb": "#000000", "zyx": [24, 60, 42]}