{"p": 0.041, "barbin": 0, "corr": 0.09547221660614014, "timescale": 8.099817223866747, "rgb": "#000000", "zyx": [18, 58, 24]}