{"p": 0.972, "barbin": 0, "corr": -0.11674418300390244, "timescale": 5.578850644119175, "rgb": "#000000", "zyx": [3, 64, 75]}