{"p": 0.194, "barbin": 0, "corr": 0.041084546595811844, "timescale": 8.530248535539721, "rgb": "#000000", "zyx": [9, 54, 50]}