{"p": 0.274, "barbin": 0, "corr": 0.030917804688215256, "timescale": 5.585089429901611, "rgb": "#000000", "zyx": [2, 45, 36]}