{"p": 0.837, "barbin": 0, "corr": -0.05576906353235245, "timescale": 3.9658883523333217, "rgb": "#000000", "zyx": [19, 24, 60]}