{"p": 0.0, "barbin": 3, "corr": 0.20673656463623047, "timescale": 7.423687037378944, "rgb": "#000000", "zyx": [25, 56, 40]}