{"p": 0.265, "barbin": 0, "corr": 0.01433089841157198, "timescale": 4.621420039013323, "rgb": "#000000", "zyx": [18, 55, 30]}