{"p": 0.771, "barbin": 0, "corr": -0.04165392369031906, "timescale": 8.377502645690072, "rgb": "#000000", "zyx": [19, 43, 37]}