{"p": 0.102, "barbin": 0, "corr": 0.07545888423919678, "timescale": 8.07817879067703, "rgb": "#000000", "zyx": [23, 47, 62]}