{"p": 0.0, "barbin": 4, "corr": 0.36432769894599915, "timescale": 6.862620135718633, "rgb": "#000000", "zyx": [12, 74, 38]}