{"p": 0.113, "barbin": 0, "corr": 0.07332684099674225, "timescale": 3.759508651830714, "rgb": "#000000", "zyx": [8, 40, 64]}