{"p": 0.74, "barbin": 0, "corr": -0.03550109267234802, "timescale": 8.584962500721156, "rgb": "#000000", "zyx": [25, 70, 46]}