{"p": 0.002, "barbin": 2, "corr": 0.1556100994348526, "timescale": 5.778775516839478, "rgb": "#000000", "zyx": [9, 74, 42]}