{"p": 0.183, "barbin": 0, "corr": 0.03695811331272125, "timescale": 5.489859086540208, "rgb": "#000000", "zyx": [3, 90, 53]}