{"p": 0.883, "barbin": 0, "corr": -0.07123687863349915, "timescale": 6.1222135329912, "rgb": "#000000", "zyx": [7, 62, 76]}