{"p": 0.203, "barbin": 0, "corr": 0.028043778613209724, "timescale": 6.173536354825963, "rgb": "#000000", "zyx": [9, 72, 79]}