{"p": 0.502, "barbin": 0, "corr": -0.00186130590736866, "timescale": 4.5849614418033875, "rgb": "#000000", "zyx": [20, 60, 41]}