{"p": 0.0, "barbin": 2, "corr": 0.19231857359409332, "timescale": 3.3773950522552596, "rgb": "#000000", "zyx": [19, 58, 71]}