{"p": 0.775, "barbin": 0, "corr": -0.04633941128849983, "timescale": 3.7412154477870283, "rgb": "#000000", "zyx": [8, 60, 82]}