{"p": 0.809, "barbin": 0, "corr": -0.05168556421995163, "timescale": 6.56677255604611, "rgb": "#000000", "zyx": [5, 40, 39]}