{"p": 0.676, "barbin": 0, "corr": -0.0009130891994573176, "timescale": 2.6456013713570075, "rgb": "#000000", "zyx": [5, 46, 45]}