{"p": 0.447, "barbin": 0, "corr": 0.005870082415640354, "timescale": 7.5537830896542335, "rgb": "#000000", "zyx": [8, 65, 54]}