{"p": 0.204, "barbin": 0, "corr": 0.04614003002643585, "timescale": 6.049546376751036, "rgb": "#000000", "zyx": [5, 65, 75]}