{"p": 0.851, "barbin": 0, "corr": -0.05614888295531273, "timescale": 1.595075691656514, "rgb": "#000000", "zyx": [4, 57, 57]}