{"p": 0.564, "barbin": 0, "corr": -0.0010997547069564462, "timescale": 2.411294497928159, "rgb": "#000000", "zyx": [27, 64, 58]}