{"p": 0.017, "barbin": 1, "corr": 0.11992515623569489, "timescale": 6.1546759920379275, "rgb": "#000000", "zyx": [17, 64, 35]}