{"p": 0.795, "barbin": 0, "corr": -0.039519425481557846, "timescale": 7.586054233386759, "rgb": "#000000", "zyx": [11, 58, 56]}