{"p": 0.0, "barbin": 4, "corr": 0.26595571637153625, "timescale": 6.443071592516598, "rgb": "#000000", "zyx": [12, 82, 68]}