{"p": 0.764, "barbin": 0, "corr": -0.03156612068414688, "timescale": 6.584962500721156, "rgb": "#000000", "zyx": [21, 54, 67]}