{"p": 0.936, "barbin": 0, "corr": -0.04550974816083908, "timescale": 3.5849625011131017, "rgb": "#000000", "zyx": [22, 34, 41]}