{"p": 0.45, "barbin": 0, "corr": 0.005966802127659321, "timescale": 4.647089593535917, "rgb": "#000000", "zyx": [23, 41, 67]}