{"p": 0.513, "barbin": 0, "corr": -0.002897803671658039, "timescale": 4.71608034795948, "rgb": "#000000", "zyx": [7, 90, 46]}