{"p": 0.031, "barbin": 0, "corr": 0.09753034263849258, "timescale": 8.317565219772128, "rgb": "#000000", "zyx": [18, 42, 62]}