{"p": 0.272, "barbin": 0, "corr": 0.02385927550494671, "timescale": 7.806442954948904, "rgb": "#000000", "zyx": [18, 43, 60]}