{"p": 0.007, "barbin": 1, "corr": 0.12369448691606522, "timescale": 5.632961652524223, "rgb": "#000000", "zyx": [8, 73, 26]}