{"p": 0.001, "barbin": 1, "corr": 0.11093325912952423, "timescale": 3.886280914873222, "rgb": "#000000", "zyx": [12, 67, 70]}