{"p": 0.564, "barbin": 0, "corr": -0.007874776609241962, "timescale": 7.488304163356346, "rgb": "#000000", "zyx": [1, 80, 36]}