{"p": 0.699, "barbin": 0, "corr": -0.025556884706020355, "timescale": 7.574672525764939, "rgb": "#000000", "zyx": [18, 51, 59]}