{"p": 0.505, "barbin": 0, "corr": 0.00023314054124057293, "timescale": 6.12660973563964, "rgb": "#000000", "zyx": [17, 59, 65]}