{"p": 0.378, "barbin": 0, "corr": 0.014747918583452702, "timescale": 4.608961613880249, "rgb": "#000000", "zyx": [8, 47, 59]}