{"p": 0.031, "barbin": 1, "corr": 0.10690048336982727, "timescale": 6.4949661494922655, "rgb": "#000000", "zyx": [12, 85, 54]}