{"p": 0.416, "barbin": 0, "corr": 0.013713225722312927, "timescale": 4.026700255394238, "rgb": "#000000", "zyx": [16, 51, 47]}