{"p": 0.981, "barbin": 0, "corr": -0.1143900454044342, "timescale": 3.5846444156997745, "rgb": "#000000", "zyx": [13, 40, 59]}