{"p": 0.564, "barbin": 0, "corr": -0.006697820965200663, "timescale": 3.585795201301521, "rgb": "#000000", "zyx": [9, 30, 33]}