{"p": 0.444, "barbin": 0, "corr": 0.005946837831288576, "timescale": 4.515226581754034, "rgb": "#000000", "zyx": [15, 56, 72]}