{"p": 0.046, "barbin": 0, "corr": 0.09535174816846848, "timescale": 7.74262015718686, "rgb": "#000000", "zyx": [25, 45, 52]}