{"p": 0.305, "barbin": 0, "corr": 0.0035164894070476294, "timescale": 3.7239304503584174, "rgb": "#000000", "zyx": [13, 47, 25]}