{"p": 0.777, "barbin": 0, "corr": -0.042962778359651566, "timescale": 7.174757625700101, "rgb": "#000000", "zyx": [14, 56, 50]}