{"p": 0.112, "barbin": 0, "corr": 0.07437410950660706, "timescale": 8.186925473551867, "rgb": "#000000", "zyx": [5, 77, 53]}