{"p": 0.002, "barbin": 1, "corr": 0.1364438682794571, "timescale": 6.407517064317253, "rgb": "#000000", "zyx": [23, 35, 55]}