{"p": 0.537, "barbin": 0, "corr": -0.0002017570659518242, "timescale": 4.1896463299890865, "rgb": "#000000", "zyx": [9, 49, 66]}