{"p": 0.372, "barbin": 0, "corr": 0.015671128407120705, "timescale": 8.287931176445937, "rgb": "#000000", "zyx": [13, 72, 47]}