{"p": 0.336, "barbin": 0, "corr": 0.016144653782248497, "timescale": 8.573944644856011, "rgb": "#000000", "zyx": [6, 76, 39]}