{"p": 0.273, "barbin": 0, "corr": 0.029621858149766922, "timescale": 6.244432485671654, "rgb": "#000000", "zyx": [9, 88, 71]}