{"p": 0.253, "barbin": 0, "corr": 0.04045901075005531, "timescale": 6.229640383637096, "rgb": "#000000", "zyx": [10, 85, 44]}