{"p": 0.018, "barbin": 1, "corr": 0.11170930415391922, "timescale": 6.0737167124134706, "rgb": "#000000", "zyx": [14, 67, 75]}