{"p": 0.954, "barbin": 0, "corr": -0.10000370442867279, "timescale": 2.584962500721156, "rgb": "#000000", "zyx": [19, 72, 53]}