{"p": 0.046, "barbin": 0, "corr": 0.0983043685555458, "timescale": 3.233158782469092, "rgb": "#000000", "zyx": [24, 71, 59]}