{"p": 0.77, "barbin": 0, "corr": -0.04481707140803337, "timescale": 8.556731158817412, "rgb": "#000000", "zyx": [14, 69, 66]}