{"p": 0.316, "barbin": 0, "corr": 0.026680611073970795, "timescale": 6.584962500721715, "rgb": "#000000", "zyx": [16, 63, 65]}