{"p": 0.225, "barbin": 0, "corr": 0.04951721057295799, "timescale": 7.585909887484191, "rgb": "#000000", "zyx": [6, 63, 45]}