{"p": 0.902, "barbin": 0, "corr": -0.07731969654560089, "timescale": 3.0042280012374727, "rgb": "#000000", "zyx": [21, 77, 58]}