{"p": 0.001, "barbin": 0, "corr": 0.07676462829113007, "timescale": 4.846957051042267, "rgb": "#000000", "zyx": [12, 62, 30]}