{"p": 0.359, "barbin": 0, "corr": 0.018543418496847153, "timescale": 8.584961739229964, "rgb": "#000000", "zyx": [13, 68, 72]}