{"p": 0.152, "barbin": 0, "corr": 0.0019934959709644318, "timescale": 4.00015340566352, "rgb": "#000000", "zyx": [15, 57, 40]}