{"p": 0.201, "barbin": 0, "corr": 0.03982118144631386, "timescale": 6.281897243623929, "rgb": "#000000", "zyx": [1, 65, 73]}