{"p": 0.054, "barbin": 0, "corr": 0.09828674048185349, "timescale": 6.473816870748655, "rgb": "#000000", "zyx": [26, 44, 57]}