{"p": 0.529, "barbin": 0, "corr": -0.004083194304257631, "timescale": 5.6408503650453286, "rgb": "#000000", "zyx": [4, 38, 30]}