{"p": 0.234, "barbin": 0, "corr": 0.04524343088269234, "timescale": 5.256793097815578, "rgb": "#000000", "zyx": [0, 89, 44]}