{"p": 0.81, "barbin": 0, "corr": -0.04810256138443947, "timescale": 8.557239943082845, "rgb": "#000000", "zyx": [21, 46, 45]}