{"p": 0.093, "barbin": 0, "corr": 0.04668642207980156, "timescale": 7.662891289363223, "rgb": "#000000", "zyx": [7, 32, 48]}