{"p": 0.0, "barbin": 2, "corr": 0.18680104613304138, "timescale": 6.850519586292593, "rgb": "#000000", "zyx": [26, 49, 47]}