{"p": 0.793, "barbin": 0, "corr": -0.043710749596357346, "timescale": 4.481948042823128, "rgb": "#000000", "zyx": [14, 62, 52]}