{"p": 0.129, "barbin": 0, "corr": 0.06509260833263397, "timescale": 5.149188819401953, "rgb": "#000000", "zyx": [17, 49, 73]}