{"p": 0.218, "barbin": 0, "corr": 0.03848927840590477, "timescale": 3.845617753549032, "rgb": "#000000", "zyx": [18, 59, 75]}