{"p": 0.004, "barbin": 1, "corr": 0.13162189722061157, "timescale": 6.87602373162314, "rgb": "#000000", "zyx": [19, 35, 37]}