{"p": 0.004, "barbin": 1, "corr": 0.14333203434944153, "timescale": 7.149716990803878, "rgb": "#000000", "zyx": [24, 63, 54]}