{"p": 0.313, "barbin": 0, "corr": 0.0302981398999691, "timescale": 5.5518863738274735, "rgb": "#000000", "zyx": [14, 31, 57]}