{"p": 0.136, "barbin": 0, "corr": 0.016345936805009842, "timescale": 7.58496563923284, "rgb": "#000000", "zyx": [8, 62, 52]}