{"p": 0.531, "barbin": 0, "corr": -0.005416121333837509, "timescale": 5.415749318197283, "rgb": "#000000", "zyx": [19, 41, 33]}