{"p": 0.0, "barbin": 4, "corr": 0.39831289649009705, "timescale": 6.94155800400986, "rgb": "#000000", "zyx": [9, 56, 75]}