{"p": 0.702, "barbin": 0, "corr": -0.02192946895956993, "timescale": 5.512827180191256, "rgb": "#000000", "zyx": [14, 19, 56]}