{"p": 0.017, "barbin": 1, "corr": 0.12546397745609283, "timescale": 6.1822120484774095, "rgb": "#000000", "zyx": [11, 27, 62]}