{"p": 0.029, "barbin": 1, "corr": 0.11498437821865082, "timescale": 5.169418768849066, "rgb": "#000000", "zyx": [17, 60, 75]}