{"p": 0.579, "barbin": 0, "corr": -0.0014756051823496819, "timescale": 3.960056995968062, "rgb": "#000000", "zyx": [24, 32, 42]}