{"p": 0.151, "barbin": 0, "corr": 0.05660707876086235, "timescale": 6.5871993552566535, "rgb": "#000000", "zyx": [25, 57, 53]}