{"p": 0.015, "barbin": 1, "corr": 0.11733338981866837, "timescale": 3.2241463778073194, "rgb": "#000000", "zyx": [9, 91, 54]}