{"p": 0.361, "barbin": 0, "corr": 0.016016760841012, "timescale": 7.487957500051286, "rgb": "#000000", "zyx": [12, 86, 73]}