{"p": 0.106, "barbin": 0, "corr": 0.07210113108158112, "timescale": 6.229222542292101, "rgb": "#000000", "zyx": [7, 50, 36]}