{"p": 0.002, "barbin": 2, "corr": 0.1945641040802002, "timescale": 6.093001667785032, "rgb": "#000000", "zyx": [25, 48, 61]}