{"p": 0.453, "barbin": 0, "corr": 0.009271975606679916, "timescale": 5.324860999978005, "rgb": "#000000", "zyx": [2, 80, 33]}