{"p": 0.066, "barbin": 0, "corr": 0.07058430463075638, "timescale": 5.695437696559901, "rgb": "#000000", "zyx": [10, 32, 66]}