{"p": 0.76, "barbin": 0, "corr": -0.013021726161241531, "timescale": 4.4684534269725305, "rgb": "#000000", "zyx": [22, 67, 49]}