{"p": 0.35, "barbin": 0, "corr": 0.020096711814403534, "timescale": 1.7703502174882269, "rgb": "#000000", "zyx": [8, 31, 49]}