{"p": 0.015, "barbin": 1, "corr": 0.12667740881443024, "timescale": 6.910169030745388, "rgb": "#000000", "zyx": [12, 62, 49]}