{"p": 0.731, "barbin": 0, "corr": -0.027304699644446373, "timescale": 7.531407627323867, "rgb": "#000000", "zyx": [17, 48, 39]}