{"p": 0.085, "barbin": 0, "corr": 0.04438548907637596, "timescale": 6.55722165528129, "rgb": "#000000", "zyx": [24, 73, 56]}