{"p": 0.627, "barbin": 0, "corr": -7.121507951524109e-05, "timescale": 2.584962520045021, "rgb": "#000000", "zyx": [12, 64, 72]}