{"p": 0.001, "barbin": 2, "corr": 0.16684283316135406, "timescale": 8.558379416845636, "rgb": "#000000", "zyx": [8, 62, 39]}