{"p": 0.951, "barbin": 0, "corr": -0.09903357923030853, "timescale": 4.001720379270274, "rgb": "#000000", "zyx": [3, 85, 47]}