{"p": 0.553, "barbin": 0, "corr": -0.005941359791904688, "timescale": 4.568171450515826, "rgb": "#000000", "zyx": [18, 40, 68]}