{"p": 0.048, "barbin": 0, "corr": 0.006823691073805094, "timescale": 3.0468157974385943, "rgb": "#000000", "zyx": [12, 27, 44]}