{"p": 0.961, "barbin": 0, "corr": -0.10694785416126251, "timescale": 5.584962500721156, "rgb": "#000000", "zyx": [16, 36, 40]}