{"p": 0.712, "barbin": 0, "corr": -0.035127192735672, "timescale": 1.5978932337297949, "rgb": "#000000", "zyx": [3, 48, 73]}