{"p": 0.003, "barbin": 1, "corr": 0.1466328650712967, "timescale": 5.615868465990628, "rgb": "#000000", "zyx": [8, 71, 51]}