{"p": 0.017, "barbin": 1, "corr": 0.11619758605957031, "timescale": 8.432915958432753, "rgb": "#000000", "zyx": [23, 79, 43]}