{"p": 0.0, "barbin": 2, "corr": 0.18922844529151917, "timescale": 6.951442870049184, "rgb": "#000000", "zyx": [10, 89, 39]}