{"p": 0.602, "barbin": 0, "corr": -0.01225536223500967, "timescale": 6.584168743148802, "rgb": "#000000", "zyx": [4, 89, 43]}