{"p": 0.301, "barbin": 0, "corr": 0.009700608439743519, "timescale": 6.586542874136918, "rgb": "#000000", "zyx": [25, 39, 45]}