{"p": 0.883, "barbin": 0, "corr": -0.017665714025497437, "timescale": 7.558123391106208, "rgb": "#000000", "zyx": [14, 23, 34]}