{"p": 0.498, "barbin": 0, "corr": -0.002191792009398341, "timescale": 3.5878673079910186, "rgb": "#000000", "zyx": [17, 67, 79]}