{"p": 0.234, "barbin": 0, "corr": 0.039369966834783554, "timescale": 6.864203372698459, "rgb": "#000000", "zyx": [3, 55, 71]}