{"p": 0.249, "barbin": 0, "corr": 0.04457618296146393, "timescale": 6.5699778997561005, "rgb": "#000000", "zyx": [20, 45, 38]}