{"p": 0.681, "barbin": 0, "corr": -0.025270061567425728, "timescale": 7.133843448228186, "rgb": "#000000", "zyx": [8, 52, 75]}