{"p": 0.298, "barbin": 0, "corr": 0.026583466678857803, "timescale": 8.581297935150355, "rgb": "#000000", "zyx": [19, 33, 68]}