{"p": 0.5, "barbin": 0, "corr": -0.0020586661994457245, "timescale": 8.269555214401153, "rgb": "#000000", "zyx": [10, 57, 51]}