{"p": 0.681, "barbin": 0, "corr": -0.028547273948788643, "timescale": 5.32266646545036, "rgb": "#000000", "zyx": [15, 44, 50]}