{"p": 0.002, "barbin": 2, "corr": 0.1991090476512909, "timescale": 7.552513044240011, "rgb": "#000000", "zyx": [24, 62, 35]}