{"p": 0.0, "barbin": 4, "corr": 0.2588851749897003, "timescale": 6.89228971746481, "rgb": "#000000", "zyx": [20, 26, 41]}