{"p": 0.052, "barbin": 0, "corr": 0.012976692989468575, "timescale": 3.325494582634806, "rgb": "#000000", "zyx": [17, 69, 61]}