{"p": 0.755, "barbin": 0, "corr": -0.04066084697842598, "timescale": 7.584962500721156, "rgb": "#000000", "zyx": [3, 65, 82]}