{"p": 0.0, "barbin": 2, "corr": 0.19144262373447418, "timescale": 8.485693244177387, "rgb": "#000000", "zyx": [15, 54, 78]}