{"p": 0.335, "barbin": 0, "corr": 0.0223194882273674, "timescale": 5.394322217626888, "rgb": "#000000", "zyx": [15, 57, 76]}