{"p": 0.236, "barbin": 0, "corr": 0.03687630966305733, "timescale": 6.954937796431033, "rgb": "#000000", "zyx": [1, 76, 52]}