{"p": 0.911, "barbin": 0, "corr": -0.07683342695236206, "timescale": 5.585031099912298, "rgb": "#000000", "zyx": [19, 70, 70]}