{"p": 0.981, "barbin": 0, "corr": -0.11638972908258438, "timescale": 1.584962500846841, "rgb": "#000000", "zyx": [2, 68, 68]}