{"p": 0.984, "barbin": 0, "corr": -0.10769744962453842, "timescale": 2.7924553886949415, "rgb": "#000000", "zyx": [19, 79, 71]}