{"p": 0.458, "barbin": 0, "corr": 0.008349251933395863, "timescale": 6.600909361085073, "rgb": "#000000", "zyx": [5, 57, 44]}