{"p": 0.119, "barbin": 0, "corr": 0.07098090648651123, "timescale": 7.578397739298315, "rgb": "#000000", "zyx": [6, 81, 29]}