{"p": 0.788, "barbin": 0, "corr": -0.03297823667526245, "timescale": 2.5855531053334637, "rgb": "#000000", "zyx": [4, 61, 24]}