{"p": 0.352, "barbin": 0, "corr": 0.018118392676115036, "timescale": 2.6186875292786884, "rgb": "#000000", "zyx": [5, 78, 73]}