{"p": 0.559, "barbin": 0, "corr": -0.007908460684120655, "timescale": 5.19676551434517, "rgb": "#000000", "zyx": [13, 28, 62]}