{"p": 0.502, "barbin": 0, "corr": -0.00047989748418331146, "timescale": 6.382585383683535, "rgb": "#000000", "zyx": [23, 31, 41]}