{"p": 0.848, "barbin": 0, "corr": -0.04454353451728821, "timescale": 6.490772271660388, "rgb": "#000000", "zyx": [22, 61, 34]}