{"p": 0.011, "barbin": 0, "corr": 0.07513784617185593, "timescale": 3.9801755137122568, "rgb": "#000000", "zyx": [11, 63, 32]}