{"p": 0.016, "barbin": 1, "corr": 0.12878447771072388, "timescale": 5.0628908052117385, "rgb": "#000000", "zyx": [12, 38, 66]}