{"p": 0.307, "barbin": 0, "corr": 0.026950160041451454, "timescale": 2.5878922140240412, "rgb": "#000000", "zyx": [5, 70, 66]}