{"p": 0.97, "barbin": 0, "corr": -0.11433175206184387, "timescale": 6.584802811794897, "rgb": "#000000", "zyx": [11, 29, 39]}