{"p": 0.097, "barbin": 0, "corr": 0.04838532209396362, "timescale": 4.84288874323788, "rgb": "#000000", "zyx": [13, 36, 60]}