{"p": 0.0, "barbin": 4, "corr": 0.3843270540237427, "timescale": 6.405135290527209, "rgb": "#000000", "zyx": [17, 86, 63]}