{"p": 0.0, "barbin": 2, "corr": 0.18345078825950623, "timescale": 5.2431774402325155, "rgb": "#000000", "zyx": [18, 23, 47]}