{"p": 0.343, "barbin": 0, "corr": 0.02059127576649189, "timescale": 7.489058930197398, "rgb": "#000000", "zyx": [3, 72, 78]}