{"p": 0.801, "barbin": 0, "corr": -0.015860939398407936, "timescale": 1.6314246065366427, "rgb": "#000000", "zyx": [15, 71, 34]}