{"p": 0.036, "barbin": 0, "corr": 0.07138700783252716, "timescale": 5.540405650281484, "rgb": "#000000", "zyx": [4, 59, 36]}