{"p": 0.904, "barbin": 0, "corr": -0.07358832657337189, "timescale": 6.044514805641831, "rgb": "#000000", "zyx": [3, 64, 36]}