{"p": 0.423, "barbin": 0, "corr": 0.0046299113892018795, "timescale": 7.414982930028218, "rgb": "#000000", "zyx": [14, 35, 74]}