{"p": 0.0, "barbin": 3, "corr": 0.22947199642658234, "timescale": 6.481412309601826, "rgb": "#000000", "zyx": [25, 47, 54]}