{"p": 0.468, "barbin": 0, "corr": 0.004407590255141258, "timescale": 5.796469490265749, "rgb": "#000000", "zyx": [20, 82, 44]}