{"p": 0.096, "barbin": 0, "corr": 0.07853440195322037, "timescale": 6.85911972483493, "rgb": "#000000", "zyx": [7, 36, 34]}