{"p": 0.436, "barbin": 0, "corr": 0.009487960487604141, "timescale": 6.813371367928472, "rgb": "#000000", "zyx": [26, 52, 59]}