{"p": 0.256, "barbin": 0, "corr": 0.0302681066095829, "timescale": 2.5526963212227627, "rgb": "#000000", "zyx": [6, 74, 62]}