{"p": 0.809, "barbin": 0, "corr": -0.05468576401472092, "timescale": 2.1548297929953564, "rgb": "#000000", "zyx": [19, 56, 73]}