{"p": 0.543, "barbin": 0, "corr": -0.00306094903498888, "timescale": 7.580578531753274, "rgb": "#000000", "zyx": [23, 47, 70]}