{"p": 0.336, "barbin": 0, "corr": 0.023630451411008835, "timescale": 7.57880094060958, "rgb": "#000000", "zyx": [5, 62, 74]}