{"p": 0.371, "barbin": 0, "corr": 0.019616730511188507, "timescale": 2.5855039074744517, "rgb": "#000000", "zyx": [14, 38, 45]}