{"p": 0.76, "barbin": 0, "corr": -0.02410522662103176, "timescale": 5.617620158878654, "rgb": "#000000", "zyx": [12, 67, 23]}