{"p": 0.867, "barbin": 0, "corr": -0.06688088178634644, "timescale": 5.192174873052617, "rgb": "#000000", "zyx": [9, 90, 49]}