{"p": 0.399, "barbin": 0, "corr": 0.015261254273355007, "timescale": 6.106735719830284, "rgb": "#000000", "zyx": [5, 87, 32]}