{"p": 0.545, "barbin": 0, "corr": -0.0027873481158167124, "timescale": 7.4843949645846335, "rgb": "#000000", "zyx": [15, 81, 58]}