{"p": 0.909, "barbin": 0, "corr": -0.08142852783203125, "timescale": 3.844051535659137, "rgb": "#000000", "zyx": [12, 59, 82]}