{"p": 0.151, "barbin": 0, "corr": 0.03957701474428177, "timescale": 5.350590579620313, "rgb": "#000000", "zyx": [17, 30, 67]}