{"p": 0.0, "barbin": 2, "corr": 0.18617033958435059, "timescale": 6.032998482447476, "rgb": "#000000", "zyx": [10, 36, 40]}