{"p": 0.952, "barbin": 0, "corr": -0.10248915106058121, "timescale": 4.584963721763965, "rgb": "#000000", "zyx": [9, 47, 36]}