{"p": 0.935, "barbin": 0, "corr": -0.08330390602350235, "timescale": 6.5388318727672425, "rgb": "#000000", "zyx": [5, 55, 24]}