{"p": 0.792, "barbin": 0, "corr": -0.041320666670799255, "timescale": 6.551937901054727, "rgb": "#000000", "zyx": [25, 65, 65]}