{"p": 0.967, "barbin": 0, "corr": -0.10762152075767517, "timescale": 3.264744181124061, "rgb": "#000000", "zyx": [9, 73, 67]}