{"p": 0.032, "barbin": 0, "corr": 0.08735005557537079, "timescale": 7.340217718627378, "rgb": "#000000", "zyx": [12, 76, 57]}