{"p": 0.29, "barbin": 0, "corr": 0.03195890784263611, "timescale": 5.869052098730915, "rgb": "#000000", "zyx": [21, 74, 47]}