{"p": 0.168, "barbin": 0, "corr": 0.05580288544297218, "timescale": 6.578976055023614, "rgb": "#000000", "zyx": [1, 75, 69]}