{"p": 0.005, "barbin": 1, "corr": 0.12876781821250916, "timescale": 4.492805143954675, "rgb": "#000000", "zyx": [13, 43, 68]}