{"p": 0.692, "barbin": 0, "corr": -0.024044260382652283, "timescale": 7.584962500721156, "rgb": "#000000", "zyx": [4, 41, 66]}