{"p": 0.534, "barbin": 0, "corr": -0.0010331342928111553, "timescale": 5.014166718416502, "rgb": "#000000", "zyx": [3, 90, 67]}