{"p": 0.0, "barbin": 4, "corr": 0.3015245497226715, "timescale": 6.5166876885922225, "rgb": "#000000", "zyx": [21, 57, 69]}