{"p": 0.001, "barbin": 2, "corr": 0.16353079676628113, "timescale": 7.179123614912284, "rgb": "#000000", "zyx": [11, 27, 52]}