{"p": 0.081, "barbin": 0, "corr": 0.08426854014396667, "timescale": 6.829977827390754, "rgb": "#000000", "zyx": [14, 79, 70]}