{"p": 0.057, "barbin": 0, "corr": 0.09371230006217957, "timescale": 5.541422148124651, "rgb": "#000000", "zyx": [14, 55, 72]}