{"p": 0.763, "barbin": 0, "corr": -0.04059859737753868, "timescale": 6.537580591676075, "rgb": "#000000", "zyx": [17, 22, 54]}