{"p": 0.882, "barbin": 0, "corr": -0.06546837091445923, "timescale": 1.6246348054176305, "rgb": "#000000", "zyx": [19, 30, 35]}