{"p": 0.433, "barbin": 0, "corr": 0.010622280649840832, "timescale": 8.584962500721156, "rgb": "#000000", "zyx": [14, 72, 66]}