{"p": 0.533, "barbin": 0, "corr": 0.0020272592082619667, "timescale": 5.568065196877635, "rgb": "#000000", "zyx": [2, 80, 41]}