{"p": 0.005, "barbin": 1, "corr": 0.12201195955276489, "timescale": 6.933756107094513, "rgb": "#000000", "zyx": [11, 41, 67]}