{"p": 0.231, "barbin": 0, "corr": 0.026191677898168564, "timescale": 7.432228941582272, "rgb": "#000000", "zyx": [21, 67, 39]}