{"p": 0.0, "barbin": 4, "corr": 0.30842024087905884, "timescale": 7.071438653078314, "rgb": "#000000", "zyx": [12, 41, 73]}