{"p": 0.652, "barbin": 0, "corr": -0.022711744531989098, "timescale": 3.5032509518224417, "rgb": "#000000", "zyx": [17, 70, 46]}