{"p": 0.974, "barbin": 0, "corr": -0.10438142716884613, "timescale": 7.42936571706591, "rgb": "#000000", "zyx": [20, 87, 59]}