{"p": 0.0, "barbin": 4, "corr": 0.3267214596271515, "timescale": 6.842730858987781, "rgb": "#000000", "zyx": [13, 75, 70]}