{"p": 0.709, "barbin": 0, "corr": -0.03321744129061699, "timescale": 5.206254824941956, "rgb": "#000000", "zyx": [6, 56, 58]}