{"p": 0.02, "barbin": 1, "corr": 0.11634574830532074, "timescale": 7.666736623478236, "rgb": "#000000", "zyx": [15, 24, 58]}