{"p": 0.748, "barbin": 0, "corr": -0.02802867628633976, "timescale": 2.7235699027464966, "rgb": "#000000", "zyx": [11, 24, 45]}