{"p": 0.355, "barbin": 0, "corr": 0.019757380709052086, "timescale": 4.59556423176171, "rgb": "#000000", "zyx": [4, 83, 45]}