{"p": 0.872, "barbin": 0, "corr": -0.0502840019762516, "timescale": 6.588320500368834, "rgb": "#000000", "zyx": [6, 35, 51]}