{"p": 0.639, "barbin": 0, "corr": -0.021488256752490997, "timescale": 4.594583843543811, "rgb": "#000000", "zyx": [19, 89, 53]}