{"p": 0.573, "barbin": 0, "corr": -0.011424656957387924, "timescale": 6.750850586682498, "rgb": "#000000", "zyx": [3, 42, 69]}