{"p": 0.239, "barbin": 0, "corr": 0.038603734225034714, "timescale": 5.6841447541209025, "rgb": "#000000", "zyx": [13, 28, 43]}