{"p": 0.733, "barbin": 0, "corr": -0.03465097025036812, "timescale": 3.6689687567443032, "rgb": "#000000", "zyx": [15, 43, 33]}