{"p": 0.214, "barbin": 0, "corr": 0.046287428587675095, "timescale": 8.58479833761686, "rgb": "#000000", "zyx": [3, 45, 39]}