{"p": 0.294, "barbin": 0, "corr": 0.034793414175510406, "timescale": 6.327357981973428, "rgb": "#000000", "zyx": [10, 66, 81]}