{"p": 0.012, "barbin": 1, "corr": 0.11755172908306122, "timescale": 5.522973246100368, "rgb": "#000000", "zyx": [4, 47, 48]}