{"p": 0.014, "barbin": 1, "corr": 0.10455042123794556, "timescale": 6.045450067152931, "rgb": "#000000", "zyx": [17, 76, 71]}