{"p": 0.0, "barbin": 2, "corr": 0.19119124114513397, "timescale": 6.075730524233692, "rgb": "#000000", "zyx": [14, 48, 64]}