{"p": 0.024, "barbin": 1, "corr": 0.11261537671089172, "timescale": 7.997614794490802, "rgb": "#000000", "zyx": [1, 51, 36]}