{"p": 0.094, "barbin": 0, "corr": 0.08164243400096893, "timescale": 6.561790188231386, "rgb": "#000000", "zyx": [2, 49, 31]}