{"p": 0.02, "barbin": 0, "corr": 0.09526977688074112, "timescale": 5.957341652111983, "rgb": "#000000", "zyx": [10, 62, 39]}