{"p": 0.208, "barbin": 0, "corr": 0.0536675900220871, "timescale": 7.454170614184755, "rgb": "#000000", "zyx": [6, 55, 32]}