{"p": 0.584, "barbin": 0, "corr": -0.011892832815647125, "timescale": 8.535691114788387, "rgb": "#000000", "zyx": [4, 81, 58]}