{"p": 0.736, "barbin": 0, "corr": -0.03240722045302391, "timescale": 4.676512533283361, "rgb": "#000000", "zyx": [9, 31, 39]}