{"p": 0.527, "barbin": 0, "corr": -0.004273436963558197, "timescale": 3.579786877718272, "rgb": "#000000", "zyx": [12, 16, 58]}