{"p": 0.662, "barbin": 0, "corr": -0.02573326975107193, "timescale": 2.5881059581070858, "rgb": "#000000", "zyx": [3, 40, 72]}