{"p": 0.0, "barbin": 3, "corr": 0.22297346591949463, "timescale": 7.276856179743253, "rgb": "#000000", "zyx": [18, 85, 59]}