{"p": 0.764, "barbin": 0, "corr": -0.012254253961145878, "timescale": 8.584962500721156, "rgb": "#000000", "zyx": [14, 52, 54]}