{"p": 0.935, "barbin": 0, "corr": -0.06785617768764496, "timescale": 4.373886683283971, "rgb": "#000000", "zyx": [14, 18, 50]}