{"p": 0.748, "barbin": 0, "corr": -0.04388026148080826, "timescale": 4.466016276270091, "rgb": "#000000", "zyx": [15, 16, 56]}