{"p": 0.0, "barbin": 1, "corr": 0.14489121735095978, "timescale": 5.866847838637663, "rgb": "#000000", "zyx": [20, 37, 53]}