{"p": 0.0, "barbin": 3, "corr": 0.23694026470184326, "timescale": 6.7697795500385975, "rgb": "#000000", "zyx": [16, 81, 69]}