{"p": 0.641, "barbin": 0, "corr": -0.017146339640021324, "timescale": 7.36368791765989, "rgb": "#000000", "zyx": [7, 67, 62]}