{"p": 0.91, "barbin": 0, "corr": -0.08111271262168884, "timescale": 2.927269694147128, "rgb": "#000000", "zyx": [11, 36, 27]}