{"p": 0.081, "barbin": 0, "corr": 0.07353787124156952, "timescale": 5.351876512819064, "rgb": "#000000", "zyx": [12, 49, 33]}