{"p": 0.524, "barbin": 0, "corr": -0.00056189124006778, "timescale": 2.8518365721199346, "rgb": "#000000", "zyx": [10, 40, 56]}