{"p": 0.944, "barbin": 0, "corr": -0.08914542198181152, "timescale": 2.9750480893170206, "rgb": "#000000", "zyx": [13, 40, 61]}