{"p": 0.29, "barbin": 0, "corr": 0.034299690276384354, "timescale": 7.068248167617392, "rgb": "#000000", "zyx": [4, 54, 29]}