{"p": 0.74, "barbin": 0, "corr": -0.031840045005083084, "timescale": 6.113378475415017, "rgb": "#000000", "zyx": [9, 58, 61]}