{"p": 0.896, "barbin": 0, "corr": -0.0693276971578598, "timescale": 6.464133711360614, "rgb": "#000000", "zyx": [19, 30, 46]}