{"p": 0.001, "barbin": 2, "corr": 0.15501300990581512, "timescale": 6.425760289146931, "rgb": "#000000", "zyx": [12, 75, 29]}