{"p": 0.073, "barbin": 0, "corr": 0.08975309133529663, "timescale": 5.154785770237939, "rgb": "#000000", "zyx": [6, 66, 82]}