{"p": 0.0, "barbin": 3, "corr": 0.21581925451755524, "timescale": 7.220517330270402, "rgb": "#000000", "zyx": [25, 48, 50]}