{"p": 0.0, "barbin": 3, "corr": 0.22973404824733734, "timescale": 6.853215503336078, "rgb": "#000000", "zyx": [19, 31, 52]}