{"p": 0.55, "barbin": 0, "corr": -0.005692675709724426, "timescale": 8.270567530594985, "rgb": "#000000", "zyx": [14, 24, 67]}