{"p": 0.372, "barbin": 0, "corr": 0.021846774965524673, "timescale": 3.3571323482632436, "rgb": "#000000", "zyx": [20, 57, 28]}