{"p": 0.958, "barbin": 0, "corr": -0.10842818766832352, "timescale": 5.584962500721156, "rgb": "#000000", "zyx": [12, 25, 45]}