{"p": 0.723, "barbin": 0, "corr": -0.03313876688480377, "timescale": 7.101302035298278, "rgb": "#000000", "zyx": [4, 57, 39]}