{"p": 0.595, "barbin": 0, "corr": -0.012747368775308132, "timescale": 1.7891228038424933, "rgb": "#000000", "zyx": [9, 45, 38]}