{"p": 0.209, "barbin": 0, "corr": 0.045468252152204514, "timescale": 7.548542616656794, "rgb": "#000000", "zyx": [13, 22, 38]}