{"p": 0.521, "barbin": 0, "corr": -0.004487725906074047, "timescale": 3.7593066509004136, "rgb": "#000000", "zyx": [10, 88, 71]}