{"p": 0.912, "barbin": 0, "corr": -0.08254926651716232, "timescale": 6.8810828685467635, "rgb": "#000000", "zyx": [21, 62, 54]}