{"p": 0.252, "barbin": 0, "corr": 0.03707063943147659, "timescale": 8.237618008133897, "rgb": "#000000", "zyx": [3, 72, 25]}