{"p": 0.564, "barbin": 0, "corr": -0.007234781049191952, "timescale": 5.585171229954149, "rgb": "#000000", "zyx": [6, 63, 73]}