{"p": 0.233, "barbin": 0, "corr": 0.04255364462733269, "timescale": 6.834553052583095, "rgb": "#000000", "zyx": [6, 39, 29]}