{"p": 0.166, "barbin": 0, "corr": 0.04053235799074173, "timescale": 8.524754105099152, "rgb": "#000000", "zyx": [12, 89, 71]}