{"p": 0.125, "barbin": 0, "corr": 0.051198896020650864, "timescale": 6.4267758696062565, "rgb": "#000000", "zyx": [7, 93, 58]}