{"p": 0.184, "barbin": 0, "corr": 0.012484787963330746, "timescale": 5.2940378717191106, "rgb": "#000000", "zyx": [20, 84, 63]}