{"p": 0.223, "barbin": 0, "corr": 0.025285115465521812, "timescale": 4.242220447492538, "rgb": "#000000", "zyx": [13, 57, 38]}