{"p": 0.26, "barbin": 0, "corr": 0.028491627424955368, "timescale": 6.579982241758054, "rgb": "#000000", "zyx": [11, 66, 74]}