{"p": 0.619, "barbin": 0, "corr": -0.016564423218369484, "timescale": 2.584962500721159, "rgb": "#000000", "zyx": [10, 21, 60]}