{"p": 0.573, "barbin": 0, "corr": -0.013682066462934017, "timescale": 5.584962500721157, "rgb": "#000000", "zyx": [9, 71, 42]}