{"p": 0.039, "barbin": 0, "corr": 0.07697634398937225, "timescale": 7.584962961527774, "rgb": "#000000", "zyx": [9, 43, 60]}