{"p": 0.551, "barbin": 0, "corr": -0.008350178599357605, "timescale": 7.358757192136578, "rgb": "#000000", "zyx": [11, 28, 65]}