{"p": 0.615, "barbin": 0, "corr": -0.02012379840016365, "timescale": 8.584962500721156, "rgb": "#000000", "zyx": [20, 77, 44]}