{"p": 0.003, "barbin": 2, "corr": 0.1855652630329132, "timescale": 7.583350418516608, "rgb": "#000000", "zyx": [9, 61, 25]}