{"p": 0.0, "barbin": 4, "corr": 0.2690889835357666, "timescale": 6.961419172743644, "rgb": "#000000", "zyx": [4, 58, 70]}