{"p": 0.008, "barbin": 1, "corr": 0.14054003357887268, "timescale": 6.822709563947477, "rgb": "#000000", "zyx": [7, 83, 37]}