{"p": 0.262, "barbin": 0, "corr": 0.03953570872545242, "timescale": 6.497986956498344, "rgb": "#000000", "zyx": [25, 55, 63]}