{"p": 0.449, "barbin": 0, "corr": 0.011161090806126595, "timescale": 7.584246509328825, "rgb": "#000000", "zyx": [15, 53, 38]}