{"p": 0.241, "barbin": 0, "corr": 0.034026388078927994, "timescale": 6.517855299431901, "rgb": "#000000", "zyx": [20, 28, 57]}