{"p": 0.329, "barbin": 0, "corr": 0.022831197828054428, "timescale": 8.583032198835141, "rgb": "#000000", "zyx": [11, 81, 27]}