{"p": 0.003, "barbin": 2, "corr": 0.16549402475357056, "timescale": 5.750394889035503, "rgb": "#000000", "zyx": [11, 70, 49]}