{"p": 0.318, "barbin": 0, "corr": 0.02458382584154606, "timescale": 6.685014445122484, "rgb": "#000000", "zyx": [3, 51, 35]}