{"p": 0.851, "barbin": 0, "corr": -0.027726605534553528, "timescale": 8.584962500721156, "rgb": "#000000", "zyx": [25, 62, 47]}