{"p": 0.021, "barbin": 1, "corr": 0.1209225207567215, "timescale": 8.261989050164702, "rgb": "#000000", "zyx": [3, 56, 39]}