{"p": 0.98, "barbin": 0, "corr": -0.11791431158781052, "timescale": 6.463344708600939, "rgb": "#000000", "zyx": [4, 51, 57]}