{"p": 0.858, "barbin": 0, "corr": -0.046978604048490524, "timescale": 5.006778977822266, "rgb": "#000000", "zyx": [17, 33, 71]}