{"p": 0.871, "barbin": 0, "corr": -0.06864384561777115, "timescale": 2.5855284350940857, "rgb": "#000000", "zyx": [8, 66, 58]}