{"p": 0.057, "barbin": 0, "corr": 0.010695968754589558, "timescale": 6.5589159601149705, "rgb": "#000000", "zyx": [20, 56, 45]}