{"p": 0.931, "barbin": 0, "corr": -0.021856768056750298, "timescale": 8.584962109017525, "rgb": "#000000", "zyx": [26, 41, 45]}