{"p": 0.269, "barbin": 0, "corr": 0.036970458924770355, "timescale": 5.584962500734265, "rgb": "#000000", "zyx": [3, 63, 39]}