{"p": 0.241, "barbin": 0, "corr": 0.047871775925159454, "timescale": 4.221660931274218, "rgb": "#000000", "zyx": [19, 47, 65]}