{"p": 0.703, "barbin": 0, "corr": -0.03204989433288574, "timescale": 6.584962400109587, "rgb": "#000000", "zyx": [7, 32, 45]}