{"p": 0.571, "barbin": 0, "corr": -0.011777698993682861, "timescale": 2.5849843968872603, "rgb": "#000000", "zyx": [6, 68, 60]}