{"p": 0.541, "barbin": 0, "corr": -0.0014290225226432085, "timescale": 1.5849770042356341, "rgb": "#000000", "zyx": [7, 52, 55]}