{"p": 0.132, "barbin": 0, "corr": 0.04652267321944237, "timescale": 3.2692298273504106, "rgb": "#000000", "zyx": [5, 84, 33]}