{"p": 0.025, "barbin": 1, "corr": 0.10148212313652039, "timescale": 7.451178479452045, "rgb": "#000000", "zyx": [6, 45, 72]}