{"p": 0.0, "barbin": 2, "corr": 0.1534586399793625, "timescale": 5.555308466752047, "rgb": "#000000", "zyx": [20, 72, 68]}