{"p": 0.485, "barbin": 0, "corr": 6.912741810083389e-05, "timescale": 3.3765208862244, "rgb": "#000000", "zyx": [10, 22, 42]}