{"p": 0.773, "barbin": 0, "corr": -0.0444955974817276, "timescale": 2.243209179283246, "rgb": "#000000", "zyx": [6, 78, 35]}