{"p": 0.868, "barbin": 0, "corr": -0.007024281192570925, "timescale": 4.584565718719052, "rgb": "#000000", "zyx": [3, 53, 70]}