{"p": 0.387, "barbin": 0, "corr": 0.009896877221763134, "timescale": 3.600452563293426, "rgb": "#000000", "zyx": [6, 91, 50]}