{"p": 0.698, "barbin": 0, "corr": -0.029434800148010254, "timescale": 1.5849625007593522, "rgb": "#000000", "zyx": [7, 57, 32]}