{"p": 0.0, "barbin": 4, "corr": 0.25076842308044434, "timescale": 5.883097783831899, "rgb": "#000000", "zyx": [18, 52, 35]}