{"p": 0.314, "barbin": 0, "corr": 0.025733137503266335, "timescale": 6.5064693837248955, "rgb": "#000000", "zyx": [18, 76, 43]}