{"p": 0.0, "barbin": 4, "corr": 0.28159278631210327, "timescale": 6.414543969589487, "rgb": "#000000", "zyx": [20, 59, 69]}