{"p": 0.413, "barbin": 0, "corr": 0.010388212278485298, "timescale": 3.599282376095025, "rgb": "#000000", "zyx": [8, 87, 61]}