{"p": 0.344, "barbin": 0, "corr": 0.021781478077173233, "timescale": 4.018862171678236, "rgb": "#000000", "zyx": [21, 25, 50]}