{"p": 0.114, "barbin": 0, "corr": 0.045040618628263474, "timescale": 5.162894461684951, "rgb": "#000000", "zyx": [13, 50, 66]}