{"p": 0.938, "barbin": 0, "corr": -0.0838245153427124, "timescale": 6.508812609734907, "rgb": "#000000", "zyx": [13, 68, 59]}