{"p": 0.789, "barbin": 0, "corr": -0.042119137942790985, "timescale": 5.258476873055599, "rgb": "#000000", "zyx": [14, 23, 37]}