{"p": 0.991, "barbin": 0, "corr": -0.14472617208957672, "timescale": 3.9169782414091268, "rgb": "#000000", "zyx": [17, 52, 78]}