{"p": 0.849, "barbin": 0, "corr": -0.06247170269489288, "timescale": 5.584963223544966, "rgb": "#000000", "zyx": [14, 20, 61]}