{"p": 0.0, "barbin": 4, "corr": 0.2847606837749481, "timescale": 7.038401759766571, "rgb": "#000000", "zyx": [15, 80, 42]}