{"p": 0.931, "barbin": 0, "corr": -0.08833208680152893, "timescale": 6.576063254999264, "rgb": "#000000", "zyx": [13, 56, 63]}