{"p": 0.263, "barbin": 0, "corr": 0.004851086065173149, "timescale": 3.5183116027384114, "rgb": "#000000", "zyx": [16, 47, 78]}