{"p": 0.762, "barbin": 0, "corr": -0.04228556901216507, "timescale": 3.5592827696810954, "rgb": "#000000", "zyx": [5, 45, 57]}