{"p": 0.272, "barbin": 0, "corr": 0.024292226880788803, "timescale": 4.373143130592874, "rgb": "#000000", "zyx": [12, 34, 68]}