{"p": 0.019, "barbin": 1, "corr": 0.12659086287021637, "timescale": 6.3206269003947915, "rgb": "#000000", "zyx": [7, 63, 82]}