{"p": 0.0, "barbin": 3, "corr": 0.2491552233695984, "timescale": 7.1161765052563055, "rgb": "#000000", "zyx": [23, 55, 40]}