{"p": 0.086, "barbin": 0, "corr": 0.05216478556394577, "timescale": 5.371573809665607, "rgb": "#000000", "zyx": [13, 53, 75]}