{"p": 0.125, "barbin": 0, "corr": 0.018253829330205917, "timescale": 4.130497230811042, "rgb": "#000000", "zyx": [22, 84, 48]}