{"p": 0.378, "barbin": 0, "corr": 9.14503907551989e-05, "timescale": 6.74615863443961, "rgb": "#000000", "zyx": [5, 67, 83]}