{"p": 0.287, "barbin": 0, "corr": 0.038219574838876724, "timescale": 7.584962500721156, "rgb": "#000000", "zyx": [17, 51, 48]}