{"p": 0.079, "barbin": 0, "corr": 0.08393323421478271, "timescale": 5.109878943668382, "rgb": "#000000", "zyx": [4, 86, 73]}