{"p": 0.001, "barbin": 3, "corr": 0.20553259551525116, "timescale": 6.530922069979805, "rgb": "#000000", "zyx": [6, 40, 30]}