{"p": 0.296, "barbin": 0, "corr": 0.03631315752863884, "timescale": 6.791873036870882, "rgb": "#000000", "zyx": [9, 81, 33]}