{"p": 0.324, "barbin": 0, "corr": 0.020922048017382622, "timescale": 3.036778212785522, "rgb": "#000000", "zyx": [10, 80, 76]}