{"p": 0.096, "barbin": 0, "corr": 0.05801931023597717, "timescale": 5.628152326446551, "rgb": "#000000", "zyx": [20, 67, 71]}