{"p": 0.01, "barbin": 1, "corr": 0.12116095423698425, "timescale": 6.110392416640835, "rgb": "#000000", "zyx": [17, 85, 53]}