{"p": 0.442, "barbin": 0, "corr": 0.010135892778635025, "timescale": 6.583547399347456, "rgb": "#000000", "zyx": [19, 40, 33]}