{"p": 0.658, "barbin": 0, "corr": -0.00015249040734488517, "timescale": 7.03426355855105, "rgb": "#000000", "zyx": [5, 87, 45]}