{"p": 0.081, "barbin": 0, "corr": 0.022045493125915527, "timescale": 5.955878980862518, "rgb": "#000000", "zyx": [24, 57, 61]}