{"p": 0.176, "barbin": 0, "corr": 0.052659325301647186, "timescale": 4.722499236678137, "rgb": "#000000", "zyx": [19, 56, 70]}