{"p": 0.867, "barbin": 0, "corr": -0.05943003669381142, "timescale": 2.7908463376914483, "rgb": "#000000", "zyx": [15, 71, 63]}