{"p": 0.014, "barbin": 0, "corr": 0.0951283872127533, "timescale": 7.546440146132469, "rgb": "#000000", "zyx": [24, 63, 65]}