{"p": 0.0, "barbin": 2, "corr": 0.1997791826725006, "timescale": 6.264141819669574, "rgb": "#000000", "zyx": [6, 69, 77]}