{"p": 0.996, "barbin": 0, "corr": -0.13657905161380768, "timescale": 5.99885086392208, "rgb": "#000000", "zyx": [14, 65, 25]}