{"p": 0.237, "barbin": 0, "corr": 0.04323205351829529, "timescale": 7.129628559572053, "rgb": "#000000", "zyx": [15, 84, 57]}