{"p": 0.466, "barbin": 0, "corr": 0.013437917456030846, "timescale": 4.50550049144573, "rgb": "#000000", "zyx": [13, 40, 37]}