{"p": 0.901, "barbin": 0, "corr": -0.0738954022526741, "timescale": 2.889721138444553, "rgb": "#000000", "zyx": [18, 69, 62]}