{"p": 0.682, "barbin": 0, "corr": -0.0042613716796040535, "timescale": 6.164354642121621, "rgb": "#000000", "zyx": [19, 49, 45]}