{"p": 0.146, "barbin": 0, "corr": 0.06392136961221695, "timescale": 8.584961600680598, "rgb": "#000000", "zyx": [13, 56, 80]}