{"p": 0.107, "barbin": 0, "corr": 0.08483104407787323, "timescale": 2.6164767021480824, "rgb": "#000000", "zyx": [4, 57, 58]}