{"p": 0.283, "barbin": 0, "corr": 0.02590210922062397, "timescale": 6.929710089274235, "rgb": "#000000", "zyx": [14, 63, 47]}