{"p": 0.624, "barbin": 0, "corr": -0.01792684569954872, "timescale": 4.816323517139406, "rgb": "#000000", "zyx": [18, 50, 30]}