{"p": 0.671, "barbin": 0, "corr": -0.015569444745779037, "timescale": 7.673014734552274, "rgb": "#000000", "zyx": [5, 66, 66]}