{"p": 0.0, "barbin": 4, "corr": 0.27054885029792786, "timescale": 6.981554364136621, "rgb": "#000000", "zyx": [17, 69, 73]}