{"p": 0.561, "barbin": 0, "corr": -0.003643093863502145, "timescale": 6.3389288881265085, "rgb": "#000000", "zyx": [20, 77, 63]}