{"p": 0.717, "barbin": 0, "corr": -0.03453506529331207, "timescale": 1.5849625132674996, "rgb": "#000000", "zyx": [24, 68, 41]}