{"p": 0.763, "barbin": 0, "corr": -0.042473360896110535, "timescale": 2.959241156332924, "rgb": "#000000", "zyx": [6, 79, 64]}