{"p": 0.32, "barbin": 0, "corr": 0.021472837775945663, "timescale": 5.582341219006162, "rgb": "#000000", "zyx": [10, 25, 63]}