{"p": 0.06, "barbin": 0, "corr": 0.08172673732042313, "timescale": 6.703677196761207, "rgb": "#000000", "zyx": [23, 34, 61]}