{"p": 0.0, "barbin": 4, "corr": 0.40519431233406067, "timescale": 6.088137356933495, "rgb": "#000000", "zyx": [10, 66, 34]}