{"p": 0.083, "barbin": 0, "corr": 0.06967730075120926, "timescale": 5.068503870478967, "rgb": "#000000", "zyx": [12, 53, 79]}