{"p": 0.987, "barbin": 0, "corr": -0.017953934147953987, "timescale": 1.6155617255261852, "rgb": "#000000", "zyx": [10, 66, 38]}