{"p": 0.854, "barbin": 0, "corr": -0.06395741552114487, "timescale": 8.309460561234863, "rgb": "#000000", "zyx": [8, 48, 64]}