{"p": 0.116, "barbin": 0, "corr": 0.04854518175125122, "timescale": 7.020124982361752, "rgb": "#000000", "zyx": [6, 43, 69]}