{"p": 0.294, "barbin": 0, "corr": 0.026832783594727516, "timescale": 6.604857329748371, "rgb": "#000000", "zyx": [24, 67, 69]}