{"p": 0.117, "barbin": 0, "corr": 0.0651005208492279, "timescale": 8.15086727452955, "rgb": "#000000", "zyx": [5, 68, 32]}