{"p": 0.845, "barbin": 0, "corr": -0.03414694219827652, "timescale": 3.5849624485940956, "rgb": "#000000", "zyx": [25, 44, 51]}