{"p": 0.0, "barbin": 3, "corr": 0.22506099939346313, "timescale": 6.92251414221748, "rgb": "#000000", "zyx": [13, 82, 54]}