{"p": 0.732, "barbin": 0, "corr": -0.023371990770101547, "timescale": 4.439086943110549, "rgb": "#000000", "zyx": [8, 90, 59]}