{"p": 0.611, "barbin": 0, "corr": -0.004676364362239838, "timescale": 2.584962500721156, "rgb": "#000000", "zyx": [13, 69, 42]}