{"p": 0.389, "barbin": 0, "corr": 0.014857582747936249, "timescale": 4.570588602920841, "rgb": "#000000", "zyx": [18, 66, 64]}