{"p": 0.552, "barbin": 0, "corr": -0.008140098303556442, "timescale": 6.584747520285134, "rgb": "#000000", "zyx": [21, 43, 54]}