{"p": 0.089, "barbin": 0, "corr": 0.04500021040439606, "timescale": 3.8454735978245402, "rgb": "#000000", "zyx": [3, 70, 78]}