{"p": 0.217, "barbin": 0, "corr": 0.04501261189579964, "timescale": 6.484766987456018, "rgb": "#000000", "zyx": [8, 79, 26]}