{"p": 0.223, "barbin": 0, "corr": 0.03932918235659599, "timescale": 2.591102047289922, "rgb": "#000000", "zyx": [17, 73, 62]}