{"p": 0.72, "barbin": 0, "corr": -0.02600828744471073, "timescale": 3.5881294597032443, "rgb": "#000000", "zyx": [16, 86, 36]}