{"p": 0.639, "barbin": 0, "corr": -0.011155269108712673, "timescale": 5.290898757444448, "rgb": "#000000", "zyx": [15, 41, 75]}