{"p": 0.327, "barbin": 0, "corr": 0.027200661599636078, "timescale": 5.82376332813283, "rgb": "#000000", "zyx": [3, 47, 37]}