{"p": 0.532, "barbin": 0, "corr": -0.002539134118705988, "timescale": 2.5888924573537166, "rgb": "#000000", "zyx": [3, 75, 69]}