{"p": 0.0, "barbin": 3, "corr": 0.2335803061723709, "timescale": 7.5519247066738995, "rgb": "#000000", "zyx": [14, 72, 34]}