{"p": 0.773, "barbin": 0, "corr": -0.04462514817714691, "timescale": 7.226742969520067, "rgb": "#000000", "zyx": [18, 53, 59]}