{"p": 0.223, "barbin": 0, "corr": 0.006700385827571154, "timescale": 3.612213511070462, "rgb": "#000000", "zyx": [13, 19, 63]}