{"p": 0.59, "barbin": 0, "corr": -0.013996603898704052, "timescale": 4.219996534703421, "rgb": "#000000", "zyx": [15, 72, 43]}