{"p": 0.221, "barbin": 0, "corr": 0.045980796217918396, "timescale": 7.35892647942029, "rgb": "#000000", "zyx": [25, 54, 56]}