{"p": 0.0, "barbin": 2, "corr": 0.19283835589885712, "timescale": 7.16951571118359, "rgb": "#000000", "zyx": [8, 43, 73]}