{"p": 0.002, "barbin": 2, "corr": 0.15428435802459717, "timescale": 7.980294019134542, "rgb": "#000000", "zyx": [2, 76, 32]}