{"p": 0.002, "barbin": 2, "corr": 0.17394229769706726, "timescale": 7.062616689273142, "rgb": "#000000", "zyx": [19, 50, 64]}