{"p": 0.297, "barbin": 0, "corr": 0.01859287917613983, "timescale": 8.505506222858148, "rgb": "#000000", "zyx": [18, 62, 62]}