{"p": 0.603, "barbin": 0, "corr": -0.007844450883567333, "timescale": 5.5754845699616515, "rgb": "#000000", "zyx": [13, 39, 55]}