{"p": 0.014, "barbin": 0, "corr": 0.09819766134023666, "timescale": 7.592177720986685, "rgb": "#000000", "zyx": [13, 18, 49]}