{"p": 0.191, "barbin": 0, "corr": 0.028409842401742935, "timescale": 8.093272579489064, "rgb": "#000000", "zyx": [8, 64, 54]}