{"p": 0.859, "barbin": 0, "corr": -0.06578616052865982, "timescale": 3.494925668291967, "rgb": "#000000", "zyx": [10, 40, 44]}