{"p": 0.155, "barbin": 0, "corr": 0.061032313853502274, "timescale": 6.125646338867601, "rgb": "#000000", "zyx": [7, 59, 67]}