{"p": 0.001, "barbin": 1, "corr": 0.10041534900665283, "timescale": 7.776977793629703, "rgb": "#000000", "zyx": [16, 44, 65]}