{"p": 0.32, "barbin": 0, "corr": 0.026688046753406525, "timescale": 5.889312714556498, "rgb": "#000000", "zyx": [18, 34, 46]}