{"p": 0.03, "barbin": 1, "corr": 0.11273599416017532, "timescale": 7.186793411253084, "rgb": "#000000", "zyx": [8, 52, 74]}