{"p": 0.001, "barbin": 0, "corr": 0.09642498195171356, "timescale": 4.617521306140722, "rgb": "#000000", "zyx": [3, 69, 34]}