{"p": 0.769, "barbin": 0, "corr": -0.044552430510520935, "timescale": 6.55991845053186, "rgb": "#000000", "zyx": [8, 41, 68]}