{"p": 0.912, "barbin": 0, "corr": -0.012722720392048359, "timescale": 5.666438440310832, "rgb": "#000000", "zyx": [15, 46, 53]}