{"p": 0.782, "barbin": 0, "corr": -0.04194371774792671, "timescale": 4.386802103671243, "rgb": "#000000", "zyx": [18, 47, 41]}