{"p": 0.403, "barbin": 0, "corr": 0.012623840942978859, "timescale": 5.576396990414673, "rgb": "#000000", "zyx": [26, 48, 51]}