{"p": 0.203, "barbin": 0, "corr": 0.045133400708436966, "timescale": 7.576066779303759, "rgb": "#000000", "zyx": [13, 75, 61]}