{"p": 0.015, "barbin": 1, "corr": 0.11920838057994843, "timescale": 7.22124618936967, "rgb": "#000000", "zyx": [3, 45, 72]}