{"p": 0.834, "barbin": 0, "corr": -0.05723651498556137, "timescale": 7.565312840208747, "rgb": "#000000", "zyx": [5, 90, 57]}