{"p": 0.011, "barbin": 1, "corr": 0.14195707440376282, "timescale": 5.831631926128611, "rgb": "#000000", "zyx": [4, 67, 76]}