{"p": 0.354, "barbin": 0, "corr": 0.006023440044373274, "timescale": 7.575811728433813, "rgb": "#000000", "zyx": [21, 35, 58]}