{"p": 0.833, "barbin": 0, "corr": -0.05657723546028137, "timescale": 6.424653308294942, "rgb": "#000000", "zyx": [27, 59, 43]}