{"p": 0.582, "barbin": 0, "corr": -0.0013568266294896603, "timescale": 5.686506607299052, "rgb": "#000000", "zyx": [6, 57, 72]}