{"p": 0.164, "barbin": 0, "corr": 0.05424506217241287, "timescale": 2.56654042374706, "rgb": "#000000", "zyx": [12, 90, 45]}