{"p": 0.044, "barbin": 0, "corr": 0.08458675444126129, "timescale": 7.417189492516052, "rgb": "#000000", "zyx": [21, 64, 55]}