{"p": 0.954, "barbin": 0, "corr": -0.061086878180503845, "timescale": 4.01642490950872, "rgb": "#000000", "zyx": [14, 18, 60]}