{"p": 0.696, "barbin": 0, "corr": -0.035402655601501465, "timescale": 4.743457678061394, "rgb": "#000000", "zyx": [10, 41, 65]}