{"p": 0.523, "barbin": 0, "corr": -0.003207347122952342, "timescale": 2.8500496125231938, "rgb": "#000000", "zyx": [18, 72, 78]}