{"p": 0.367, "barbin": 0, "corr": 0.020255303010344505, "timescale": 8.572171824875895, "rgb": "#000000", "zyx": [5, 61, 67]}