{"p": 0.444, "barbin": 0, "corr": 0.006927456706762314, "timescale": 3.5336108440262834, "rgb": "#000000", "zyx": [10, 90, 63]}