{"p": 0.041, "barbin": 1, "corr": 0.10148447751998901, "timescale": 6.470053489777255, "rgb": "#000000", "zyx": [3, 40, 65]}