{"p": 0.38, "barbin": 0, "corr": 0.005884763319045305, "timescale": 7.386006106577836, "rgb": "#000000", "zyx": [6, 87, 34]}