{"p": 0.0, "barbin": 1, "corr": 0.12718985974788666, "timescale": 7.10997361676333, "rgb": "#000000", "zyx": [19, 54, 49]}