{"p": 0.0, "barbin": 1, "corr": 0.13809268176555634, "timescale": 4.935758674420563, "rgb": "#000000", "zyx": [20, 66, 35]}