{"p": 0.001, "barbin": 2, "corr": 0.17669814825057983, "timescale": 6.707970883368574, "rgb": "#000000", "zyx": [9, 64, 74]}