{"p": 0.005, "barbin": 1, "corr": 0.10199732333421707, "timescale": 6.392909481362846, "rgb": "#000000", "zyx": [12, 83, 45]}