{"p": 0.288, "barbin": 0, "corr": 0.03356165438890457, "timescale": 2.9791117355466947, "rgb": "#000000", "zyx": [6, 72, 43]}