{"p": 0.293, "barbin": 0, "corr": 0.028570519760251045, "timescale": 6.25722422802554, "rgb": "#000000", "zyx": [12, 91, 58]}