{"p": 0.024, "barbin": 0, "corr": 0.09654550999403, "timescale": 7.5847739898869255, "rgb": "#000000", "zyx": [23, 73, 61]}