{"p": 0.972, "barbin": 0, "corr": -0.09094497561454773, "timescale": 5.606962660171812, "rgb": "#000000", "zyx": [12, 53, 32]}