{"p": 0.134, "barbin": 0, "corr": 0.06062828376889229, "timescale": 6.577041282652892, "rgb": "#000000", "zyx": [9, 33, 41]}