{"p": 0.0, "barbin": 4, "corr": 0.2852388918399811, "timescale": 6.227702143883372, "rgb": "#000000", "zyx": [17, 48, 32]}