{"p": 0.486, "barbin": 0, "corr": 0.0004877388710156083, "timescale": 5.368309322414947, "rgb": "#000000", "zyx": [5, 57, 31]}