{"p": 0.487, "barbin": 0, "corr": 0.0012299756053835154, "timescale": 4.53545200262096, "rgb": "#000000", "zyx": [17, 41, 34]}