{"p": 0.001, "barbin": 3, "corr": 0.2078738510608673, "timescale": 6.603284975987951, "rgb": "#000000", "zyx": [24, 47, 57]}