{"p": 0.018, "barbin": 1, "corr": 0.11968591064214706, "timescale": 7.456237675719021, "rgb": "#000000", "zyx": [11, 78, 49]}