{"p": 0.306, "barbin": 0, "corr": 0.0234998632222414, "timescale": 2.07512085182488, "rgb": "#000000", "zyx": [17, 39, 46]}