{"p": 0.746, "barbin": 0, "corr": -0.03928215429186821, "timescale": 6.581745578015035, "rgb": "#000000", "zyx": [11, 55, 80]}