{"p": 0.004, "barbin": 1, "corr": 0.1337067186832428, "timescale": 5.928477753507026, "rgb": "#000000", "zyx": [5, 54, 41]}