{"p": 0.77, "barbin": 0, "corr": -0.04632497951388359, "timescale": 3.750110378858749, "rgb": "#000000", "zyx": [5, 49, 73]}