{"p": 0.814, "barbin": 0, "corr": -0.038401320576667786, "timescale": 3.5922409324091547, "rgb": "#000000", "zyx": [16, 56, 76]}