{"p": 0.774, "barbin": 0, "corr": -0.015252246521413326, "timescale": 8.440690174657407, "rgb": "#000000", "zyx": [11, 81, 38]}