{"p": 0.414, "barbin": 0, "corr": 0.015188587829470634, "timescale": 5.501035573984546, "rgb": "#000000", "zyx": [24, 69, 38]}