{"p": 0.269, "barbin": 0, "corr": 0.03786412626504898, "timescale": 4.584962510121138, "rgb": "#000000", "zyx": [18, 57, 47]}