{"p": 0.276, "barbin": 0, "corr": 0.02909461222589016, "timescale": 5.716995381770711, "rgb": "#000000", "zyx": [8, 68, 32]}