{"p": 0.0, "barbin": 3, "corr": 0.21853536367416382, "timescale": 6.3578786060159596, "rgb": "#000000", "zyx": [15, 71, 31]}