{"p": 0.087, "barbin": 0, "corr": 0.07525795698165894, "timescale": 6.336100812769357, "rgb": "#000000", "zyx": [14, 56, 73]}