{"p": 0.95, "barbin": 0, "corr": -0.09160811454057693, "timescale": 5.387496089956028, "rgb": "#000000", "zyx": [4, 79, 46]}