{"p": 0.423, "barbin": 0, "corr": 0.00821605697274208, "timescale": 6.556648132151456, "rgb": "#000000", "zyx": [22, 57, 66]}