{"p": 0.328, "barbin": 0, "corr": 0.026074670255184174, "timescale": 6.6591259306935875, "rgb": "#000000", "zyx": [10, 62, 61]}