{"p": 0.003, "barbin": 2, "corr": 0.16433091461658478, "timescale": 7.2098349360846905, "rgb": "#000000", "zyx": [24, 56, 58]}