{"p": 0.256, "barbin": 0, "corr": 0.041804470121860504, "timescale": 5.58756230600799, "rgb": "#000000", "zyx": [15, 55, 40]}