{"p": 0.16, "barbin": 0, "corr": 0.04271632060408592, "timescale": 7.552244597303588, "rgb": "#000000", "zyx": [14, 33, 58]}