{"p": 0.278, "barbin": 0, "corr": 0.027729440480470657, "timescale": 6.804899600218812, "rgb": "#000000", "zyx": [18, 76, 52]}