{"p": 0.041, "barbin": 0, "corr": 0.09901018440723419, "timescale": 6.76155379786137, "rgb": "#000000", "zyx": [1, 75, 47]}