{"p": 0.43, "barbin": 0, "corr": 0.014741078019142151, "timescale": 8.10362690097589, "rgb": "#000000", "zyx": [11, 47, 27]}