{"p": 0.671, "barbin": 0, "corr": -0.022116782143712044, "timescale": 6.35521303760437, "rgb": "#000000", "zyx": [14, 56, 78]}