{"p": 0.823, "barbin": 0, "corr": -0.05102599039673805, "timescale": 5.332904739487157, "rgb": "#000000", "zyx": [26, 51, 59]}