{"p": 0.0, "barbin": 1, "corr": 0.14928925037384033, "timescale": 5.588095756014594, "rgb": "#000000", "zyx": [17, 84, 57]}