{"p": 0.032, "barbin": 0, "corr": 0.06362777948379517, "timescale": 7.117768501516029, "rgb": "#000000", "zyx": [3, 88, 69]}