{"p": 0.0, "barbin": 4, "corr": 0.3292173147201538, "timescale": 7.689907308347344, "rgb": "#000000", "zyx": [11, 78, 56]}