{"p": 0.131, "barbin": 0, "corr": 0.06931202113628387, "timescale": 6.622901123429937, "rgb": "#000000", "zyx": [17, 57, 74]}