{"p": 0.201, "barbin": 0, "corr": 0.051212128251791, "timescale": 4.636058367570738, "rgb": "#000000", "zyx": [9, 47, 68]}