{"p": 0.005, "barbin": 1, "corr": 0.1456531137228012, "timescale": 6.5820829281481315, "rgb": "#000000", "zyx": [16, 28, 48]}