{"p": 0.225, "barbin": 0, "corr": 0.044788651168346405, "timescale": 8.555948045519697, "rgb": "#000000", "zyx": [16, 76, 35]}