{"p": 0.027, "barbin": 1, "corr": 0.10117313265800476, "timescale": 5.9564943397164924, "rgb": "#000000", "zyx": [14, 83, 37]}