{"p": 0.045, "barbin": 0, "corr": 0.06609931588172913, "timescale": 6.954169645202159, "rgb": "#000000", "zyx": [9, 40, 59]}