{"p": 0.025, "barbin": 0, "corr": 0.09490650147199631, "timescale": 6.107173915744885, "rgb": "#000000", "zyx": [12, 51, 63]}