{"p": 0.061, "barbin": 0, "corr": 0.0752551406621933, "timescale": 6.295405994624617, "rgb": "#000000", "zyx": [18, 59, 27]}