{"p": 0.119, "barbin": 0, "corr": 0.057201750576496124, "timescale": 2.9884253401447882, "rgb": "#000000", "zyx": [25, 59, 55]}