{"p": 0.802, "barbin": 0, "corr": -0.052819572389125824, "timescale": 7.777997600303716, "rgb": "#000000", "zyx": [3, 40, 55]}