{"p": 0.869, "barbin": 0, "corr": -0.03760198876261711, "timescale": 8.584962500721156, "rgb": "#000000", "zyx": [11, 56, 53]}