{"p": 0.001, "barbin": 2, "corr": 0.17531755566596985, "timescale": 6.839216930421056, "rgb": "#000000", "zyx": [25, 62, 40]}