{"p": 0.0, "barbin": 2, "corr": 0.19929037988185883, "timescale": 6.592749528333882, "rgb": "#000000", "zyx": [8, 45, 73]}