{"p": 0.465, "barbin": 0, "corr": 0.0031364108435809612, "timescale": 5.318391702228631, "rgb": "#000000", "zyx": [12, 38, 39]}