{"p": 0.291, "barbin": 0, "corr": 0.03407444804906845, "timescale": 4.827409828223356, "rgb": "#000000", "zyx": [18, 76, 37]}