{"p": 0.911, "barbin": 0, "corr": -0.05346456170082092, "timescale": 4.599015134155916, "rgb": "#000000", "zyx": [8, 88, 63]}