{"p": 0.333, "barbin": 0, "corr": 0.02352379821240902, "timescale": 6.961454437414412, "rgb": "#000000", "zyx": [14, 31, 69]}