{"p": 0.282, "barbin": 0, "corr": 0.016609475016593933, "timescale": 4.300381045523547, "rgb": "#000000", "zyx": [17, 69, 31]}