{"p": 0.943, "barbin": 0, "corr": -0.08419060707092285, "timescale": 4.584962500721156, "rgb": "#000000", "zyx": [6, 87, 36]}