{"p": 0.642, "barbin": 0, "corr": -0.022992616519331932, "timescale": 2.6079217702126245, "rgb": "#000000", "zyx": [25, 78, 49]}