{"p": 0.867, "barbin": 0, "corr": -0.06834401935338974, "timescale": 7.519650589214316, "rgb": "#000000", "zyx": [18, 60, 75]}