{"p": 0.731, "barbin": 0, "corr": -0.0357741080224514, "timescale": 6.769151151605729, "rgb": "#000000", "zyx": [6, 56, 52]}