{"p": 0.372, "barbin": 0, "corr": 0.008010380901396275, "timescale": 6.279307026228086, "rgb": "#000000", "zyx": [19, 73, 39]}