{"p": 0.475, "barbin": 0, "corr": 0.0031712613999843597, "timescale": 7.433882154689303, "rgb": "#000000", "zyx": [9, 66, 21]}