{"p": 0.051, "barbin": 1, "corr": 0.1003672406077385, "timescale": 6.3739993500115215, "rgb": "#000000", "zyx": [10, 79, 70]}