{"p": 0.898, "barbin": 0, "corr": -0.07235006242990494, "timescale": 7.562626634840046, "rgb": "#000000", "zyx": [8, 32, 40]}