{"p": 0.431, "barbin": 0, "corr": 0.0013897712342441082, "timescale": 7.5477940853302945, "rgb": "#000000", "zyx": [7, 59, 21]}