{"p": 0.987, "barbin": 0, "corr": -0.1252961903810501, "timescale": 4.674545395714501, "rgb": "#000000", "zyx": [2, 81, 54]}