{"p": 0.295, "barbin": 0, "corr": 0.02879709005355835, "timescale": 5.588050320673504, "rgb": "#000000", "zyx": [15, 34, 58]}