{"p": 0.583, "barbin": 0, "corr": -0.00833955593407154, "timescale": 7.451689059876632, "rgb": "#000000", "zyx": [9, 42, 70]}