{"p": 0.118, "barbin": 0, "corr": 0.07077179849147797, "timescale": 6.052956871691009, "rgb": "#000000", "zyx": [25, 50, 50]}