{"p": 0.85, "barbin": 0, "corr": -0.009999469853937626, "timescale": 6.588073925841995, "rgb": "#000000", "zyx": [2, 61, 34]}