{"p": 0.449, "barbin": 0, "corr": 0.006787525024265051, "timescale": 1.6903222563588638, "rgb": "#000000", "zyx": [22, 51, 39]}