{"p": 0.349, "barbin": 0, "corr": 0.021881846711039543, "timescale": 4.46023331876919, "rgb": "#000000", "zyx": [14, 39, 46]}