{"p": 0.005, "barbin": 1, "corr": 0.13573245704174042, "timescale": 6.0432425811641375, "rgb": "#000000", "zyx": [15, 43, 70]}