{"p": 0.135, "barbin": 0, "corr": 0.017817676067352295, "timescale": 4.994649302995599, "rgb": "#000000", "zyx": [17, 78, 30]}