{"p": 0.327, "barbin": 0, "corr": 0.026377970352768898, "timescale": 4.586575942451216, "rgb": "#000000", "zyx": [14, 21, 36]}