{"p": 0.272, "barbin": 0, "corr": 0.031489837914705276, "timescale": 5.564046608461131, "rgb": "#000000", "zyx": [4, 91, 62]}