{"p": 0.987, "barbin": 0, "corr": -0.12437786906957626, "timescale": 8.288014219902674, "rgb": "#000000", "zyx": [12, 35, 26]}