{"p": 0.272, "barbin": 0, "corr": 0.03299551457166672, "timescale": 6.456168718005708, "rgb": "#000000", "zyx": [15, 87, 54]}