{"p": 0.139, "barbin": 0, "corr": 0.03720421716570854, "timescale": 6.792343715281131, "rgb": "#000000", "zyx": [12, 77, 79]}