{"p": 0.717, "barbin": 0, "corr": -0.03423986956477165, "timescale": 6.584962500721156, "rgb": "#000000", "zyx": [15, 48, 77]}