{"p": 0.012, "barbin": 1, "corr": 0.13995447754859924, "timescale": 8.061670973356518, "rgb": "#000000", "zyx": [4, 47, 37]}