{"p": 0.538, "barbin": 0, "corr": -0.005462895147502422, "timescale": 4.900447981979381, "rgb": "#000000", "zyx": [10, 59, 38]}