{"p": 0.393, "barbin": 0, "corr": 0.01622212678194046, "timescale": 5.403965489179281, "rgb": "#000000", "zyx": [11, 41, 37]}