{"p": 0.0, "barbin": 2, "corr": 0.19669726490974426, "timescale": 7.367160353588502, "rgb": "#000000", "zyx": [16, 41, 48]}