{"p": 0.0, "barbin": 4, "corr": 0.3519611954689026, "timescale": 7.05047505291878, "rgb": "#000000", "zyx": [16, 51, 66]}