{"p": 0.215, "barbin": 0, "corr": 0.009166359901428223, "timescale": 3.807749093621573, "rgb": "#000000", "zyx": [10, 37, 40]}