{"p": 0.017, "barbin": 1, "corr": 0.12058539688587189, "timescale": 2.5954829227350618, "rgb": "#000000", "zyx": [22, 45, 51]}