{"p": 0.438, "barbin": 0, "corr": 0.007509961724281311, "timescale": 3.6391875457036487, "rgb": "#000000", "zyx": [18, 20, 48]}