{"p": 0.416, "barbin": 0, "corr": 0.013195711188018322, "timescale": 6.700629795477447, "rgb": "#000000", "zyx": [22, 78, 52]}