{"p": 0.848, "barbin": 0, "corr": -0.008276799693703651, "timescale": 8.490134282779588, "rgb": "#000000", "zyx": [18, 52, 58]}