{"p": 0.226, "barbin": 0, "corr": 0.04636102169752121, "timescale": 6.116000943614124, "rgb": "#000000", "zyx": [22, 58, 36]}