{"p": 0.384, "barbin": 0, "corr": 0.016068749129772186, "timescale": 7.584221214131189, "rgb": "#000000", "zyx": [8, 72, 67]}