{"p": 0.705, "barbin": 0, "corr": -0.021670572459697723, "timescale": 4.412354099727827, "rgb": "#000000", "zyx": [5, 68, 25]}