{"p": 0.008, "barbin": 1, "corr": 0.1306614875793457, "timescale": 8.584747986707804, "rgb": "#000000", "zyx": [22, 42, 47]}