{"p": 0.383, "barbin": 0, "corr": 0.014753003604710102, "timescale": 6.445161415725886, "rgb": "#000000", "zyx": [21, 24, 52]}