{"p": 0.832, "barbin": 0, "corr": -0.0578753836452961, "timescale": 2.006263337135779, "rgb": "#000000", "zyx": [9, 48, 53]}