{"p": 0.937, "barbin": 0, "corr": -0.09478247165679932, "timescale": 8.584962500721156, "rgb": "#000000", "zyx": [7, 75, 55]}