{"p": 0.604, "barbin": 0, "corr": -0.015437752939760685, "timescale": 5.138944020941697, "rgb": "#000000", "zyx": [27, 59, 48]}