{"p": 0.975, "barbin": 0, "corr": -0.11364943534135818, "timescale": 8.5453586536968, "rgb": "#000000", "zyx": [9, 78, 62]}