{"p": 0.12, "barbin": 0, "corr": 0.05911354720592499, "timescale": 6.584904482898939, "rgb": "#000000", "zyx": [21, 35, 42]}