{"p": 0.82, "barbin": 0, "corr": -0.04896441847085953, "timescale": 3.7964706478655943, "rgb": "#000000", "zyx": [14, 47, 78]}