{"p": 0.603, "barbin": 0, "corr": -0.012629368342459202, "timescale": 5.368274410942602, "rgb": "#000000", "zyx": [21, 33, 35]}