{"p": 0.136, "barbin": 0, "corr": 0.06168273836374283, "timescale": 6.659984556776489, "rgb": "#000000", "zyx": [13, 70, 45]}