{"p": 0.11, "barbin": 0, "corr": 0.0396743007004261, "timescale": 5.5927747925611095, "rgb": "#000000", "zyx": [15, 85, 40]}