{"p": 0.638, "barbin": 0, "corr": -0.005300093907862902, "timescale": 4.44741461085661, "rgb": "#000000", "zyx": [9, 70, 70]}