{"p": 0.48, "barbin": 0, "corr": 0.003588257357478142, "timescale": 7.674143780148208, "rgb": "#000000", "zyx": [21, 55, 34]}