{"p": 0.923, "barbin": 0, "corr": -0.08175843209028244, "timescale": 7.571232499709633, "rgb": "#000000", "zyx": [16, 55, 80]}