{"p": 0.595, "barbin": 0, "corr": -0.00027409204631112516, "timescale": 8.558200618021496, "rgb": "#000000", "zyx": [7, 82, 64]}