{"p": 0.418, "barbin": 0, "corr": 0.012529970146715641, "timescale": 4.3370533696225095, "rgb": "#000000", "zyx": [8, 88, 46]}