{"p": 0.0, "barbin": 4, "corr": 0.2955165207386017, "timescale": 6.839397571647788, "rgb": "#000000", "zyx": [8, 70, 72]}