{"p": 0.443, "barbin": 0, "corr": 2.77572289633099e-05, "timescale": 1.5878679645757485, "rgb": "#000000", "zyx": [10, 81, 66]}