{"p": 0.955, "barbin": 0, "corr": -0.09880059957504272, "timescale": 5.975053305899303, "rgb": "#000000", "zyx": [6, 86, 33]}