{"p": 0.011, "barbin": 1, "corr": 0.14123187959194183, "timescale": 7.247644415385, "rgb": "#000000", "zyx": [16, 76, 54]}