{"p": 0.005, "barbin": 2, "corr": 0.1594552844762802, "timescale": 5.834837158491094, "rgb": "#000000", "zyx": [20, 23, 43]}