{"p": 0.002, "barbin": 2, "corr": 0.17945323884487152, "timescale": 7.283344704583867, "rgb": "#000000", "zyx": [13, 85, 52]}