{"p": 0.066, "barbin": 0, "corr": 0.0880206748843193, "timescale": 5.007412821744613, "rgb": "#000000", "zyx": [4, 94, 50]}