{"p": 0.013, "barbin": 1, "corr": 0.1372504085302353, "timescale": 6.52600315338029, "rgb": "#000000", "zyx": [25, 52, 40]}