{"p": 0.994, "barbin": 0, "corr": -0.13492946326732635, "timescale": 5.478832575936229, "rgb": "#000000", "zyx": [19, 49, 49]}