{"p": 0.922, "barbin": 0, "corr": -0.08165639638900757, "timescale": 6.795860219684927, "rgb": "#000000", "zyx": [3, 72, 64]}