{"p": 0.561, "barbin": 0, "corr": -0.0063763512298464775, "timescale": 6.5569139907486935, "rgb": "#000000", "zyx": [13, 51, 76]}