{"p": 0.0, "barbin": 3, "corr": 0.24308089911937714, "timescale": 7.190787279548071, "rgb": "#000000", "zyx": [20, 27, 51]}