{"p": 0.299, "barbin": 0, "corr": 0.026623036712408066, "timescale": 7.585245789965345, "rgb": "#000000", "zyx": [7, 44, 27]}