{"p": 0.579, "barbin": 0, "corr": -0.012986337766051292, "timescale": 1.6004511842175602, "rgb": "#000000", "zyx": [10, 20, 49]}