{"p": 0.277, "barbin": 0, "corr": 0.029030535370111465, "timescale": 7.202704457148467, "rgb": "#000000", "zyx": [14, 52, 77]}