{"p": 0.414, "barbin": 0, "corr": 0.01320891734212637, "timescale": 4.333671567296931, "rgb": "#000000", "zyx": [11, 86, 61]}