{"p": 0.031, "barbin": 1, "corr": 0.11129023134708405, "timescale": 6.354817574392174, "rgb": "#000000", "zyx": [19, 52, 37]}