{"p": 0.38, "barbin": 0, "corr": 0.021640583872795105, "timescale": 8.566234500542908, "rgb": "#000000", "zyx": [11, 42, 47]}