{"p": 0.837, "barbin": 0, "corr": -0.058071766048669815, "timescale": 5.584962500721156, "rgb": "#000000", "zyx": [0, 78, 59]}