{"p": 0.197, "barbin": 0, "corr": 0.052785031497478485, "timescale": 8.584962500721156, "rgb": "#000000", "zyx": [7, 51, 53]}