{"p": 0.564, "barbin": 0, "corr": -0.009091649204492569, "timescale": 7.539519033386926, "rgb": "#000000", "zyx": [15, 53, 24]}