{"p": 0.001, "barbin": 2, "corr": 0.15530218183994293, "timescale": 7.5849626804025245, "rgb": "#000000", "zyx": [21, 26, 44]}