{"p": 0.489, "barbin": 0, "corr": 0.004204772412776947, "timescale": 8.58496212523924, "rgb": "#000000", "zyx": [10, 66, 51]}