{"p": 0.358, "barbin": 0, "corr": 0.020645519718527794, "timescale": 6.419504172261253, "rgb": "#000000", "zyx": [18, 83, 68]}