{"p": 0.005, "barbin": 0, "corr": 0.09757862240076065, "timescale": 7.280573733402764, "rgb": "#000000", "zyx": [8, 94, 49]}