{"p": 0.211, "barbin": 0, "corr": 0.04645116999745369, "timescale": 6.560186872454485, "rgb": "#000000", "zyx": [4, 55, 32]}