{"p": 0.143, "barbin": 0, "corr": 0.06473638862371445, "timescale": 7.167399555665155, "rgb": "#000000", "zyx": [20, 63, 45]}