{"p": 0.047, "barbin": 0, "corr": 0.08004385232925415, "timescale": 8.409134463341996, "rgb": "#000000", "zyx": [15, 87, 35]}