{"p": 0.168, "barbin": 0, "corr": 0.04335989058017731, "timescale": 6.483334601571391, "rgb": "#000000", "zyx": [17, 63, 38]}