{"p": 0.939, "barbin": 0, "corr": -0.0818307027220726, "timescale": 5.584962502917078, "rgb": "#000000", "zyx": [4, 71, 55]}