{"p": 0.243, "barbin": 0, "corr": 0.043528467416763306, "timescale": 2.5866113909889163, "rgb": "#000000", "zyx": [19, 64, 44]}