{"p": 0.0, "barbin": 3, "corr": 0.22296179831027985, "timescale": 7.007316000025462, "rgb": "#000000", "zyx": [5, 43, 70]}