{"p": 0.208, "barbin": 0, "corr": 0.04730850085616112, "timescale": 3.5524509649311, "rgb": "#000000", "zyx": [14, 87, 47]}