{"p": 0.079, "barbin": 0, "corr": 0.0831049233675003, "timescale": 5.1989787204145745, "rgb": "#000000", "zyx": [7, 54, 68]}