{"p": 0.001, "barbin": 2, "corr": 0.18149052560329437, "timescale": 6.894353383720252, "rgb": "#000000", "zyx": [8, 45, 62]}