{"p": 0.06, "barbin": 0, "corr": 0.0817718580365181, "timescale": 6.973072631009818, "rgb": "#000000", "zyx": [11, 30, 51]}