{"p": 0.083, "barbin": 0, "corr": 0.07844805717468262, "timescale": 8.583339171614515, "rgb": "#000000", "zyx": [15, 53, 54]}