{"p": 0.001, "barbin": 1, "corr": 0.1460176557302475, "timescale": 5.621736964319819, "rgb": "#000000", "zyx": [11, 58, 32]}