{"p": 0.794, "barbin": 0, "corr": -0.04347902536392212, "timescale": 5.584962500721156, "rgb": "#000000", "zyx": [9, 41, 44]}