{"p": 0.073, "barbin": 0, "corr": 0.07818663865327835, "timescale": 6.167487068382504, "rgb": "#000000", "zyx": [12, 32, 32]}