{"p": 0.702, "barbin": 0, "corr": -0.025032274425029755, "timescale": 4.586215265933733, "rgb": "#000000", "zyx": [8, 31, 65]}