{"p": 0.118, "barbin": 0, "corr": 0.06885974854230881, "timescale": 4.3161363990903405, "rgb": "#000000", "zyx": [9, 61, 61]}