{"p": 0.403, "barbin": 0, "corr": 0.019639451056718826, "timescale": 5.252165369241356, "rgb": "#000000", "zyx": [8, 78, 42]}