{"p": 0.122, "barbin": 0, "corr": 0.0662037581205368, "timescale": 2.590361496962943, "rgb": "#000000", "zyx": [18, 56, 30]}