{"p": 0.121, "barbin": 0, "corr": 0.0546690933406353, "timescale": 7.93818232174934, "rgb": "#000000", "zyx": [13, 34, 38]}