{"p": 0.001, "barbin": 2, "corr": 0.19299182295799255, "timescale": 6.0465804049297684, "rgb": "#000000", "zyx": [18, 55, 37]}