{"p": 0.38, "barbin": 0, "corr": 0.015250892378389835, "timescale": 2.7401145037066152, "rgb": "#000000", "zyx": [26, 73, 58]}