{"p": 0.001, "barbin": 2, "corr": 0.1965218186378479, "timescale": 6.127973406401968, "rgb": "#000000", "zyx": [15, 42, 74]}