{"p": 0.999, "barbin": 0, "corr": -0.11089013516902924, "timescale": 5.6061080881544765, "rgb": "#000000", "zyx": [13, 57, 72]}