{"p": 0.965, "barbin": 0, "corr": -0.0005075767985545099, "timescale": 2.584962500721156, "rgb": "#000000", "zyx": [9, 53, 65]}