{"p": 0.187, "barbin": 0, "corr": 0.05401225760579109, "timescale": 6.1890999388520305, "rgb": "#000000", "zyx": [19, 57, 72]}