{"p": 0.57, "barbin": 0, "corr": -0.010741278529167175, "timescale": 5.7900378026569586, "rgb": "#000000", "zyx": [12, 44, 38]}