{"p": 0.71, "barbin": 0, "corr": -0.026796746999025345, "timescale": 6.651841013075302, "rgb": "#000000", "zyx": [1, 79, 68]}