{"p": 0.089, "barbin": 0, "corr": 0.08101547509431839, "timescale": 8.066132257328743, "rgb": "#000000", "zyx": [5, 80, 49]}