{"p": 0.055, "barbin": 0, "corr": 0.09163709729909897, "timescale": 6.322442763681152, "rgb": "#000000", "zyx": [8, 51, 31]}