{"p": 0.922, "barbin": 0, "corr": -0.050109200179576874, "timescale": 5.584962500721156, "rgb": "#000000", "zyx": [1, 81, 39]}