{"p": 0.822, "barbin": 0, "corr": -0.05440641939640045, "timescale": 5.892138557210534, "rgb": "#000000", "zyx": [3, 73, 62]}