{"p": 0.001, "barbin": 2, "corr": 0.1937156766653061, "timescale": 7.00757997586037, "rgb": "#000000", "zyx": [23, 49, 56]}