{"p": 0.581, "barbin": 0, "corr": -0.010274212807416916, "timescale": 2.5849625098854223, "rgb": "#000000", "zyx": [9, 87, 53]}