{"p": 0.685, "barbin": 0, "corr": -0.005536047741770744, "timescale": 8.484367470420558, "rgb": "#000000", "zyx": [5, 43, 76]}