{"p": 0.572, "barbin": 0, "corr": -0.010218697600066662, "timescale": 8.584962500721156, "rgb": "#000000", "zyx": [5, 82, 33]}