{"p": 0.004, "barbin": 1, "corr": 0.14703334867954254, "timescale": 4.647962317296151, "rgb": "#000000", "zyx": [9, 27, 60]}