{"p": 0.199, "barbin": 0, "corr": 0.04726063460111618, "timescale": 7.959832807094038, "rgb": "#000000", "zyx": [8, 71, 37]}