{"p": 0.001, "barbin": 2, "corr": 0.17376509308815002, "timescale": 6.3825533859738215, "rgb": "#000000", "zyx": [26, 62, 48]}