{"p": 0.594, "barbin": 0, "corr": -0.016193104907870293, "timescale": 5.055816596534164, "rgb": "#000000", "zyx": [16, 56, 50]}