{"p": 0.429, "barbin": 0, "corr": 0.002115385141223669, "timescale": 4.585131899166418, "rgb": "#000000", "zyx": [12, 56, 33]}