{"p": 0.439, "barbin": 0, "corr": 0.006555529311299324, "timescale": 4.507443325333052, "rgb": "#000000", "zyx": [8, 51, 80]}