{"p": 0.932, "barbin": 0, "corr": -0.07037371397018433, "timescale": 6.46067714339698, "rgb": "#000000", "zyx": [17, 60, 58]}