{"p": 0.867, "barbin": 0, "corr": -0.00033121384331025183, "timescale": 2.7985511433470394, "rgb": "#000000", "zyx": [9, 74, 62]}