{"p": 0.404, "barbin": 0, "corr": 0.013146942481398582, "timescale": 6.18582300527345, "rgb": "#000000", "zyx": [18, 38, 73]}