{"p": 0.831, "barbin": 0, "corr": -0.05614260584115982, "timescale": 3.0794850092224264, "rgb": "#000000", "zyx": [22, 62, 69]}