{"p": 0.544, "barbin": 0, "corr": -0.005291670560836792, "timescale": 4.602235056498832, "rgb": "#000000", "zyx": [13, 32, 37]}