{"p": 0.0, "barbin": 4, "corr": 0.3105127215385437, "timescale": 7.114025270437271, "rgb": "#000000", "zyx": [17, 30, 50]}