{"p": 0.302, "barbin": 0, "corr": 0.02882540225982666, "timescale": 3.904188029364134, "rgb": "#000000", "zyx": [20, 62, 30]}