{"p": 0.048, "barbin": 0, "corr": 0.0724363774061203, "timescale": 5.449103917485042, "rgb": "#000000", "zyx": [21, 55, 33]}