{"p": 0.452, "barbin": 0, "corr": 0.014158036559820175, "timescale": 4.373630967054245, "rgb": "#000000", "zyx": [9, 67, 64]}