{"p": 0.613, "barbin": 0, "corr": -0.018369734287261963, "timescale": 7.2830578302261735, "rgb": "#000000", "zyx": [9, 94, 43]}