{"p": 0.0, "barbin": 3, "corr": 0.240033358335495, "timescale": 8.503383911461091, "rgb": "#000000", "zyx": [5, 73, 32]}