{"p": 0.439, "barbin": 0, "corr": 0.012343928217887878, "timescale": 5.584962500721156, "rgb": "#000000", "zyx": [22, 55, 73]}