{"p": 0.256, "barbin": 0, "corr": 0.005065360572189093, "timescale": 4.5845060913078575, "rgb": "#000000", "zyx": [14, 77, 76]}