{"p": 0.899, "barbin": 0, "corr": -0.07682546973228455, "timescale": 5.108266914254045, "rgb": "#000000", "zyx": [3, 47, 71]}