{"p": 0.081, "barbin": 0, "corr": 0.08551599085330963, "timescale": 6.039690240909701, "rgb": "#000000", "zyx": [23, 69, 47]}