{"p": 0.12, "barbin": 0, "corr": 0.06949934363365173, "timescale": 6.150663258625163, "rgb": "#000000", "zyx": [20, 73, 61]}