{"p": 0.255, "barbin": 0, "corr": 0.03902410343289375, "timescale": 4.344080234639685, "rgb": "#000000", "zyx": [13, 91, 57]}