{"p": 0.323, "barbin": 0, "corr": 0.019433507695794106, "timescale": 6.1541980728997245, "rgb": "#000000", "zyx": [5, 88, 62]}