{"p": 0.368, "barbin": 0, "corr": 0.022690586745738983, "timescale": 6.198419982713617, "rgb": "#000000", "zyx": [10, 61, 40]}