{"p": 0.781, "barbin": 0, "corr": -0.04973987862467766, "timescale": 5.553800126593278, "rgb": "#000000", "zyx": [2, 87, 56]}