{"p": 0.171, "barbin": 0, "corr": 0.048088058829307556, "timescale": 8.53723648894756, "rgb": "#000000", "zyx": [15, 65, 71]}