{"p": 0.0, "barbin": 4, "corr": 0.2631281018257141, "timescale": 8.090798866490733, "rgb": "#000000", "zyx": [3, 65, 71]}