{"p": 0.053, "barbin": 0, "corr": 0.07166686654090881, "timescale": 6.575216128552336, "rgb": "#000000", "zyx": [16, 34, 63]}