{"p": 0.317, "barbin": 0, "corr": 0.03129957616329193, "timescale": 7.102045759652227, "rgb": "#000000", "zyx": [7, 40, 27]}