{"p": 0.276, "barbin": 0, "corr": 0.027668144553899765, "timescale": 4.019714365968953, "rgb": "#000000", "zyx": [22, 66, 45]}