{"p": 0.321, "barbin": 0, "corr": 0.02761392667889595, "timescale": 6.732954473263779, "rgb": "#000000", "zyx": [2, 65, 66]}