{"p": 0.117, "barbin": 0, "corr": 0.06989821046590805, "timescale": 6.736381247128855, "rgb": "#000000", "zyx": [11, 85, 59]}