{"p": 0.526, "barbin": 0, "corr": -0.0007832968840375543, "timescale": 1.5870751060573172, "rgb": "#000000", "zyx": [16, 59, 34]}