{"p": 0.439, "barbin": 0, "corr": 0.003750898875296116, "timescale": 6.487349899036235, "rgb": "#000000", "zyx": [17, 57, 65]}