{"p": 0.83, "barbin": 0, "corr": -0.04646584764122963, "timescale": 7.878857720581382, "rgb": "#000000", "zyx": [6, 76, 41]}