{"p": 0.0, "barbin": 4, "corr": 0.4402356445789337, "timescale": 7.501003732889924, "rgb": "#000000", "zyx": [20, 50, 61]}