{"p": 0.243, "barbin": 0, "corr": 0.03898875415325165, "timescale": 8.583368388693525, "rgb": "#000000", "zyx": [20, 71, 30]}