{"p": 0.103, "barbin": 0, "corr": 0.07167953997850418, "timescale": 7.52070241046503, "rgb": "#000000", "zyx": [18, 49, 58]}