{"p": 0.144, "barbin": 0, "corr": 0.00029327484662644565, "timescale": 4.1127774681697, "rgb": "#000000", "zyx": [7, 89, 71]}