{"p": 0.406, "barbin": 0, "corr": 0.01188163086771965, "timescale": 4.648880934371173, "rgb": "#000000", "zyx": [11, 20, 53]}