{"p": 0.39, "barbin": 0, "corr": 0.01693570613861084, "timescale": 8.522012481241674, "rgb": "#000000", "zyx": [18, 77, 54]}