{"p": 0.772, "barbin": 0, "corr": -0.04169754683971405, "timescale": 3.591358808900253, "rgb": "#000000", "zyx": [7, 93, 48]}