{"p": 0.126, "barbin": 0, "corr": 0.06081866845488548, "timescale": 6.4792003996152765, "rgb": "#000000", "zyx": [11, 84, 61]}