{"p": 0.0, "barbin": 4, "corr": 0.3801801800727844, "timescale": 7.192055772251008, "rgb": "#000000", "zyx": [11, 87, 36]}