{"p": 0.142, "barbin": 0, "corr": 0.05357977747917175, "timescale": 6.978991340078075, "rgb": "#000000", "zyx": [16, 82, 36]}