{"p": 0.233, "barbin": 0, "corr": 0.0455002635717392, "timescale": 5.9197754039013155, "rgb": "#000000", "zyx": [17, 46, 65]}