{"p": 0.147, "barbin": 0, "corr": 0.05708678811788559, "timescale": 7.71389225097274, "rgb": "#000000", "zyx": [7, 45, 28]}