{"p": 0.078, "barbin": 0, "corr": 0.08303829282522202, "timescale": 5.506009250531313, "rgb": "#000000", "zyx": [18, 35, 66]}