{"p": 0.007, "barbin": 2, "corr": 0.15122254192829132, "timescale": 5.692905293238114, "rgb": "#000000", "zyx": [11, 51, 28]}