{"p": 0.982, "barbin": 0, "corr": -0.12507009506225586, "timescale": 8.584962500721156, "rgb": "#000000", "zyx": [20, 48, 38]}