{"p": 0.011, "barbin": 1, "corr": 0.13013853132724762, "timescale": 8.238875576540664, "rgb": "#000000", "zyx": [13, 62, 48]}