{"p": 0.56, "barbin": 0, "corr": -0.001966482028365135, "timescale": 6.228001490240647, "rgb": "#000000", "zyx": [1, 84, 59]}