{"p": 0.853, "barbin": 0, "corr": -0.021322054788470268, "timescale": 7.584958678119349, "rgb": "#000000", "zyx": [5, 61, 28]}