{"p": 0.037, "barbin": 0, "corr": 0.09007442742586136, "timescale": 7.427758320626568, "rgb": "#000000", "zyx": [15, 79, 57]}