{"p": 0.887, "barbin": 0, "corr": -0.0708940178155899, "timescale": 3.6318805730877775, "rgb": "#000000", "zyx": [14, 34, 34]}