{"p": 0.16, "barbin": 0, "corr": 0.04441910609602928, "timescale": 6.589250958792119, "rgb": "#000000", "zyx": [15, 48, 54]}