{"p": 0.684, "barbin": 0, "corr": -0.01741679571568966, "timescale": 6.508163327532993, "rgb": "#000000", "zyx": [2, 84, 51]}