{"p": 0.615, "barbin": 0, "corr": -0.010222929529845715, "timescale": 5.582099452032599, "rgb": "#000000", "zyx": [19, 63, 72]}