{"p": 0.06, "barbin": 0, "corr": 0.09422615170478821, "timescale": 6.709187239838315, "rgb": "#000000", "zyx": [18, 41, 37]}