{"p": 0.382, "barbin": 0, "corr": 0.01665768399834633, "timescale": 6.58282867016866, "rgb": "#000000", "zyx": [18, 78, 70]}