{"p": 0.144, "barbin": 0, "corr": 0.05577952042222023, "timescale": 6.663311111177837, "rgb": "#000000", "zyx": [12, 87, 60]}