{"p": 0.118, "barbin": 0, "corr": 0.07103082537651062, "timescale": 5.835946145097011, "rgb": "#000000", "zyx": [10, 77, 39]}