{"p": 0.283, "barbin": 0, "corr": 0.032825931906700134, "timescale": 4.350448122903773, "rgb": "#000000", "zyx": [16, 60, 80]}