{"p": 0.033, "barbin": 1, "corr": 0.10988165438175201, "timescale": 7.007740628638793, "rgb": "#000000", "zyx": [21, 75, 70]}