{"p": 0.325, "barbin": 0, "corr": 0.026542039588093758, "timescale": 7.584012939802702, "rgb": "#000000", "zyx": [5, 56, 34]}