{"p": 0.007, "barbin": 2, "corr": 0.16342167556285858, "timescale": 6.618658728197456, "rgb": "#000000", "zyx": [11, 48, 34]}