{"p": 0.039, "barbin": 1, "corr": 0.11130776256322861, "timescale": 7.5449761850802, "rgb": "#000000", "zyx": [3, 48, 59]}