{"p": 0.675, "barbin": 0, "corr": -0.0007395253633148968, "timescale": 6.395161284826551, "rgb": "#000000", "zyx": [16, 80, 47]}