{"p": 0.976, "barbin": 0, "corr": -0.04364079609513283, "timescale": 7.497739707246922, "rgb": "#000000", "zyx": [8, 73, 38]}