{"p": 0.74, "barbin": 0, "corr": -0.036410141736269, "timescale": 7.082424713760554, "rgb": "#000000", "zyx": [4, 52, 60]}