{"p": 0.978, "barbin": 0, "corr": -0.12423533946275711, "timescale": 2.586259811138321, "rgb": "#000000", "zyx": [15, 67, 28]}