{"p": 0.0, "barbin": 4, "corr": 0.404059499502182, "timescale": 7.38751273011153, "rgb": "#000000", "zyx": [25, 46, 40]}