{"p": 0.133, "barbin": 0, "corr": 0.06882750988006592, "timescale": 6.230987558033986, "rgb": "#000000", "zyx": [18, 61, 33]}