{"p": 0.161, "barbin": 0, "corr": 0.06106942892074585, "timescale": 2.1906336382626326, "rgb": "#000000", "zyx": [8, 36, 31]}