{"p": 0.711, "barbin": 0, "corr": -0.03159698098897934, "timescale": 2.688492587391564, "rgb": "#000000", "zyx": [13, 81, 46]}