{"p": 0.225, "barbin": 0, "corr": 0.03960103914141655, "timescale": 6.529731252227943, "rgb": "#000000", "zyx": [10, 22, 40]}