{"p": 0.446, "barbin": 0, "corr": 0.008256932720541954, "timescale": 7.581501801209468, "rgb": "#000000", "zyx": [6, 66, 38]}