{"p": 0.746, "barbin": 0, "corr": -0.03981596976518631, "timescale": 6.522883994419292, "rgb": "#000000", "zyx": [9, 68, 41]}