{"p": 0.866, "barbin": 0, "corr": -0.06031142920255661, "timescale": 8.584962500721156, "rgb": "#000000", "zyx": [11, 46, 68]}