{"p": 0.086, "barbin": 0, "corr": 0.07883670926094055, "timescale": 2.6014372564187958, "rgb": "#000000", "zyx": [13, 23, 35]}