{"p": 0.0, "barbin": 2, "corr": 0.18406403064727783, "timescale": 7.002199513180586, "rgb": "#000000", "zyx": [12, 87, 69]}