{"p": 0.0, "barbin": 2, "corr": 0.1965797394514084, "timescale": 6.597080590039021, "rgb": "#000000", "zyx": [12, 85, 51]}