{"p": 0.547, "barbin": 0, "corr": -0.0037810923531651497, "timescale": 3.5727724643208316, "rgb": "#000000", "zyx": [1, 78, 61]}