{"p": 0.0, "barbin": 4, "corr": 0.25464779138565063, "timescale": 6.435445016785556, "rgb": "#000000", "zyx": [12, 73, 56]}