{"p": 0.106, "barbin": 0, "corr": 0.07391732186079025, "timescale": 5.389401868413993, "rgb": "#000000", "zyx": [6, 82, 38]}