{"p": 0.019, "barbin": 1, "corr": 0.11863056570291519, "timescale": 2.585671247556218, "rgb": "#000000", "zyx": [12, 57, 41]}