{"p": 0.26, "barbin": 0, "corr": 0.019041821360588074, "timescale": 4.246473517061337, "rgb": "#000000", "zyx": [7, 90, 60]}