{"p": 0.612, "barbin": 0, "corr": -0.020403198897838593, "timescale": 8.548073339258693, "rgb": "#000000", "zyx": [8, 59, 36]}