{"p": 0.483, "barbin": 0, "corr": 0.003784972010180354, "timescale": 3.804120663122534, "rgb": "#000000", "zyx": [11, 48, 28]}