{"p": 0.632, "barbin": 0, "corr": -0.021104590967297554, "timescale": 4.584875828423252, "rgb": "#000000", "zyx": [7, 27, 48]}