{"p": 0.021, "barbin": 1, "corr": 0.11375632137060165, "timescale": 7.52618569243588, "rgb": "#000000", "zyx": [22, 47, 35]}