{"p": 0.567, "barbin": 0, "corr": -0.009228808805346489, "timescale": 7.205078125240253, "rgb": "#000000", "zyx": [14, 27, 62]}