{"p": 0.086, "barbin": 0, "corr": 0.08305548876523972, "timescale": 6.5264045811060365, "rgb": "#000000", "zyx": [22, 39, 55]}