{"p": 0.006, "barbin": 1, "corr": 0.13111530244350433, "timescale": 7.19978797786098, "rgb": "#000000", "zyx": [17, 78, 39]}