{"p": 0.0, "barbin": 4, "corr": 0.27238729596138, "timescale": 6.973217987332593, "rgb": "#000000", "zyx": [4, 75, 78]}