{"p": 0.376, "barbin": 0, "corr": 0.020055504515767097, "timescale": 5.900846445554575, "rgb": "#000000", "zyx": [4, 78, 29]}