{"p": 0.001, "barbin": 2, "corr": 0.15027838945388794, "timescale": 7.2045053695577455, "rgb": "#000000", "zyx": [17, 70, 56]}