{"p": 0.012, "barbin": 1, "corr": 0.11905384063720703, "timescale": 6.287407073406159, "rgb": "#000000", "zyx": [19, 38, 55]}