{"p": 0.736, "barbin": 0, "corr": -0.032739147543907166, "timescale": 6.571932769916691, "rgb": "#000000", "zyx": [20, 41, 35]}