{"p": 0.369, "barbin": 0, "corr": 0.017861420288681984, "timescale": 7.414956954201102, "rgb": "#000000", "zyx": [6, 80, 48]}