{"p": 0.249, "barbin": 0, "corr": 0.0403766855597496, "timescale": 8.584394855904868, "rgb": "#000000", "zyx": [1, 43, 69]}