{"p": 0.734, "barbin": 0, "corr": -0.03453145548701286, "timescale": 5.126991455706959, "rgb": "#000000", "zyx": [8, 68, 61]}