{"p": 0.008, "barbin": 2, "corr": 0.15369968116283417, "timescale": 5.2332069743710115, "rgb": "#000000", "zyx": [8, 80, 41]}