{"p": 0.42, "barbin": 0, "corr": 0.010659806430339813, "timescale": 8.04239061550696, "rgb": "#000000", "zyx": [15, 76, 49]}