{"p": 0.648, "barbin": 0, "corr": -0.019938379526138306, "timescale": 3.589123318180216, "rgb": "#000000", "zyx": [2, 90, 61]}