{"p": 0.663, "barbin": 0, "corr": -0.019957389682531357, "timescale": 4.292154576421842, "rgb": "#000000", "zyx": [9, 18, 48]}