{"p": 0.802, "barbin": 0, "corr": -0.04803982377052307, "timescale": 3.972655445607307, "rgb": "#000000", "zyx": [16, 36, 38]}