{"p": 0.0, "barbin": 4, "corr": 0.2781081199645996, "timescale": 6.780541734466031, "rgb": "#000000", "zyx": [24, 39, 48]}