{"p": 0.012, "barbin": 0, "corr": 0.0419977605342865, "timescale": 5.530501886690557, "rgb": "#000000", "zyx": [18, 48, 41]}