{"p": 0.039, "barbin": 0, "corr": 0.0989435687661171, "timescale": 5.58494972691781, "rgb": "#000000", "zyx": [18, 40, 43]}