{"p": 0.003, "barbin": 1, "corr": 0.13932034373283386, "timescale": 6.400423014074502, "rgb": "#000000", "zyx": [24, 68, 66]}