{"p": 0.953, "barbin": 0, "corr": -0.000745293335057795, "timescale": 8.083942697477534, "rgb": "#000000", "zyx": [23, 68, 43]}