{"p": 0.254, "barbin": 0, "corr": 0.03834778070449829, "timescale": 5.763419674819189, "rgb": "#000000", "zyx": [14, 58, 53]}