{"p": 0.0, "barbin": 2, "corr": 0.19798564910888672, "timescale": 6.993414583049694, "rgb": "#000000", "zyx": [6, 69, 73]}