{"p": 0.745, "barbin": 0, "corr": -0.037595123052597046, "timescale": 6.462063371294719, "rgb": "#000000", "zyx": [11, 59, 82]}