{"p": 0.522, "barbin": 0, "corr": -0.005900125950574875, "timescale": 5.805108373020396, "rgb": "#000000", "zyx": [4, 75, 52]}