{"p": 0.281, "barbin": 0, "corr": 0.031101174652576447, "timescale": 6.584961933562351, "rgb": "#000000", "zyx": [5, 58, 39]}