{"p": 0.552, "barbin": 0, "corr": -0.0029537067748606205, "timescale": 4.921914366145926, "rgb": "#000000", "zyx": [3, 77, 66]}