{"p": 0.004, "barbin": 1, "corr": 0.14236964285373688, "timescale": 6.366582451882322, "rgb": "#000000", "zyx": [6, 64, 39]}