{"p": 0.148, "barbin": 0, "corr": 0.05811810493469238, "timescale": 7.717251718978113, "rgb": "#000000", "zyx": [16, 32, 72]}