{"p": 0.244, "barbin": 0, "corr": 0.028095850721001625, "timescale": 4.694805700868741, "rgb": "#000000", "zyx": [3, 84, 34]}