{"p": 0.013, "barbin": 1, "corr": 0.10070750117301941, "timescale": 7.301672907481694, "rgb": "#000000", "zyx": [11, 26, 68]}