{"p": 0.004, "barbin": 2, "corr": 0.15136946737766266, "timescale": 6.598810926043859, "rgb": "#000000", "zyx": [11, 44, 47]}