{"p": 0.0, "barbin": 3, "corr": 0.2058340162038803, "timescale": 7.556641453016227, "rgb": "#000000", "zyx": [9, 72, 48]}