{"p": 0.998, "barbin": 0, "corr": -0.1778700202703476, "timescale": 5.59353611615333, "rgb": "#000000", "zyx": [12, 43, 52]}