{"p": 0.242, "barbin": 0, "corr": 0.04288012906908989, "timescale": 5.592354352685712, "rgb": "#000000", "zyx": [10, 44, 63]}