{"p": 0.958, "barbin": 0, "corr": -0.09493683278560638, "timescale": 3.161425498934333, "rgb": "#000000", "zyx": [3, 56, 28]}