{"p": 0.101, "barbin": 0, "corr": 0.05691062659025192, "timescale": 4.677169831949279, "rgb": "#000000", "zyx": [5, 67, 28]}