{"p": 0.002, "barbin": 2, "corr": 0.16110409796237946, "timescale": 8.401399365422925, "rgb": "#000000", "zyx": [24, 68, 51]}