{"p": 0.001, "barbin": 1, "corr": 0.1413400024175644, "timescale": 8.584891065657276, "rgb": "#000000", "zyx": [10, 69, 57]}