{"p": 0.865, "barbin": 0, "corr": -0.06069163605570793, "timescale": 7.152379213466505, "rgb": "#000000", "zyx": [1, 90, 42]}