{"p": 0.984, "barbin": 0, "corr": -0.12725922465324402, "timescale": 6.1325665709316395, "rgb": "#000000", "zyx": [3, 56, 40]}