{"p": 0.0, "barbin": 1, "corr": 0.1334502100944519, "timescale": 6.503131151122327, "rgb": "#000000", "zyx": [12, 78, 63]}