{"p": 0.334, "barbin": 0, "corr": 0.02988157421350479, "timescale": 8.5512278958581, "rgb": "#000000", "zyx": [18, 80, 32]}