{"p": 0.752, "barbin": 0, "corr": -0.0388944074511528, "timescale": 7.583863111820026, "rgb": "#000000", "zyx": [17, 77, 43]}