{"p": 0.908, "barbin": 0, "corr": -0.07552329450845718, "timescale": 4.464438094288051, "rgb": "#000000", "zyx": [12, 92, 48]}