{"p": 0.77, "barbin": 0, "corr": -0.03546295315027237, "timescale": 3.584962500721156, "rgb": "#000000", "zyx": [6, 73, 80]}