{"p": 0.868, "barbin": 0, "corr": -0.06831511855125427, "timescale": 3.584962500823881, "rgb": "#000000", "zyx": [6, 55, 40]}