{"p": 0.522, "barbin": 0, "corr": 0.0003518950252328068, "timescale": 5.8942934028885485, "rgb": "#000000", "zyx": [26, 43, 54]}