{"p": 0.999, "barbin": 0, "corr": -0.1692156344652176, "timescale": 8.354939119137985, "rgb": "#000000", "zyx": [8, 58, 47]}