{"p": 0.263, "barbin": 0, "corr": 0.03609777241945267, "timescale": 6.603551755889194, "rgb": "#000000", "zyx": [22, 48, 46]}