{"p": 0.073, "barbin": 0, "corr": 0.0699806734919548, "timescale": 5.789116530487711, "rgb": "#000000", "zyx": [9, 54, 64]}