{"p": 0.242, "barbin": 0, "corr": 0.04186171665787697, "timescale": 6.390952265798706, "rgb": "#000000", "zyx": [24, 39, 42]}