{"p": 0.002, "barbin": 1, "corr": 0.13083110749721527, "timescale": 7.584963399750208, "rgb": "#000000", "zyx": [10, 25, 60]}