{"p": 0.778, "barbin": 0, "corr": -0.0329340398311615, "timescale": 6.111252943359567, "rgb": "#000000", "zyx": [18, 44, 54]}