{"p": 0.055, "barbin": 0, "corr": 0.09435911476612091, "timescale": 6.646754411902204, "rgb": "#000000", "zyx": [15, 32, 72]}