{"p": 0.329, "barbin": 0, "corr": 0.0197643730789423, "timescale": 7.584880948462633, "rgb": "#000000", "zyx": [2, 90, 48]}