{"p": 0.034, "barbin": 1, "corr": 0.10714363306760788, "timescale": 8.572855870822945, "rgb": "#000000", "zyx": [20, 60, 47]}