{"p": 0.0, "barbin": 4, "corr": 0.4088192284107208, "timescale": 6.835371876560929, "rgb": "#000000", "zyx": [12, 75, 71]}