{"p": 0.824, "barbin": 0, "corr": -0.051370225846767426, "timescale": 5.456909575924972, "rgb": "#000000", "zyx": [8, 56, 59]}