{"p": 0.545, "barbin": 0, "corr": -0.005105453543365002, "timescale": 3.588661225299403, "rgb": "#000000", "zyx": [5, 67, 27]}