{"p": 0.654, "barbin": 0, "corr": -0.01534272264689207, "timescale": 6.206242272033435, "rgb": "#000000", "zyx": [5, 76, 65]}