{"p": 0.122, "barbin": 0, "corr": 0.06973444670438766, "timescale": 2.632972971125023, "rgb": "#000000", "zyx": [15, 25, 36]}