{"p": 0.556, "barbin": 0, "corr": -0.004355762153863907, "timescale": 6.542788604809097, "rgb": "#000000", "zyx": [15, 87, 39]}