{"p": 0.038, "barbin": 1, "corr": 0.10320653021335602, "timescale": 7.529067625472402, "rgb": "#000000", "zyx": [14, 65, 81]}