{"p": 0.736, "barbin": 0, "corr": -0.029798543080687523, "timescale": 3.726501327716371, "rgb": "#000000", "zyx": [6, 71, 41]}