{"p": 0.006, "barbin": 1, "corr": 0.12665097415447235, "timescale": 6.224616680095812, "rgb": "#000000", "zyx": [8, 71, 59]}