{"p": 0.022, "barbin": 1, "corr": 0.10290702432394028, "timescale": 6.5848832713975, "rgb": "#000000", "zyx": [22, 85, 51]}