{"p": 0.454, "barbin": 0, "corr": 0.002068375702947378, "timescale": 4.534599977303596, "rgb": "#000000", "zyx": [7, 73, 60]}