{"p": 0.0, "barbin": 3, "corr": 0.24458768963813782, "timescale": 6.234464740185795, "rgb": "#000000", "zyx": [17, 78, 67]}