{"p": 0.035, "barbin": 1, "corr": 0.10555507987737656, "timescale": 7.2556972111147156, "rgb": "#000000", "zyx": [10, 45, 27]}