{"p": 0.386, "barbin": 0, "corr": 0.006903954781591892, "timescale": 2.471907751134602, "rgb": "#000000", "zyx": [3, 77, 28]}