{"p": 0.999, "barbin": 0, "corr": -0.15855269134044647, "timescale": 6.569754184423699, "rgb": "#000000", "zyx": [8, 41, 59]}