{"p": 0.909, "barbin": 0, "corr": -0.0818808451294899, "timescale": 5.095486103891343, "rgb": "#000000", "zyx": [5, 37, 32]}