{"p": 0.632, "barbin": 0, "corr": -0.01662585325539112, "timescale": 3.572063873134724, "rgb": "#000000", "zyx": [12, 88, 56]}