{"p": 0.159, "barbin": 0, "corr": 0.058426883071660995, "timescale": 2.8028747950269786, "rgb": "#000000", "zyx": [6, 66, 58]}