{"p": 0.19, "barbin": 0, "corr": 0.014273138716816902, "timescale": 7.899422343612775, "rgb": "#000000", "zyx": [8, 58, 61]}