{"p": 0.162, "barbin": 0, "corr": 0.06323259323835373, "timescale": 7.5770113196529625, "rgb": "#000000", "zyx": [12, 80, 66]}