{"p": 0.964, "barbin": 0, "corr": -0.08313605189323425, "timescale": 6.584962500721156, "rgb": "#000000", "zyx": [1, 91, 56]}