{"p": 0.876, "barbin": 0, "corr": -0.007841764949262142, "timescale": 2.584962500721156, "rgb": "#000000", "zyx": [16, 91, 47]}