{"p": 0.039, "barbin": 0, "corr": 0.07562255859375, "timescale": 7.516671083657221, "rgb": "#000000", "zyx": [3, 74, 45]}