{"p": 0.451, "barbin": 0, "corr": 0.008111374452710152, "timescale": 3.585005845087927, "rgb": "#000000", "zyx": [7, 76, 46]}