{"p": 0.155, "barbin": 0, "corr": 0.06335288286209106, "timescale": 8.002465520452786, "rgb": "#000000", "zyx": [6, 74, 64]}