{"p": 0.181, "barbin": 0, "corr": 0.05552605167031288, "timescale": 7.190923043003603, "rgb": "#000000", "zyx": [7, 33, 36]}