{"p": 0.295, "barbin": 0, "corr": 0.019681069999933243, "timescale": 4.527434096067437, "rgb": "#000000", "zyx": [16, 63, 80]}