{"p": 0.01, "barbin": 1, "corr": 0.11182926595211029, "timescale": 8.533062471225593, "rgb": "#000000", "zyx": [3, 93, 60]}