{"p": 0.373, "barbin": 0, "corr": 0.015805957838892937, "timescale": 5.936832504946632, "rgb": "#000000", "zyx": [9, 85, 73]}