{"p": 0.04, "barbin": 1, "corr": 0.10354144871234894, "timescale": 7.082086154283062, "rgb": "#000000", "zyx": [18, 80, 65]}