{"p": 0.95, "barbin": 0, "corr": -0.08939258754253387, "timescale": 6.584962500721156, "rgb": "#000000", "zyx": [18, 62, 57]}