{"p": 0.0, "barbin": 4, "corr": 0.29378026723861694, "timescale": 6.910301540484514, "rgb": "#000000", "zyx": [17, 34, 69]}