{"p": 0.386, "barbin": 0, "corr": 0.0103240255266428, "timescale": 7.676037579214441, "rgb": "#000000", "zyx": [15, 50, 63]}