{"p": 0.262, "barbin": 0, "corr": 0.012960260733962059, "timescale": 8.583401346528193, "rgb": "#000000", "zyx": [8, 60, 26]}