{"p": 0.847, "barbin": 0, "corr": -0.05595502257347107, "timescale": 2.6755077513104712, "rgb": "#000000", "zyx": [11, 69, 55]}