{"p": 0.0, "barbin": 3, "corr": 0.21300750970840454, "timescale": 6.693412475857411, "rgb": "#000000", "zyx": [15, 76, 48]}