{"p": 0.825, "barbin": 0, "corr": -0.0516161285340786, "timescale": 8.583408946914776, "rgb": "#000000", "zyx": [7, 38, 46]}