{"p": 0.986, "barbin": 0, "corr": -0.12876823544502258, "timescale": 1.5851877173054405, "rgb": "#000000", "zyx": [6, 46, 76]}