{"p": 0.201, "barbin": 0, "corr": 0.04427755996584892, "timescale": 8.05535481568201, "rgb": "#000000", "zyx": [6, 54, 46]}