{"p": 0.946, "barbin": 0, "corr": -0.09377232939004898, "timescale": 2.58464476260691, "rgb": "#000000", "zyx": [4, 83, 34]}