{"p": 0.784, "barbin": 0, "corr": -0.03991244360804558, "timescale": 6.740470387193281, "rgb": "#000000", "zyx": [9, 37, 53]}