{"p": 0.001, "barbin": 2, "corr": 0.17505347728729248, "timescale": 7.040912243598996, "rgb": "#000000", "zyx": [18, 32, 53]}