{"p": 0.166, "barbin": 0, "corr": 0.05718028545379639, "timescale": 7.41768127144776, "rgb": "#000000", "zyx": [22, 26, 46]}