{"p": 0.003, "barbin": 1, "corr": 0.12550748884677887, "timescale": 6.2463559492327265, "rgb": "#000000", "zyx": [18, 33, 62]}