{"p": 0.144, "barbin": 0, "corr": 0.05129017308354378, "timescale": 3.584962634839315, "rgb": "#000000", "zyx": [5, 68, 67]}