{"p": 0.387, "barbin": 0, "corr": 0.023459237068891525, "timescale": 4.228690080097813, "rgb": "#000000", "zyx": [17, 55, 52]}