{"p": 0.941, "barbin": 0, "corr": -0.09184873104095459, "timescale": 4.584976094987651, "rgb": "#000000", "zyx": [5, 74, 40]}