{"p": 0.637, "barbin": 0, "corr": -0.020611746236681938, "timescale": 5.4257634456537, "rgb": "#000000", "zyx": [10, 32, 44]}