{"p": 0.176, "barbin": 0, "corr": 0.05387165769934654, "timescale": 5.967426579041405, "rgb": "#000000", "zyx": [24, 40, 38]}