{"p": 0.289, "barbin": 0, "corr": 0.031133919954299927, "timescale": 6.239895219591171, "rgb": "#000000", "zyx": [20, 39, 32]}