{"p": 0.006, "barbin": 2, "corr": 0.15344178676605225, "timescale": 7.584464481591092, "rgb": "#000000", "zyx": [17, 31, 68]}