{"p": 0.574, "barbin": 0, "corr": -0.008311329409480095, "timescale": 5.680505337205403, "rgb": "#000000", "zyx": [11, 41, 29]}