{"p": 0.233, "barbin": 0, "corr": 0.023916497826576233, "timescale": 6.440222253502472, "rgb": "#000000", "zyx": [3, 84, 57]}