{"p": 0.064, "barbin": 0, "corr": 0.0184690672904253, "timescale": 2.900895954257114, "rgb": "#000000", "zyx": [6, 95, 58]}