{"p": 0.0, "barbin": 3, "corr": 0.2201993763446808, "timescale": 7.9593787105772025, "rgb": "#000000", "zyx": [25, 51, 45]}