{"p": 0.301, "barbin": 0, "corr": 0.024285970255732536, "timescale": 3.5144028668230396, "rgb": "#000000", "zyx": [3, 41, 63]}