{"p": 0.999, "barbin": 0, "corr": -0.17562536895275116, "timescale": 4.962475420175805, "rgb": "#000000", "zyx": [14, 85, 35]}