{"p": 0.686, "barbin": 0, "corr": -0.027943406254053116, "timescale": 4.687865832257428, "rgb": "#000000", "zyx": [14, 81, 47]}