{"p": 0.677, "barbin": 0, "corr": -0.02416684478521347, "timescale": 4.582154893595795, "rgb": "#000000", "zyx": [18, 85, 61]}