{"p": 0.003, "barbin": 2, "corr": 0.16228221356868744, "timescale": 5.910486675752999, "rgb": "#000000", "zyx": [15, 86, 65]}