{"p": 0.852, "barbin": 0, "corr": -0.039945557713508606, "timescale": 5.325578679597854, "rgb": "#000000", "zyx": [7, 78, 66]}