{"p": 0.164, "barbin": 0, "corr": 0.021946242079138756, "timescale": 5.645950437111299, "rgb": "#000000", "zyx": [4, 50, 34]}