{"p": 0.037, "barbin": 1, "corr": 0.10651040077209473, "timescale": 5.442422481361291, "rgb": "#000000", "zyx": [9, 57, 28]}