{"p": 0.257, "barbin": 0, "corr": 0.03794501721858978, "timescale": 2.584991967076659, "rgb": "#000000", "zyx": [27, 63, 44]}