{"p": 0.001, "barbin": 1, "corr": 0.13875137269496918, "timescale": 6.311697952740534, "rgb": "#000000", "zyx": [14, 39, 70]}