{"p": 0.373, "barbin": 0, "corr": 0.019386129453778267, "timescale": 2.7663662358973813, "rgb": "#000000", "zyx": [6, 38, 53]}