{"p": 0.199, "barbin": 0, "corr": 0.04665837064385414, "timescale": 5.982659426630765, "rgb": "#000000", "zyx": [17, 23, 47]}