{"p": 0.122, "barbin": 0, "corr": 0.06329567730426788, "timescale": 6.343007379795649, "rgb": "#000000", "zyx": [9, 43, 69]}