{"p": 0.256, "barbin": 0, "corr": 0.0397457480430603, "timescale": 6.648449328942806, "rgb": "#000000", "zyx": [14, 66, 48]}