{"p": 0.4, "barbin": 0, "corr": 0.01671627350151539, "timescale": 3.51952002476304, "rgb": "#000000", "zyx": [18, 44, 29]}