{"p": 0.094, "barbin": 0, "corr": 0.04783405736088753, "timescale": 4.993844463036695, "rgb": "#000000", "zyx": [12, 59, 28]}