{"p": 0.597, "barbin": 0, "corr": -0.020802682265639305, "timescale": 6.512974128596496, "rgb": "#000000", "zyx": [2, 66, 67]}