{"p": 0.329, "barbin": 0, "corr": 0.021810241043567657, "timescale": 6.345584955342829, "rgb": "#000000", "zyx": [7, 51, 37]}