{"p": 0.09, "barbin": 0, "corr": 0.02629208192229271, "timescale": 7.584874359183485, "rgb": "#000000", "zyx": [9, 65, 66]}