{"p": 0.375, "barbin": 0, "corr": 0.014588059857487679, "timescale": 6.554735465119542, "rgb": "#000000", "zyx": [21, 36, 42]}