{"p": 0.767, "barbin": 0, "corr": -0.04282216727733612, "timescale": 6.584962545528014, "rgb": "#000000", "zyx": [12, 63, 50]}