{"p": 0.733, "barbin": 0, "corr": -0.03126712888479233, "timescale": 6.055958401441272, "rgb": "#000000", "zyx": [7, 37, 56]}