{"p": 0.01, "barbin": 1, "corr": 0.14638115465641022, "timescale": 6.233436302048484, "rgb": "#000000", "zyx": [24, 48, 59]}