{"p": 0.633, "barbin": 0, "corr": -0.018259722739458084, "timescale": 8.58496250224289, "rgb": "#000000", "zyx": [17, 40, 61]}