{"p": 0.757, "barbin": 0, "corr": -0.03830414265394211, "timescale": 2.1442626973401153, "rgb": "#000000", "zyx": [9, 42, 66]}