{"p": 0.0, "barbin": 2, "corr": 0.1963440626859665, "timescale": 4.0427942963481005, "rgb": "#000000", "zyx": [10, 75, 73]}