{"p": 0.021, "barbin": 1, "corr": 0.11083105951547623, "timescale": 6.3346470266913855, "rgb": "#000000", "zyx": [24, 67, 42]}