{"p": 0.437, "barbin": 0, "corr": 0.008653196506202221, "timescale": 7.1945822330343, "rgb": "#000000", "zyx": [17, 43, 45]}