{"p": 0.114, "barbin": 0, "corr": 0.03313272073864937, "timescale": 5.9074496725525325, "rgb": "#000000", "zyx": [11, 54, 55]}