{"p": 0.269, "barbin": 0, "corr": 0.012355116195976734, "timescale": 6.7703879303023395, "rgb": "#000000", "zyx": [14, 23, 46]}