{"p": 0.443, "barbin": 0, "corr": 0.006163025740534067, "timescale": 4.404223111036299, "rgb": "#000000", "zyx": [19, 55, 56]}