{"p": 0.812, "barbin": 0, "corr": -0.04029905050992966, "timescale": 5.584962500721156, "rgb": "#000000", "zyx": [16, 52, 51]}