{"p": 0.327, "barbin": 0, "corr": 0.026437783613801003, "timescale": 7.581323954639056, "rgb": "#000000", "zyx": [11, 92, 64]}