{"p": 0.419, "barbin": 0, "corr": 0.00985447596758604, "timescale": 7.584844237006986, "rgb": "#000000", "zyx": [22, 54, 51]}