{"p": 0.287, "barbin": 0, "corr": 0.038028180599212646, "timescale": 5.909144255149987, "rgb": "#000000", "zyx": [22, 40, 50]}