{"p": 0.056, "barbin": 1, "corr": 0.10240361839532852, "timescale": 6.913728626027305, "rgb": "#000000", "zyx": [12, 27, 64]}