{"p": 0.402, "barbin": 0, "corr": 0.009300688281655312, "timescale": 7.135173671420768, "rgb": "#000000", "zyx": [18, 79, 43]}