{"p": 0.112, "barbin": 0, "corr": 0.053588155657052994, "timescale": 7.5848552352800835, "rgb": "#000000", "zyx": [6, 92, 41]}