{"p": 0.151, "barbin": 0, "corr": 0.06139950826764107, "timescale": 8.211949426158839, "rgb": "#000000", "zyx": [4, 78, 71]}