{"p": 0.0, "barbin": 2, "corr": 0.19700823724269867, "timescale": 7.356570993897758, "rgb": "#000000", "zyx": [22, 39, 59]}