{"p": 0.248, "barbin": 0, "corr": 0.006385353859513998, "timescale": 1.600354683023785, "rgb": "#000000", "zyx": [7, 61, 60]}