{"p": 0.145, "barbin": 0, "corr": 0.02743862010538578, "timescale": 7.766703492716805, "rgb": "#000000", "zyx": [12, 43, 41]}