{"p": 0.13, "barbin": 0, "corr": 0.06265966594219208, "timescale": 5.56722443413726, "rgb": "#000000", "zyx": [15, 79, 64]}