{"p": 0.212, "barbin": 0, "corr": 0.03598109632730484, "timescale": 8.584912022103627, "rgb": "#000000", "zyx": [11, 46, 48]}