{"p": 0.024, "barbin": 0, "corr": 0.0817762091755867, "timescale": 3.7237530709122866, "rgb": "#000000", "zyx": [11, 59, 75]}