{"p": 0.768, "barbin": 0, "corr": -0.04351187124848366, "timescale": 4.584962501431061, "rgb": "#000000", "zyx": [3, 58, 41]}