{"p": 0.082, "barbin": 0, "corr": 0.08027472347021103, "timescale": 7.196041337545693, "rgb": "#000000", "zyx": [3, 72, 80]}