{"p": 0.011, "barbin": 1, "corr": 0.1422632336616516, "timescale": 7.233548655278212, "rgb": "#000000", "zyx": [12, 74, 58]}