{"p": 0.328, "barbin": 0, "corr": 0.011400663293898106, "timescale": 7.486436558174843, "rgb": "#000000", "zyx": [5, 52, 27]}