{"p": 0.321, "barbin": 0, "corr": 0.003941359929740429, "timescale": 5.493506182969469, "rgb": "#000000", "zyx": [15, 20, 60]}