{"p": 0.734, "barbin": 0, "corr": -0.03357096016407013, "timescale": 4.5852538175197015, "rgb": "#000000", "zyx": [15, 70, 79]}