{"p": 0.307, "barbin": 0, "corr": 0.02500135637819767, "timescale": 6.464091023136893, "rgb": "#000000", "zyx": [25, 65, 39]}