{"p": 0.089, "barbin": 0, "corr": 0.024961767718195915, "timescale": 3.881946240692835, "rgb": "#000000", "zyx": [21, 23, 51]}