{"p": 0.085, "barbin": 0, "corr": 0.0712619423866272, "timescale": 6.581405609837501, "rgb": "#000000", "zyx": [24, 58, 64]}