{"p": 0.184, "barbin": 0, "corr": 0.053554605692625046, "timescale": 3.4810276693653326, "rgb": "#000000", "zyx": [15, 62, 53]}