{"p": 0.0, "barbin": 3, "corr": 0.2082231193780899, "timescale": 5.6873204433929185, "rgb": "#000000", "zyx": [8, 68, 79]}