{"p": 0.518, "barbin": 0, "corr": -0.0035140234977006912, "timescale": 6.076798671585642, "rgb": "#000000", "zyx": [25, 53, 53]}