{"p": 0.779, "barbin": 0, "corr": -0.041007086634635925, "timescale": 5.584962500721183, "rgb": "#000000", "zyx": [13, 59, 74]}