{"p": 0.114, "barbin": 0, "corr": 0.06933991611003876, "timescale": 2.1249710580121124, "rgb": "#000000", "zyx": [8, 40, 50]}