{"p": 0.003, "barbin": 2, "corr": 0.1550070196390152, "timescale": 7.187540975080612, "rgb": "#000000", "zyx": [17, 26, 40]}