{"p": 0.993, "barbin": 0, "corr": -0.1379237174987793, "timescale": 1.6030154053825656, "rgb": "#000000", "zyx": [17, 86, 68]}