{"p": 0.777, "barbin": 0, "corr": -0.0433211550116539, "timescale": 5.961016667762804, "rgb": "#000000", "zyx": [21, 25, 56]}