{"p": 0.004, "barbin": 1, "corr": 0.13977980613708496, "timescale": 6.244074826048673, "rgb": "#000000", "zyx": [10, 89, 43]}