{"p": 0.01, "barbin": 1, "corr": 0.14193837344646454, "timescale": 7.57283008686649, "rgb": "#000000", "zyx": [20, 46, 37]}