{"p": 0.125, "barbin": 0, "corr": 0.034823592752218246, "timescale": 6.877298168343168, "rgb": "#000000", "zyx": [24, 76, 54]}