{"p": 0.708, "barbin": 0, "corr": -0.03033829666674137, "timescale": 8.000135750709786, "rgb": "#000000", "zyx": [20, 55, 54]}