{"p": 0.812, "barbin": 0, "corr": -0.048101626336574554, "timescale": 2.6536719514104457, "rgb": "#000000", "zyx": [20, 55, 63]}