{"p": 0.327, "barbin": 0, "corr": 0.026607826352119446, "timescale": 5.398949511854329, "rgb": "#000000", "zyx": [11, 38, 40]}