{"p": 0.682, "barbin": 0, "corr": -0.02533606067299843, "timescale": 4.2219006625678, "rgb": "#000000", "zyx": [4, 47, 66]}