{"p": 0.0, "barbin": 3, "corr": 0.2349310964345932, "timescale": 6.589316863192241, "rgb": "#000000", "zyx": [25, 56, 48]}