{"p": 0.009, "barbin": 1, "corr": 0.11800489574670792, "timescale": 6.796552997614371, "rgb": "#000000", "zyx": [6, 40, 35]}