{"p": 0.0, "barbin": 3, "corr": 0.2034054696559906, "timescale": 6.4013294454944, "rgb": "#000000", "zyx": [21, 72, 71]}