{"p": 0.701, "barbin": 0, "corr": -0.013983079232275486, "timescale": 5.019982589870631, "rgb": "#000000", "zyx": [3, 56, 71]}