{"p": 0.515, "barbin": 0, "corr": -0.001727494178339839, "timescale": 6.4633147004568805, "rgb": "#000000", "zyx": [21, 28, 55]}