{"p": 0.411, "barbin": 0, "corr": 0.014663186855614185, "timescale": 6.582226378065664, "rgb": "#000000", "zyx": [20, 31, 36]}