{"p": 0.798, "barbin": 0, "corr": -0.03620971739292145, "timescale": 4.658546427680696, "rgb": "#000000", "zyx": [16, 82, 59]}