{"p": 0.685, "barbin": 0, "corr": -0.024327369406819344, "timescale": 7.584663979762083, "rgb": "#000000", "zyx": [5, 57, 68]}