{"p": 1.0, "barbin": 0, "corr": -0.21181489527225494, "timescale": 7.512883187471642, "rgb": "#000000", "zyx": [14, 88, 49]}