{"p": 0.53, "barbin": 0, "corr": -0.004377777222543955, "timescale": 5.699188735018922, "rgb": "#000000", "zyx": [6, 82, 60]}