{"p": 0.076, "barbin": 0, "corr": 0.07222405821084976, "timescale": 1.942467605530038, "rgb": "#000000", "zyx": [11, 43, 34]}