{"p": 0.197, "barbin": 0, "corr": 0.05054571479558945, "timescale": 2.4057965623406807, "rgb": "#000000", "zyx": [4, 69, 45]}