{"p": 0.974, "barbin": 0, "corr": -0.10927864164113998, "timescale": 1.80848800132237, "rgb": "#000000", "zyx": [18, 67, 35]}