{"p": 0.276, "barbin": 0, "corr": 0.03430812805891037, "timescale": 7.253204803518146, "rgb": "#000000", "zyx": [9, 82, 53]}