{"p": 0.876, "barbin": 0, "corr": -0.0679619312286377, "timescale": 3.6635286135238285, "rgb": "#000000", "zyx": [17, 63, 62]}