{"p": 0.637, "barbin": 0, "corr": -0.0199861042201519, "timescale": 1.707492660527039, "rgb": "#000000", "zyx": [12, 82, 29]}