{"p": 0.568, "barbin": 0, "corr": -0.008314386941492558, "timescale": 4.45940367456678, "rgb": "#000000", "zyx": [5, 81, 55]}