{"p": 0.463, "barbin": 0, "corr": 0.0050448281690478325, "timescale": 5.706193146020011, "rgb": "#000000", "zyx": [9, 70, 66]}