{"p": 0.13, "barbin": 0, "corr": 0.06546011567115784, "timescale": 8.584606451896505, "rgb": "#000000", "zyx": [20, 75, 66]}