{"p": 0.009, "barbin": 1, "corr": 0.1419694423675537, "timescale": 8.584962500724883, "rgb": "#000000", "zyx": [12, 66, 24]}