{"p": 0.924, "barbin": 0, "corr": -0.0850834995508194, "timescale": 8.584866711978291, "rgb": "#000000", "zyx": [5, 39, 29]}