{"p": 0.514, "barbin": 0, "corr": 0.0005334988236427307, "timescale": 6.9579473634754825, "rgb": "#000000", "zyx": [13, 51, 35]}