{"p": 0.0, "barbin": 3, "corr": 0.24663668870925903, "timescale": 7.230428133716855, "rgb": "#000000", "zyx": [22, 44, 63]}