{"p": 0.954, "barbin": 0, "corr": -0.10043318569660187, "timescale": 8.491851536458762, "rgb": "#000000", "zyx": [21, 75, 71]}