{"p": 0.786, "barbin": 0, "corr": -0.04513389617204666, "timescale": 6.583097234706607, "rgb": "#000000", "zyx": [18, 79, 59]}