{"p": 0.695, "barbin": 0, "corr": -0.0179558414965868, "timescale": 3.485683360165307, "rgb": "#000000", "zyx": [3, 71, 80]}