{"p": 0.7, "barbin": 0, "corr": -0.02738037519156933, "timescale": 7.222311245846568, "rgb": "#000000", "zyx": [7, 73, 56]}