{"p": 0.89, "barbin": 0, "corr": -0.07377951592206955, "timescale": 5.584962500721156, "rgb": "#000000", "zyx": [10, 92, 62]}