{"p": 0.164, "barbin": 0, "corr": 0.05707995966076851, "timescale": 6.646899785887435, "rgb": "#000000", "zyx": [5, 32, 38]}