{"p": 0.364, "barbin": 0, "corr": 0.001992857316508889, "timescale": 5.016336481117465, "rgb": "#000000", "zyx": [4, 91, 42]}