{"p": 0.097, "barbin": 0, "corr": 0.07426314055919647, "timescale": 5.990383406785181, "rgb": "#000000", "zyx": [23, 72, 38]}