{"p": 0.315, "barbin": 0, "corr": 0.031225956976413727, "timescale": 6.97580126984743, "rgb": "#000000", "zyx": [12, 34, 54]}