{"p": 0.571, "barbin": 0, "corr": -0.005079851485788822, "timescale": 4.4570608784482, "rgb": "#000000", "zyx": [25, 57, 64]}