{"p": 0.953, "barbin": 0, "corr": -0.04157711938023567, "timescale": 6.461556865364253, "rgb": "#000000", "zyx": [11, 73, 48]}