{"p": 0.013, "barbin": 1, "corr": 0.10113388299942017, "timescale": 7.051657429787708, "rgb": "#000000", "zyx": [17, 79, 44]}