{"p": 0.868, "barbin": 0, "corr": -0.06944800913333893, "timescale": 2.723379194175997, "rgb": "#000000", "zyx": [17, 63, 55]}