{"p": 0.308, "barbin": 0, "corr": 0.03186192736029625, "timescale": 7.219712035148824, "rgb": "#000000", "zyx": [16, 66, 48]}