{"p": 0.105, "barbin": 0, "corr": 0.027168801054358482, "timescale": 4.541859764818345, "rgb": "#000000", "zyx": [0, 80, 34]}