{"p": 0.006, "barbin": 0, "corr": 0.08959338068962097, "timescale": 7.2941039636990865, "rgb": "#000000", "zyx": [1, 78, 40]}