{"p": 0.547, "barbin": 0, "corr": -0.005292035639286041, "timescale": 4.590964662269194, "rgb": "#000000", "zyx": [20, 31, 67]}