{"p": 0.708, "barbin": 0, "corr": -0.03377499058842659, "timescale": 2.7617402522582033, "rgb": "#000000", "zyx": [24, 42, 63]}