{"p": 0.585, "barbin": 0, "corr": -0.008248577825725079, "timescale": 8.49848714018377, "rgb": "#000000", "zyx": [10, 32, 61]}