{"p": 0.384, "barbin": 0, "corr": 0.016000347211956978, "timescale": 6.843608851988228, "rgb": "#000000", "zyx": [6, 62, 75]}