{"p": 0.207, "barbin": 0, "corr": 0.044281646609306335, "timescale": 2.2140809204142897, "rgb": "#000000", "zyx": [21, 66, 71]}