{"p": 0.61, "barbin": 0, "corr": -0.012240275740623474, "timescale": 2.5848982848659188, "rgb": "#000000", "zyx": [12, 64, 38]}