{"p": 0.166, "barbin": 0, "corr": 0.042473457753658295, "timescale": 5.748444575087147, "rgb": "#000000", "zyx": [18, 59, 72]}