{"p": 0.0, "barbin": 2, "corr": 0.15087518095970154, "timescale": 6.927473503601617, "rgb": "#000000", "zyx": [25, 60, 61]}