{"p": 0.0, "barbin": 3, "corr": 0.2047494798898697, "timescale": 6.340545880598034, "rgb": "#000000", "zyx": [20, 40, 60]}