{"p": 0.928, "barbin": 0, "corr": -0.07635924965143204, "timescale": 6.825452010519038, "rgb": "#000000", "zyx": [19, 61, 54]}