{"p": 0.198, "barbin": 0, "corr": 0.05252724885940552, "timescale": 6.516524223069016, "rgb": "#000000", "zyx": [14, 79, 50]}