{"p": 0.332, "barbin": 0, "corr": 0.00021232894505374134, "timescale": 5.579818058515933, "rgb": "#000000", "zyx": [20, 67, 68]}