{"p": 0.706, "barbin": 0, "corr": -0.03388453274965286, "timescale": 3.1856959905633553, "rgb": "#000000", "zyx": [8, 58, 44]}