{"p": 0.988, "barbin": 0, "corr": -0.1328067183494568, "timescale": 5.033579043349098, "rgb": "#000000", "zyx": [19, 68, 31]}