{"p": 0.367, "barbin": 0, "corr": 0.018542977049946785, "timescale": 8.520664442475965, "rgb": "#000000", "zyx": [1, 44, 68]}