{"p": 0.357, "barbin": 0, "corr": 0.019038651138544083, "timescale": 6.488297184701265, "rgb": "#000000", "zyx": [17, 48, 34]}