{"p": 0.75, "barbin": 0, "corr": -0.040181033313274384, "timescale": 3.5901838394428975, "rgb": "#000000", "zyx": [4, 54, 43]}