{"p": 0.285, "barbin": 0, "corr": 0.011094244197010994, "timescale": 7.584048755634912, "rgb": "#000000", "zyx": [11, 77, 50]}