{"p": 0.26, "barbin": 0, "corr": 0.04240807145833969, "timescale": 4.354950355731576, "rgb": "#000000", "zyx": [10, 68, 43]}