{"p": 0.01, "barbin": 1, "corr": 0.12441319972276688, "timescale": 5.890816962290842, "rgb": "#000000", "zyx": [14, 86, 47]}