{"p": 0.604, "barbin": 0, "corr": -0.013767857104539871, "timescale": 7.607966474348154, "rgb": "#000000", "zyx": [6, 37, 59]}