{"p": 0.786, "barbin": 0, "corr": -0.0441119484603405, "timescale": 5.650932954173056, "rgb": "#000000", "zyx": [19, 74, 48]}