{"p": 0.002, "barbin": 1, "corr": 0.136575385928154, "timescale": 6.269293558244258, "rgb": "#000000", "zyx": [16, 39, 65]}