{"p": 0.53, "barbin": 0, "corr": -8.595887265983038e-06, "timescale": 3.330867747306764, "rgb": "#000000", "zyx": [15, 36, 53]}