{"p": 0.998, "barbin": 0, "corr": -0.1512899398803711, "timescale": 2.7782044016903873, "rgb": "#000000", "zyx": [1, 71, 66]}