{"p": 0.821, "barbin": 0, "corr": -0.05437200516462326, "timescale": 5.987344511838942, "rgb": "#000000", "zyx": [11, 45, 50]}