{"p": 0.0, "barbin": 4, "corr": 0.38757115602493286, "timescale": 6.802826967417634, "rgb": "#000000", "zyx": [12, 79, 34]}