{"p": 0.021, "barbin": 1, "corr": 0.12658055126667023, "timescale": 4.951436386897664, "rgb": "#000000", "zyx": [19, 68, 55]}