{"p": 0.034, "barbin": 1, "corr": 0.10408570617437363, "timescale": 5.970622427949922, "rgb": "#000000", "zyx": [11, 43, 38]}