{"p": 0.011, "barbin": 1, "corr": 0.12477055191993713, "timescale": 8.443104007369442, "rgb": "#000000", "zyx": [5, 66, 39]}