{"p": 0.31, "barbin": 0, "corr": 0.02689133584499359, "timescale": 5.457875585461695, "rgb": "#000000", "zyx": [9, 58, 33]}