{"p": 0.24, "barbin": 0, "corr": 0.04309491068124771, "timescale": 5.678351450834537, "rgb": "#000000", "zyx": [24, 61, 56]}