{"p": 0.002, "barbin": 2, "corr": 0.19330909848213196, "timescale": 6.956408569052359, "rgb": "#000000", "zyx": [4, 59, 70]}