{"p": 0.0, "barbin": 1, "corr": 0.12520894408226013, "timescale": 5.850549244555481, "rgb": "#000000", "zyx": [12, 48, 28]}