{"p": 0.0, "barbin": 2, "corr": 0.16099348664283752, "timescale": 7.6636633775913605, "rgb": "#000000", "zyx": [14, 34, 30]}