{"p": 0.161, "barbin": 0, "corr": 0.04207956790924072, "timescale": 7.497044287098608, "rgb": "#000000", "zyx": [13, 47, 79]}