{"p": 0.723, "barbin": 0, "corr": -0.03406122326850891, "timescale": 5.584962503700662, "rgb": "#000000", "zyx": [15, 68, 43]}