{"p": 0.005, "barbin": 2, "corr": 0.15554840862751007, "timescale": 6.993935939050463, "rgb": "#000000", "zyx": [25, 63, 61]}