{"p": 0.052, "barbin": 0, "corr": 0.09577211737632751, "timescale": 5.975228000960366, "rgb": "#000000", "zyx": [10, 77, 77]}