{"p": 0.0, "barbin": 3, "corr": 0.23903214931488037, "timescale": 2.732247872472129, "rgb": "#000000", "zyx": [14, 24, 38]}