{"p": 0.067, "barbin": 0, "corr": 0.08615129441022873, "timescale": 7.471779725258814, "rgb": "#000000", "zyx": [20, 22, 43]}