{"p": 0.48, "barbin": 0, "corr": 0.002655122661963105, "timescale": 7.358339284113643, "rgb": "#000000", "zyx": [11, 64, 51]}