{"p": 0.741, "barbin": 0, "corr": -0.035400476306676865, "timescale": 1.5849658057156457, "rgb": "#000000", "zyx": [20, 52, 40]}