{"p": 0.171, "barbin": 0, "corr": 0.043927039951086044, "timescale": 3.9913666406207655, "rgb": "#000000", "zyx": [12, 43, 35]}