{"p": 0.185, "barbin": 0, "corr": 0.05007001385092735, "timescale": 5.9476655502209095, "rgb": "#000000", "zyx": [21, 82, 53]}