{"p": 0.142, "barbin": 0, "corr": 0.05846848711371422, "timescale": 8.58495476332051, "rgb": "#000000", "zyx": [12, 71, 47]}