{"p": 0.403, "barbin": 0, "corr": 0.004391647409647703, "timescale": 3.5420400677675596, "rgb": "#000000", "zyx": [14, 43, 52]}