{"p": 0.157, "barbin": 0, "corr": 0.060959525406360626, "timescale": 2.5863366028143564, "rgb": "#000000", "zyx": [0, 80, 33]}