{"p": 0.368, "barbin": 0, "corr": 0.02406211569905281, "timescale": 6.500373966576264, "rgb": "#000000", "zyx": [3, 78, 30]}