{"p": 0.579, "barbin": 0, "corr": -0.010206177830696106, "timescale": 6.858532187461938, "rgb": "#000000", "zyx": [5, 54, 73]}