{"p": 0.0, "barbin": 3, "corr": 0.20518705248832703, "timescale": 6.90983797937283, "rgb": "#000000", "zyx": [7, 45, 30]}