{"p": 0.124, "barbin": 0, "corr": 0.07110481709241867, "timescale": 6.463625674968991, "rgb": "#000000", "zyx": [18, 57, 37]}