{"p": 0.056, "barbin": 0, "corr": 0.06935183703899384, "timescale": 6.038960547386577, "rgb": "#000000", "zyx": [6, 65, 24]}