{"p": 0.214, "barbin": 0, "corr": 0.05277368798851967, "timescale": 6.247289332541561, "rgb": "#000000", "zyx": [16, 31, 33]}