{"p": 0.757, "barbin": 0, "corr": -0.041050177067518234, "timescale": 3.5849628781456757, "rgb": "#000000", "zyx": [17, 37, 48]}