{"p": 0.411, "barbin": 0, "corr": 0.01295288186520338, "timescale": 1.5961853882253034, "rgb": "#000000", "zyx": [7, 71, 70]}