{"p": 0.0, "barbin": 2, "corr": 0.17869508266448975, "timescale": 6.283669645104962, "rgb": "#000000", "zyx": [12, 76, 55]}