{"p": 0.989, "barbin": 0, "corr": -0.14077256619930267, "timescale": 1.5858013197198395, "rgb": "#000000", "zyx": [13, 51, 62]}