{"p": 0.077, "barbin": 0, "corr": 0.06606850028038025, "timescale": 6.191440286024899, "rgb": "#000000", "zyx": [11, 92, 66]}