{"p": 0.458, "barbin": 0, "corr": 0.005737391300499439, "timescale": 4.314561279872988, "rgb": "#000000", "zyx": [9, 54, 48]}