{"p": 0.246, "barbin": 0, "corr": 0.011071999557316303, "timescale": 7.585049790025775, "rgb": "#000000", "zyx": [5, 75, 38]}