{"p": 0.0, "barbin": 4, "corr": 0.26257482171058655, "timescale": 7.056101749277953, "rgb": "#000000", "zyx": [13, 79, 35]}