{"p": 0.067, "barbin": 0, "corr": 0.08628113567829132, "timescale": 7.581001535123682, "rgb": "#000000", "zyx": [17, 83, 52]}