{"p": 0.978, "barbin": 0, "corr": -0.09908928722143173, "timescale": 4.5126748288126315, "rgb": "#000000", "zyx": [17, 87, 50]}