{"p": 0.939, "barbin": 0, "corr": -0.06718259304761887, "timescale": 7.463215918075432, "rgb": "#000000", "zyx": [6, 90, 42]}