{"p": 0.306, "barbin": 0, "corr": 0.026561085134744644, "timescale": 2.3556368508391037, "rgb": "#000000", "zyx": [13, 85, 70]}