{"p": 0.893, "barbin": 0, "corr": -0.00031393059180118144, "timescale": 6.466516964555314, "rgb": "#000000", "zyx": [3, 91, 57]}