{"p": 0.52, "barbin": 0, "corr": -0.0028002308681607246, "timescale": 4.574724905078795, "rgb": "#000000", "zyx": [7, 29, 44]}