{"p": 0.0, "barbin": 2, "corr": 0.19101974368095398, "timescale": 5.3357948675496765, "rgb": "#000000", "zyx": [24, 51, 50]}