{"p": 0.249, "barbin": 0, "corr": 0.04028690606355667, "timescale": 6.476981508427475, "rgb": "#000000", "zyx": [7, 52, 26]}