{"p": 0.772, "barbin": 0, "corr": -0.042159467935562134, "timescale": 7.192514236808881, "rgb": "#000000", "zyx": [9, 89, 44]}