{"p": 0.06, "barbin": 0, "corr": 0.021053945645689964, "timescale": 4.632712730583, "rgb": "#000000", "zyx": [21, 30, 36]}