{"p": 0.024, "barbin": 1, "corr": 0.11959828436374664, "timescale": 5.229134544521186, "rgb": "#000000", "zyx": [14, 36, 64]}