{"p": 0.527, "barbin": 0, "corr": -0.00772369047626853, "timescale": 6.725302802787847, "rgb": "#000000", "zyx": [9, 60, 59]}