{"p": 0.713, "barbin": 0, "corr": -0.011480406858026981, "timescale": 3.4949298883400255, "rgb": "#000000", "zyx": [15, 44, 77]}