{"p": 0.124, "barbin": 0, "corr": 0.029105551540851593, "timescale": 5.511617589282232, "rgb": "#000000", "zyx": [4, 87, 39]}