{"p": 0.582, "barbin": 0, "corr": -0.007376378867775202, "timescale": 4.582185481794863, "rgb": "#000000", "zyx": [13, 26, 53]}