{"p": 0.642, "barbin": 0, "corr": -0.019799066707491875, "timescale": 7.5742471022616265, "rgb": "#000000", "zyx": [24, 67, 43]}