{"p": 0.095, "barbin": 0, "corr": 0.0653897225856781, "timescale": 6.493521716077517, "rgb": "#000000", "zyx": [13, 81, 70]}