{"p": 0.099, "barbin": 0, "corr": 0.06649430096149445, "timescale": 4.548182244781506, "rgb": "#000000", "zyx": [17, 88, 39]}