{"p": 0.22, "barbin": 0, "corr": 0.02395385131239891, "timescale": 7.502013727345505, "rgb": "#000000", "zyx": [15, 18, 63]}