{"p": 0.476, "barbin": 0, "corr": -0.0003740747051779181, "timescale": 4.5849610740424, "rgb": "#000000", "zyx": [17, 41, 74]}