{"p": 0.668, "barbin": 0, "corr": -0.018184959888458252, "timescale": 7.377883179920916, "rgb": "#000000", "zyx": [4, 81, 48]}