{"p": 0.716, "barbin": 0, "corr": -0.02210768684744835, "timescale": 1.8661080733835096, "rgb": "#000000", "zyx": [0, 83, 65]}