{"p": 0.036, "barbin": 0, "corr": 0.0919804498553276, "timescale": 6.1905907379778435, "rgb": "#000000", "zyx": [10, 47, 74]}