{"p": 0.657, "barbin": 0, "corr": -0.004868099931627512, "timescale": 3.635372663266346, "rgb": "#000000", "zyx": [13, 41, 34]}