{"p": 0.0, "barbin": 4, "corr": 0.25281280279159546, "timescale": 6.343423375222769, "rgb": "#000000", "zyx": [20, 47, 71]}