{"p": 0.517, "barbin": 0, "corr": -0.004583213943988085, "timescale": 7.584962502482324, "rgb": "#000000", "zyx": [8, 59, 67]}