{"p": 0.035, "barbin": 0, "corr": 0.04278692603111267, "timescale": 4.296116992708324, "rgb": "#000000", "zyx": [18, 60, 34]}