{"p": 0.323, "barbin": 0, "corr": 0.027942653745412827, "timescale": 7.526244450590156, "rgb": "#000000", "zyx": [22, 39, 50]}