{"p": 0.821, "barbin": 0, "corr": -0.05093792453408241, "timescale": 7.910039319187343, "rgb": "#000000", "zyx": [1, 81, 38]}