{"p": 0.0, "barbin": 4, "corr": 0.2918354570865631, "timescale": 6.427977677507308, "rgb": "#000000", "zyx": [12, 75, 33]}