{"p": 0.739, "barbin": 0, "corr": -0.034811295568943024, "timescale": 8.584962500721156, "rgb": "#000000", "zyx": [3, 80, 59]}