{"p": 0.901, "barbin": 0, "corr": -0.03546200320124626, "timescale": 4.4013388327700005, "rgb": "#000000", "zyx": [16, 44, 54]}