{"p": 0.396, "barbin": 0, "corr": 0.014763480983674526, "timescale": 4.792245610648313, "rgb": "#000000", "zyx": [7, 77, 45]}