{"p": 0.134, "barbin": 0, "corr": 0.05967274308204651, "timescale": 8.584961640651272, "rgb": "#000000", "zyx": [15, 38, 61]}