{"p": 0.821, "barbin": 0, "corr": -0.05453288555145264, "timescale": 7.584962500721156, "rgb": "#000000", "zyx": [5, 58, 44]}