{"p": 0.0, "barbin": 2, "corr": 0.18301387131214142, "timescale": 5.370130191435289, "rgb": "#000000", "zyx": [24, 59, 53]}