{"p": 0.61, "barbin": 0, "corr": -0.014189155772328377, "timescale": 1.5855798096482023, "rgb": "#000000", "zyx": [4, 78, 41]}