{"p": 0.368, "barbin": 0, "corr": 0.0028408512007445097, "timescale": 4.5851325760268535, "rgb": "#000000", "zyx": [6, 28, 47]}