{"p": 0.04, "barbin": 1, "corr": 0.10222943872213364, "timescale": 2.592230840487632, "rgb": "#000000", "zyx": [12, 20, 51]}