{"p": 0.619, "barbin": 0, "corr": -0.018391041085124016, "timescale": 4.61644845818203, "rgb": "#000000", "zyx": [13, 25, 68]}