{"p": 0.819, "barbin": 0, "corr": -0.028655139729380608, "timescale": 7.700646062898289, "rgb": "#000000", "zyx": [10, 65, 46]}