{"p": 0.635, "barbin": 0, "corr": -0.014764764346182346, "timescale": 5.55134516627526, "rgb": "#000000", "zyx": [17, 45, 74]}