{"p": 0.367, "barbin": 0, "corr": 0.018654974177479744, "timescale": 4.508621886482991, "rgb": "#000000", "zyx": [14, 66, 81]}