{"p": 0.045, "barbin": 1, "corr": 0.10289886593818665, "timescale": 7.228130223324219, "rgb": "#000000", "zyx": [17, 63, 71]}