{"p": 0.0, "barbin": 3, "corr": 0.23166052997112274, "timescale": 6.670056969280436, "rgb": "#000000", "zyx": [4, 70, 33]}