{"p": 0.989, "barbin": 0, "corr": -0.13585051894187927, "timescale": 6.584962500721156, "rgb": "#000000", "zyx": [5, 58, 27]}