{"p": 0.663, "barbin": 0, "corr": -8.380279905395582e-05, "timescale": 7.37771959720096, "rgb": "#000000", "zyx": [2, 47, 36]}