{"p": 0.428, "barbin": 0, "corr": 0.001344212214462459, "timescale": 6.134484472598839, "rgb": "#000000", "zyx": [5, 85, 52]}