{"p": 0.847, "barbin": 0, "corr": -0.06011614203453064, "timescale": 4.868168327850167, "rgb": "#000000", "zyx": [9, 56, 61]}