{"p": 0.0, "barbin": 3, "corr": 0.21174472570419312, "timescale": 4.058984772496132, "rgb": "#000000", "zyx": [21, 59, 73]}