{"p": 0.345, "barbin": 0, "corr": 0.002812946680933237, "timescale": 1.9783249603354673, "rgb": "#000000", "zyx": [5, 73, 63]}