{"p": 0.321, "barbin": 0, "corr": 0.02806641161441803, "timescale": 5.669487961451237, "rgb": "#000000", "zyx": [20, 62, 51]}