{"p": 0.278, "barbin": 0, "corr": 0.03554962947964668, "timescale": 4.00071744677018, "rgb": "#000000", "zyx": [4, 66, 27]}