{"p": 0.753, "barbin": 0, "corr": -0.03979741781949997, "timescale": 4.665428332620738, "rgb": "#000000", "zyx": [10, 71, 64]}