{"p": 0.073, "barbin": 0, "corr": 0.09568510949611664, "timescale": 7.5774532029087664, "rgb": "#000000", "zyx": [21, 80, 68]}