{"p": 0.369, "barbin": 0, "corr": 0.019514791667461395, "timescale": 6.160796664870599, "rgb": "#000000", "zyx": [13, 84, 67]}