{"p": 0.366, "barbin": 0, "corr": 0.01147033553570509, "timescale": 5.595372547238382, "rgb": "#000000", "zyx": [8, 54, 58]}