{"p": 0.762, "barbin": 0, "corr": -0.018857663497328758, "timescale": 4.170391803031902, "rgb": "#000000", "zyx": [22, 38, 34]}