{"p": 0.006, "barbin": 2, "corr": 0.15968011319637299, "timescale": 7.362727357311303, "rgb": "#000000", "zyx": [22, 73, 37]}