{"p": 0.846, "barbin": 0, "corr": -0.05800028517842293, "timescale": 6.58496256520139, "rgb": "#000000", "zyx": [15, 44, 40]}