{"p": 0.317, "barbin": 0, "corr": 0.026589184999465942, "timescale": 3.960194606740026, "rgb": "#000000", "zyx": [24, 40, 60]}