{"p": 0.111, "barbin": 0, "corr": 0.06513515114784241, "timescale": 5.97747058665092, "rgb": "#000000", "zyx": [24, 55, 45]}