{"p": 0.197, "barbin": 0, "corr": 0.03852739930152893, "timescale": 7.530492142079245, "rgb": "#000000", "zyx": [4, 86, 70]}