{"p": 0.404, "barbin": 0, "corr": 0.009284775704145432, "timescale": 1.7462163751059774, "rgb": "#000000", "zyx": [8, 31, 68]}