{"p": 0.459, "barbin": 0, "corr": 0.001287476858124137, "timescale": 4.322392716204637, "rgb": "#000000", "zyx": [9, 29, 62]}