{"p": 0.0, "barbin": 3, "corr": 0.22221393883228302, "timescale": 6.569124288954145, "rgb": "#000000", "zyx": [11, 77, 39]}