{"p": 0.572, "barbin": 0, "corr": -0.010130956768989563, "timescale": 3.588994979207594, "rgb": "#000000", "zyx": [16, 53, 68]}