{"p": 0.0, "barbin": 4, "corr": 0.2587483525276184, "timescale": 6.660037572429638, "rgb": "#000000", "zyx": [14, 79, 38]}