{"p": 0.986, "barbin": 0, "corr": -0.05341285839676857, "timescale": 8.463545169378135, "rgb": "#000000", "zyx": [14, 64, 72]}