{"p": 0.892, "barbin": 0, "corr": -0.07067213952541351, "timescale": 1.9124824494207935, "rgb": "#000000", "zyx": [7, 28, 45]}