{"p": 0.045, "barbin": 1, "corr": 0.10256622731685638, "timescale": 7.910732244767127, "rgb": "#000000", "zyx": [6, 74, 72]}