{"p": 0.911, "barbin": 0, "corr": -0.07897583395242691, "timescale": 2.5755980607399467, "rgb": "#000000", "zyx": [6, 74, 25]}