{"p": 0.543, "barbin": 0, "corr": -0.007700126618146896, "timescale": 6.396216641636442, "rgb": "#000000", "zyx": [18, 30, 64]}