{"p": 0.0, "barbin": 4, "corr": 0.31012117862701416, "timescale": 7.30798406156608, "rgb": "#000000", "zyx": [20, 27, 40]}