{"p": 0.96, "barbin": 0, "corr": -0.07590308040380478, "timescale": 7.146979025695052, "rgb": "#000000", "zyx": [13, 60, 67]}