{"p": 0.048, "barbin": 0, "corr": 0.015740498900413513, "timescale": 3.698628161146012, "rgb": "#000000", "zyx": [11, 83, 66]}