{"p": 0.0, "barbin": 3, "corr": 0.23764978349208832, "timescale": 6.9571192288593595, "rgb": "#000000", "zyx": [17, 30, 55]}