{"p": 0.011, "barbin": 1, "corr": 0.11284421384334564, "timescale": 6.101872268068159, "rgb": "#000000", "zyx": [23, 69, 66]}