{"p": 0.339, "barbin": 0, "corr": 0.02181529998779297, "timescale": 5.339927640894403, "rgb": "#000000", "zyx": [7, 90, 58]}