{"p": 0.405, "barbin": 0, "corr": 0.011208489537239075, "timescale": 5.768687869681949, "rgb": "#000000", "zyx": [13, 76, 67]}