{"p": 0.373, "barbin": 0, "corr": 0.01640305668115616, "timescale": 2.5849818930379747, "rgb": "#000000", "zyx": [6, 48, 60]}