{"p": 0.233, "barbin": 0, "corr": 0.04404577240347862, "timescale": 5.579569667383019, "rgb": "#000000", "zyx": [3, 56, 78]}