{"p": 0.245, "barbin": 0, "corr": 0.041328687220811844, "timescale": 6.584962501002256, "rgb": "#000000", "zyx": [10, 86, 51]}