{"p": 0.827, "barbin": 0, "corr": -0.04931282252073288, "timescale": 8.584962500721156, "rgb": "#000000", "zyx": [3, 53, 40]}