{"p": 0.122, "barbin": 0, "corr": 0.07091782987117767, "timescale": 7.583284680657954, "rgb": "#000000", "zyx": [26, 44, 61]}