{"p": 0.131, "barbin": 0, "corr": 0.05987336486577988, "timescale": 7.597007534844796, "rgb": "#000000", "zyx": [12, 52, 74]}