{"p": 0.969, "barbin": 0, "corr": -0.10263236612081528, "timescale": 7.853929563701903, "rgb": "#000000", "zyx": [14, 54, 33]}