{"p": 0.744, "barbin": 0, "corr": -0.00022952785366214812, "timescale": 8.584962500721156, "rgb": "#000000", "zyx": [16, 69, 42]}