{"p": 0.969, "barbin": 0, "corr": -0.11077248305082321, "timescale": 1.6601466601056771, "rgb": "#000000", "zyx": [25, 72, 57]}