{"p": 0.809, "barbin": 0, "corr": -0.048816561698913574, "timescale": 5.685743472749037, "rgb": "#000000", "zyx": [26, 61, 63]}