{"p": 0.754, "barbin": 0, "corr": -0.03662262111902237, "timescale": 7.584431778519267, "rgb": "#000000", "zyx": [16, 53, 64]}