{"p": 0.294, "barbin": 0, "corr": 0.03432983160018921, "timescale": 3.6244752162234812, "rgb": "#000000", "zyx": [14, 62, 32]}