{"p": 0.046, "barbin": 0, "corr": 0.08227315545082092, "timescale": 6.197388320320691, "rgb": "#000000", "zyx": [12, 74, 74]}