{"p": 0.0, "barbin": 4, "corr": 0.2713932991027832, "timescale": 5.969000525189492, "rgb": "#000000", "zyx": [20, 34, 42]}