{"p": 0.076, "barbin": 0, "corr": 0.0842694491147995, "timescale": 8.253502057972979, "rgb": "#000000", "zyx": [9, 72, 47]}