{"p": 0.823, "barbin": 0, "corr": -0.048474762588739395, "timescale": 3.584962500721156, "rgb": "#000000", "zyx": [6, 60, 83]}