{"p": 0.053, "barbin": 0, "corr": 0.08545469492673874, "timescale": 6.733535715092664, "rgb": "#000000", "zyx": [4, 71, 57]}