{"p": 0.276, "barbin": 0, "corr": 0.004625437315553427, "timescale": 3.4172419171002795, "rgb": "#000000", "zyx": [21, 37, 64]}