{"p": 0.003, "barbin": 2, "corr": 0.15230415761470795, "timescale": 6.784314401523752, "rgb": "#000000", "zyx": [6, 47, 33]}