{"p": 0.422, "barbin": 0, "corr": 0.004651215393096209, "timescale": 5.314618107504568, "rgb": "#000000", "zyx": [20, 42, 47]}