{"p": 0.476, "barbin": 0, "corr": 0.005060663912445307, "timescale": 3.6891731386569266, "rgb": "#000000", "zyx": [15, 57, 31]}