{"p": 0.048, "barbin": 0, "corr": 0.0933755561709404, "timescale": 6.071764554564176, "rgb": "#000000", "zyx": [15, 55, 48]}