{"p": 0.651, "barbin": 0, "corr": -0.020740920677781105, "timescale": 5.5789763072901914, "rgb": "#000000", "zyx": [7, 36, 41]}