{"p": 0.873, "barbin": 0, "corr": -0.021329063922166824, "timescale": 1.758289079498748, "rgb": "#000000", "zyx": [19, 63, 54]}