{"p": 0.511, "barbin": 0, "corr": -0.0005712416605092585, "timescale": 3.4781467469647827, "rgb": "#000000", "zyx": [15, 85, 43]}