{"p": 0.113, "barbin": 0, "corr": 0.021102873608469963, "timescale": 3.4627447402739375, "rgb": "#000000", "zyx": [24, 52, 34]}