{"p": 0.766, "barbin": 0, "corr": -0.049854736775159836, "timescale": 8.567871959662671, "rgb": "#000000", "zyx": [5, 76, 44]}