{"p": 0.005, "barbin": 0, "corr": 0.09447464346885681, "timescale": 5.598833535711339, "rgb": "#000000", "zyx": [20, 82, 66]}