{"p": 0.0, "barbin": 2, "corr": 0.19145341217517853, "timescale": 7.836373679765346, "rgb": "#000000", "zyx": [25, 59, 63]}