{"p": 0.433, "barbin": 0, "corr": 0.0037851694505661726, "timescale": 3.4567126592408264, "rgb": "#000000", "zyx": [12, 58, 41]}