{"p": 0.351, "barbin": 0, "corr": 0.011142144910991192, "timescale": 3.0368250006521293, "rgb": "#000000", "zyx": [7, 78, 46]}