{"p": 0.559, "barbin": 0, "corr": -0.009344876743853092, "timescale": 5.386097642756659, "rgb": "#000000", "zyx": [14, 74, 71]}