{"p": 0.0, "barbin": 4, "corr": 0.2854025363922119, "timescale": 6.20032691048807, "rgb": "#000000", "zyx": [16, 34, 69]}