{"p": 0.761, "barbin": 0, "corr": -0.036118313670158386, "timescale": 3.9454278674912917, "rgb": "#000000", "zyx": [3, 54, 60]}