{"p": 0.0, "barbin": 4, "corr": 0.25095996260643005, "timescale": 5.192291210758258, "rgb": "#000000", "zyx": [9, 72, 27]}