{"p": 0.073, "barbin": 0, "corr": 0.025137048214673996, "timescale": 7.067785380802994, "rgb": "#000000", "zyx": [22, 55, 69]}