{"p": 0.891, "barbin": 0, "corr": -0.07406499981880188, "timescale": 8.584962506558659, "rgb": "#000000", "zyx": [13, 61, 37]}