{"p": 0.054, "barbin": 0, "corr": 0.09250005334615707, "timescale": 1.7120332641645157, "rgb": "#000000", "zyx": [18, 69, 39]}