{"p": 0.801, "barbin": 0, "corr": -0.037930794060230255, "timescale": 6.6701373532050034, "rgb": "#000000", "zyx": [10, 78, 55]}