{"p": 0.256, "barbin": 0, "corr": 0.03330213949084282, "timescale": 5.275771703736237, "rgb": "#000000", "zyx": [15, 21, 52]}