{"p": 0.291, "barbin": 0, "corr": 0.0068344795145094395, "timescale": 1.5849855253043112, "rgb": "#000000", "zyx": [10, 54, 53]}