{"p": 0.694, "barbin": 0, "corr": -0.030184930190443993, "timescale": 1.817904062875912, "rgb": "#000000", "zyx": [2, 82, 57]}