{"p": 0.001, "barbin": 2, "corr": 0.17196501791477203, "timescale": 6.6489818424594125, "rgb": "#000000", "zyx": [12, 76, 68]}