{"p": 0.101, "barbin": 0, "corr": 0.07384836673736572, "timescale": 4.62195517721238, "rgb": "#000000", "zyx": [24, 55, 34]}