{"p": 0.968, "barbin": 0, "corr": -0.03985108435153961, "timescale": 7.584961764311005, "rgb": "#000000", "zyx": [4, 76, 60]}