{"p": 0.901, "barbin": 0, "corr": -0.07489755749702454, "timescale": 8.584962502092166, "rgb": "#000000", "zyx": [22, 64, 56]}