{"p": 0.213, "barbin": 0, "corr": 0.039862260222435, "timescale": 7.08952702124669, "rgb": "#000000", "zyx": [7, 76, 76]}