{"p": 0.549, "barbin": 0, "corr": -0.006997568067163229, "timescale": 6.288450404181373, "rgb": "#000000", "zyx": [2, 75, 60]}