{"p": 0.992, "barbin": 0, "corr": -0.13993306457996368, "timescale": 8.584962500721156, "rgb": "#000000", "zyx": [21, 77, 55]}