{"p": 0.534, "barbin": 0, "corr": -0.006234306842088699, "timescale": 8.192189352975912, "rgb": "#000000", "zyx": [18, 64, 72]}