{"p": 0.247, "barbin": 0, "corr": 0.03412207216024399, "timescale": 6.581894867764138, "rgb": "#000000", "zyx": [13, 86, 54]}