{"p": 0.56, "barbin": 0, "corr": -0.007754771038889885, "timescale": 3.5780195019074057, "rgb": "#000000", "zyx": [3, 81, 42]}