{"p": 0.995, "barbin": 0, "corr": -0.12302429974079132, "timescale": 8.508474982446828, "rgb": "#000000", "zyx": [5, 40, 42]}