{"p": 0.114, "barbin": 0, "corr": 0.005951169412583113, "timescale": 5.782188451773674, "rgb": "#000000", "zyx": [16, 59, 29]}