{"p": 0.639, "barbin": 0, "corr": -0.019336504861712456, "timescale": 3.5806121028088596, "rgb": "#000000", "zyx": [6, 63, 30]}