{"p": 0.622, "barbin": 0, "corr": -0.020281152799725533, "timescale": 6.2767422563372515, "rgb": "#000000", "zyx": [25, 65, 66]}