{"p": 0.0, "barbin": 3, "corr": 0.21250784397125244, "timescale": 6.336995010198514, "rgb": "#000000", "zyx": [14, 75, 76]}