{"p": 0.938, "barbin": 0, "corr": -0.0626991018652916, "timescale": 7.578296391234297, "rgb": "#000000", "zyx": [13, 66, 48]}