{"p": 0.078, "barbin": 0, "corr": 0.0609266422688961, "timescale": 3.6994680665095774, "rgb": "#000000", "zyx": [23, 62, 34]}