{"p": 0.0, "barbin": 4, "corr": 0.2943216860294342, "timescale": 6.599300639086675, "rgb": "#000000", "zyx": [11, 75, 28]}