{"p": 0.143, "barbin": 0, "corr": 0.06380553543567657, "timescale": 4.724753969315065, "rgb": "#000000", "zyx": [15, 70, 53]}