{"p": 0.0, "barbin": 1, "corr": 0.14085784554481506, "timescale": 7.137354452157091, "rgb": "#000000", "zyx": [1, 79, 70]}