{"p": 0.919, "barbin": 0, "corr": -0.08226091414690018, "timescale": 7.12000634004445, "rgb": "#000000", "zyx": [6, 54, 27]}