{"p": 0.668, "barbin": 0, "corr": -0.016786398366093636, "timescale": 8.584962500721156, "rgb": "#000000", "zyx": [12, 40, 75]}