{"p": 0.037, "barbin": 0, "corr": 0.07303997129201889, "timescale": 7.182734978851966, "rgb": "#000000", "zyx": [9, 83, 75]}