{"p": 0.055, "barbin": 0, "corr": 0.09842748194932938, "timescale": 7.4629714684143735, "rgb": "#000000", "zyx": [1, 73, 75]}