{"p": 0.115, "barbin": 0, "corr": 0.009480300359427929, "timescale": 3.5849606896064223, "rgb": "#000000", "zyx": [17, 58, 47]}