{"p": 0.198, "barbin": 0, "corr": 0.028073005378246307, "timescale": 8.209877675020774, "rgb": "#000000", "zyx": [12, 93, 57]}