{"p": 0.735, "barbin": 0, "corr": -0.03796112909913063, "timescale": 4.3437553084767755, "rgb": "#000000", "zyx": [8, 37, 49]}