{"p": 0.602, "barbin": 0, "corr": -0.02354467660188675, "timescale": 1.7896822070013827, "rgb": "#000000", "zyx": [5, 60, 80]}