{"p": 0.772, "barbin": 0, "corr": -0.041587818413972855, "timescale": 8.070614875824802, "rgb": "#000000", "zyx": [16, 45, 36]}