{"p": 0.0, "barbin": 3, "corr": 0.24728919565677643, "timescale": 5.67501129321993, "rgb": "#000000", "zyx": [11, 91, 42]}