{"p": 0.072, "barbin": 0, "corr": 0.08951243758201599, "timescale": 4.593062666120547, "rgb": "#000000", "zyx": [22, 57, 35]}