{"p": 0.611, "barbin": 0, "corr": -0.008206160739064217, "timescale": 7.599646099450662, "rgb": "#000000", "zyx": [22, 50, 54]}