{"p": 0.175, "barbin": 0, "corr": 0.054850075393915176, "timescale": 4.512987809776268, "rgb": "#000000", "zyx": [10, 48, 78]}