{"p": 0.549, "barbin": 0, "corr": -0.008080711588263512, "timescale": 8.338376622896893, "rgb": "#000000", "zyx": [18, 71, 50]}