{"p": 0.262, "barbin": 0, "corr": 0.03428865596652031, "timescale": 3.618757764409057, "rgb": "#000000", "zyx": [7, 57, 31]}