{"p": 0.0, "barbin": 3, "corr": 0.2293006181716919, "timescale": 6.483538183090659, "rgb": "#000000", "zyx": [16, 45, 74]}