{"p": 0.0, "barbin": 4, "corr": 0.2551266551017761, "timescale": 7.221709283720139, "rgb": "#000000", "zyx": [17, 31, 40]}