{"p": 0.652, "barbin": 0, "corr": -0.00948365218937397, "timescale": 3.584962500721156, "rgb": "#000000", "zyx": [22, 72, 48]}