{"p": 0.536, "barbin": 0, "corr": -0.008621005341410637, "timescale": 8.583974877789096, "rgb": "#000000", "zyx": [5, 65, 82]}