{"p": 0.0, "barbin": 1, "corr": 0.1405256688594818, "timescale": 6.919597930894334, "rgb": "#000000", "zyx": [11, 63, 25]}