{"p": 0.736, "barbin": 0, "corr": -0.013522963039577007, "timescale": 4.566494601472083, "rgb": "#000000", "zyx": [7, 70, 47]}