{"p": 0.049, "barbin": 0, "corr": 0.08393103629350662, "timescale": 6.565476171776674, "rgb": "#000000", "zyx": [22, 40, 41]}