{"p": 0.494, "barbin": 0, "corr": 0.005423324182629585, "timescale": 6.996498681470133, "rgb": "#000000", "zyx": [9, 89, 70]}