{"p": 0.0, "barbin": 2, "corr": 0.17639155685901642, "timescale": 2.2321248686090964, "rgb": "#000000", "zyx": [10, 73, 44]}