{"p": 0.112, "barbin": 0, "corr": 0.07634298503398895, "timescale": 4.308487825275132, "rgb": "#000000", "zyx": [3, 41, 40]}