{"p": 0.017, "barbin": 1, "corr": 0.12151465564966202, "timescale": 7.494812151318822, "rgb": "#000000", "zyx": [13, 28, 46]}