{"p": 0.776, "barbin": 0, "corr": -0.014005984179675579, "timescale": 7.323134327842049, "rgb": "#000000", "zyx": [6, 60, 34]}