{"p": 0.322, "barbin": 0, "corr": 0.029932375997304916, "timescale": 6.565090483675085, "rgb": "#000000", "zyx": [6, 64, 63]}