{"p": 0.422, "barbin": 0, "corr": 0.012531392276287079, "timescale": 8.180305392754311, "rgb": "#000000", "zyx": [19, 78, 66]}