{"p": 0.37, "barbin": 0, "corr": 0.019457532092928886, "timescale": 7.4276844490848815, "rgb": "#000000", "zyx": [4, 64, 41]}