{"p": 0.048, "barbin": 0, "corr": 0.07221858203411102, "timescale": 7.058231985051243, "rgb": "#000000", "zyx": [12, 23, 57]}