{"p": 0.002, "barbin": 2, "corr": 0.16738153994083405, "timescale": 7.021797064138536, "rgb": "#000000", "zyx": [9, 66, 55]}