{"p": 0.029, "barbin": 1, "corr": 0.11007311195135117, "timescale": 3.6454035631443813, "rgb": "#000000", "zyx": [11, 25, 63]}