{"p": 0.003, "barbin": 2, "corr": 0.1852511316537857, "timescale": 6.938874798928277, "rgb": "#000000", "zyx": [9, 84, 33]}