{"p": 0.489, "barbin": 0, "corr": 0.0010461583733558655, "timescale": 5.760677220764522, "rgb": "#000000", "zyx": [16, 35, 59]}