{"p": 0.249, "barbin": 0, "corr": 0.046201933175325394, "timescale": 7.8226865508955274, "rgb": "#000000", "zyx": [0, 87, 63]}