{"p": 0.398, "barbin": 0, "corr": 0.019612429663538933, "timescale": 8.584888228696412, "rgb": "#000000", "zyx": [21, 46, 59]}