{"p": 0.55, "barbin": 0, "corr": -0.00873510167002678, "timescale": 3.735522662065728, "rgb": "#000000", "zyx": [2, 35, 59]}