{"p": 0.467, "barbin": 0, "corr": 0.003941344562917948, "timescale": 6.101964230543322, "rgb": "#000000", "zyx": [2, 53, 32]}