{"p": 0.512, "barbin": 0, "corr": 0.0009744566632434726, "timescale": 5.921745549539812, "rgb": "#000000", "zyx": [12, 24, 71]}