{"p": 0.51, "barbin": 0, "corr": -0.0012945991475135088, "timescale": 5.7603345278291735, "rgb": "#000000", "zyx": [4, 90, 52]}