{"p": 0.141, "barbin": 0, "corr": 0.048348311334848404, "timescale": 5.594329835115685, "rgb": "#000000", "zyx": [19, 66, 27]}