{"p": 0.97, "barbin": 0, "corr": -0.00055299187079072, "timescale": 5.740765155226599, "rgb": "#000000", "zyx": [4, 38, 38]}