{"p": 0.998, "barbin": 0, "corr": -0.0010599012020975351, "timescale": 5.12630629200793, "rgb": "#000000", "zyx": [15, 51, 75]}