{"p": 0.05, "barbin": 0, "corr": 0.051558081060647964, "timescale": 3.530384223000389, "rgb": "#000000", "zyx": [12, 61, 61]}