{"p": 0.222, "barbin": 0, "corr": 0.038714032620191574, "timescale": 4.479855575639143, "rgb": "#000000", "zyx": [6, 31, 54]}