{"p": 0.005, "barbin": 2, "corr": 0.1578299105167389, "timescale": 5.726431662049638, "rgb": "#000000", "zyx": [14, 37, 64]}