{"p": 0.001, "barbin": 1, "corr": 0.1390589326620102, "timescale": 5.7077021742950995, "rgb": "#000000", "zyx": [14, 90, 51]}