{"p": 0.0, "barbin": 2, "corr": 0.15754231810569763, "timescale": 6.499884685458947, "rgb": "#000000", "zyx": [8, 60, 33]}