{"p": 0.0, "barbin": 4, "corr": 0.33018922805786133, "timescale": 7.30478851810754, "rgb": "#000000", "zyx": [23, 33, 57]}