{"p": 0.169, "barbin": 0, "corr": 0.05432092770934105, "timescale": 2.6348879080216703, "rgb": "#000000", "zyx": [19, 48, 38]}