{"p": 0.803, "barbin": 0, "corr": -0.05036287382245064, "timescale": 6.042568616995546, "rgb": "#000000", "zyx": [6, 56, 71]}