{"p": 0.931, "barbin": 0, "corr": -0.09127450734376907, "timescale": 5.584962500748148, "rgb": "#000000", "zyx": [24, 69, 37]}