{"p": 0.436, "barbin": 0, "corr": 0.008257059380412102, "timescale": 8.584962500721156, "rgb": "#000000", "zyx": [6, 51, 49]}