{"p": 0.507, "barbin": 0, "corr": -0.0011811846634373069, "timescale": 7.584962810612506, "rgb": "#000000", "zyx": [11, 87, 42]}