{"p": 0.141, "barbin": 0, "corr": 0.06083182990550995, "timescale": 6.5940726902134426, "rgb": "#000000", "zyx": [6, 93, 54]}