{"p": 0.0, "barbin": 3, "corr": 0.24422992765903473, "timescale": 7.068936065138848, "rgb": "#000000", "zyx": [8, 47, 28]}