{"p": 0.214, "barbin": 0, "corr": 0.04512379691004753, "timescale": 3.522784335154835, "rgb": "#000000", "zyx": [17, 37, 42]}