{"p": 0.387, "barbin": 0, "corr": 0.018111927434802055, "timescale": 4.590541920533594, "rgb": "#000000", "zyx": [3, 54, 28]}