{"p": 0.0, "barbin": 3, "corr": 0.23372545838356018, "timescale": 6.557828339033979, "rgb": "#000000", "zyx": [11, 89, 40]}