{"p": 0.209, "barbin": 0, "corr": 0.04754285886883736, "timescale": 7.998913533836485, "rgb": "#000000", "zyx": [16, 50, 32]}