{"p": 0.859, "barbin": 0, "corr": -0.06321588903665543, "timescale": 5.570930170364074, "rgb": "#000000", "zyx": [4, 76, 45]}