{"p": 0.842, "barbin": 0, "corr": -0.05277654901146889, "timescale": 5.14869158922866, "rgb": "#000000", "zyx": [15, 27, 34]}