{"p": 0.637, "barbin": 0, "corr": -0.010777040384709835, "timescale": 7.336692593018351, "rgb": "#000000", "zyx": [6, 40, 59]}