{"p": 0.526, "barbin": 0, "corr": -0.006284912582486868, "timescale": 3.6400348866310344, "rgb": "#000000", "zyx": [3, 92, 56]}