{"p": 0.301, "barbin": 0, "corr": 0.02358625829219818, "timescale": 6.493903978258311, "rgb": "#000000", "zyx": [9, 92, 62]}