{"p": 0.1, "barbin": 0, "corr": 0.07449939846992493, "timescale": 6.33759620725499, "rgb": "#000000", "zyx": [12, 86, 54]}