{"p": 0.0, "barbin": 3, "corr": 0.21991762518882751, "timescale": 7.585093400238282, "rgb": "#000000", "zyx": [11, 37, 58]}