{"p": 0.064, "barbin": 0, "corr": 0.06033623218536377, "timescale": 4.12886750023329, "rgb": "#000000", "zyx": [15, 43, 75]}