{"p": 0.23, "barbin": 0, "corr": 0.03246811032295227, "timescale": 3.931137402607284, "rgb": "#000000", "zyx": [27, 65, 45]}