{"p": 0.422, "barbin": 0, "corr": 0.002495509572327137, "timescale": 3.6246538791674494, "rgb": "#000000", "zyx": [15, 22, 66]}