{"p": 0.0, "barbin": 4, "corr": 0.4022710919380188, "timescale": 7.681616570004184, "rgb": "#000000", "zyx": [21, 44, 62]}