{"p": 0.343, "barbin": 0, "corr": 0.022060424089431763, "timescale": 5.51021228281644, "rgb": "#000000", "zyx": [7, 61, 24]}