{"p": 0.348, "barbin": 0, "corr": 0.024509068578481674, "timescale": 1.9665322325174963, "rgb": "#000000", "zyx": [21, 71, 38]}