{"p": 0.264, "barbin": 0, "corr": 0.039103277027606964, "timescale": 6.119565218134872, "rgb": "#000000", "zyx": [13, 32, 63]}