{"p": 0.883, "barbin": 0, "corr": -0.06284958124160767, "timescale": 7.5849626787460105, "rgb": "#000000", "zyx": [7, 46, 66]}