{"p": 0.863, "barbin": 0, "corr": -0.03488781675696373, "timescale": 1.584962500721156, "rgb": "#000000", "zyx": [18, 81, 48]}