{"p": 0.043, "barbin": 1, "corr": 0.10173232853412628, "timescale": 6.806186683548113, "rgb": "#000000", "zyx": [18, 52, 33]}