{"p": 0.57, "barbin": 0, "corr": -0.004028137307614088, "timescale": 8.372001532610586, "rgb": "#000000", "zyx": [18, 49, 38]}