{"p": 0.044, "barbin": 0, "corr": 0.09469611942768097, "timescale": 5.99980464982824, "rgb": "#000000", "zyx": [5, 54, 50]}