{"p": 0.828, "barbin": 0, "corr": -0.05353110656142235, "timescale": 5.589689368107362, "rgb": "#000000", "zyx": [8, 52, 54]}