{"p": 0.0, "barbin": 3, "corr": 0.2044597864151001, "timescale": 6.155087116499551, "rgb": "#000000", "zyx": [17, 80, 66]}