{"p": 0.011, "barbin": 1, "corr": 0.14338171482086182, "timescale": 6.260446915863481, "rgb": "#000000", "zyx": [9, 41, 34]}