{"p": 0.0, "barbin": 3, "corr": 0.2450902760028839, "timescale": 7.3613132995613935, "rgb": "#000000", "zyx": [11, 46, 72]}