{"p": 0.0, "barbin": 4, "corr": 0.4158490002155304, "timescale": 6.711635265958423, "rgb": "#000000", "zyx": [22, 31, 58]}