{"p": 0.919, "barbin": 0, "corr": -0.07837001979351044, "timescale": 6.584996643117518, "rgb": "#000000", "zyx": [19, 63, 74]}