{"p": 0.001, "barbin": 2, "corr": 0.18766020238399506, "timescale": 7.28292057368302, "rgb": "#000000", "zyx": [14, 84, 53]}