{"p": 0.002, "barbin": 2, "corr": 0.16789250075817108, "timescale": 5.609757148633389, "rgb": "#000000", "zyx": [9, 56, 32]}