{"p": 0.247, "barbin": 0, "corr": 0.04443071037530899, "timescale": 3.5759964433640463, "rgb": "#000000", "zyx": [14, 55, 30]}