{"p": 0.0, "barbin": 4, "corr": 0.27039599418640137, "timescale": 6.412998152558982, "rgb": "#000000", "zyx": [25, 45, 55]}