{"p": 0.021, "barbin": 0, "corr": 0.04112157225608826, "timescale": 4.821680927138571, "rgb": "#000000", "zyx": [8, 64, 34]}