{"p": 0.342, "barbin": 0, "corr": 0.011041000485420227, "timescale": 4.632548153253504, "rgb": "#000000", "zyx": [4, 82, 66]}