{"p": 0.575, "barbin": 0, "corr": -0.009382158517837524, "timescale": 3.5938135963246567, "rgb": "#000000", "zyx": [19, 31, 34]}