{"p": 0.981, "barbin": 0, "corr": -0.07551129907369614, "timescale": 4.697558138561258, "rgb": "#000000", "zyx": [11, 90, 55]}