{"p": 0.209, "barbin": 0, "corr": 0.048641420900821686, "timescale": 3.6210654088892547, "rgb": "#000000", "zyx": [19, 37, 57]}