{"p": 0.0, "barbin": 3, "corr": 0.20328480005264282, "timescale": 5.844531648532951, "rgb": "#000000", "zyx": [11, 72, 31]}