{"p": 0.0, "barbin": 2, "corr": 0.1681860089302063, "timescale": 6.991516749206659, "rgb": "#000000", "zyx": [18, 44, 65]}