{"p": 0.09, "barbin": 0, "corr": 0.07769862562417984, "timescale": 7.584962500721156, "rgb": "#000000", "zyx": [4, 89, 55]}