{"p": 0.403, "barbin": 0, "corr": 0.013557009398937225, "timescale": 8.027154401372975, "rgb": "#000000", "zyx": [11, 61, 77]}