{"p": 0.377, "barbin": 0, "corr": 0.01313907839357853, "timescale": 6.156316961568703, "rgb": "#000000", "zyx": [12, 56, 24]}