{"p": 0.976, "barbin": 0, "corr": -0.11997007578611374, "timescale": 7.429925742391935, "rgb": "#000000", "zyx": [9, 78, 29]}