{"p": 0.927, "barbin": 0, "corr": -0.08196195214986801, "timescale": 7.579995189384478, "rgb": "#000000", "zyx": [13, 46, 74]}