{"p": 0.574, "barbin": 0, "corr": -0.009418383240699768, "timescale": 3.542676471952149, "rgb": "#000000", "zyx": [18, 32, 30]}