{"p": 0.025, "barbin": 1, "corr": 0.11146626621484756, "timescale": 6.281498934867475, "rgb": "#000000", "zyx": [3, 42, 37]}