{"p": 0.763, "barbin": 0, "corr": -0.018503205850720406, "timescale": 6.203214513344152, "rgb": "#000000", "zyx": [8, 46, 77]}