{"p": 0.0, "barbin": 4, "corr": 0.2661270499229431, "timescale": 7.8512700841164085, "rgb": "#000000", "zyx": [18, 39, 63]}