{"p": 0.265, "barbin": 0, "corr": 0.03764766454696655, "timescale": 6.584844338007419, "rgb": "#000000", "zyx": [17, 81, 40]}