{"p": 0.292, "barbin": 0, "corr": 0.03192947432398796, "timescale": 4.584962500721156, "rgb": "#000000", "zyx": [21, 55, 66]}