{"p": 0.98, "barbin": 0, "corr": -0.12042835354804993, "timescale": 2.804010379997581, "rgb": "#000000", "zyx": [10, 73, 45]}