{"p": 0.841, "barbin": 0, "corr": -0.05646256357431412, "timescale": 7.654376490156906, "rgb": "#000000", "zyx": [11, 81, 71]}