{"p": 0.946, "barbin": 0, "corr": -0.07745695859193802, "timescale": 6.214226289905324, "rgb": "#000000", "zyx": [6, 73, 67]}