{"p": 0.945, "barbin": 0, "corr": -0.045722417533397675, "timescale": 7.5555800813937966, "rgb": "#000000", "zyx": [15, 55, 34]}