{"p": 0.0, "barbin": 3, "corr": 0.2303500771522522, "timescale": 7.095311432190517, "rgb": "#000000", "zyx": [3, 74, 59]}