{"p": 0.104, "barbin": 0, "corr": 0.02477128989994526, "timescale": 3.604648459678073, "rgb": "#000000", "zyx": [16, 61, 31]}