{"p": 0.049, "barbin": 0, "corr": 0.057744961231946945, "timescale": 5.806715357931246, "rgb": "#000000", "zyx": [20, 40, 63]}