{"p": 0.422, "barbin": 0, "corr": 0.012492646463215351, "timescale": 5.272558996718827, "rgb": "#000000", "zyx": [16, 76, 30]}