{"p": 0.026, "barbin": 1, "corr": 0.11132212728261948, "timescale": 2.5887420407220474, "rgb": "#000000", "zyx": [25, 64, 53]}