{"p": 0.94, "barbin": 0, "corr": -0.08512777090072632, "timescale": 8.27556240110604, "rgb": "#000000", "zyx": [8, 71, 49]}