{"p": 0.0, "barbin": 4, "corr": 0.27137356996536255, "timescale": 5.898811546610861, "rgb": "#000000", "zyx": [11, 69, 28]}