{"p": 0.41, "barbin": 0, "corr": 0.0020888487342745066, "timescale": 4.4674246800868795, "rgb": "#000000", "zyx": [13, 57, 69]}