{"p": 0.0, "barbin": 3, "corr": 0.20297887921333313, "timescale": 7.3906573772091955, "rgb": "#000000", "zyx": [16, 42, 64]}