{"p": 0.465, "barbin": 0, "corr": 0.0048483191058039665, "timescale": 1.5984926574595906, "rgb": "#000000", "zyx": [17, 40, 43]}