{"p": 0.829, "barbin": 0, "corr": -0.05949912220239639, "timescale": 5.123673787185563, "rgb": "#000000", "zyx": [16, 64, 52]}