{"p": 0.04, "barbin": 0, "corr": 0.07503055781126022, "timescale": 4.117976450066745, "rgb": "#000000", "zyx": [10, 62, 77]}