{"p": 1.0, "barbin": 0, "corr": -0.20112675428390503, "timescale": 2.4627676036486035, "rgb": "#000000", "zyx": [20, 45, 33]}