{"p": 0.805, "barbin": 0, "corr": -0.05141163989901543, "timescale": 8.469993058271836, "rgb": "#000000", "zyx": [10, 47, 37]}