{"p": 0.338, "barbin": 0, "corr": 0.020183086395263672, "timescale": 7.57144449782784, "rgb": "#000000", "zyx": [3, 70, 77]}