{"p": 0.69, "barbin": 0, "corr": -0.026988435536623, "timescale": 6.568448903154416, "rgb": "#000000", "zyx": [16, 31, 36]}