{"p": 0.009, "barbin": 1, "corr": 0.13077782094478607, "timescale": 6.694626377587088, "rgb": "#000000", "zyx": [15, 25, 49]}