{"p": 0.374, "barbin": 0, "corr": 0.015082249417901039, "timescale": 5.638648925180419, "rgb": "#000000", "zyx": [22, 74, 52]}