{"p": 0.0, "barbin": 2, "corr": 0.16610707342624664, "timescale": 7.186759203128207, "rgb": "#000000", "zyx": [9, 53, 26]}