{"p": 0.584, "barbin": 0, "corr": -0.008839120157063007, "timescale": 3.626447820179258, "rgb": "#000000", "zyx": [5, 83, 37]}