{"p": 0.485, "barbin": 0, "corr": 0.0005811703740619123, "timescale": 4.623863860936223, "rgb": "#000000", "zyx": [10, 62, 34]}