{"p": 0.0, "barbin": 4, "corr": 0.39165592193603516, "timescale": 7.655769339128919, "rgb": "#000000", "zyx": [6, 60, 41]}