{"p": 0.12, "barbin": 0, "corr": 0.0015740066301077604, "timescale": 6.086482101813015, "rgb": "#000000", "zyx": [15, 25, 68]}