{"p": 0.536, "barbin": 0, "corr": -0.005683192517608404, "timescale": 5.584613614409392, "rgb": "#000000", "zyx": [25, 46, 38]}