{"p": 0.983, "barbin": 0, "corr": -0.1172117367386818, "timescale": 5.211450039643415, "rgb": "#000000", "zyx": [16, 92, 49]}