{"p": 0.379, "barbin": 0, "corr": 0.02248070016503334, "timescale": 3.792091071547004, "rgb": "#000000", "zyx": [6, 61, 48]}