{"p": 0.247, "barbin": 0, "corr": 0.04329371452331543, "timescale": 6.995308747114936, "rgb": "#000000", "zyx": [4, 38, 62]}