{"p": 0.505, "barbin": 0, "corr": -0.0008832886232994497, "timescale": 6.715083296085867, "rgb": "#000000", "zyx": [24, 61, 60]}