{"p": 0.982, "barbin": 0, "corr": -0.12308011204004288, "timescale": 1.6161892979672168, "rgb": "#000000", "zyx": [18, 31, 64]}