{"p": 0.002, "barbin": 2, "corr": 0.16476942598819733, "timescale": 4.9876118261592115, "rgb": "#000000", "zyx": [21, 60, 41]}