{"p": 0.38, "barbin": 0, "corr": 0.006604041904211044, "timescale": 2.764426981116581, "rgb": "#000000", "zyx": [18, 54, 74]}