{"p": 0.028, "barbin": 1, "corr": 0.11049914360046387, "timescale": 7.583188440849287, "rgb": "#000000", "zyx": [11, 44, 70]}