{"p": 0.737, "barbin": 0, "corr": -0.03777426853775978, "timescale": 5.486309487892174, "rgb": "#000000", "zyx": [7, 46, 68]}