{"p": 0.0, "barbin": 1, "corr": 0.11641623079776764, "timescale": 7.292343035615929, "rgb": "#000000", "zyx": [12, 85, 61]}