{"p": 0.113, "barbin": 0, "corr": 0.07414180785417557, "timescale": 3.554132087435174, "rgb": "#000000", "zyx": [12, 40, 38]}