{"p": 0.092, "barbin": 0, "corr": 0.08631026744842529, "timescale": 6.107315885363987, "rgb": "#000000", "zyx": [14, 37, 71]}