{"p": 0.0, "barbin": 3, "corr": 0.24424266815185547, "timescale": 6.334752541668895, "rgb": "#000000", "zyx": [20, 32, 52]}