{"p": 0.282, "barbin": 0, "corr": 0.028175722807645798, "timescale": 4.76179777235324, "rgb": "#000000", "zyx": [7, 47, 44]}