{"p": 0.0, "barbin": 3, "corr": 0.21074190735816956, "timescale": 6.980330392375279, "rgb": "#000000", "zyx": [9, 75, 49]}