{"p": 0.259, "barbin": 0, "corr": 0.031078997999429703, "timescale": 8.58421651375433, "rgb": "#000000", "zyx": [5, 61, 29]}