{"p": 0.007, "barbin": 1, "corr": 0.13265642523765564, "timescale": 6.824122694685179, "rgb": "#000000", "zyx": [16, 79, 56]}