{"p": 0.0, "barbin": 2, "corr": 0.17765569686889648, "timescale": 5.7771674066364636, "rgb": "#000000", "zyx": [25, 55, 52]}