{"p": 0.616, "barbin": 0, "corr": -0.01489415392279625, "timescale": 8.135149045332765, "rgb": "#000000", "zyx": [11, 74, 59]}