{"p": 0.316, "barbin": 0, "corr": 0.026994876563549042, "timescale": 5.189487144849296, "rgb": "#000000", "zyx": [5, 36, 38]}