{"p": 0.039, "barbin": 0, "corr": 0.07011473923921585, "timescale": 3.0686093079637597, "rgb": "#000000", "zyx": [12, 68, 68]}