{"p": 0.0, "barbin": 2, "corr": 0.15194880962371826, "timescale": 6.56460795171907, "rgb": "#000000", "zyx": [4, 46, 31]}