{"p": 0.134, "barbin": 0, "corr": 0.06224936991930008, "timescale": 6.802460102159057, "rgb": "#000000", "zyx": [17, 88, 44]}