{"p": 0.158, "barbin": 0, "corr": 0.061003491282463074, "timescale": 4.561565658048599, "rgb": "#000000", "zyx": [11, 26, 33]}