{"p": 0.86, "barbin": 0, "corr": -0.03031957894563675, "timescale": 8.559634746252312, "rgb": "#000000", "zyx": [19, 68, 69]}