{"p": 0.408, "barbin": 0, "corr": 0.002069491194561124, "timescale": 4.634816749840426, "rgb": "#000000", "zyx": [14, 36, 63]}