{"p": 0.0, "barbin": 2, "corr": 0.1975557804107666, "timescale": 6.451190601466106, "rgb": "#000000", "zyx": [23, 36, 57]}