{"p": 0.154, "barbin": 0, "corr": 0.053611159324645996, "timescale": 6.83723272000572, "rgb": "#000000", "zyx": [11, 70, 79]}