{"p": 0.885, "barbin": 0, "corr": -0.06857576221227646, "timescale": 3.932101625005531, "rgb": "#000000", "zyx": [5, 87, 54]}