{"p": 0.477, "barbin": 0, "corr": 0.004333840683102608, "timescale": 8.584755350366144, "rgb": "#000000", "zyx": [9, 93, 40]}