{"p": 0.028, "barbin": 0, "corr": 0.0662066712975502, "timescale": 6.6939402419643725, "rgb": "#000000", "zyx": [20, 56, 66]}