{"p": 0.675, "barbin": 0, "corr": -0.005121632944792509, "timescale": 5.635849870349294, "rgb": "#000000", "zyx": [18, 59, 79]}