{"p": 0.003, "barbin": 2, "corr": 0.16299335658550262, "timescale": 1.8840710221549108, "rgb": "#000000", "zyx": [5, 61, 68]}