{"p": 0.027, "barbin": 1, "corr": 0.10460202395915985, "timescale": 4.779278822755845, "rgb": "#000000", "zyx": [15, 25, 60]}