{"p": 0.519, "barbin": 0, "corr": -0.007424153387546539, "timescale": 2.8321239884253973, "rgb": "#000000", "zyx": [6, 77, 79]}