{"p": 0.034, "barbin": 0, "corr": 0.03457926586270332, "timescale": 3.225642350784436, "rgb": "#000000", "zyx": [11, 17, 46]}