{"p": 0.556, "barbin": 0, "corr": -0.0046549104154109955, "timescale": 5.584962500721156, "rgb": "#000000", "zyx": [9, 86, 42]}