{"p": 0.444, "barbin": 0, "corr": 0.005879076197743416, "timescale": 7.5849625007645525, "rgb": "#000000", "zyx": [6, 63, 24]}