{"p": 0.032, "barbin": 1, "corr": 0.1005643755197525, "timescale": 7.0382912987348325, "rgb": "#000000", "zyx": [8, 56, 31]}