{"p": 0.999, "barbin": 0, "corr": -0.18652752041816711, "timescale": 5.5153476174836715, "rgb": "#000000", "zyx": [27, 51, 54]}