{"p": 0.177, "barbin": 0, "corr": 0.01490219496190548, "timescale": 3.3954025478234304, "rgb": "#000000", "zyx": [18, 79, 45]}