{"p": 0.417, "barbin": 0, "corr": 0.013527369126677513, "timescale": 6.3032698385745, "rgb": "#000000", "zyx": [25, 52, 58]}