{"p": 0.256, "barbin": 0, "corr": 0.04019273817539215, "timescale": 7.850811692129155, "rgb": "#000000", "zyx": [8, 28, 58]}