{"p": 0.148, "barbin": 0, "corr": 0.05805913358926773, "timescale": 5.903902646045906, "rgb": "#000000", "zyx": [16, 25, 52]}