{"p": 0.189, "barbin": 0, "corr": 0.05278931185603142, "timescale": 5.713196530704681, "rgb": "#000000", "zyx": [8, 51, 44]}