{"p": 0.136, "barbin": 0, "corr": 0.05031558871269226, "timescale": 7.473987903238402, "rgb": "#000000", "zyx": [19, 50, 55]}