{"p": 0.255, "barbin": 0, "corr": 0.03572114184498787, "timescale": 2.6945732761623264, "rgb": "#000000", "zyx": [4, 68, 36]}