{"p": 0.692, "barbin": 0, "corr": -0.030811408534646034, "timescale": 3.5590762469174626, "rgb": "#000000", "zyx": [16, 20, 54]}