{"p": 0.756, "barbin": 0, "corr": -0.04249820485711098, "timescale": 6.582740237251834, "rgb": "#000000", "zyx": [12, 71, 71]}