{"p": 0.004, "barbin": 2, "corr": 0.15966248512268066, "timescale": 7.519018117471063, "rgb": "#000000", "zyx": [1, 73, 65]}