{"p": 0.652, "barbin": 0, "corr": -0.003468431532382965, "timescale": 5.737431435163469, "rgb": "#000000", "zyx": [12, 45, 70]}