{"p": 0.75, "barbin": 0, "corr": -0.034876927733421326, "timescale": 4.565774621130769, "rgb": "#000000", "zyx": [22, 63, 47]}