{"p": 0.328, "barbin": 0, "corr": 0.02191842347383499, "timescale": 5.825161857080638, "rgb": "#000000", "zyx": [21, 55, 73]}