{"p": 0.021, "barbin": 1, "corr": 0.12399893999099731, "timescale": 6.352675642999073, "rgb": "#000000", "zyx": [7, 39, 68]}