{"p": 0.714, "barbin": 0, "corr": -0.02547961100935936, "timescale": 5.5849585374035815, "rgb": "#000000", "zyx": [11, 32, 43]}