{"p": 0.42, "barbin": 0, "corr": 0.005470492411404848, "timescale": 5.9821032094535225, "rgb": "#000000", "zyx": [3, 76, 34]}