{"p": 0.174, "barbin": 0, "corr": 0.04079484939575195, "timescale": 6.244760687121758, "rgb": "#000000", "zyx": [11, 55, 67]}