{"p": 0.478, "barbin": 0, "corr": 5.391036393120885e-05, "timescale": 7.731700643486777, "rgb": "#000000", "zyx": [19, 59, 62]}