{"p": 0.263, "barbin": 0, "corr": 0.04094691574573517, "timescale": 2.8134522895150798, "rgb": "#000000", "zyx": [12, 59, 54]}