{"p": 0.445, "barbin": 0, "corr": 0.008724447339773178, "timescale": 4.985680027166525, "rgb": "#000000", "zyx": [13, 58, 63]}