{"p": 0.204, "barbin": 0, "corr": 0.004206535872071981, "timescale": 7.585018608521108, "rgb": "#000000", "zyx": [3, 71, 43]}