{"p": 0.021, "barbin": 0, "corr": 0.07266893237829208, "timescale": 7.15876358759785, "rgb": "#000000", "zyx": [12, 62, 75]}