{"p": 0.684, "barbin": 0, "corr": -0.013510341756045818, "timescale": 7.017338225586909, "rgb": "#000000", "zyx": [8, 94, 45]}