{"p": 0.339, "barbin": 0, "corr": 0.028018487617373466, "timescale": 8.40166972620118, "rgb": "#000000", "zyx": [5, 67, 25]}