{"p": 0.684, "barbin": 0, "corr": -0.026580797508358955, "timescale": 4.8521352220632, "rgb": "#000000", "zyx": [15, 77, 62]}