{"p": 0.027, "barbin": 1, "corr": 0.11346950381994247, "timescale": 7.482078610088424, "rgb": "#000000", "zyx": [17, 22, 43]}