{"p": 0.843, "barbin": 0, "corr": -0.06083802133798599, "timescale": 6.297018319476072, "rgb": "#000000", "zyx": [17, 85, 67]}