{"p": 0.91, "barbin": 0, "corr": -0.0807415097951889, "timescale": 6.959603582124224, "rgb": "#000000", "zyx": [2, 87, 60]}