{"p": 0.953, "barbin": 0, "corr": -0.021860966458916664, "timescale": 4.584962500721156, "rgb": "#000000", "zyx": [19, 37, 70]}