{"p": 0.0, "barbin": 4, "corr": 0.3091016709804535, "timescale": 7.236647947224746, "rgb": "#000000", "zyx": [17, 78, 57]}