{"p": 0.142, "barbin": 0, "corr": 0.0003661565715447068, "timescale": 3.8409783448580717, "rgb": "#000000", "zyx": [4, 44, 33]}