{"p": 0.011, "barbin": 1, "corr": 0.12286116182804108, "timescale": 7.574738965535184, "rgb": "#000000", "zyx": [13, 61, 74]}