{"p": 0.133, "barbin": 0, "corr": 0.06594941020011902, "timescale": 6.843562928997611, "rgb": "#000000", "zyx": [2, 74, 61]}