{"p": 0.174, "barbin": 0, "corr": 0.05230213701725006, "timescale": 2.2157218221957957, "rgb": "#000000", "zyx": [3, 49, 30]}