{"p": 0.607, "barbin": 0, "corr": -0.017322903499007225, "timescale": 3.190563889638091, "rgb": "#000000", "zyx": [20, 70, 29]}