{"p": 0.853, "barbin": 0, "corr": -0.055974893271923065, "timescale": 6.909795709192498, "rgb": "#000000", "zyx": [15, 86, 38]}