{"p": 0.0, "barbin": 2, "corr": 0.1999039351940155, "timescale": 8.267820872014076, "rgb": "#000000", "zyx": [17, 30, 65]}