{"p": 0.385, "barbin": 0, "corr": 0.00988656934350729, "timescale": 4.298432716426708, "rgb": "#000000", "zyx": [13, 55, 74]}