{"p": 0.076, "barbin": 0, "corr": 0.08816655725240707, "timescale": 7.905993704531142, "rgb": "#000000", "zyx": [9, 71, 58]}