{"p": 0.0, "barbin": 4, "corr": 0.3233242630958557, "timescale": 7.361388907920189, "rgb": "#000000", "zyx": [10, 84, 72]}