{"p": 0.277, "barbin": 0, "corr": 0.024986632168293, "timescale": 4.9438998789397655, "rgb": "#000000", "zyx": [6, 75, 33]}