{"p": 0.015, "barbin": 0, "corr": 0.07066289335489273, "timescale": 5.551995475302839, "rgb": "#000000", "zyx": [10, 57, 24]}