{"p": 0.0, "barbin": 1, "corr": 0.13668255507946014, "timescale": 7.215602919840165, "rgb": "#000000", "zyx": [25, 54, 41]}