{"p": 0.567, "barbin": 0, "corr": -0.006195220164954662, "timescale": 2.371683094501962, "rgb": "#000000", "zyx": [10, 32, 64]}