{"p": 0.218, "barbin": 0, "corr": 0.04897598177194595, "timescale": 6.412139690634094, "rgb": "#000000", "zyx": [19, 79, 58]}