{"p": 0.106, "barbin": 0, "corr": 0.06949333846569061, "timescale": 8.410491961053182, "rgb": "#000000", "zyx": [21, 54, 40]}