{"p": 0.705, "barbin": 0, "corr": -0.02575068175792694, "timescale": 7.585964974478351, "rgb": "#000000", "zyx": [9, 44, 40]}