{"p": 0.827, "barbin": 0, "corr": -0.047904741019010544, "timescale": 6.341955518651446, "rgb": "#000000", "zyx": [7, 48, 75]}