{"p": 0.125, "barbin": 0, "corr": 0.06397029012441635, "timescale": 7.855035707871518, "rgb": "#000000", "zyx": [6, 39, 40]}