{"p": 0.755, "barbin": 0, "corr": -0.04263976961374283, "timescale": 6.585199302310595, "rgb": "#000000", "zyx": [17, 65, 64]}