{"p": 0.939, "barbin": 0, "corr": -0.08399295806884766, "timescale": 5.9461750101435324, "rgb": "#000000", "zyx": [12, 15, 53]}