{"p": 0.513, "barbin": 0, "corr": -0.005507165566086769, "timescale": 8.575610334267003, "rgb": "#000000", "zyx": [7, 26, 44]}