{"p": 0.893, "barbin": 0, "corr": -0.06160407513380051, "timescale": 5.19072663410814, "rgb": "#000000", "zyx": [9, 40, 75]}