{"p": 0.511, "barbin": 0, "corr": -0.0006383385043591261, "timescale": 7.548006547536466, "rgb": "#000000", "zyx": [2, 82, 44]}