{"p": 0.331, "barbin": 0, "corr": 0.024942394345998764, "timescale": 3.9447473194587674, "rgb": "#000000", "zyx": [5, 37, 41]}