{"p": 0.21, "barbin": 0, "corr": 0.04464498162269592, "timescale": 8.51992980275741, "rgb": "#000000", "zyx": [5, 53, 23]}