{"p": 0.474, "barbin": 0, "corr": 0.0034535955637693405, "timescale": 7.621000305964865, "rgb": "#000000", "zyx": [9, 42, 73]}