{"p": 0.988, "barbin": 0, "corr": -0.12540917098522186, "timescale": 5.404948333040981, "rgb": "#000000", "zyx": [9, 51, 70]}