{"p": 0.818, "barbin": 0, "corr": -0.054127953946590424, "timescale": 6.402596012326316, "rgb": "#000000", "zyx": [3, 42, 31]}