{"p": 0.236, "barbin": 0, "corr": 0.03917631506919861, "timescale": 5.233968695365936, "rgb": "#000000", "zyx": [3, 70, 38]}