{"p": 0.089, "barbin": 0, "corr": 0.07002291083335876, "timescale": 6.588171679282734, "rgb": "#000000", "zyx": [15, 34, 46]}