{"p": 0.698, "barbin": 0, "corr": -0.0261064562946558, "timescale": 4.2137974678204975, "rgb": "#000000", "zyx": [6, 56, 74]}