{"p": 0.476, "barbin": 0, "corr": 0.0020839720964431763, "timescale": 6.569816490762435, "rgb": "#000000", "zyx": [3, 71, 41]}