{"p": 0.438, "barbin": 0, "corr": 0.009099908173084259, "timescale": 8.58477113347463, "rgb": "#000000", "zyx": [14, 78, 77]}