{"p": 0.98, "barbin": 0, "corr": -0.09942364692687988, "timescale": 4.754638744980037, "rgb": "#000000", "zyx": [13, 44, 34]}