{"p": 0.965, "barbin": 0, "corr": -0.059818096458911896, "timescale": 2.722565352605881, "rgb": "#000000", "zyx": [11, 64, 29]}