{"p": 0.018, "barbin": 1, "corr": 0.12159037590026855, "timescale": 5.878987514280131, "rgb": "#000000", "zyx": [6, 44, 31]}