{"p": 0.082, "barbin": 0, "corr": 0.07919428497552872, "timescale": 5.647475366457487, "rgb": "#000000", "zyx": [19, 37, 51]}