{"p": 0.07, "barbin": 0, "corr": 0.04830722510814667, "timescale": 6.344585410018269, "rgb": "#000000", "zyx": [24, 79, 45]}