{"p": 0.0, "barbin": 3, "corr": 0.20704945921897888, "timescale": 6.505296561241402, "rgb": "#000000", "zyx": [10, 53, 74]}