{"p": 0.852, "barbin": 0, "corr": -0.014763005077838898, "timescale": 6.5920129227176085, "rgb": "#000000", "zyx": [22, 80, 50]}