{"p": 0.036, "barbin": 1, "corr": 0.10717038810253143, "timescale": 7.584962500721156, "rgb": "#000000", "zyx": [8, 48, 79]}