{"p": 0.521, "barbin": 0, "corr": -0.0008268076926469803, "timescale": 5.561525552918069, "rgb": "#000000", "zyx": [18, 22, 40]}