{"p": 0.775, "barbin": 0, "corr": -0.007592348847538233, "timescale": 3.8807621844852327, "rgb": "#000000", "zyx": [6, 82, 62]}