{"p": 0.049, "barbin": 0, "corr": 0.09470448642969131, "timescale": 7.2817483359717885, "rgb": "#000000", "zyx": [8, 57, 83]}