{"p": 0.993, "barbin": 0, "corr": -0.12308312207460403, "timescale": 5.099224628149285, "rgb": "#000000", "zyx": [2, 76, 34]}