{"p": 0.613, "barbin": 0, "corr": -0.012378979474306107, "timescale": 5.618548722237172, "rgb": "#000000", "zyx": [8, 50, 67]}