{"p": 0.0, "barbin": 4, "corr": 0.30560407042503357, "timescale": 6.879263798835362, "rgb": "#000000", "zyx": [10, 78, 52]}