{"p": 0.874, "barbin": 0, "corr": -0.044752124696969986, "timescale": 3.3581428716278503, "rgb": "#000000", "zyx": [12, 89, 51]}