{"p": 0.011, "barbin": 1, "corr": 0.1168186366558075, "timescale": 5.846448289589848, "rgb": "#000000", "zyx": [17, 26, 53]}