{"p": 0.606, "barbin": 0, "corr": -0.009189080446958542, "timescale": 3.593812961964835, "rgb": "#000000", "zyx": [0, 81, 55]}