{"p": 0.731, "barbin": 0, "corr": -0.034458715468645096, "timescale": 3.362086121339934, "rgb": "#000000", "zyx": [3, 40, 62]}