{"p": 0.406, "barbin": 0, "corr": 0.01534173171967268, "timescale": 7.574973538458403, "rgb": "#000000", "zyx": [16, 60, 36]}