{"p": 0.0, "barbin": 4, "corr": 0.29450416564941406, "timescale": 6.849550994193052, "rgb": "#000000", "zyx": [10, 75, 69]}