{"p": 0.903, "barbin": 0, "corr": -0.08139722049236298, "timescale": 7.583925625086134, "rgb": "#000000", "zyx": [5, 88, 65]}