{"p": 0.0, "barbin": 4, "corr": 0.31520789861679077, "timescale": 7.213434571841874, "rgb": "#000000", "zyx": [16, 50, 69]}