{"p": 0.38, "barbin": 0, "corr": 0.020607171580195427, "timescale": 5.433037644274628, "rgb": "#000000", "zyx": [1, 87, 56]}