{"p": 0.977, "barbin": 0, "corr": -0.08118493109941483, "timescale": 2.7292356934410185, "rgb": "#000000", "zyx": [22, 72, 34]}