{"p": 0.861, "barbin": 0, "corr": -0.05792564898729324, "timescale": 5.584962500743039, "rgb": "#000000", "zyx": [5, 64, 66]}