{"p": 0.91, "barbin": 0, "corr": -0.07817218452692032, "timescale": 6.80018785947667, "rgb": "#000000", "zyx": [8, 65, 59]}