{"p": 0.302, "barbin": 0, "corr": 0.03571798652410507, "timescale": 2.591294153307112, "rgb": "#000000", "zyx": [6, 80, 77]}