{"p": 0.198, "barbin": 0, "corr": 0.047523703426122665, "timescale": 6.051875585462162, "rgb": "#000000", "zyx": [18, 87, 49]}