{"p": 0.88, "barbin": 0, "corr": -0.06884712725877762, "timescale": 7.584962500721156, "rgb": "#000000", "zyx": [0, 41, 41]}