{"p": 0.078, "barbin": 0, "corr": 0.08993987739086151, "timescale": 6.590778607224155, "rgb": "#000000", "zyx": [5, 68, 79]}