{"p": 0.255, "barbin": 0, "corr": 0.03692147880792618, "timescale": 7.584958602290122, "rgb": "#000000", "zyx": [8, 25, 56]}