{"p": 0.697, "barbin": 0, "corr": -0.030186934396624565, "timescale": 5.593666482642483, "rgb": "#000000", "zyx": [15, 61, 72]}