{"p": 0.173, "barbin": 0, "corr": 0.04452326148748398, "timescale": 6.571626873931061, "rgb": "#000000", "zyx": [22, 58, 52]}