{"p": 0.032, "barbin": 1, "corr": 0.1093449667096138, "timescale": 8.438708390735659, "rgb": "#000000", "zyx": [18, 39, 73]}