{"p": 0.513, "barbin": 0, "corr": -0.00028134550666436553, "timescale": 4.373894071102525, "rgb": "#000000", "zyx": [16, 63, 39]}