{"p": 0.942, "barbin": 0, "corr": -0.09362717717885971, "timescale": 5.653944677813909, "rgb": "#000000", "zyx": [10, 31, 72]}