{"p": 0.368, "barbin": 0, "corr": 0.01933295466005802, "timescale": 3.5856318202761184, "rgb": "#000000", "zyx": [8, 46, 39]}