{"p": 0.035, "barbin": 0, "corr": 0.08135063946247101, "timescale": 5.798945617221032, "rgb": "#000000", "zyx": [11, 59, 38]}