{"p": 0.044, "barbin": 0, "corr": 0.03928309306502342, "timescale": 7.584238936141078, "rgb": "#000000", "zyx": [6, 85, 45]}