{"p": 0.21, "barbin": 0, "corr": 0.036259204149246216, "timescale": 5.228465136257094, "rgb": "#000000", "zyx": [9, 23, 45]}