{"p": 0.807, "barbin": 0, "corr": -0.04621843993663788, "timescale": 7.31079461847901, "rgb": "#000000", "zyx": [19, 83, 66]}