{"p": 0.004, "barbin": 0, "corr": 0.08751177042722702, "timescale": 7.390514866368576, "rgb": "#000000", "zyx": [3, 69, 29]}