{"p": 0.114, "barbin": 0, "corr": 0.023477545008063316, "timescale": 4.576841120322513, "rgb": "#000000", "zyx": [9, 33, 52]}