{"p": 1.0, "barbin": 0, "corr": -0.19438980519771576, "timescale": 2.660097107544429, "rgb": "#000000", "zyx": [24, 67, 37]}