{"p": 0.479, "barbin": 0, "corr": 0.001622732961550355, "timescale": 5.158573515214373, "rgb": "#000000", "zyx": [17, 29, 64]}