{"p": 0.971, "barbin": 0, "corr": -0.013648511841893196, "timescale": 6.432656430820142, "rgb": "#000000", "zyx": [17, 74, 50]}