{"p": 0.211, "barbin": 0, "corr": 0.041326504200696945, "timescale": 6.095718273624871, "rgb": "#000000", "zyx": [25, 51, 51]}