{"p": 0.729, "barbin": 0, "corr": -0.03284406661987305, "timescale": 2.584962500721156, "rgb": "#000000", "zyx": [13, 57, 35]}