{"p": 0.729, "barbin": 0, "corr": -0.03607407957315445, "timescale": 5.6415006640861485, "rgb": "#000000", "zyx": [3, 94, 45]}