{"p": 0.698, "barbin": 0, "corr": -0.03413395211100578, "timescale": 7.585027972989311, "rgb": "#000000", "zyx": [8, 38, 30]}