{"p": 0.103, "barbin": 0, "corr": 0.06341134011745453, "timescale": 5.584192429320307, "rgb": "#000000", "zyx": [8, 54, 48]}