{"p": 0.148, "barbin": 0, "corr": 0.0635581761598587, "timescale": 7.647047490075301, "rgb": "#000000", "zyx": [13, 58, 53]}