{"p": 0.0, "barbin": 4, "corr": 0.25818589329719543, "timescale": 6.399318739388551, "rgb": "#000000", "zyx": [13, 20, 49]}