{"p": 0.359, "barbin": 0, "corr": 0.022152911871671677, "timescale": 3.584962663032849, "rgb": "#000000", "zyx": [22, 76, 42]}