{"p": 0.556, "barbin": 0, "corr": -0.009558618068695068, "timescale": 4.207270013422069, "rgb": "#000000", "zyx": [15, 18, 41]}