{"p": 0.136, "barbin": 0, "corr": 0.032350752502679825, "timescale": 3.5853141903471464, "rgb": "#000000", "zyx": [14, 52, 36]}