{"p": 0.005, "barbin": 2, "corr": 0.17493557929992676, "timescale": 4.907076305120313, "rgb": "#000000", "zyx": [24, 49, 51]}