{"p": 0.334, "barbin": 0, "corr": 0.02346384897828102, "timescale": 8.584962501927004, "rgb": "#000000", "zyx": [6, 48, 62]}