{"p": 0.103, "barbin": 0, "corr": 0.06905132532119751, "timescale": 5.8146973037386545, "rgb": "#000000", "zyx": [19, 46, 40]}