{"p": 0.383, "barbin": 0, "corr": 0.014379920437932014, "timescale": 1.584962500721156, "rgb": "#000000", "zyx": [22, 41, 67]}