{"p": 0.027, "barbin": 0, "corr": 0.08529627323150635, "timescale": 7.575693396151397, "rgb": "#000000", "zyx": [14, 19, 58]}