{"p": 0.969, "barbin": 0, "corr": -0.10189267247915268, "timescale": 5.585275430618014, "rgb": "#000000", "zyx": [3, 70, 31]}