{"p": 0.208, "barbin": 0, "corr": 0.04711782932281494, "timescale": 7.762175034782352, "rgb": "#000000", "zyx": [17, 71, 57]}