{"p": 0.094, "barbin": 0, "corr": 0.07208430767059326, "timescale": 7.5472743583621265, "rgb": "#000000", "zyx": [3, 49, 44]}