{"p": 0.0, "barbin": 2, "corr": 0.16774959862232208, "timescale": 5.495416998534865, "rgb": "#000000", "zyx": [21, 41, 42]}