{"p": 0.443, "barbin": 0, "corr": 0.0067724259570240974, "timescale": 7.242277231700613, "rgb": "#000000", "zyx": [5, 39, 64]}