{"p": 0.101, "barbin": 0, "corr": 0.07641804963350296, "timescale": 6.9428635566144195, "rgb": "#000000", "zyx": [25, 74, 42]}