{"p": 0.551, "barbin": 0, "corr": -0.0048965164460241795, "timescale": 5.579913353352902, "rgb": "#000000", "zyx": [12, 40, 51]}