{"p": 0.712, "barbin": 0, "corr": -0.03600068762898445, "timescale": 2.5606075953017085, "rgb": "#000000", "zyx": [13, 74, 47]}