{"p": 0.689, "barbin": 0, "corr": -0.028174832463264465, "timescale": 2.422274110403642, "rgb": "#000000", "zyx": [13, 60, 32]}