{"p": 0.006, "barbin": 2, "corr": 0.16520459949970245, "timescale": 3.4319988065365354, "rgb": "#000000", "zyx": [22, 49, 72]}