{"p": 0.019, "barbin": 0, "corr": 0.07762262970209122, "timescale": 5.240339549804647, "rgb": "#000000", "zyx": [6, 73, 79]}