{"p": 0.977, "barbin": 0, "corr": -0.10544274747371674, "timescale": 4.599706796958604, "rgb": "#000000", "zyx": [20, 38, 67]}