{"p": 0.011, "barbin": 0, "corr": 0.09302627295255661, "timescale": 4.758619822427015, "rgb": "#000000", "zyx": [11, 63, 79]}