{"p": 0.859, "barbin": 0, "corr": -0.008778545074164867, "timescale": 3.7369369807049857, "rgb": "#000000", "zyx": [17, 27, 59]}