{"p": 0.423, "barbin": 0, "corr": 0.013125890865921974, "timescale": 7.518278305331319, "rgb": "#000000", "zyx": [14, 28, 33]}