{"p": 0.698, "barbin": 0, "corr": -0.02807311899960041, "timescale": 3.660786618429292, "rgb": "#000000", "zyx": [8, 91, 60]}