{"p": 0.202, "barbin": 0, "corr": 0.04901796206831932, "timescale": 7.575969292878646, "rgb": "#000000", "zyx": [23, 64, 71]}