{"p": 0.581, "barbin": 0, "corr": -0.011185405775904655, "timescale": 6.584962516135433, "rgb": "#000000", "zyx": [11, 37, 51]}