{"p": 0.537, "barbin": 0, "corr": -0.0067655290476977825, "timescale": 5.584962073147307, "rgb": "#000000", "zyx": [13, 81, 45]}