{"p": 0.536, "barbin": 0, "corr": -0.0032479153014719486, "timescale": 7.250173850446879, "rgb": "#000000", "zyx": [12, 57, 69]}