{"p": 0.389, "barbin": 0, "corr": 0.014512083493173122, "timescale": 7.418090165103101, "rgb": "#000000", "zyx": [6, 89, 46]}