{"p": 0.002, "barbin": 2, "corr": 0.1839376837015152, "timescale": 7.5666524724695865, "rgb": "#000000", "zyx": [1, 67, 75]}