{"p": 0.238, "barbin": 0, "corr": 0.03947443142533302, "timescale": 8.56551054932186, "rgb": "#000000", "zyx": [1, 44, 62]}