{"p": 0.767, "barbin": 0, "corr": -0.044448789209127426, "timescale": 2.5849734854111936, "rgb": "#000000", "zyx": [5, 61, 25]}