{"p": 0.665, "barbin": 0, "corr": -0.024646107107400894, "timescale": 3.5849845452369804, "rgb": "#000000", "zyx": [18, 58, 71]}