{"p": 0.086, "barbin": 0, "corr": 0.01879655383527279, "timescale": 7.4332062602447575, "rgb": "#000000", "zyx": [14, 42, 54]}