{"p": 0.688, "barbin": 0, "corr": -0.021317264065146446, "timescale": 4.549179979083982, "rgb": "#000000", "zyx": [6, 71, 34]}