{"p": 0.676, "barbin": 0, "corr": -0.02236204408109188, "timescale": 5.575219099073447, "rgb": "#000000", "zyx": [2, 37, 34]}