{"p": 0.213, "barbin": 0, "corr": 0.03679400309920311, "timescale": 4.425003515127636, "rgb": "#000000", "zyx": [13, 44, 37]}