{"p": 1.0, "barbin": 0, "corr": -0.1983070969581604, "timescale": 5.745275609060503, "rgb": "#000000", "zyx": [14, 86, 46]}