{"p": 0.818, "barbin": 0, "corr": -0.050996921956539154, "timescale": 8.584540100440302, "rgb": "#000000", "zyx": [6, 51, 73]}