{"p": 0.01, "barbin": 0, "corr": 0.07253257930278778, "timescale": 6.013900925096938, "rgb": "#000000", "zyx": [15, 55, 26]}