{"p": 0.978, "barbin": 0, "corr": -0.10175562649965286, "timescale": 2.576906443426976, "rgb": "#000000", "zyx": [18, 42, 74]}