{"p": 0.245, "barbin": 0, "corr": 0.03804897144436836, "timescale": 7.1041528552618844, "rgb": "#000000", "zyx": [17, 67, 59]}