{"p": 0.132, "barbin": 0, "corr": 0.06289002299308777, "timescale": 2.0177748044171655, "rgb": "#000000", "zyx": [4, 81, 61]}