{"p": 0.822, "barbin": 0, "corr": -0.055193543434143066, "timescale": 3.821129052147875, "rgb": "#000000", "zyx": [16, 53, 40]}