{"p": 0.0, "barbin": 2, "corr": 0.1959061622619629, "timescale": 6.6205349901939865, "rgb": "#000000", "zyx": [15, 82, 56]}