{"p": 0.046, "barbin": 1, "corr": 0.1061122715473175, "timescale": 6.38174838852694, "rgb": "#000000", "zyx": [15, 26, 60]}