{"p": 0.0, "barbin": 4, "corr": 0.40482714772224426, "timescale": 6.967498657625953, "rgb": "#000000", "zyx": [17, 29, 48]}