{"p": 0.103, "barbin": 0, "corr": 0.06546980887651443, "timescale": 4.585023314067254, "rgb": "#000000", "zyx": [8, 39, 40]}