{"p": 0.563, "barbin": 0, "corr": -7.381614705082029e-05, "timescale": 3.5849628401658737, "rgb": "#000000", "zyx": [4, 55, 61]}