{"p": 0.934, "barbin": 0, "corr": -0.016285017132759094, "timescale": 3.873844517646705, "rgb": "#000000", "zyx": [3, 48, 65]}