{"p": 0.0, "barbin": 4, "corr": 0.32699742913246155, "timescale": 6.331952012254644, "rgb": "#000000", "zyx": [14, 36, 28]}