{"p": 0.209, "barbin": 0, "corr": 0.010910860262811184, "timescale": 6.3065826164709735, "rgb": "#000000", "zyx": [18, 47, 53]}