{"p": 0.0, "barbin": 0, "corr": 0.06957954168319702, "timescale": 5.263989384028723, "rgb": "#000000", "zyx": [11, 29, 30]}