{"p": 0.885, "barbin": 0, "corr": -0.06971399486064911, "timescale": 1.6677587552511464, "rgb": "#000000", "zyx": [21, 54, 38]}