{"p": 0.686, "barbin": 0, "corr": -0.030047966167330742, "timescale": 3.584964897783279, "rgb": "#000000", "zyx": [19, 20, 49]}