{"p": 0.456, "barbin": 0, "corr": 0.0023364685475826263, "timescale": 3.947890560866459, "rgb": "#000000", "zyx": [4, 94, 57]}