{"p": 0.155, "barbin": 0, "corr": 0.019630350172519684, "timescale": 4.345337523607959, "rgb": "#000000", "zyx": [21, 33, 66]}