{"p": 0.06, "barbin": 0, "corr": 0.08775575459003448, "timescale": 6.484510885909815, "rgb": "#000000", "zyx": [18, 84, 37]}