{"p": 0.703, "barbin": 0, "corr": -0.012788641266524792, "timescale": 7.584357044719755, "rgb": "#000000", "zyx": [7, 45, 57]}