{"p": 0.51, "barbin": 0, "corr": -0.005952965002506971, "timescale": 6.584962500721156, "rgb": "#000000", "zyx": [18, 53, 29]}