{"p": 0.0, "barbin": 4, "corr": 0.34253549575805664, "timescale": 6.892641748423239, "rgb": "#000000", "zyx": [4, 65, 70]}