{"p": 0.0, "barbin": 4, "corr": 0.2905636727809906, "timescale": 7.989770426342294, "rgb": "#000000", "zyx": [13, 75, 30]}