{"p": 0.001, "barbin": 2, "corr": 0.16287407279014587, "timescale": 7.009110945609762, "rgb": "#000000", "zyx": [25, 54, 61]}