{"p": 0.0, "barbin": 3, "corr": 0.22016017138957977, "timescale": 6.585637650053075, "rgb": "#000000", "zyx": [11, 69, 53]}