{"p": 0.884, "barbin": 0, "corr": -0.06647568941116333, "timescale": 8.584686581083096, "rgb": "#000000", "zyx": [26, 64, 63]}