{"p": 0.171, "barbin": 0, "corr": 0.04904073104262352, "timescale": 8.584962500721156, "rgb": "#000000", "zyx": [10, 52, 55]}