{"p": 0.096, "barbin": 0, "corr": 0.07768873125314713, "timescale": 2.3374706705553208, "rgb": "#000000", "zyx": [21, 37, 50]}