{"p": 0.031, "barbin": 1, "corr": 0.10854829847812653, "timescale": 6.211023203568733, "rgb": "#000000", "zyx": [11, 72, 63]}