{"p": 0.151, "barbin": 0, "corr": 0.04762384295463562, "timescale": 8.294207277803752, "rgb": "#000000", "zyx": [22, 75, 59]}