{"p": 0.711, "barbin": 0, "corr": -0.03123590350151062, "timescale": 3.628503037584173, "rgb": "#000000", "zyx": [21, 74, 60]}