{"p": 0.005, "barbin": 1, "corr": 0.1168065145611763, "timescale": 5.727914318580972, "rgb": "#000000", "zyx": [13, 67, 28]}