{"p": 0.02, "barbin": 0, "corr": 0.08552461862564087, "timescale": 5.423476822606763, "rgb": "#000000", "zyx": [11, 57, 24]}