{"p": 0.529, "barbin": 0, "corr": -0.005241000093519688, "timescale": 7.286048047109819, "rgb": "#000000", "zyx": [19, 48, 67]}