{"p": 0.682, "barbin": 0, "corr": -8.28928459668532e-05, "timescale": 8.584962500721156, "rgb": "#000000", "zyx": [3, 67, 42]}