{"p": 0.402, "barbin": 0, "corr": 0.0045716892927885056, "timescale": 6.400791694537304, "rgb": "#000000", "zyx": [11, 81, 36]}