{"p": 0.571, "barbin": 0, "corr": -0.013518499210476875, "timescale": 7.028730006792999, "rgb": "#000000", "zyx": [9, 35, 63]}