{"p": 0.099, "barbin": 0, "corr": 0.0005781694198958576, "timescale": 7.5298681076417076, "rgb": "#000000", "zyx": [16, 91, 50]}