{"p": 0.0, "barbin": 4, "corr": 0.2871922552585602, "timescale": 6.798102928788812, "rgb": "#000000", "zyx": [24, 55, 67]}