{"p": 0.345, "barbin": 0, "corr": 0.01736310124397278, "timescale": 6.661331423837461, "rgb": "#000000", "zyx": [18, 87, 63]}