{"p": 0.842, "barbin": 0, "corr": -0.001982659101486206, "timescale": 8.584962500721156, "rgb": "#000000", "zyx": [2, 44, 74]}