{"p": 0.0, "barbin": 4, "corr": 0.29646769165992737, "timescale": 6.988571935281582, "rgb": "#000000", "zyx": [16, 47, 72]}