{"p": 0.536, "barbin": 0, "corr": -0.004027228802442551, "timescale": 6.198209522066026, "rgb": "#000000", "zyx": [20, 86, 62]}