{"p": 0.253, "barbin": 0, "corr": 0.03191334381699562, "timescale": 4.225255607662324, "rgb": "#000000", "zyx": [6, 70, 56]}