{"p": 0.225, "barbin": 0, "corr": 0.04868991672992706, "timescale": 1.589921125505808, "rgb": "#000000", "zyx": [16, 45, 62]}