{"p": 0.34, "barbin": 0, "corr": 0.019426262006163597, "timescale": 7.584676064073665, "rgb": "#000000", "zyx": [7, 56, 63]}