{"p": 0.631, "barbin": 0, "corr": -0.014432202093303204, "timescale": 4.687071035094486, "rgb": "#000000", "zyx": [8, 61, 34]}