{"p": 0.781, "barbin": 0, "corr": -0.046016875654459, "timescale": 4.5849963103303395, "rgb": "#000000", "zyx": [9, 46, 47]}