{"p": 0.0, "barbin": 3, "corr": 0.23928914964199066, "timescale": 7.391672090981212, "rgb": "#000000", "zyx": [23, 49, 61]}