{"p": 0.764, "barbin": 0, "corr": -0.03701982647180557, "timescale": 1.7546325129222922, "rgb": "#000000", "zyx": [9, 85, 30]}