{"p": 0.416, "barbin": 0, "corr": 0.01238248310983181, "timescale": 4.186385017924042, "rgb": "#000000", "zyx": [5, 57, 73]}