{"p": 0.839, "barbin": 0, "corr": -0.04396367073059082, "timescale": 8.483532467509397, "rgb": "#000000", "zyx": [7, 80, 76]}