{"p": 0.0, "barbin": 1, "corr": 0.1413988620042801, "timescale": 5.305974840670376, "rgb": "#000000", "zyx": [16, 35, 56]}