{"p": 0.045, "barbin": 0, "corr": 0.08838313072919846, "timescale": 5.648800245753407, "rgb": "#000000", "zyx": [23, 60, 41]}