{"p": 0.41, "barbin": 0, "corr": 0.014362604357302189, "timescale": 7.437988261103745, "rgb": "#000000", "zyx": [12, 71, 74]}