{"p": 0.426, "barbin": 0, "corr": 0.01097792573273182, "timescale": 2.363641906390906, "rgb": "#000000", "zyx": [11, 61, 25]}