{"p": 0.689, "barbin": 0, "corr": -0.029119007289409637, "timescale": 5.073222788340731, "rgb": "#000000", "zyx": [7, 71, 59]}