{"p": 0.08, "barbin": 0, "corr": 0.07388880848884583, "timescale": 6.1707840498674065, "rgb": "#000000", "zyx": [5, 85, 66]}