{"p": 0.959, "barbin": 0, "corr": -0.10785236209630966, "timescale": 4.472164382000391, "rgb": "#000000", "zyx": [1, 81, 64]}