{"p": 0.599, "barbin": 0, "corr": -0.011017649434506893, "timescale": 2.6008052189499815, "rgb": "#000000", "zyx": [4, 36, 59]}