{"p": 0.499, "barbin": 0, "corr": 0.001484692795202136, "timescale": 3.275907101529234, "rgb": "#000000", "zyx": [15, 55, 51]}