{"p": 0.274, "barbin": 0, "corr": 0.007992671802639961, "timescale": 1.6677355246020333, "rgb": "#000000", "zyx": [0, 86, 41]}