{"p": 0.656, "barbin": 0, "corr": -0.027647508308291435, "timescale": 5.600372753835432, "rgb": "#000000", "zyx": [8, 66, 62]}