{"p": 0.001, "barbin": 0, "corr": 0.08917099982500076, "timescale": 7.584422029977196, "rgb": "#000000", "zyx": [19, 48, 76]}