{"p": 0.81, "barbin": 0, "corr": -0.04941873997449875, "timescale": 8.438553488541691, "rgb": "#000000", "zyx": [15, 21, 45]}