{"p": 0.001, "barbin": 3, "corr": 0.2132796198129654, "timescale": 7.385919187669478, "rgb": "#000000", "zyx": [25, 54, 47]}