{"p": 0.536, "barbin": 0, "corr": -0.0019976096227765083, "timescale": 4.709558122425536, "rgb": "#000000", "zyx": [7, 76, 55]}