{"p": 0.661, "barbin": 0, "corr": -0.016412388533353806, "timescale": 2.6049275845399706, "rgb": "#000000", "zyx": [14, 70, 60]}