{"p": 0.339, "barbin": 0, "corr": 0.022890673950314522, "timescale": 7.02350784104099, "rgb": "#000000", "zyx": [19, 33, 63]}