{"p": 0.004, "barbin": 0, "corr": 0.014045504853129387, "timescale": 8.236054375054229, "rgb": "#000000", "zyx": [21, 77, 70]}