{"p": 0.0, "barbin": 2, "corr": 0.179838627576828, "timescale": 6.321014685231361, "rgb": "#000000", "zyx": [13, 92, 41]}