{"p": 0.0, "barbin": 3, "corr": 0.2419859617948532, "timescale": 4.657027862021849, "rgb": "#000000", "zyx": [11, 72, 72]}