{"p": 0.705, "barbin": 0, "corr": -0.02388085424900055, "timescale": 4.636087252168173, "rgb": "#000000", "zyx": [9, 48, 48]}