{"p": 0.959, "barbin": 0, "corr": -0.08217521011829376, "timescale": 5.550868792008129, "rgb": "#000000", "zyx": [18, 47, 47]}