{"p": 0.24, "barbin": 0, "corr": 0.037038225680589676, "timescale": 6.8444700848448425, "rgb": "#000000", "zyx": [11, 84, 41]}