{"p": 0.556, "barbin": 0, "corr": -0.009297821670770645, "timescale": 2.584968100537847, "rgb": "#000000", "zyx": [17, 85, 36]}