{"p": 0.783, "barbin": 0, "corr": -0.025094851851463318, "timescale": 7.147571260659651, "rgb": "#000000", "zyx": [18, 57, 78]}