{"p": 0.017, "barbin": 1, "corr": 0.1186273843050003, "timescale": 2.59764416431171, "rgb": "#000000", "zyx": [16, 53, 69]}