{"p": 0.763, "barbin": 0, "corr": -0.04091954231262207, "timescale": 7.292197178194034, "rgb": "#000000", "zyx": [10, 60, 81]}