{"p": 0.505, "barbin": 0, "corr": -0.0053397975862026215, "timescale": 5.589078184604959, "rgb": "#000000", "zyx": [16, 36, 58]}