{"p": 0.78, "barbin": 0, "corr": -0.037816379219293594, "timescale": 2.5649407853026736, "rgb": "#000000", "zyx": [12, 92, 54]}