{"p": 0.169, "barbin": 0, "corr": 0.041114844381809235, "timescale": 8.438762228640405, "rgb": "#000000", "zyx": [2, 76, 40]}