{"p": 0.164, "barbin": 0, "corr": 0.046472880989313126, "timescale": 5.991763474411719, "rgb": "#000000", "zyx": [16, 53, 54]}