{"p": 0.249, "barbin": 0, "corr": 0.04081496596336365, "timescale": 4.582742744500556, "rgb": "#000000", "zyx": [11, 62, 23]}