{"p": 0.922, "barbin": 0, "corr": -0.08617548644542694, "timescale": 8.583371112904294, "rgb": "#000000", "zyx": [10, 54, 49]}