{"p": 0.002, "barbin": 0, "corr": 0.09758039563894272, "timescale": 5.8477749306561595, "rgb": "#000000", "zyx": [8, 72, 25]}