{"p": 0.697, "barbin": 0, "corr": -0.009811362251639366, "timescale": 1.6260436567215928, "rgb": "#000000", "zyx": [1, 89, 45]}