{"p": 0.292, "barbin": 0, "corr": 0.007955902256071568, "timescale": 6.49545742431277, "rgb": "#000000", "zyx": [6, 34, 68]}