{"p": 0.995, "barbin": 0, "corr": -0.08559372276067734, "timescale": 3.6008727703721735, "rgb": "#000000", "zyx": [11, 53, 52]}