{"p": 0.319, "barbin": 0, "corr": 0.03145774453878403, "timescale": 7.47920628382732, "rgb": "#000000", "zyx": [20, 42, 39]}