{"p": 0.512, "barbin": 0, "corr": 0.0002012860495597124, "timescale": 5.583577729065302, "rgb": "#000000", "zyx": [11, 75, 52]}