{"p": 0.836, "barbin": 0, "corr": -0.058238815516233444, "timescale": 6.584958324095633, "rgb": "#000000", "zyx": [19, 38, 59]}