{"p": 0.05, "barbin": 0, "corr": 0.08059480786323547, "timescale": 6.291204324992825, "rgb": "#000000", "zyx": [10, 35, 37]}