{"p": 0.978, "barbin": 0, "corr": -0.11452777683734894, "timescale": 6.584962533652887, "rgb": "#000000", "zyx": [16, 21, 50]}