{"p": 0.938, "barbin": 0, "corr": -0.08630423247814178, "timescale": 2.8333358361565564, "rgb": "#000000", "zyx": [22, 47, 70]}