{"p": 0.84, "barbin": 0, "corr": -0.05555658042430878, "timescale": 8.584959234701577, "rgb": "#000000", "zyx": [17, 82, 62]}