{"p": 0.058, "barbin": 0, "corr": 0.08695033192634583, "timescale": 6.584947544444547, "rgb": "#000000", "zyx": [17, 28, 34]}