{"p": 0.958, "barbin": 0, "corr": -0.10563929378986359, "timescale": 8.578475789747332, "rgb": "#000000", "zyx": [1, 76, 37]}