{"p": 0.708, "barbin": 0, "corr": -0.02891850471496582, "timescale": 4.788729184501205, "rgb": "#000000", "zyx": [5, 82, 44]}