{"p": 0.096, "barbin": 0, "corr": 0.07750670611858368, "timescale": 3.706840409551155, "rgb": "#000000", "zyx": [3, 53, 27]}