{"p": 0.006, "barbin": 0, "corr": 0.06051468104124069, "timescale": 7.765781011074954, "rgb": "#000000", "zyx": [9, 42, 60]}