{"p": 0.0, "barbin": 3, "corr": 0.20312711596488953, "timescale": 7.727143396425417, "rgb": "#000000", "zyx": [18, 67, 73]}