{"p": 0.0, "barbin": 4, "corr": 0.27499622106552124, "timescale": 7.675259521463615, "rgb": "#000000", "zyx": [17, 37, 46]}