{"p": 0.0, "barbin": 3, "corr": 0.2064143419265747, "timescale": 8.12224076947211, "rgb": "#000000", "zyx": [23, 42, 36]}