{"p": 0.679, "barbin": 0, "corr": -0.024860940873622894, "timescale": 2.5849765738346706, "rgb": "#000000", "zyx": [7, 84, 77]}