{"p": 0.562, "barbin": 0, "corr": -0.007731401361525059, "timescale": 7.4960984320389885, "rgb": "#000000", "zyx": [15, 46, 35]}