{"p": 0.13, "barbin": 0, "corr": 0.0651947483420372, "timescale": 6.69437433168984, "rgb": "#000000", "zyx": [19, 82, 54]}