{"p": 0.685, "barbin": 0, "corr": -0.023021990433335304, "timescale": 5.8314904448977884, "rgb": "#000000", "zyx": [11, 61, 73]}