{"p": 0.765, "barbin": 0, "corr": -0.04034808650612831, "timescale": 4.331718117845683, "rgb": "#000000", "zyx": [7, 69, 34]}