{"p": 0.29, "barbin": 0, "corr": 0.00714243995025754, "timescale": 3.563719114603943, "rgb": "#000000", "zyx": [9, 41, 74]}