{"p": 0.596, "barbin": 0, "corr": -0.009507954120635986, "timescale": 5.439052892750535, "rgb": "#000000", "zyx": [10, 38, 54]}