{"p": 0.0, "barbin": 4, "corr": 0.2739544212818146, "timescale": 5.685656356228642, "rgb": "#000000", "zyx": [10, 67, 70]}