{"p": 0.326, "barbin": 0, "corr": 0.019528307020664215, "timescale": 5.422317821247995, "rgb": "#000000", "zyx": [17, 72, 37]}