{"p": 0.593, "barbin": 0, "corr": -0.01102490071207285, "timescale": 4.868410255552396, "rgb": "#000000", "zyx": [14, 59, 41]}