{"p": 0.007, "barbin": 1, "corr": 0.12444470077753067, "timescale": 6.41832253509974, "rgb": "#000000", "zyx": [14, 78, 55]}