{"p": 0.951, "barbin": 0, "corr": -0.07919398695230484, "timescale": 8.241478672855035, "rgb": "#000000", "zyx": [3, 42, 28]}