{"p": 0.835, "barbin": 0, "corr": -0.06052447482943535, "timescale": 8.569222786312263, "rgb": "#000000", "zyx": [7, 42, 40]}