{"p": 0.011, "barbin": 1, "corr": 0.10249661654233932, "timescale": 6.161543406364734, "rgb": "#000000", "zyx": [10, 45, 70]}