{"p": 0.182, "barbin": 0, "corr": 0.05254264548420906, "timescale": 6.678438247468318, "rgb": "#000000", "zyx": [20, 55, 32]}