{"p": 0.0, "barbin": 3, "corr": 0.221021369099617, "timescale": 7.639544135986415, "rgb": "#000000", "zyx": [5, 72, 76]}