{"p": 0.173, "barbin": 0, "corr": 0.05007247254252434, "timescale": 6.147258309148073, "rgb": "#000000", "zyx": [17, 63, 75]}