{"p": 0.177, "barbin": 0, "corr": 0.03562232851982117, "timescale": 5.417055424720804, "rgb": "#000000", "zyx": [12, 62, 80]}