{"p": 0.094, "barbin": 0, "corr": 0.05332491546869278, "timescale": 6.090331575218011, "rgb": "#000000", "zyx": [23, 81, 62]}