{"p": 0.012, "barbin": 1, "corr": 0.11776874959468842, "timescale": 8.579156057666836, "rgb": "#000000", "zyx": [13, 53, 72]}