{"p": 0.412, "barbin": 0, "corr": 0.010541141033172607, "timescale": 3.333591648919241, "rgb": "#000000", "zyx": [8, 52, 55]}