{"p": 0.579, "barbin": 0, "corr": -0.012465889565646648, "timescale": 4.563617896081075, "rgb": "#000000", "zyx": [23, 74, 37]}