{"p": 0.777, "barbin": 0, "corr": -0.008457280695438385, "timescale": 5.585112357468195, "rgb": "#000000", "zyx": [6, 66, 27]}