{"p": 0.993, "barbin": 0, "corr": -0.12945042550563812, "timescale": 6.110942794471919, "rgb": "#000000", "zyx": [11, 18, 55]}