{"p": 0.966, "barbin": 0, "corr": -0.10513637214899063, "timescale": 7.410661662768122, "rgb": "#000000", "zyx": [19, 42, 34]}