{"p": 0.401, "barbin": 0, "corr": 0.01653580740094185, "timescale": 8.485985355116783, "rgb": "#000000", "zyx": [14, 26, 52]}