{"p": 0.459, "barbin": 0, "corr": 0.008383899927139282, "timescale": 6.6410138245456505, "rgb": "#000000", "zyx": [22, 38, 60]}