{"p": 0.561, "barbin": 0, "corr": -0.003995740320533514, "timescale": 3.142044625424442, "rgb": "#000000", "zyx": [0, 79, 48]}