{"p": 0.109, "barbin": 0, "corr": 0.07337123155593872, "timescale": 6.55603252646477, "rgb": "#000000", "zyx": [25, 54, 62]}