{"p": 0.994, "barbin": 0, "corr": -0.1027546226978302, "timescale": 6.584962500721156, "rgb": "#000000", "zyx": [17, 64, 49]}