{"p": 0.041, "barbin": 1, "corr": 0.10171201080083847, "timescale": 6.360000914382717, "rgb": "#000000", "zyx": [21, 46, 33]}