{"p": 0.086, "barbin": 0, "corr": 0.08084747940301895, "timescale": 2.2950650377803252, "rgb": "#000000", "zyx": [15, 64, 30]}