{"p": 0.126, "barbin": 0, "corr": 0.07051883637905121, "timescale": 6.6538547737548805, "rgb": "#000000", "zyx": [17, 21, 60]}