{"p": 0.79, "barbin": 0, "corr": -0.016254542395472527, "timescale": 8.513863517433553, "rgb": "#000000", "zyx": [3, 50, 37]}