{"p": 0.069, "barbin": 0, "corr": 0.08530718088150024, "timescale": 3.794247767773209, "rgb": "#000000", "zyx": [7, 51, 41]}