{"p": 0.668, "barbin": 0, "corr": -0.02512192353606224, "timescale": 7.584962501235575, "rgb": "#000000", "zyx": [20, 77, 35]}