{"p": 0.002, "barbin": 2, "corr": 0.15673179924488068, "timescale": 6.381735860990231, "rgb": "#000000", "zyx": [20, 40, 37]}