{"p": 0.218, "barbin": 0, "corr": 0.04257927089929581, "timescale": 6.127761834527478, "rgb": "#000000", "zyx": [5, 60, 60]}