{"p": 0.541, "barbin": 0, "corr": -0.002733682282269001, "timescale": 2.796160103106057, "rgb": "#000000", "zyx": [19, 44, 44]}