{"p": 0.57, "barbin": 0, "corr": -0.006630707532167435, "timescale": 7.064600746871099, "rgb": "#000000", "zyx": [14, 91, 44]}