{"p": 0.771, "barbin": 0, "corr": -0.006827795412391424, "timescale": 6.181675316636428, "rgb": "#000000", "zyx": [7, 74, 69]}