{"p": 0.984, "barbin": 0, "corr": -0.0045216139405965805, "timescale": 3.7464353408157454, "rgb": "#000000", "zyx": [19, 73, 43]}