{"p": 0.012, "barbin": 0, "corr": 0.06802075356245041, "timescale": 8.463590653098253, "rgb": "#000000", "zyx": [19, 34, 32]}