{"p": 0.266, "barbin": 0, "corr": 0.020028335973620415, "timescale": 7.533161563052049, "rgb": "#000000", "zyx": [21, 63, 65]}