{"p": 0.046, "barbin": 0, "corr": 0.08265034854412079, "timescale": 7.464504535602917, "rgb": "#000000", "zyx": [10, 40, 31]}