{"p": 0.943, "barbin": 0, "corr": -0.0917632132768631, "timescale": 5.584912629124991, "rgb": "#000000", "zyx": [3, 89, 65]}