{"p": 0.0, "barbin": 3, "corr": 0.23674003779888153, "timescale": 6.249159699900416, "rgb": "#000000", "zyx": [11, 80, 68]}