{"p": 0.893, "barbin": 0, "corr": -0.005418692249804735, "timescale": 8.53015582355313, "rgb": "#000000", "zyx": [4, 73, 52]}