{"p": 0.0, "barbin": 4, "corr": 0.2961976230144501, "timescale": 6.805296651560336, "rgb": "#000000", "zyx": [24, 43, 44]}