{"p": 0.141, "barbin": 0, "corr": 0.06377869844436646, "timescale": 7.117277334063531, "rgb": "#000000", "zyx": [26, 52, 53]}