{"p": 0.008, "barbin": 0, "corr": 0.09926725178956985, "timescale": 5.922515787226665, "rgb": "#000000", "zyx": [13, 63, 27]}