{"p": 0.529, "barbin": 0, "corr": 0.00039119337452575564, "timescale": 7.494637249415477, "rgb": "#000000", "zyx": [8, 30, 42]}