{"p": 0.194, "barbin": 0, "corr": 0.027529548853635788, "timescale": 3.584942631604623, "rgb": "#000000", "zyx": [15, 39, 76]}