{"p": 0.017, "barbin": 1, "corr": 0.12783879041671753, "timescale": 7.2917341299449205, "rgb": "#000000", "zyx": [17, 68, 54]}