{"p": 0.094, "barbin": 0, "corr": 0.07759962975978851, "timescale": 6.60683314955967, "rgb": "#000000", "zyx": [14, 46, 32]}