{"p": 0.253, "barbin": 0, "corr": 0.031390588730573654, "timescale": 5.58968669015587, "rgb": "#000000", "zyx": [17, 73, 65]}