{"p": 0.813, "barbin": 0, "corr": -0.04505709558725357, "timescale": 4.539991089719667, "rgb": "#000000", "zyx": [10, 91, 51]}