{"p": 0.026, "barbin": 1, "corr": 0.11536531895399094, "timescale": 5.954311020889717, "rgb": "#000000", "zyx": [12, 82, 47]}