{"p": 0.506, "barbin": 0, "corr": -0.0020952175837010145, "timescale": 2.4956857460891224, "rgb": "#000000", "zyx": [16, 60, 55]}