{"p": 0.008, "barbin": 1, "corr": 0.11265071481466293, "timescale": 7.584802625697094, "rgb": "#000000", "zyx": [7, 65, 62]}