{"p": 0.285, "barbin": 0, "corr": 0.00470729311928153, "timescale": 7.583020204445025, "rgb": "#000000", "zyx": [10, 16, 51]}