{"p": 0.404, "barbin": 0, "corr": 0.016626540571451187, "timescale": 5.600486152549414, "rgb": "#000000", "zyx": [4, 33, 40]}