{"p": 0.431, "barbin": 0, "corr": 0.018068982288241386, "timescale": 4.303387512200322, "rgb": "#000000", "zyx": [17, 77, 70]}