{"p": 0.049, "barbin": 0, "corr": 0.09392058104276657, "timescale": 8.46116259764447, "rgb": "#000000", "zyx": [7, 81, 27]}