{"p": 0.831, "barbin": 0, "corr": -0.044025521725416183, "timescale": 4.221736319228388, "rgb": "#000000", "zyx": [15, 43, 64]}