{"p": 1.0, "barbin": 0, "corr": -0.3383500874042511, "timescale": 6.402542862462722, "rgb": "#000000", "zyx": [15, 59, 79]}