{"p": 0.32, "barbin": 0, "corr": 0.02549608424305916, "timescale": 7.923944174607799, "rgb": "#000000", "zyx": [19, 65, 75]}