{"p": 0.036, "barbin": 1, "corr": 0.10749153047800064, "timescale": 6.855775747816642, "rgb": "#000000", "zyx": [18, 42, 55]}