{"p": 0.012, "barbin": 1, "corr": 0.11350192129611969, "timescale": 7.125769452926705, "rgb": "#000000", "zyx": [18, 44, 32]}