{"p": 0.428, "barbin": 0, "corr": 0.0068334732204675674, "timescale": 7.593927212926115, "rgb": "#000000", "zyx": [7, 46, 29]}