{"p": 0.156, "barbin": 0, "corr": 0.025736261159181595, "timescale": 3.4491290681411844, "rgb": "#000000", "zyx": [3, 69, 42]}