{"p": 0.872, "barbin": 0, "corr": -0.05337800458073616, "timescale": 5.655430848873813, "rgb": "#000000", "zyx": [16, 45, 40]}