{"p": 0.001, "barbin": 4, "corr": 0.26601842045783997, "timescale": 7.802595511947148, "rgb": "#000000", "zyx": [15, 31, 44]}