{"p": 0.069, "barbin": 0, "corr": 0.08118170499801636, "timescale": 2.5862573826780078, "rgb": "#000000", "zyx": [14, 48, 51]}