{"p": 0.484, "barbin": 0, "corr": 0.003701884299516678, "timescale": 3.107817687519673, "rgb": "#000000", "zyx": [4, 58, 29]}