{"p": 0.337, "barbin": 0, "corr": 0.022657182067632675, "timescale": 6.120185099584931, "rgb": "#000000", "zyx": [19, 43, 30]}