{"p": 0.568, "barbin": 0, "corr": -0.0027049495838582516, "timescale": 8.343927706755359, "rgb": "#000000", "zyx": [11, 48, 70]}