{"p": 0.23, "barbin": 0, "corr": 0.030541792511940002, "timescale": 7.586332121151878, "rgb": "#000000", "zyx": [21, 83, 42]}