{"p": 0.388, "barbin": 0, "corr": 0.008287793956696987, "timescale": 3.3437784026389066, "rgb": "#000000", "zyx": [7, 74, 32]}