{"p": 0.012, "barbin": 0, "corr": 0.09116113930940628, "timescale": 6.582240965587734, "rgb": "#000000", "zyx": [12, 57, 53]}