{"p": 0.021, "barbin": 0, "corr": 0.059394072741270065, "timescale": 6.812182242982513, "rgb": "#000000", "zyx": [7, 54, 24]}