{"p": 0.0, "barbin": 3, "corr": 0.20520876348018646, "timescale": 7.197723046862198, "rgb": "#000000", "zyx": [6, 70, 74]}