{"p": 0.356, "barbin": 0, "corr": 0.0060437703505158424, "timescale": 4.680090279690077, "rgb": "#000000", "zyx": [11, 24, 35]}