{"p": 0.624, "barbin": 0, "corr": -0.018771201372146606, "timescale": 6.080681327522859, "rgb": "#000000", "zyx": [18, 81, 71]}