{"p": 0.227, "barbin": 0, "corr": 0.010424136184155941, "timescale": 7.377586000071439, "rgb": "#000000", "zyx": [6, 51, 60]}