{"p": 0.305, "barbin": 0, "corr": 0.027844278141856194, "timescale": 2.569148183079637, "rgb": "#000000", "zyx": [20, 72, 47]}