{"p": 0.004, "barbin": 1, "corr": 0.13752587139606476, "timescale": 6.56140812120561, "rgb": "#000000", "zyx": [22, 31, 50]}