{"p": 0.551, "barbin": 0, "corr": -0.005173115059733391, "timescale": 2.254619339909263, "rgb": "#000000", "zyx": [16, 32, 29]}