{"p": 0.068, "barbin": 0, "corr": 0.08891284465789795, "timescale": 8.584905113199815, "rgb": "#000000", "zyx": [10, 70, 82]}