{"p": 0.364, "barbin": 0, "corr": 0.018812110647559166, "timescale": 4.386117806033868, "rgb": "#000000", "zyx": [12, 80, 64]}