{"p": 0.0, "barbin": 2, "corr": 0.19240286946296692, "timescale": 6.351565085961132, "rgb": "#000000", "zyx": [12, 37, 29]}