{"p": 0.802, "barbin": 0, "corr": -0.04965376481413841, "timescale": 6.4562347184213476, "rgb": "#000000", "zyx": [9, 86, 35]}