{"p": 0.159, "barbin": 0, "corr": 0.023325810208916664, "timescale": 5.602293410515103, "rgb": "#000000", "zyx": [19, 87, 44]}