{"p": 0.378, "barbin": 0, "corr": 0.015663715079426765, "timescale": 2.551845159163516, "rgb": "#000000", "zyx": [14, 81, 43]}