{"p": 0.032, "barbin": 1, "corr": 0.1131766065955162, "timescale": 3.496735480901854, "rgb": "#000000", "zyx": [16, 40, 56]}