{"p": 0.389, "barbin": 0, "corr": 0.01435475330799818, "timescale": 8.561816531004933, "rgb": "#000000", "zyx": [4, 88, 37]}