{"p": 0.524, "barbin": 0, "corr": -0.0010609636083245277, "timescale": 4.585682704993625, "rgb": "#000000", "zyx": [16, 85, 42]}