{"p": 0.469, "barbin": 0, "corr": 0.00857760850340128, "timescale": 5.050693895460233, "rgb": "#000000", "zyx": [24, 59, 68]}