{"p": 0.037, "barbin": 0, "corr": 0.09703917801380157, "timescale": 4.956070924893436, "rgb": "#000000", "zyx": [13, 68, 31]}