{"p": 0.057, "barbin": 0, "corr": 0.07835703343153, "timescale": 7.1316482815367745, "rgb": "#000000", "zyx": [17, 63, 37]}