{"p": 0.279, "barbin": 0, "corr": 0.027029234915971756, "timescale": 6.584962500721156, "rgb": "#000000", "zyx": [20, 54, 67]}