{"p": 0.267, "barbin": 0, "corr": 0.0064200530759990215, "timescale": 4.603207508088798, "rgb": "#000000", "zyx": [7, 32, 61]}