{"p": 0.239, "barbin": 0, "corr": 0.041193440556526184, "timescale": 2.58440160054394, "rgb": "#000000", "zyx": [16, 80, 30]}