{"p": 0.0, "barbin": 1, "corr": 0.13908104598522186, "timescale": 6.58493868595962, "rgb": "#000000", "zyx": [9, 66, 29]}