{"p": 0.828, "barbin": 0, "corr": -0.051442161202430725, "timescale": 1.6370990370589706, "rgb": "#000000", "zyx": [2, 58, 35]}