{"p": 0.0, "barbin": 3, "corr": 0.23328721523284912, "timescale": 8.533397565128494, "rgb": "#000000", "zyx": [13, 53, 25]}