{"p": 0.759, "barbin": 0, "corr": -0.031169923022389412, "timescale": 4.584962500721156, "rgb": "#000000", "zyx": [16, 32, 35]}