{"p": 0.826, "barbin": 0, "corr": -0.04825656861066818, "timescale": 6.267541533366244, "rgb": "#000000", "zyx": [3, 42, 43]}