{"p": 0.109, "barbin": 0, "corr": 0.035089265555143356, "timescale": 3.587700192910367, "rgb": "#000000", "zyx": [21, 57, 49]}