{"p": 0.709, "barbin": 0, "corr": -0.03217920660972595, "timescale": 6.973946121024803, "rgb": "#000000", "zyx": [8, 66, 78]}