{"p": 0.495, "barbin": 0, "corr": 0.0019173650071024895, "timescale": 5.872992736142369, "rgb": "#000000", "zyx": [3, 52, 62]}