{"p": 0.453, "barbin": 0, "corr": 0.004222920164465904, "timescale": 6.49286963632932, "rgb": "#000000", "zyx": [18, 78, 47]}