{"p": 1.0, "barbin": 0, "corr": -0.20007823407649994, "timescale": 7.582771956360872, "rgb": "#000000", "zyx": [10, 88, 54]}