{"p": 0.672, "barbin": 0, "corr": -0.02270512841641903, "timescale": 6.3524975628824665, "rgb": "#000000", "zyx": [6, 56, 54]}