{"p": 0.008, "barbin": 1, "corr": 0.13770869374275208, "timescale": 7.534128211878464, "rgb": "#000000", "zyx": [21, 66, 64]}