{"p": 0.518, "barbin": 0, "corr": -0.005149492993950844, "timescale": 8.033957916682759, "rgb": "#000000", "zyx": [13, 89, 67]}