{"p": 0.793, "barbin": 0, "corr": -0.04141412675380707, "timescale": 2.6047765327968317, "rgb": "#000000", "zyx": [25, 38, 50]}