{"p": 0.053, "barbin": 0, "corr": 0.09458345174789429, "timescale": 6.771917330008505, "rgb": "#000000", "zyx": [5, 40, 70]}