{"p": 0.235, "barbin": 0, "corr": 0.030745239928364754, "timescale": 5.465970205582714, "rgb": "#000000", "zyx": [7, 58, 31]}