{"p": 0.691, "barbin": 0, "corr": -0.004870038479566574, "timescale": 5.7344741133227926, "rgb": "#000000", "zyx": [7, 43, 26]}