{"p": 0.099, "barbin": 0, "corr": 0.07754334807395935, "timescale": 7.890433301224575, "rgb": "#000000", "zyx": [5, 52, 33]}