{"p": 0.775, "barbin": 0, "corr": -0.03926418721675873, "timescale": 7.073249610014817, "rgb": "#000000", "zyx": [0, 84, 44]}