{"p": 0.225, "barbin": 0, "corr": 0.0002542842994444072, "timescale": 6.006632755042222, "rgb": "#000000", "zyx": [11, 84, 38]}