{"p": 0.955, "barbin": 0, "corr": -0.06752115488052368, "timescale": 3.414392353795688, "rgb": "#000000", "zyx": [21, 48, 41]}