{"p": 0.019, "barbin": 1, "corr": 0.11852306872606277, "timescale": 3.772345724162533, "rgb": "#000000", "zyx": [8, 43, 67]}