{"p": 0.389, "barbin": 0, "corr": 0.013969851657748222, "timescale": 8.546728730945041, "rgb": "#000000", "zyx": [11, 26, 45]}