{"p": 0.361, "barbin": 0, "corr": 0.002864677459001541, "timescale": 4.449116298105031, "rgb": "#000000", "zyx": [17, 18, 51]}