{"p": 0.64, "barbin": 0, "corr": -0.02403150498867035, "timescale": 7.2122992412149305, "rgb": "#000000", "zyx": [4, 42, 72]}