{"p": 0.0, "barbin": 4, "corr": 0.2624661922454834, "timescale": 7.843791819470852, "rgb": "#000000", "zyx": [18, 70, 55]}