{"p": 0.995, "barbin": 0, "corr": -0.019573522731661797, "timescale": 5.560274623403139, "rgb": "#000000", "zyx": [4, 62, 37]}