{"p": 0.085, "barbin": 0, "corr": 0.05579405277967453, "timescale": 8.411981752220457, "rgb": "#000000", "zyx": [5, 55, 51]}