{"p": 0.171, "barbin": 0, "corr": 0.05316001921892166, "timescale": 3.5910810423631876, "rgb": "#000000", "zyx": [7, 53, 51]}