{"p": 0.059, "barbin": 0, "corr": 0.08293639123439789, "timescale": 4.072298439140764, "rgb": "#000000", "zyx": [21, 77, 68]}