{"p": 0.108, "barbin": 0, "corr": 0.011122051626443863, "timescale": 2.75338258543801, "rgb": "#000000", "zyx": [8, 35, 47]}