{"p": 0.325, "barbin": 0, "corr": 0.024455314502120018, "timescale": 6.844157601875619, "rgb": "#000000", "zyx": [2, 91, 41]}