{"p": 0.106, "barbin": 0, "corr": 0.03640718758106232, "timescale": 4.551531397102269, "rgb": "#000000", "zyx": [20, 52, 31]}