{"p": 0.745, "barbin": 0, "corr": -0.03426629304885864, "timescale": 8.43956806914891, "rgb": "#000000", "zyx": [8, 64, 49]}