{"p": 0.0, "barbin": 4, "corr": 0.3282319903373718, "timescale": 6.832433235160652, "rgb": "#000000", "zyx": [10, 79, 32]}