{"p": 0.314, "barbin": 0, "corr": 0.02584744244813919, "timescale": 5.953605567517979, "rgb": "#000000", "zyx": [10, 79, 47]}