{"p": 0.491, "barbin": 0, "corr": -0.0004186389851383865, "timescale": 4.621845108253137, "rgb": "#000000", "zyx": [23, 38, 37]}