{"p": 0.961, "barbin": 0, "corr": -0.09581027179956436, "timescale": 4.398855891623922, "rgb": "#000000", "zyx": [13, 50, 41]}