{"p": 0.0, "barbin": 2, "corr": 0.1690153330564499, "timescale": 6.151322107312263, "rgb": "#000000", "zyx": [17, 86, 53]}