{"p": 0.637, "barbin": 0, "corr": -0.015334520488977432, "timescale": 6.280034652627846, "rgb": "#000000", "zyx": [25, 45, 40]}