{"p": 0.273, "barbin": 0, "corr": 0.006204542238265276, "timescale": 7.5825731197558195, "rgb": "#000000", "zyx": [22, 78, 42]}