{"p": 0.644, "barbin": 0, "corr": -0.01947665587067604, "timescale": 6.3283778744697905, "rgb": "#000000", "zyx": [10, 70, 47]}