{"p": 0.803, "barbin": 0, "corr": -0.04541833698749542, "timescale": 4.432724436323603, "rgb": "#000000", "zyx": [15, 71, 40]}