{"p": 0.569, "barbin": 0, "corr": -4.435749724507332e-05, "timescale": 8.584962533058198, "rgb": "#000000", "zyx": [15, 58, 54]}