{"p": 0.922, "barbin": 0, "corr": -0.08062083274126053, "timescale": 6.341106442076095, "rgb": "#000000", "zyx": [6, 88, 50]}