{"p": 0.653, "barbin": 0, "corr": -0.023275520652532578, "timescale": 5.572540757446304, "rgb": "#000000", "zyx": [12, 52, 23]}