{"p": 0.001, "barbin": 3, "corr": 0.23285481333732605, "timescale": 5.669442502022845, "rgb": "#000000", "zyx": [10, 49, 73]}