{"p": 0.28, "barbin": 0, "corr": 0.02008611150085926, "timescale": 7.50457988708231, "rgb": "#000000", "zyx": [13, 53, 81]}