{"p": 0.105, "barbin": 0, "corr": 0.07084810733795166, "timescale": 6.4815005149157345, "rgb": "#000000", "zyx": [6, 32, 34]}