{"p": 0.589, "barbin": 0, "corr": -0.002142837503924966, "timescale": 7.008111629573195, "rgb": "#000000", "zyx": [20, 75, 52]}