{"p": 0.823, "barbin": 0, "corr": -0.018158720806241035, "timescale": 2.8618183951736462, "rgb": "#000000", "zyx": [19, 80, 43]}