{"p": 0.0, "barbin": 2, "corr": 0.19041074812412262, "timescale": 6.800408747609985, "rgb": "#000000", "zyx": [9, 74, 30]}