{"p": 0.063, "barbin": 0, "corr": 0.06798481941223145, "timescale": 7.149230376044799, "rgb": "#000000", "zyx": [3, 67, 75]}