{"p": 0.271, "barbin": 0, "corr": 0.033198725432157516, "timescale": 6.458486616922802, "rgb": "#000000", "zyx": [1, 87, 63]}