{"p": 0.002, "barbin": 2, "corr": 0.16851243376731873, "timescale": 7.760465886989403, "rgb": "#000000", "zyx": [17, 48, 71]}