{"p": 0.016, "barbin": 0, "corr": 0.04592924192547798, "timescale": 3.506736935575924, "rgb": "#000000", "zyx": [3, 66, 41]}