{"p": 0.569, "barbin": 0, "corr": -0.005714822560548782, "timescale": 4.371825474775027, "rgb": "#000000", "zyx": [13, 41, 66]}