{"p": 0.975, "barbin": 0, "corr": -0.1191338375210762, "timescale": 1.5849659482953569, "rgb": "#000000", "zyx": [5, 89, 68]}