{"p": 0.181, "barbin": 0, "corr": 0.05802565813064575, "timescale": 7.3142776687257305, "rgb": "#000000", "zyx": [5, 47, 37]}