{"p": 0.927, "barbin": 0, "corr": -0.08168903738260269, "timescale": 6.460964914203748, "rgb": "#000000", "zyx": [10, 63, 34]}