{"p": 0.0, "barbin": 2, "corr": 0.18057426810264587, "timescale": 6.628182595814472, "rgb": "#000000", "zyx": [9, 70, 79]}