{"p": 0.999, "barbin": 0, "corr": -0.030237024649977684, "timescale": 6.585267890862576, "rgb": "#000000", "zyx": [27, 64, 55]}