{"p": 0.49, "barbin": 0, "corr": -0.00044910699944011867, "timescale": 7.4403362601846315, "rgb": "#000000", "zyx": [4, 83, 30]}