{"p": 0.374, "barbin": 0, "corr": 0.01951311156153679, "timescale": 2.5857196287995645, "rgb": "#000000", "zyx": [7, 80, 61]}