{"p": 0.052, "barbin": 1, "corr": 0.10067631304264069, "timescale": 8.358845338937122, "rgb": "#000000", "zyx": [10, 58, 82]}