{"p": 0.398, "barbin": 0, "corr": 0.015126727521419525, "timescale": 4.50633631402603, "rgb": "#000000", "zyx": [14, 82, 35]}