{"p": 0.239, "barbin": 0, "corr": 0.04330198094248772, "timescale": 5.5654570383643005, "rgb": "#000000", "zyx": [14, 60, 47]}