{"p": 0.343, "barbin": 0, "corr": 0.018899619579315186, "timescale": 7.5881369195080985, "rgb": "#000000", "zyx": [13, 39, 32]}