{"p": 0.0, "barbin": 2, "corr": 0.1940690129995346, "timescale": 5.963190210131052, "rgb": "#000000", "zyx": [19, 47, 72]}