{"p": 0.67, "barbin": 0, "corr": -0.021627657115459442, "timescale": 7.581892478716676, "rgb": "#000000", "zyx": [14, 77, 45]}