{"p": 0.261, "barbin": 0, "corr": 0.03650977835059166, "timescale": 2.5845580019468497, "rgb": "#000000", "zyx": [14, 78, 29]}