{"p": 0.001, "barbin": 0, "corr": 0.05928037315607071, "timescale": 4.978666971926527, "rgb": "#000000", "zyx": [14, 53, 73]}