{"p": 0.129, "barbin": 0, "corr": 0.033656682819128036, "timescale": 5.609990571009759, "rgb": "#000000", "zyx": [14, 31, 64]}