{"p": 0.766, "barbin": 0, "corr": -0.03655027970671654, "timescale": 6.606645834582914, "rgb": "#000000", "zyx": [24, 55, 69]}