{"p": 0.193, "barbin": 0, "corr": 0.05096004158258438, "timescale": 5.399261853952531, "rgb": "#000000", "zyx": [22, 39, 34]}