{"p": 0.0, "barbin": 4, "corr": 0.2707603871822357, "timescale": 7.074761903603033, "rgb": "#000000", "zyx": [24, 52, 60]}