{"p": 0.05, "barbin": 0, "corr": 0.07625975459814072, "timescale": 7.316651335869512, "rgb": "#000000", "zyx": [2, 80, 36]}