{"p": 0.0, "barbin": 4, "corr": 0.3328220546245575, "timescale": 7.493823063690316, "rgb": "#000000", "zyx": [11, 41, 74]}