{"p": 0.008, "barbin": 1, "corr": 0.13367299735546112, "timescale": 7.110220935913044, "rgb": "#000000", "zyx": [2, 65, 75]}