{"p": 0.512, "barbin": 0, "corr": 0.00040732286288402975, "timescale": 2.584962500721174, "rgb": "#000000", "zyx": [16, 70, 65]}