{"p": 0.624, "barbin": 0, "corr": -0.01359490118920803, "timescale": 8.584241548008782, "rgb": "#000000", "zyx": [5, 44, 74]}