{"p": 0.075, "barbin": 0, "corr": 0.07800053805112839, "timescale": 6.534534193492787, "rgb": "#000000", "zyx": [13, 42, 72]}