{"p": 0.0, "barbin": 4, "corr": 0.2805221378803253, "timescale": 6.565833918841598, "rgb": "#000000", "zyx": [16, 39, 34]}