{"p": 0.003, "barbin": 2, "corr": 0.15813030302524567, "timescale": 3.5769786829826593, "rgb": "#000000", "zyx": [23, 73, 57]}