{"p": 0.01, "barbin": 0, "corr": 0.043899014592170715, "timescale": 8.378150874752702, "rgb": "#000000", "zyx": [6, 56, 34]}