{"p": 0.162, "barbin": 0, "corr": 0.058060918003320694, "timescale": 5.603828659943727, "rgb": "#000000", "zyx": [9, 78, 35]}