{"p": 0.0, "barbin": 4, "corr": 0.2626708447933197, "timescale": 6.819493049533777, "rgb": "#000000", "zyx": [5, 74, 29]}