{"p": 0.087, "barbin": 0, "corr": 0.07876754552125931, "timescale": 2.0758855120579947, "rgb": "#000000", "zyx": [2, 67, 81]}