{"p": 0.771, "barbin": 0, "corr": -0.04237504303455353, "timescale": 3.584962500721156, "rgb": "#000000", "zyx": [8, 77, 28]}