{"p": 0.513, "barbin": 0, "corr": -0.0065101818181574345, "timescale": 2.6241165549394507, "rgb": "#000000", "zyx": [24, 77, 46]}