{"p": 0.012, "barbin": 1, "corr": 0.12855206429958344, "timescale": 5.1627364812777286, "rgb": "#000000", "zyx": [10, 55, 68]}