{"p": 0.12, "barbin": 0, "corr": 0.06736685335636139, "timescale": 2.600388268266809, "rgb": "#000000", "zyx": [7, 84, 65]}