{"p": 0.138, "barbin": 0, "corr": 0.06037504971027374, "timescale": 6.94062242060252, "rgb": "#000000", "zyx": [17, 62, 25]}