{"p": 0.206, "barbin": 0, "corr": 0.046764448285102844, "timescale": 7.584864247969542, "rgb": "#000000", "zyx": [10, 46, 33]}