{"p": 0.179, "barbin": 0, "corr": 0.05437276139855385, "timescale": 8.416973679144748, "rgb": "#000000", "zyx": [19, 42, 73]}