{"p": 1.0, "barbin": 0, "corr": -0.22313383221626282, "timescale": 4.558694862533246, "rgb": "#000000", "zyx": [16, 23, 51]}