{"p": 0.671, "barbin": 0, "corr": -0.02699916996061802, "timescale": 8.326120226617974, "rgb": "#000000", "zyx": [10, 35, 66]}