{"p": 0.48, "barbin": 0, "corr": 0.002924567088484764, "timescale": 5.740851583229076, "rgb": "#000000", "zyx": [12, 32, 48]}