{"p": 0.001, "barbin": 3, "corr": 0.23138540983200073, "timescale": 6.598990029142185, "rgb": "#000000", "zyx": [9, 59, 74]}