{"p": 0.466, "barbin": 0, "corr": 0.004769874736666679, "timescale": 7.964677536153789, "rgb": "#000000", "zyx": [24, 64, 54]}