{"p": 0.938, "barbin": 0, "corr": -0.08154229074716568, "timescale": 7.568858542241645, "rgb": "#000000", "zyx": [20, 61, 39]}