{"p": 0.322, "barbin": 0, "corr": 0.026497144252061844, "timescale": 2.8463254482594342, "rgb": "#000000", "zyx": [17, 52, 73]}