{"p": 0.036, "barbin": 0, "corr": 0.09812968969345093, "timescale": 6.584561776358706, "rgb": "#000000", "zyx": [18, 34, 32]}