{"p": 0.25, "barbin": 0, "corr": 0.030692532658576965, "timescale": 4.422977580675337, "rgb": "#000000", "zyx": [9, 87, 63]}