{"p": 0.843, "barbin": 0, "corr": -0.060822952538728714, "timescale": 4.796885509749488, "rgb": "#000000", "zyx": [18, 86, 39]}