{"p": 0.509, "barbin": 0, "corr": 0.00023855463950894773, "timescale": 2.6033819303427967, "rgb": "#000000", "zyx": [16, 67, 71]}