{"p": 0.203, "barbin": 0, "corr": 0.04980294406414032, "timescale": 7.805866376933341, "rgb": "#000000", "zyx": [6, 79, 78]}