{"p": 0.408, "barbin": 0, "corr": 0.01659362018108368, "timescale": 3.743866948238157, "rgb": "#000000", "zyx": [9, 17, 50]}