{"p": 0.73, "barbin": 0, "corr": -0.007691750302910805, "timescale": 8.58343869060475, "rgb": "#000000", "zyx": [22, 70, 49]}