{"p": 0.827, "barbin": 0, "corr": -0.05088268220424652, "timescale": 1.5849625014197968, "rgb": "#000000", "zyx": [11, 35, 58]}