{"p": 0.902, "barbin": 0, "corr": -0.06082489714026451, "timescale": 1.584962500721156, "rgb": "#000000", "zyx": [18, 69, 61]}