{"p": 0.004, "barbin": 2, "corr": 0.15395690500736237, "timescale": 6.859681678948904, "rgb": "#000000", "zyx": [12, 85, 41]}