{"p": 0.747, "barbin": 0, "corr": -0.03749249130487442, "timescale": 5.203827901273906, "rgb": "#000000", "zyx": [24, 77, 57]}