{"p": 0.732, "barbin": 0, "corr": -0.020484624430537224, "timescale": 7.526439928163852, "rgb": "#000000", "zyx": [12, 17, 42]}