{"p": 0.375, "barbin": 0, "corr": 0.020107649266719818, "timescale": 4.466468466780835, "rgb": "#000000", "zyx": [11, 26, 40]}