{"p": 0.977, "barbin": 0, "corr": -0.11332882195711136, "timescale": 5.97587946668533, "rgb": "#000000", "zyx": [7, 91, 43]}