{"p": 0.046, "barbin": 0, "corr": 0.09576145559549332, "timescale": 6.478268366568908, "rgb": "#000000", "zyx": [13, 49, 80]}