{"p": 0.009, "barbin": 1, "corr": 0.1370639055967331, "timescale": 8.326206698445203, "rgb": "#000000", "zyx": [18, 74, 52]}