{"p": 0.63, "barbin": 0, "corr": -0.016582049429416656, "timescale": 6.018943374875396, "rgb": "#000000", "zyx": [20, 70, 71]}