{"p": 0.517, "barbin": 0, "corr": -0.0016553027089685202, "timescale": 7.5851154042007565, "rgb": "#000000", "zyx": [23, 53, 51]}