{"p": 0.611, "barbin": 0, "corr": -0.012004556134343147, "timescale": 8.584962467445521, "rgb": "#000000", "zyx": [2, 42, 68]}