{"p": 0.881, "barbin": 0, "corr": -0.06091608107089996, "timescale": 4.584962500788963, "rgb": "#000000", "zyx": [7, 64, 50]}