{"p": 0.008, "barbin": 1, "corr": 0.14988106489181519, "timescale": 6.835111931312711, "rgb": "#000000", "zyx": [22, 67, 36]}