{"p": 0.19, "barbin": 0, "corr": 0.045934394001960754, "timescale": 5.113697348865651, "rgb": "#000000", "zyx": [11, 64, 55]}