{"p": 0.349, "barbin": 0, "corr": 0.019519997760653496, "timescale": 7.5847604390617684, "rgb": "#000000", "zyx": [9, 57, 79]}