{"p": 0.057, "barbin": 0, "corr": 0.030703425407409668, "timescale": 2.779480411717402, "rgb": "#000000", "zyx": [17, 68, 35]}