{"p": 0.001, "barbin": 2, "corr": 0.19395793974399567, "timescale": 5.800020611979816, "rgb": "#000000", "zyx": [10, 66, 69]}