{"p": 0.098, "barbin": 0, "corr": 0.07389664649963379, "timescale": 5.768298682524428, "rgb": "#000000", "zyx": [16, 34, 50]}