{"p": 0.428, "barbin": 0, "corr": 0.007897935807704926, "timescale": 3.953164361297966, "rgb": "#000000", "zyx": [6, 90, 65]}