{"p": 0.952, "barbin": 0, "corr": -0.06752113997936249, "timescale": 2.5850309689344577, "rgb": "#000000", "zyx": [21, 62, 34]}