{"p": 0.83, "barbin": 0, "corr": -0.0009973784908652306, "timescale": 8.584962500721156, "rgb": "#000000", "zyx": [13, 19, 60]}