{"p": 0.533, "barbin": 0, "corr": -0.001351962797343731, "timescale": 2.58520796241503, "rgb": "#000000", "zyx": [20, 80, 35]}