{"p": 0.301, "barbin": 0, "corr": 0.02722938358783722, "timescale": 2.010621244634393, "rgb": "#000000", "zyx": [10, 61, 29]}