{"p": 0.704, "barbin": 0, "corr": -0.0026112652849406004, "timescale": 7.194140622957805, "rgb": "#000000", "zyx": [4, 73, 70]}