{"p": 0.07, "barbin": 0, "corr": 0.07005228102207184, "timescale": 6.5802776846342494, "rgb": "#000000", "zyx": [5, 89, 57]}