{"p": 0.025, "barbin": 1, "corr": 0.10674409568309784, "timescale": 7.221033074137061, "rgb": "#000000", "zyx": [19, 52, 41]}