{"p": 0.281, "barbin": 0, "corr": 0.03443705290555954, "timescale": 8.584732085345355, "rgb": "#000000", "zyx": [12, 83, 55]}