{"p": 0.0, "barbin": 4, "corr": 0.29967567324638367, "timescale": 6.789612913672699, "rgb": "#000000", "zyx": [8, 71, 26]}