{"p": 0.039, "barbin": 0, "corr": 0.044041067361831665, "timescale": 8.102999824985577, "rgb": "#000000", "zyx": [15, 60, 37]}