{"p": 0.032, "barbin": 1, "corr": 0.10618852078914642, "timescale": 4.38298685110806, "rgb": "#000000", "zyx": [23, 62, 51]}