{"p": 0.005, "barbin": 2, "corr": 0.15790987014770508, "timescale": 4.221885962962983, "rgb": "#000000", "zyx": [18, 39, 54]}