{"p": 0.401, "barbin": 0, "corr": 0.010982801206409931, "timescale": 4.29416445035383, "rgb": "#000000", "zyx": [19, 68, 67]}