{"p": 0.008, "barbin": 1, "corr": 0.13485363125801086, "timescale": 6.8203169714826535, "rgb": "#000000", "zyx": [9, 51, 75]}