{"p": 0.725, "barbin": 0, "corr": -0.009144299663603306, "timescale": 8.326944285488482, "rgb": "#000000", "zyx": [21, 50, 41]}