{"p": 0.075, "barbin": 0, "corr": 0.047608159482479095, "timescale": 6.077096651267663, "rgb": "#000000", "zyx": [6, 68, 80]}