{"p": 0.006, "barbin": 0, "corr": 0.07047231495380402, "timescale": 6.777186896306557, "rgb": "#000000", "zyx": [16, 34, 34]}