{"p": 0.009, "barbin": 1, "corr": 0.1336326003074646, "timescale": 6.918424245000086, "rgb": "#000000", "zyx": [12, 27, 65]}