{"p": 0.746, "barbin": 0, "corr": -0.02898615598678589, "timescale": 3.7702318205082186, "rgb": "#000000", "zyx": [7, 48, 55]}