{"p": 0.17, "barbin": 0, "corr": 0.0548858717083931, "timescale": 5.108241007846344, "rgb": "#000000", "zyx": [12, 44, 41]}