{"p": 0.122, "barbin": 0, "corr": 0.06993444263935089, "timescale": 5.332746393765455, "rgb": "#000000", "zyx": [16, 64, 64]}