{"p": 0.425, "barbin": 0, "corr": 0.01136526744812727, "timescale": 3.6706905160710908, "rgb": "#000000", "zyx": [27, 50, 59]}