{"p": 0.899, "barbin": 0, "corr": -0.07670022547245026, "timescale": 5.62768989914538, "rgb": "#000000", "zyx": [9, 33, 48]}