{"p": 0.913, "barbin": 0, "corr": -0.06757761538028717, "timescale": 2.5483787023256395, "rgb": "#000000", "zyx": [16, 35, 40]}