{"p": 0.32, "barbin": 0, "corr": 0.004485976882278919, "timescale": 3.78676850954495, "rgb": "#000000", "zyx": [10, 53, 63]}