{"p": 0.223, "barbin": 0, "corr": 0.04574877396225929, "timescale": 6.465106757167521, "rgb": "#000000", "zyx": [3, 46, 65]}