{"p": 0.172, "barbin": 0, "corr": 0.05232646316289902, "timescale": 2.5849625007211596, "rgb": "#000000", "zyx": [20, 77, 40]}