{"p": 0.0, "barbin": 4, "corr": 0.3203558027744293, "timescale": 6.227471712317926, "rgb": "#000000", "zyx": [16, 46, 67]}