{"p": 0.975, "barbin": 0, "corr": -0.1134454533457756, "timescale": 1.820375265834411, "rgb": "#000000", "zyx": [27, 58, 61]}