{"p": 0.335, "barbin": 0, "corr": 0.02442266419529915, "timescale": 3.371250995526133, "rgb": "#000000", "zyx": [14, 41, 54]}