{"p": 0.813, "barbin": 0, "corr": -0.02993740513920784, "timescale": 5.029220507543031, "rgb": "#000000", "zyx": [8, 29, 42]}