{"p": 0.077, "barbin": 0, "corr": 0.08683166652917862, "timescale": 7.284446075364058, "rgb": "#000000", "zyx": [23, 40, 54]}