{"p": 0.0, "barbin": 4, "corr": 0.25058022141456604, "timescale": 7.412839210285853, "rgb": "#000000", "zyx": [3, 72, 68]}