{"p": 0.368, "barbin": 0, "corr": 0.001040755189023912, "timescale": 7.5848841425276845, "rgb": "#000000", "zyx": [8, 24, 50]}