{"p": 0.634, "barbin": 0, "corr": -0.021554725244641304, "timescale": 3.614288260460432, "rgb": "#000000", "zyx": [15, 62, 37]}