{"p": 0.026, "barbin": 1, "corr": 0.11337770521640778, "timescale": 1.8201900334686238, "rgb": "#000000", "zyx": [3, 40, 42]}