{"p": 0.257, "barbin": 0, "corr": 0.013419331051409245, "timescale": 1.6382240730617408, "rgb": "#000000", "zyx": [13, 28, 60]}