{"p": 0.224, "barbin": 0, "corr": 0.03882507234811783, "timescale": 4.72846071777801, "rgb": "#000000", "zyx": [22, 69, 69]}