{"p": 0.777, "barbin": 0, "corr": -0.04709559679031372, "timescale": 5.990124023817453, "rgb": "#000000", "zyx": [16, 18, 49]}