{"p": 0.682, "barbin": 0, "corr": -0.000908155576325953, "timescale": 2.568866129476936, "rgb": "#000000", "zyx": [8, 63, 77]}