{"p": 0.031, "barbin": 0, "corr": 0.08611811697483063, "timescale": 6.885996050871199, "rgb": "#000000", "zyx": [12, 48, 31]}