{"p": 0.976, "barbin": 0, "corr": -0.10521473735570908, "timescale": 4.220240056234352, "rgb": "#000000", "zyx": [6, 70, 45]}