{"p": 0.974, "barbin": 0, "corr": -0.11033899337053299, "timescale": 6.783891174494384, "rgb": "#000000", "zyx": [3, 35, 43]}