{"p": 0.803, "barbin": 0, "corr": -0.04843713715672493, "timescale": 6.584961970387382, "rgb": "#000000", "zyx": [20, 83, 44]}