{"p": 0.602, "barbin": 0, "corr": -0.015757646411657333, "timescale": 5.676968323455877, "rgb": "#000000", "zyx": [19, 51, 65]}