{"p": 0.096, "barbin": 0, "corr": 0.07570337504148483, "timescale": 7.58199384127103, "rgb": "#000000", "zyx": [18, 82, 60]}