{"p": 0.006, "barbin": 1, "corr": 0.10595500469207764, "timescale": 6.525049618246281, "rgb": "#000000", "zyx": [5, 34, 35]}