{"p": 0.818, "barbin": 0, "corr": -0.054615698754787445, "timescale": 3.9019224557994727, "rgb": "#000000", "zyx": [13, 56, 41]}