{"p": 0.303, "barbin": 0, "corr": 0.01428531575948, "timescale": 5.612815096519108, "rgb": "#000000", "zyx": [5, 90, 41]}