{"p": 0.058, "barbin": 0, "corr": 0.06652256846427917, "timescale": 6.921125737851891, "rgb": "#000000", "zyx": [3, 46, 30]}