{"p": 0.0, "barbin": 4, "corr": 0.41057562828063965, "timescale": 6.9938225449362985, "rgb": "#000000", "zyx": [14, 75, 54]}