{"p": 0.318, "barbin": 0, "corr": 0.02013593353331089, "timescale": 3.7873605091994227, "rgb": "#000000", "zyx": [10, 90, 60]}