{"p": 0.0, "barbin": 2, "corr": 0.18631598353385925, "timescale": 7.1813619634385075, "rgb": "#000000", "zyx": [19, 72, 72]}