{"p": 0.02, "barbin": 1, "corr": 0.12164052575826645, "timescale": 7.359361197489147, "rgb": "#000000", "zyx": [2, 71, 71]}