{"p": 0.83, "barbin": 0, "corr": -0.02809458039700985, "timescale": 1.5849727656375128, "rgb": "#000000", "zyx": [21, 34, 58]}