{"p": 0.0, "barbin": 4, "corr": 0.2937490940093994, "timescale": 6.5108964869741905, "rgb": "#000000", "zyx": [17, 65, 50]}