{"p": 0.727, "barbin": 0, "corr": -0.03742661327123642, "timescale": 1.6163547424543618, "rgb": "#000000", "zyx": [3, 50, 28]}