{"p": 0.614, "barbin": 0, "corr": -0.01923227310180664, "timescale": 6.915026209123406, "rgb": "#000000", "zyx": [21, 78, 63]}