{"p": 0.673, "barbin": 0, "corr": -0.024533050134778023, "timescale": 7.558782893573037, "rgb": "#000000", "zyx": [1, 83, 41]}