{"p": 0.804, "barbin": 0, "corr": -0.05475138872861862, "timescale": 8.284150307390766, "rgb": "#000000", "zyx": [18, 56, 42]}