{"p": 0.619, "barbin": 0, "corr": -0.01689186692237854, "timescale": 2.584282010586891, "rgb": "#000000", "zyx": [16, 71, 66]}