{"p": 0.857, "barbin": 0, "corr": -0.010383227840065956, "timescale": 4.635631648349382, "rgb": "#000000", "zyx": [18, 66, 61]}