{"p": 0.282, "barbin": 0, "corr": 0.029349487274885178, "timescale": 7.558836483555908, "rgb": "#000000", "zyx": [20, 49, 65]}