{"p": 0.184, "barbin": 0, "corr": 0.052393436431884766, "timescale": 4.271990901196948, "rgb": "#000000", "zyx": [5, 67, 61]}