{"p": 0.597, "barbin": 0, "corr": -0.014469871297478676, "timescale": 2.837332626145124, "rgb": "#000000", "zyx": [13, 89, 62]}