{"p": 0.0, "barbin": 2, "corr": 0.19525420665740967, "timescale": 6.859752182134326, "rgb": "#000000", "zyx": [23, 28, 47]}