{"p": 0.562, "barbin": 0, "corr": -0.0024542505852878094, "timescale": 6.352968103362004, "rgb": "#000000", "zyx": [22, 38, 38]}