{"p": 0.002, "barbin": 2, "corr": 0.17609518766403198, "timescale": 8.228001985969184, "rgb": "#000000", "zyx": [18, 23, 37]}