{"p": 0.308, "barbin": 0, "corr": 0.013929728418588638, "timescale": 8.005177553150737, "rgb": "#000000", "zyx": [9, 81, 77]}