{"p": 0.111, "barbin": 0, "corr": 0.07443129271268845, "timescale": 2.750028230739558, "rgb": "#000000", "zyx": [18, 61, 49]}