{"p": 0.286, "barbin": 0, "corr": 0.024394769221544266, "timescale": 5.515713306352613, "rgb": "#000000", "zyx": [18, 45, 52]}