{"p": 0.17, "barbin": 0, "corr": 0.05689626559615135, "timescale": 6.523914684963122, "rgb": "#000000", "zyx": [13, 44, 74]}