{"p": 0.196, "barbin": 0, "corr": 0.05425674840807915, "timescale": 4.594920955830224, "rgb": "#000000", "zyx": [7, 32, 68]}