{"p": 0.448, "barbin": 0, "corr": 0.00017090403707697988, "timescale": 3.8544798297186746, "rgb": "#000000", "zyx": [20, 48, 63]}