{"p": 0.999, "barbin": 0, "corr": -0.16898104548454285, "timescale": 6.55029015199613, "rgb": "#000000", "zyx": [4, 77, 54]}