{"p": 0.119, "barbin": 0, "corr": 0.07016501575708389, "timescale": 6.268169926868505, "rgb": "#000000", "zyx": [17, 51, 35]}