{"p": 0.951, "barbin": 0, "corr": -0.09875421971082687, "timescale": 1.6077519519563308, "rgb": "#000000", "zyx": [18, 39, 56]}