{"p": 0.374, "barbin": 0, "corr": 0.011394063010811806, "timescale": 2.593302212635833, "rgb": "#000000", "zyx": [17, 45, 58]}