{"p": 0.0, "barbin": 3, "corr": 0.2202131301164627, "timescale": 8.584816374907492, "rgb": "#000000", "zyx": [9, 77, 60]}