{"p": 0.06, "barbin": 0, "corr": 0.011134558357298374, "timescale": 2.835889510611573, "rgb": "#000000", "zyx": [12, 34, 74]}