{"p": 1.0, "barbin": 0, "corr": -0.2314729541540146, "timescale": 6.586745776331139, "rgb": "#000000", "zyx": [9, 78, 43]}