{"p": 0.447, "barbin": 0, "corr": 0.0003802477731369436, "timescale": 3.586875179525472, "rgb": "#000000", "zyx": [6, 94, 45]}