{"p": 0.16, "barbin": 0, "corr": 0.06135588884353638, "timescale": 6.140072673603613, "rgb": "#000000", "zyx": [5, 82, 57]}