{"p": 0.688, "barbin": 0, "corr": -0.028240744024515152, "timescale": 5.584965442460053, "rgb": "#000000", "zyx": [18, 62, 42]}