{"p": 0.814, "barbin": 0, "corr": -0.0551435686647892, "timescale": 7.440651791604088, "rgb": "#000000", "zyx": [16, 61, 73]}