{"p": 0.501, "barbin": 0, "corr": 0.0006361282430589199, "timescale": 4.1494496205734785, "rgb": "#000000", "zyx": [21, 39, 71]}