{"p": 0.0, "barbin": 4, "corr": 0.39013227820396423, "timescale": 8.04821108831643, "rgb": "#000000", "zyx": [22, 42, 65]}