{"p": 0.0, "barbin": 4, "corr": 0.3525572717189789, "timescale": 6.462378044519286, "rgb": "#000000", "zyx": [15, 77, 73]}