{"p": 0.09, "barbin": 0, "corr": 0.05842434614896774, "timescale": 5.374922219752554, "rgb": "#000000", "zyx": [9, 64, 42]}