{"p": 0.092, "barbin": 0, "corr": 0.05050010234117508, "timescale": 6.411887952180892, "rgb": "#000000", "zyx": [13, 30, 54]}