{"p": 0.616, "barbin": 0, "corr": -0.01792668178677559, "timescale": 8.436446702109368, "rgb": "#000000", "zyx": [14, 16, 52]}