{"p": 0.0, "barbin": 3, "corr": 0.23383909463882446, "timescale": 6.866286099350052, "rgb": "#000000", "zyx": [23, 39, 58]}