{"p": 0.2, "barbin": 0, "corr": 0.04605555906891823, "timescale": 8.334559482351303, "rgb": "#000000", "zyx": [14, 56, 48]}