{"p": 0.921, "barbin": 0, "corr": -0.08284128457307816, "timescale": 5.577013610339815, "rgb": "#000000", "zyx": [18, 48, 72]}