{"p": 0.554, "barbin": 0, "corr": -0.010596401989459991, "timescale": 5.50684340776553, "rgb": "#000000", "zyx": [17, 29, 51]}