{"p": 0.0, "barbin": 3, "corr": 0.2223026305437088, "timescale": 6.508250172871506, "rgb": "#000000", "zyx": [13, 77, 73]}