{"p": 0.805, "barbin": 0, "corr": -0.04364006966352463, "timescale": 2.5975647398817014, "rgb": "#000000", "zyx": [21, 61, 67]}