{"p": 0.416, "barbin": 0, "corr": 0.01233009621500969, "timescale": 4.315145465708929, "rgb": "#000000", "zyx": [12, 50, 35]}