{"p": 0.995, "barbin": 0, "corr": -0.16572679579257965, "timescale": 8.584962500721156, "rgb": "#000000", "zyx": [6, 42, 64]}