{"p": 0.21, "barbin": 0, "corr": 0.0189515333622694, "timescale": 8.584542455313782, "rgb": "#000000", "zyx": [19, 88, 49]}