{"p": 0.0, "barbin": 4, "corr": 0.32931140065193176, "timescale": 7.584506717138395, "rgb": "#000000", "zyx": [10, 86, 39]}