{"p": 0.597, "barbin": 0, "corr": -0.013428378850221634, "timescale": 6.512760422658465, "rgb": "#000000", "zyx": [4, 46, 73]}