{"p": 0.013, "barbin": 1, "corr": 0.1211264580488205, "timescale": 6.274689697875198, "rgb": "#000000", "zyx": [9, 65, 29]}