{"p": 0.002, "barbin": 3, "corr": 0.21172885596752167, "timescale": 6.148936307519615, "rgb": "#000000", "zyx": [7, 39, 34]}