{"p": 0.58, "barbin": 0, "corr": -0.013786150142550468, "timescale": 5.35565072055458, "rgb": "#000000", "zyx": [12, 66, 30]}