{"p": 0.095, "barbin": 0, "corr": 0.026324240490794182, "timescale": 2.0023685657200545, "rgb": "#000000", "zyx": [20, 35, 61]}