{"p": 0.106, "barbin": 0, "corr": 0.06812825798988342, "timescale": 6.360548889466758, "rgb": "#000000", "zyx": [22, 29, 51]}