{"p": 0.153, "barbin": 0, "corr": 0.061805468052625656, "timescale": 5.328351926899565, "rgb": "#000000", "zyx": [9, 34, 66]}