{"p": 0.94, "barbin": 0, "corr": -0.012384621426463127, "timescale": 6.4642157834790686, "rgb": "#000000", "zyx": [15, 21, 39]}