{"p": 0.592, "barbin": 0, "corr": -0.010783480480313301, "timescale": 7.45508985441163, "rgb": "#000000", "zyx": [7, 48, 80]}