{"p": 0.356, "barbin": 0, "corr": 0.017585307359695435, "timescale": 5.626148928428497, "rgb": "#000000", "zyx": [17, 73, 58]}