{"p": 0.582, "barbin": 0, "corr": -4.529496072791517e-05, "timescale": 2.906943799072562, "rgb": "#000000", "zyx": [17, 77, 44]}