{"p": 0.888, "barbin": 0, "corr": -0.05779067799448967, "timescale": 6.468002820170037, "rgb": "#000000", "zyx": [23, 76, 60]}