{"p": 0.608, "barbin": 0, "corr": -0.013242270797491074, "timescale": 6.1519524743864125, "rgb": "#000000", "zyx": [7, 66, 49]}