{"p": 0.582, "barbin": 0, "corr": -0.010135479271411896, "timescale": 6.436288019081929, "rgb": "#000000", "zyx": [4, 83, 35]}