{"p": 0.028, "barbin": 1, "corr": 0.11252058297395706, "timescale": 7.176684480116862, "rgb": "#000000", "zyx": [2, 68, 71]}