{"p": 0.598, "barbin": 0, "corr": -0.015688952058553696, "timescale": 5.585613449753948, "rgb": "#000000", "zyx": [19, 50, 74]}