{"p": 0.674, "barbin": 0, "corr": -0.02874188870191574, "timescale": 5.232215656429478, "rgb": "#000000", "zyx": [9, 73, 58]}