{"p": 0.001, "barbin": 2, "corr": 0.1787860095500946, "timescale": 6.558400984159109, "rgb": "#000000", "zyx": [16, 21, 58]}