{"p": 0.887, "barbin": 0, "corr": -0.05807820335030556, "timescale": 2.7268042706454505, "rgb": "#000000", "zyx": [20, 50, 42]}