{"p": 0.162, "barbin": 0, "corr": 0.006958970800042152, "timescale": 3.3240188287841765, "rgb": "#000000", "zyx": [19, 85, 40]}