{"p": 0.003, "barbin": 2, "corr": 0.16005949676036835, "timescale": 6.397747593504104, "rgb": "#000000", "zyx": [17, 24, 42]}