{"p": 0.019, "barbin": 0, "corr": 0.09469915181398392, "timescale": 7.416624128516133, "rgb": "#000000", "zyx": [10, 30, 64]}