{"p": 0.354, "barbin": 0, "corr": 0.018213797360658646, "timescale": 5.02265873025921, "rgb": "#000000", "zyx": [2, 76, 73]}