{"p": 0.92, "barbin": 0, "corr": -0.07829593867063522, "timescale": 7.39987331151486, "rgb": "#000000", "zyx": [17, 82, 63]}