{"p": 0.264, "barbin": 0, "corr": 0.03639944642782211, "timescale": 7.485982095018527, "rgb": "#000000", "zyx": [17, 36, 34]}