{"p": 0.695, "barbin": 0, "corr": -0.03179509565234184, "timescale": 6.384274973064601, "rgb": "#000000", "zyx": [11, 29, 42]}