{"p": 0.639, "barbin": 0, "corr": -0.019113894551992416, "timescale": 5.716666745410986, "rgb": "#000000", "zyx": [2, 80, 72]}