{"p": 0.115, "barbin": 0, "corr": 0.06586835533380508, "timescale": 8.289107084231322, "rgb": "#000000", "zyx": [17, 57, 75]}