{"p": 0.293, "barbin": 0, "corr": 0.019521240144968033, "timescale": 7.1833655229423705, "rgb": "#000000", "zyx": [24, 31, 52]}