{"p": 0.255, "barbin": 0, "corr": 0.03799959272146225, "timescale": 5.812015332168396, "rgb": "#000000", "zyx": [5, 95, 49]}