{"p": 0.928, "barbin": 0, "corr": -0.0846269354224205, "timescale": 6.584962267059579, "rgb": "#000000", "zyx": [9, 88, 48]}