{"p": 0.5, "barbin": 0, "corr": -0.0012513473629951477, "timescale": 6.225896165542361, "rgb": "#000000", "zyx": [26, 65, 52]}