{"p": 0.481, "barbin": 0, "corr": -0.0011542262509465218, "timescale": 4.089982708111904, "rgb": "#000000", "zyx": [10, 91, 63]}