{"p": 0.329, "barbin": 0, "corr": 0.02491421438753605, "timescale": 3.373163852804965, "rgb": "#000000", "zyx": [5, 81, 44]}