{"p": 0.018, "barbin": 0, "corr": 0.058328140527009964, "timescale": 3.571003078502251, "rgb": "#000000", "zyx": [4, 86, 61]}