{"p": 0.168, "barbin": 0, "corr": 0.015513922087848186, "timescale": 1.6035023690742851, "rgb": "#000000", "zyx": [12, 20, 66]}