{"p": 0.087, "barbin": 0, "corr": 0.08107773214578629, "timescale": 7.0871399160275566, "rgb": "#000000", "zyx": [24, 45, 42]}