{"p": 0.115, "barbin": 0, "corr": 0.0017488712910562754, "timescale": 7.174652889303407, "rgb": "#000000", "zyx": [19, 70, 57]}