{"p": 0.319, "barbin": 0, "corr": 0.027272919192910194, "timescale": 3.3650429470042984, "rgb": "#000000", "zyx": [7, 48, 51]}