{"p": 0.361, "barbin": 0, "corr": 0.02152986265718937, "timescale": 2.4360754684675348, "rgb": "#000000", "zyx": [15, 33, 60]}