{"p": 0.116, "barbin": 0, "corr": 0.06737275421619415, "timescale": 5.517743347651956, "rgb": "#000000", "zyx": [5, 68, 43]}