{"p": 0.02, "barbin": 1, "corr": 0.10108868032693863, "timescale": 7.25255997273358, "rgb": "#000000", "zyx": [9, 90, 66]}