{"p": 0.114, "barbin": 0, "corr": 0.06848709285259247, "timescale": 4.653706095977999, "rgb": "#000000", "zyx": [11, 73, 45]}