{"p": 0.961, "barbin": 0, "corr": -0.006213794462382793, "timescale": 3.996976573442353, "rgb": "#000000", "zyx": [1, 89, 38]}