{"p": 0.227, "barbin": 0, "corr": 0.017391515895724297, "timescale": 3.561896423282942, "rgb": "#000000", "zyx": [20, 50, 36]}