{"p": 0.098, "barbin": 0, "corr": 0.046538952738046646, "timescale": 7.584911041145359, "rgb": "#000000", "zyx": [4, 45, 26]}