{"p": 0.268, "barbin": 0, "corr": 0.03417351096868515, "timescale": 4.5880449432148245, "rgb": "#000000", "zyx": [17, 80, 59]}