{"p": 0.077, "barbin": 0, "corr": 0.07987207174301147, "timescale": 6.279940097283814, "rgb": "#000000", "zyx": [20, 69, 45]}