{"p": 0.381, "barbin": 0, "corr": 0.015391104854643345, "timescale": 4.067229666381339, "rgb": "#000000", "zyx": [17, 33, 56]}