{"p": 0.259, "barbin": 0, "corr": 0.036125969141721725, "timescale": 6.087849144297656, "rgb": "#000000", "zyx": [14, 32, 42]}