{"p": 0.272, "barbin": 0, "corr": 0.0341360941529274, "timescale": 5.520285873511879, "rgb": "#000000", "zyx": [8, 36, 68]}