{"p": 0.664, "barbin": 0, "corr": -0.00818380992859602, "timescale": 4.584962572160799, "rgb": "#000000", "zyx": [12, 64, 53]}