{"p": 0.87, "barbin": 0, "corr": -0.056671444326639175, "timescale": 6.584962500721156, "rgb": "#000000", "zyx": [15, 21, 55]}