{"p": 0.988, "barbin": 0, "corr": -0.1236121878027916, "timescale": 2.5850217226584578, "rgb": "#000000", "zyx": [10, 77, 78]}