{"p": 0.073, "barbin": 0, "corr": 0.08156899362802505, "timescale": 6.597515572043453, "rgb": "#000000", "zyx": [6, 43, 55]}