{"p": 0.232, "barbin": 0, "corr": 0.018148943781852722, "timescale": 6.566931368329071, "rgb": "#000000", "zyx": [17, 40, 71]}