{"p": 0.101, "barbin": 0, "corr": 0.07543493062257767, "timescale": 8.584827424114664, "rgb": "#000000", "zyx": [17, 71, 37]}