{"p": 0.017, "barbin": 1, "corr": 0.11312282085418701, "timescale": 5.934844807048387, "rgb": "#000000", "zyx": [8, 52, 71]}