{"p": 0.0, "barbin": 3, "corr": 0.20839567482471466, "timescale": 4.486108724783447, "rgb": "#000000", "zyx": [12, 86, 58]}