{"p": 0.021, "barbin": 1, "corr": 0.11149179935455322, "timescale": 5.780407712683936, "rgb": "#000000", "zyx": [24, 32, 56]}