{"p": 0.119, "barbin": 0, "corr": 0.037515901029109955, "timescale": 4.7525087407696045, "rgb": "#000000", "zyx": [11, 65, 68]}