{"p": 0.619, "barbin": 0, "corr": -0.013652671128511429, "timescale": 7.52581733247811, "rgb": "#000000", "zyx": [2, 51, 41]}