{"p": 0.039, "barbin": 0, "corr": 0.09338660538196564, "timescale": 8.314298042378885, "rgb": "#000000", "zyx": [3, 81, 45]}