{"p": 0.761, "barbin": 0, "corr": -0.04257340356707573, "timescale": 4.455145603658665, "rgb": "#000000", "zyx": [16, 64, 76]}