{"p": 0.0, "barbin": 0, "corr": 0.03260365128517151, "timescale": 3.8436354534330133, "rgb": "#000000", "zyx": [24, 50, 51]}