{"p": 0.113, "barbin": 0, "corr": 0.07085854560136795, "timescale": 5.634815281935387, "rgb": "#000000", "zyx": [4, 91, 51]}