{"p": 0.017, "barbin": 1, "corr": 0.12903137505054474, "timescale": 1.9170635356314956, "rgb": "#000000", "zyx": [19, 58, 60]}