{"p": 0.0, "barbin": 4, "corr": 0.2833419442176819, "timescale": 7.311751151332225, "rgb": "#000000", "zyx": [13, 22, 48]}