{"p": 0.369, "barbin": 0, "corr": 0.022666890174150467, "timescale": 6.079531623928828, "rgb": "#000000", "zyx": [12, 52, 49]}