{"p": 0.975, "barbin": 0, "corr": -0.1171264573931694, "timescale": 3.917992970862555, "rgb": "#000000", "zyx": [21, 61, 55]}