{"p": 0.298, "barbin": 0, "corr": 0.03237738460302353, "timescale": 8.565331203320047, "rgb": "#000000", "zyx": [20, 72, 71]}