{"p": 0.58, "barbin": 0, "corr": -0.013507271185517311, "timescale": 6.080923232372347, "rgb": "#000000", "zyx": [7, 93, 53]}