{"p": 0.697, "barbin": 0, "corr": -2.7079388019046746e-05, "timescale": 3.2588210718235913, "rgb": "#000000", "zyx": [4, 68, 24]}