{"p": 0.099, "barbin": 0, "corr": 0.07154037058353424, "timescale": 3.8591842164569474, "rgb": "#000000", "zyx": [6, 61, 75]}