{"p": 0.002, "barbin": 2, "corr": 0.18888916075229645, "timescale": 8.109607673826357, "rgb": "#000000", "zyx": [17, 82, 70]}