{"p": 0.651, "barbin": 0, "corr": -0.011657211929559708, "timescale": 4.153278495414828, "rgb": "#000000", "zyx": [0, 89, 61]}