{"p": 0.38, "barbin": 0, "corr": 0.019651195034384727, "timescale": 5.228469898275025, "rgb": "#000000", "zyx": [4, 39, 36]}