{"p": 0.026, "barbin": 1, "corr": 0.1209811195731163, "timescale": 6.234635640118017, "rgb": "#000000", "zyx": [15, 82, 41]}