{"p": 0.233, "barbin": 0, "corr": 0.043352384120225906, "timescale": 5.377496071827797, "rgb": "#000000", "zyx": [9, 72, 80]}