{"p": 0.0, "barbin": 4, "corr": 0.2517220973968506, "timescale": 7.000508940373996, "rgb": "#000000", "zyx": [10, 76, 72]}