{"p": 0.176, "barbin": 0, "corr": 0.058971717953681946, "timescale": 1.809696638218834, "rgb": "#000000", "zyx": [15, 58, 40]}