{"p": 0.383, "barbin": 0, "corr": 0.015258276835083961, "timescale": 4.340709138034657, "rgb": "#000000", "zyx": [10, 91, 57]}