{"p": 0.184, "barbin": 0, "corr": 0.036061808466911316, "timescale": 6.281916938867859, "rgb": "#000000", "zyx": [12, 65, 47]}