{"p": 0.833, "barbin": 0, "corr": -0.007768948562443256, "timescale": 3.5846084270967493, "rgb": "#000000", "zyx": [13, 56, 68]}