{"p": 0.85, "barbin": 0, "corr": -0.060507550835609436, "timescale": 6.479969536787305, "rgb": "#000000", "zyx": [13, 32, 41]}