{"p": 0.0, "barbin": 2, "corr": 0.15788081288337708, "timescale": 7.578809495530462, "rgb": "#000000", "zyx": [4, 74, 59]}