{"p": 0.0, "barbin": 1, "corr": 0.10450631380081177, "timescale": 7.718630901055301, "rgb": "#000000", "zyx": [20, 21, 50]}