{"p": 0.49, "barbin": 0, "corr": 0.004788885358721018, "timescale": 7.314055175489958, "rgb": "#000000", "zyx": [23, 52, 34]}