{"p": 0.851, "barbin": 0, "corr": -0.06067890673875809, "timescale": 3.584962500721156, "rgb": "#000000", "zyx": [10, 15, 46]}