{"p": 0.351, "barbin": 0, "corr": 0.004872777499258518, "timescale": 4.698563553034948, "rgb": "#000000", "zyx": [18, 65, 63]}