{"p": 0.422, "barbin": 0, "corr": 0.003146340139210224, "timescale": 7.928510573631399, "rgb": "#000000", "zyx": [20, 63, 70]}