{"p": 0.019, "barbin": 0, "corr": 0.09961458295583725, "timescale": 8.42078483498552, "rgb": "#000000", "zyx": [14, 31, 74]}