{"p": 0.642, "barbin": 0, "corr": -0.019344141706824303, "timescale": 8.570919955735814, "rgb": "#000000", "zyx": [4, 73, 57]}