{"p": 0.885, "barbin": 0, "corr": -0.03123011253774166, "timescale": 7.680877252718281, "rgb": "#000000", "zyx": [2, 91, 40]}