{"p": 0.864, "barbin": 0, "corr": -0.06109911948442459, "timescale": 4.68567543473711, "rgb": "#000000", "zyx": [4, 34, 68]}