{"p": 0.308, "barbin": 0, "corr": 0.03002394177019596, "timescale": 6.259406095877621, "rgb": "#000000", "zyx": [20, 63, 64]}