{"p": 0.0, "barbin": 3, "corr": 0.23227471113204956, "timescale": 7.480789842102654, "rgb": "#000000", "zyx": [2, 76, 41]}