{"p": 0.014, "barbin": 1, "corr": 0.13608159124851227, "timescale": 1.8959997089937455, "rgb": "#000000", "zyx": [7, 73, 23]}