{"p": 0.0, "barbin": 3, "corr": 0.22640351951122284, "timescale": 6.449685752637927, "rgb": "#000000", "zyx": [5, 36, 36]}