{"p": 0.071, "barbin": 0, "corr": 0.086778923869133, "timescale": 7.402846430122383, "rgb": "#000000", "zyx": [19, 83, 41]}