{"p": 0.311, "barbin": 0, "corr": 0.025378098711371422, "timescale": 3.6248474190617204, "rgb": "#000000", "zyx": [26, 66, 55]}