{"p": 0.321, "barbin": 0, "corr": 0.022380318492650986, "timescale": 5.626384589302169, "rgb": "#000000", "zyx": [23, 68, 40]}