{"p": 0.208, "barbin": 0, "corr": 0.04567573964595795, "timescale": 5.584920018657245, "rgb": "#000000", "zyx": [23, 76, 54]}