{"p": 0.424, "barbin": 0, "corr": 0.007355235517024994, "timescale": 5.607057421012405, "rgb": "#000000", "zyx": [8, 43, 56]}