{"p": 0.825, "barbin": 0, "corr": -0.052958033978939056, "timescale": 6.398348386845764, "rgb": "#000000", "zyx": [10, 72, 69]}