{"p": 0.294, "barbin": 0, "corr": 0.032276175916194916, "timescale": 7.5622336168806426, "rgb": "#000000", "zyx": [24, 63, 69]}