{"p": 0.412, "barbin": 0, "corr": 9.343327837996185e-05, "timescale": 8.071567621987603, "rgb": "#000000", "zyx": [11, 68, 38]}