{"p": 0.674, "barbin": 0, "corr": -0.02785595878958702, "timescale": 2.0426576417377866, "rgb": "#000000", "zyx": [26, 66, 43]}