{"p": 0.838, "barbin": 0, "corr": -0.05748696252703667, "timescale": 8.57744762645656, "rgb": "#000000", "zyx": [22, 78, 43]}