{"p": 0.772, "barbin": 0, "corr": -0.03876491263508797, "timescale": 4.582234447558609, "rgb": "#000000", "zyx": [16, 35, 57]}