{"p": 0.004, "barbin": 1, "corr": 0.14542822539806366, "timescale": 6.532309188655017, "rgb": "#000000", "zyx": [16, 79, 39]}