{"p": 0.026, "barbin": 1, "corr": 0.10715392231941223, "timescale": 7.846126583871803, "rgb": "#000000", "zyx": [23, 42, 53]}