{"p": 0.681, "barbin": 0, "corr": -0.025979183614253998, "timescale": 1.9636542612926486, "rgb": "#000000", "zyx": [15, 57, 69]}