{"p": 0.73, "barbin": 0, "corr": -0.02323555201292038, "timescale": 8.584962500721156, "rgb": "#000000", "zyx": [11, 48, 64]}