{"p": 0.0, "barbin": 4, "corr": 0.27905771136283875, "timescale": 6.18216802734184, "rgb": "#000000", "zyx": [14, 79, 39]}