{"p": 0.925, "barbin": 0, "corr": -0.08116304129362106, "timescale": 5.178172346167532, "rgb": "#000000", "zyx": [6, 50, 42]}