{"p": 0.808, "barbin": 0, "corr": -0.047424882650375366, "timescale": 8.018263806124576, "rgb": "#000000", "zyx": [5, 47, 27]}