{"p": 0.052, "barbin": 0, "corr": 0.09861475974321365, "timescale": 7.2973176974314224, "rgb": "#000000", "zyx": [17, 23, 45]}