{"p": 0.131, "barbin": 0, "corr": 0.06478070467710495, "timescale": 6.439759514105213, "rgb": "#000000", "zyx": [11, 15, 49]}