{"p": 0.156, "barbin": 0, "corr": 0.05907563492655754, "timescale": 8.584634956654092, "rgb": "#000000", "zyx": [9, 83, 37]}