{"p": 0.109, "barbin": 0, "corr": 0.06677009165287018, "timescale": 2.6119872014310705, "rgb": "#000000", "zyx": [15, 44, 38]}