{"p": 0.29, "barbin": 0, "corr": 0.03528895974159241, "timescale": 5.293353096320681, "rgb": "#000000", "zyx": [10, 42, 29]}