{"p": 0.137, "barbin": 0, "corr": 0.06237981095910072, "timescale": 7.23374073298329, "rgb": "#000000", "zyx": [15, 59, 68]}