{"p": 0.502, "barbin": 0, "corr": 0.0015204092487692833, "timescale": 7.38176953093195, "rgb": "#000000", "zyx": [15, 46, 50]}