{"p": 0.572, "barbin": 0, "corr": -0.005215912126004696, "timescale": 5.110172781264488, "rgb": "#000000", "zyx": [17, 33, 59]}