{"p": 0.351, "barbin": 0, "corr": 0.002913018222898245, "timescale": 4.631261263773914, "rgb": "#000000", "zyx": [23, 68, 42]}