{"p": 0.279, "barbin": 0, "corr": 0.03194136172533035, "timescale": 4.2142221250464305, "rgb": "#000000", "zyx": [17, 45, 27]}