{"p": 0.793, "barbin": 0, "corr": -0.04849250242114067, "timescale": 4.584775449642352, "rgb": "#000000", "zyx": [12, 28, 54]}