{"p": 0.0, "barbin": 1, "corr": 0.13140229880809784, "timescale": 3.664159752571092, "rgb": "#000000", "zyx": [10, 59, 29]}