{"p": 0.0, "barbin": 4, "corr": 0.25974538922309875, "timescale": 6.239400121932555, "rgb": "#000000", "zyx": [11, 49, 29]}