{"p": 0.075, "barbin": 0, "corr": 0.07459111511707306, "timescale": 3.678307566259306, "rgb": "#000000", "zyx": [15, 54, 33]}