{"p": 0.184, "barbin": 0, "corr": 0.053393349051475525, "timescale": 5.592517713632366, "rgb": "#000000", "zyx": [19, 43, 56]}