{"p": 0.258, "barbin": 0, "corr": 0.040550362318754196, "timescale": 2.6295558309787683, "rgb": "#000000", "zyx": [13, 61, 72]}