{"p": 0.257, "barbin": 0, "corr": 0.022695697844028473, "timescale": 7.064065559463696, "rgb": "#000000", "zyx": [12, 90, 60]}