{"p": 0.282, "barbin": 0, "corr": 0.03060835227370262, "timescale": 6.354581236207507, "rgb": "#000000", "zyx": [24, 66, 39]}