{"p": 0.123, "barbin": 0, "corr": 0.06765592098236084, "timescale": 6.249376993871322, "rgb": "#000000", "zyx": [19, 70, 50]}