{"p": 0.841, "barbin": 0, "corr": -0.042204417288303375, "timescale": 5.479318554104006, "rgb": "#000000", "zyx": [23, 30, 56]}