{"p": 0.881, "barbin": 0, "corr": -0.06742454320192337, "timescale": 3.6303415839914277, "rgb": "#000000", "zyx": [12, 44, 63]}