{"p": 0.014, "barbin": 1, "corr": 0.136607825756073, "timescale": 6.868348167967541, "rgb": "#000000", "zyx": [14, 85, 44]}