{"p": 0.044, "barbin": 1, "corr": 0.1075255423784256, "timescale": 8.052178361476642, "rgb": "#000000", "zyx": [17, 68, 50]}