{"p": 0.771, "barbin": 0, "corr": -0.03813242167234421, "timescale": 6.586066427492532, "rgb": "#000000", "zyx": [8, 48, 49]}