{"p": 0.859, "barbin": 0, "corr": -0.056056343019008636, "timescale": 8.291555701692385, "rgb": "#000000", "zyx": [14, 29, 47]}