{"p": 0.529, "barbin": 0, "corr": -0.006859207525849342, "timescale": 4.292907617353035, "rgb": "#000000", "zyx": [7, 77, 28]}