{"p": 0.103, "barbin": 0, "corr": 0.07529360800981522, "timescale": 2.5561781238890173, "rgb": "#000000", "zyx": [10, 20, 45]}