{"p": 0.933, "barbin": 0, "corr": -0.07710203528404236, "timescale": 2.693557717134551, "rgb": "#000000", "zyx": [21, 36, 50]}