{"p": 0.202, "barbin": 0, "corr": 0.0411396324634552, "timescale": 6.600511254104534, "rgb": "#000000", "zyx": [8, 82, 57]}