{"p": 0.191, "barbin": 0, "corr": 0.0397757962346077, "timescale": 5.896500618608487, "rgb": "#000000", "zyx": [16, 64, 40]}