{"p": 0.069, "barbin": 0, "corr": 0.08727269619703293, "timescale": 6.076216059560924, "rgb": "#000000", "zyx": [23, 53, 38]}