{"p": 0.002, "barbin": 2, "corr": 0.15872371196746826, "timescale": 6.087171701190327, "rgb": "#000000", "zyx": [10, 80, 45]}