{"p": 0.07, "barbin": 0, "corr": 0.0591311939060688, "timescale": 3.585307610464813, "rgb": "#000000", "zyx": [9, 24, 51]}