{"p": 0.547, "barbin": 0, "corr": -0.007002566009759903, "timescale": 6.9271970861196435, "rgb": "#000000", "zyx": [12, 31, 57]}