{"p": 0.106, "barbin": 0, "corr": 0.06967084109783173, "timescale": 5.721235874998302, "rgb": "#000000", "zyx": [18, 75, 60]}