{"p": 0.061, "barbin": 0, "corr": 0.08601822704076767, "timescale": 5.4550613621244946, "rgb": "#000000", "zyx": [18, 24, 42]}