{"p": 0.923, "barbin": 0, "corr": -0.07906491309404373, "timescale": 4.584942070868468, "rgb": "#000000", "zyx": [20, 29, 37]}