{"p": 0.1, "barbin": 0, "corr": 0.07243609428405762, "timescale": 8.52429621772518, "rgb": "#000000", "zyx": [14, 21, 34]}