{"p": 0.87, "barbin": 0, "corr": -0.07312416285276413, "timescale": 6.532561911161817, "rgb": "#000000", "zyx": [14, 19, 45]}