{"p": 0.471, "barbin": 0, "corr": 0.00339627917855978, "timescale": 7.58485418800622, "rgb": "#000000", "zyx": [8, 29, 55]}