{"p": 0.031, "barbin": 1, "corr": 0.10492996126413345, "timescale": 6.5857661625157435, "rgb": "#000000", "zyx": [13, 27, 58]}