{"p": 0.897, "barbin": 0, "corr": -0.07286678999662399, "timescale": 5.389513235323458, "rgb": "#000000", "zyx": [14, 34, 63]}