{"p": 0.685, "barbin": 0, "corr": -0.024537120014429092, "timescale": 3.476416674361461, "rgb": "#000000", "zyx": [23, 46, 50]}