{"p": 0.242, "barbin": 0, "corr": 0.03301212191581726, "timescale": 8.582155177540146, "rgb": "#000000", "zyx": [14, 17, 59]}