{"p": 0.884, "barbin": 0, "corr": -0.04721344634890556, "timescale": 4.04166576491458, "rgb": "#000000", "zyx": [10, 93, 55]}