{"p": 0.356, "barbin": 0, "corr": 0.020032353699207306, "timescale": 5.428770980040541, "rgb": "#000000", "zyx": [19, 42, 41]}