{"p": 0.232, "barbin": 0, "corr": 0.02309081144630909, "timescale": 6.228785276533488, "rgb": "#000000", "zyx": [6, 83, 75]}