{"p": 0.302, "barbin": 0, "corr": 0.0316740944981575, "timescale": 7.580552860026643, "rgb": "#000000", "zyx": [11, 59, 22]}