{"p": 0.825, "barbin": 0, "corr": -0.04306752607226372, "timescale": 5.8312563471661285, "rgb": "#000000", "zyx": [18, 62, 45]}