{"p": 0.72, "barbin": 0, "corr": -0.03314432501792908, "timescale": 3.457687061199334, "rgb": "#000000", "zyx": [20, 54, 62]}