{"p": 0.702, "barbin": 0, "corr": -0.020785056054592133, "timescale": 3.971542017341228, "rgb": "#000000", "zyx": [18, 46, 33]}