{"p": 0.985, "barbin": 0, "corr": -0.12748727202415466, "timescale": 1.5849687486071253, "rgb": "#000000", "zyx": [24, 80, 48]}