{"p": 0.801, "barbin": 0, "corr": -0.04717379808425903, "timescale": 5.121559040703295, "rgb": "#000000", "zyx": [5, 68, 49]}