{"p": 0.098, "barbin": 0, "corr": 0.07408202439546585, "timescale": 6.406789205247522, "rgb": "#000000", "zyx": [7, 38, 40]}