{"p": 0.268, "barbin": 0, "corr": 0.013543677516281605, "timescale": 2.7988249211674305, "rgb": "#000000", "zyx": [16, 68, 58]}