{"p": 0.979, "barbin": 0, "corr": -0.1178167462348938, "timescale": 2.8818587236368196, "rgb": "#000000", "zyx": [12, 72, 41]}