{"p": 0.0, "barbin": 4, "corr": 0.312552809715271, "timescale": 7.036317910872031, "rgb": "#000000", "zyx": [25, 44, 47]}