{"p": 0.177, "barbin": 0, "corr": 0.026326503604650497, "timescale": 5.142616282371731, "rgb": "#000000", "zyx": [18, 71, 52]}