{"p": 0.81, "barbin": 0, "corr": -0.023091383278369904, "timescale": 3.585301132472287, "rgb": "#000000", "zyx": [7, 30, 64]}