{"p": 0.922, "barbin": 0, "corr": -0.08135092258453369, "timescale": 3.553596202854309, "rgb": "#000000", "zyx": [10, 52, 67]}