{"p": 0.878, "barbin": 0, "corr": -0.06950793415307999, "timescale": 6.594310115557144, "rgb": "#000000", "zyx": [8, 38, 55]}