{"p": 0.493, "barbin": 0, "corr": 0.0016668550670146942, "timescale": 5.705364673922938, "rgb": "#000000", "zyx": [21, 47, 63]}