{"p": 0.001, "barbin": 1, "corr": 0.10378632694482803, "timescale": 7.492888293222871, "rgb": "#000000", "zyx": [2, 79, 61]}