{"p": 1.0, "barbin": 0, "corr": -0.09086842089891434, "timescale": 3.2760018248083016, "rgb": "#000000", "zyx": [24, 69, 39]}