{"p": 0.009, "barbin": 0, "corr": 0.0516580268740654, "timescale": 5.5849545108558845, "rgb": "#000000", "zyx": [18, 22, 63]}