{"p": 0.438, "barbin": 0, "corr": 0.010828368365764618, "timescale": 6.73791597551422, "rgb": "#000000", "zyx": [9, 83, 72]}