{"p": 0.106, "barbin": 0, "corr": 0.07363829761743546, "timescale": 8.452941373684025, "rgb": "#000000", "zyx": [4, 49, 65]}