{"p": 0.105, "barbin": 0, "corr": 0.06565705686807632, "timescale": 4.562402715199104, "rgb": "#000000", "zyx": [22, 72, 67]}