{"p": 0.909, "barbin": 0, "corr": -0.011252181604504585, "timescale": 8.477208204432703, "rgb": "#000000", "zyx": [3, 36, 56]}