{"p": 0.0, "barbin": 4, "corr": 0.3473704159259796, "timescale": 6.7450571074294725, "rgb": "#000000", "zyx": [8, 44, 72]}