{"p": 0.504, "barbin": 0, "corr": 0.0013238537358120084, "timescale": 6.237009169490379, "rgb": "#000000", "zyx": [2, 79, 72]}