{"p": 0.327, "barbin": 0, "corr": 0.02665695920586586, "timescale": 6.524925782580107, "rgb": "#000000", "zyx": [8, 42, 54]}