{"p": 0.006, "barbin": 2, "corr": 0.15653590857982635, "timescale": 6.785622446889943, "rgb": "#000000", "zyx": [6, 72, 27]}