{"p": 0.0, "barbin": 4, "corr": 0.2893030643463135, "timescale": 6.816560802737284, "rgb": "#000000", "zyx": [11, 74, 71]}