{"p": 0.251, "barbin": 0, "corr": 0.03761909529566765, "timescale": 5.0983000118161845, "rgb": "#000000", "zyx": [13, 29, 52]}