{"p": 0.227, "barbin": 0, "corr": 0.031022807583212852, "timescale": 5.51230997227707, "rgb": "#000000", "zyx": [13, 64, 40]}