{"p": 0.076, "barbin": 0, "corr": 0.06215151771903038, "timescale": 6.067582032456713, "rgb": "#000000", "zyx": [12, 81, 54]}