{"p": 0.13, "barbin": 0, "corr": 0.05825433507561684, "timescale": 6.52943694091762, "rgb": "#000000", "zyx": [22, 64, 70]}