{"p": 0.0, "barbin": 4, "corr": 0.323561429977417, "timescale": 6.537507805783849, "rgb": "#000000", "zyx": [16, 50, 37]}