{"p": 0.155, "barbin": 0, "corr": 0.011425618082284927, "timescale": 4.255002416163878, "rgb": "#000000", "zyx": [16, 45, 39]}