{"p": 0.78, "barbin": 0, "corr": -0.04907279089093208, "timescale": 1.5853614967269924, "rgb": "#000000", "zyx": [24, 30, 53]}