{"p": 0.01, "barbin": 0, "corr": 0.020648417994379997, "timescale": 7.5626977788544405, "rgb": "#000000", "zyx": [17, 21, 59]}