{"p": 0.221, "barbin": 0, "corr": 0.002954971045255661, "timescale": 6.497930056965606, "rgb": "#000000", "zyx": [4, 44, 75]}