{"p": 0.173, "barbin": 0, "corr": 0.05188377574086189, "timescale": 7.044601364344904, "rgb": "#000000", "zyx": [11, 89, 59]}