{"p": 0.795, "barbin": 0, "corr": -0.03494866192340851, "timescale": 3.5770286421771718, "rgb": "#000000", "zyx": [12, 20, 50]}