{"p": 0.726, "barbin": 0, "corr": -0.03373442217707634, "timescale": 5.584962500721472, "rgb": "#000000", "zyx": [17, 55, 56]}