{"p": 0.008, "barbin": 1, "corr": 0.13533823192119598, "timescale": 5.836396009636161, "rgb": "#000000", "zyx": [15, 76, 68]}