{"p": 0.335, "barbin": 0, "corr": 0.022112060338258743, "timescale": 7.320810513296127, "rgb": "#000000", "zyx": [20, 68, 67]}