{"p": 0.862, "barbin": 0, "corr": -0.058437131345272064, "timescale": 5.584962500721156, "rgb": "#000000", "zyx": [9, 84, 48]}