{"p": 0.771, "barbin": 0, "corr": -0.04308323934674263, "timescale": 6.467886730732766, "rgb": "#000000", "zyx": [25, 42, 45]}