{"p": 0.59, "barbin": 0, "corr": -0.000702383928000927, "timescale": 2.6302572108368136, "rgb": "#000000", "zyx": [7, 61, 82]}