{"p": 0.33, "barbin": 0, "corr": 0.029544884338974953, "timescale": 6.7864327329631555, "rgb": "#000000", "zyx": [7, 51, 67]}