{"p": 0.007, "barbin": 0, "corr": 0.04588613659143448, "timescale": 7.584207547286806, "rgb": "#000000", "zyx": [8, 58, 45]}