{"p": 0.0, "barbin": 4, "corr": 0.3451947569847107, "timescale": 7.147885552252623, "rgb": "#000000", "zyx": [14, 28, 60]}