{"p": 0.499, "barbin": 0, "corr": -0.0003971026453655213, "timescale": 3.5519209087814696, "rgb": "#000000", "zyx": [15, 78, 32]}