{"p": 0.459, "barbin": 0, "corr": 0.0039868708699941635, "timescale": 4.975126561502592, "rgb": "#000000", "zyx": [5, 51, 26]}