{"p": 0.512, "barbin": 0, "corr": -0.0016499898629263043, "timescale": 5.283141113736525, "rgb": "#000000", "zyx": [9, 46, 24]}