{"p": 0.351, "barbin": 0, "corr": 0.007068227976560593, "timescale": 4.846479640592967, "rgb": "#000000", "zyx": [12, 44, 39]}