{"p": 0.2, "barbin": 0, "corr": 0.03241109475493431, "timescale": 5.878237182792789, "rgb": "#000000", "zyx": [16, 66, 44]}