{"p": 0.257, "barbin": 0, "corr": 0.036491747945547104, "timescale": 7.518821496556274, "rgb": "#000000", "zyx": [5, 62, 25]}