{"p": 0.827, "barbin": 0, "corr": -0.0530499629676342, "timescale": 3.3835239974308027, "rgb": "#000000", "zyx": [0, 88, 47]}