{"p": 0.363, "barbin": 0, "corr": 0.020437929779291153, "timescale": 7.167127930474437, "rgb": "#000000", "zyx": [12, 72, 63]}