{"p": 0.023, "barbin": 1, "corr": 0.11774920672178268, "timescale": 6.396044708886474, "rgb": "#000000", "zyx": [23, 38, 39]}