{"p": 0.305, "barbin": 0, "corr": 0.026769325137138367, "timescale": 7.179749549210792, "rgb": "#000000", "zyx": [4, 72, 28]}