{"p": 0.924, "barbin": 0, "corr": -0.07745207846164703, "timescale": 5.8240939610568745, "rgb": "#000000", "zyx": [5, 58, 24]}