{"p": 0.22, "barbin": 0, "corr": 0.00648910878226161, "timescale": 3.3222333354905302, "rgb": "#000000", "zyx": [17, 77, 36]}