{"p": 0.786, "barbin": 0, "corr": -0.048845935612916946, "timescale": 5.584962500721156, "rgb": "#000000", "zyx": [11, 61, 76]}