{"p": 0.715, "barbin": 0, "corr": -0.02727927640080452, "timescale": 8.351206414266802, "rgb": "#000000", "zyx": [15, 32, 61]}