{"p": 0.333, "barbin": 0, "corr": 0.02483450062572956, "timescale": 2.5855163386572344, "rgb": "#000000", "zyx": [21, 58, 51]}