{"p": 0.0, "barbin": 3, "corr": 0.2046865075826645, "timescale": 6.262750507439791, "rgb": "#000000", "zyx": [14, 71, 76]}