{"p": 0.035, "barbin": 0, "corr": 0.09757638722658157, "timescale": 6.3393096711531935, "rgb": "#000000", "zyx": [19, 40, 46]}