{"p": 0.472, "barbin": 0, "corr": 0.003459695726633072, "timescale": 8.584962500721156, "rgb": "#000000", "zyx": [7, 73, 38]}