{"p": 0.0, "barbin": 0, "corr": 0.08788951486349106, "timescale": 4.370643062976166, "rgb": "#000000", "zyx": [5, 86, 67]}