{"p": 0.875, "barbin": 0, "corr": -0.07242356985807419, "timescale": 6.584745359169804, "rgb": "#000000", "zyx": [16, 51, 51]}