{"p": 0.249, "barbin": 0, "corr": 0.010562220588326454, "timescale": 2.772393199987102, "rgb": "#000000", "zyx": [4, 92, 55]}