{"p": 0.982, "barbin": 0, "corr": -0.11803499609231949, "timescale": 4.80397517304233, "rgb": "#000000", "zyx": [22, 51, 38]}