{"p": 0.36, "barbin": 0, "corr": 0.005728790070861578, "timescale": 5.46770807669302, "rgb": "#000000", "zyx": [9, 59, 79]}