{"p": 0.135, "barbin": 0, "corr": 0.01075850147753954, "timescale": 8.584752250501781, "rgb": "#000000", "zyx": [9, 81, 43]}