{"p": 0.004, "barbin": 2, "corr": 0.15235193073749542, "timescale": 7.304775912698003, "rgb": "#000000", "zyx": [2, 70, 64]}