{"p": 0.105, "barbin": 0, "corr": 0.07390114665031433, "timescale": 7.085144728607478, "rgb": "#000000", "zyx": [14, 50, 81]}