{"p": 0.0, "barbin": 4, "corr": 0.34388747811317444, "timescale": 6.927528066191884, "rgb": "#000000", "zyx": [16, 42, 32]}