{"p": 0.35, "barbin": 0, "corr": 0.018540343269705772, "timescale": 5.586745194002912, "rgb": "#000000", "zyx": [7, 71, 35]}