{"p": 0.003, "barbin": 2, "corr": 0.15744493901729584, "timescale": 7.146581222668509, "rgb": "#000000", "zyx": [8, 37, 32]}