{"p": 0.0, "barbin": 3, "corr": 0.20637379586696625, "timescale": 6.3212471676520074, "rgb": "#000000", "zyx": [9, 62, 30]}