{"p": 0.72, "barbin": 0, "corr": -0.03470943123102188, "timescale": 3.0892510784139677, "rgb": "#000000", "zyx": [9, 68, 41]}