{"p": 0.612, "barbin": 0, "corr": -0.01822759583592415, "timescale": 1.6947978022288663, "rgb": "#000000", "zyx": [15, 60, 65]}