{"p": 0.083, "barbin": 0, "corr": 0.06439567357301712, "timescale": 3.109260765563356, "rgb": "#000000", "zyx": [11, 41, 28]}