{"p": 0.018, "barbin": 0, "corr": 0.08704741299152374, "timescale": 5.468620930632461, "rgb": "#000000", "zyx": [8, 91, 41]}