{"p": 0.949, "barbin": 0, "corr": -0.05279995873570442, "timescale": 5.584962500721156, "rgb": "#000000", "zyx": [19, 38, 44]}