{"p": 0.0, "barbin": 4, "corr": 0.29946833848953247, "timescale": 6.818526595013978, "rgb": "#000000", "zyx": [26, 54, 53]}