{"p": 0.069, "barbin": 0, "corr": 0.0872422531247139, "timescale": 2.6597832201283476, "rgb": "#000000", "zyx": [13, 27, 41]}