{"p": 0.021, "barbin": 1, "corr": 0.10928969085216522, "timescale": 7.562127370102318, "rgb": "#000000", "zyx": [6, 46, 32]}