{"p": 0.796, "barbin": 0, "corr": -0.05016680434346199, "timescale": 8.584917937431419, "rgb": "#000000", "zyx": [20, 66, 46]}