{"p": 0.229, "barbin": 0, "corr": 0.04857012256979942, "timescale": 7.428783237399806, "rgb": "#000000", "zyx": [8, 43, 41]}