{"p": 0.739, "barbin": 0, "corr": -0.037909336388111115, "timescale": 4.962998756253391, "rgb": "#000000", "zyx": [20, 22, 54]}