{"p": 0.008, "barbin": 0, "corr": 0.08979853987693787, "timescale": 3.3964441397630356, "rgb": "#000000", "zyx": [19, 65, 35]}