{"p": 0.03, "barbin": 0, "corr": 0.07140707224607468, "timescale": 4.301324338771651, "rgb": "#000000", "zyx": [14, 81, 62]}