{"p": 0.73, "barbin": 0, "corr": -0.03686444088816643, "timescale": 7.580462929475376, "rgb": "#000000", "zyx": [7, 68, 42]}