{"p": 0.265, "barbin": 0, "corr": 0.036072131246328354, "timescale": 7.256735212300124, "rgb": "#000000", "zyx": [18, 85, 42]}