{"p": 0.1, "barbin": 0, "corr": 0.07661369442939758, "timescale": 6.39258009856328, "rgb": "#000000", "zyx": [19, 65, 49]}