{"p": 0.444, "barbin": 0, "corr": 0.007835382595658302, "timescale": 4.63175309773198, "rgb": "#000000", "zyx": [12, 81, 36]}