{"p": 0.273, "barbin": 0, "corr": 0.029556773602962494, "timescale": 6.447504225253048, "rgb": "#000000", "zyx": [4, 48, 79]}