{"p": 0.499, "barbin": 0, "corr": 0.0007386906072497368, "timescale": 4.077153156675059, "rgb": "#000000", "zyx": [9, 77, 43]}