{"p": 0.958, "barbin": 0, "corr": -0.1051107868552208, "timescale": 3.781906788134213, "rgb": "#000000", "zyx": [11, 15, 46]}