{"p": 0.189, "barbin": 0, "corr": 0.011229012161493301, "timescale": 5.4669105621229965, "rgb": "#000000", "zyx": [16, 90, 61]}