{"p": 0.536, "barbin": 0, "corr": -0.0023988254833966494, "timescale": 1.5868062955392876, "rgb": "#000000", "zyx": [17, 90, 52]}