{"p": 0.887, "barbin": 0, "corr": -0.0626404732465744, "timescale": 6.592266264921681, "rgb": "#000000", "zyx": [3, 46, 32]}