{"p": 0.898, "barbin": 0, "corr": -0.07804687321186066, "timescale": 5.715592348156079, "rgb": "#000000", "zyx": [12, 39, 62]}