{"p": 0.889, "barbin": 0, "corr": -0.054616596549749374, "timescale": 6.0209441027580155, "rgb": "#000000", "zyx": [6, 41, 73]}