{"p": 0.672, "barbin": 0, "corr": -0.022118771448731422, "timescale": 4.3849338103221145, "rgb": "#000000", "zyx": [14, 85, 48]}