{"p": 1.0, "barbin": 0, "corr": -0.2039944976568222, "timescale": 6.457727608854659, "rgb": "#000000", "zyx": [15, 20, 54]}