{"p": 0.198, "barbin": 0, "corr": 0.0503598228096962, "timescale": 3.4399024664638382, "rgb": "#000000", "zyx": [10, 84, 58]}