{"p": 0.002, "barbin": 2, "corr": 0.1599082350730896, "timescale": 7.046446144157347, "rgb": "#000000", "zyx": [26, 54, 57]}