{"p": 0.17, "barbin": 0, "corr": 0.05081706866621971, "timescale": 7.321858485487747, "rgb": "#000000", "zyx": [22, 51, 67]}