{"p": 0.732, "barbin": 0, "corr": -0.03503604605793953, "timescale": 4.02440447543748, "rgb": "#000000", "zyx": [23, 49, 51]}