{"p": 0.883, "barbin": 0, "corr": -0.04741242900490761, "timescale": 8.535815299776823, "rgb": "#000000", "zyx": [3, 82, 55]}