{"p": 0.334, "barbin": 0, "corr": 0.021456468850374222, "timescale": 6.824613330081604, "rgb": "#000000", "zyx": [9, 63, 78]}