{"p": 0.102, "barbin": 0, "corr": 0.0792977511882782, "timescale": 5.497204515909407, "rgb": "#000000", "zyx": [16, 23, 36]}