{"p": 0.334, "barbin": 0, "corr": 0.027704989537596703, "timescale": 5.576510591871614, "rgb": "#000000", "zyx": [26, 50, 41]}