{"p": 0.111, "barbin": 0, "corr": 0.07577848434448242, "timescale": 5.280330004105842, "rgb": "#000000", "zyx": [16, 75, 64]}