{"p": 0.663, "barbin": 0, "corr": -0.00507265143096447, "timescale": 7.584962500721156, "rgb": "#000000", "zyx": [3, 68, 79]}