{"p": 1.0, "barbin": 0, "corr": -0.12828028202056885, "timescale": 6.256316096721902, "rgb": "#000000", "zyx": [5, 87, 65]}