{"p": 0.941, "barbin": 0, "corr": -0.08072654902935028, "timescale": 5.136871326652854, "rgb": "#000000", "zyx": [1, 76, 49]}