{"p": 0.174, "barbin": 0, "corr": 0.027079373598098755, "timescale": 3.475866359177538, "rgb": "#000000", "zyx": [8, 88, 50]}