{"p": 0.491, "barbin": 0, "corr": -0.0003914525732398033, "timescale": 8.25741669142352, "rgb": "#000000", "zyx": [14, 74, 26]}