{"p": 0.432, "barbin": 0, "corr": 0.00511194160208106, "timescale": 2.601941483050994, "rgb": "#000000", "zyx": [14, 63, 67]}