{"p": 0.412, "barbin": 0, "corr": 0.0016155325574800372, "timescale": 1.7610667370908417, "rgb": "#000000", "zyx": [24, 33, 42]}