{"p": 0.0, "barbin": 2, "corr": 0.16061045229434967, "timescale": 5.335301556264269, "rgb": "#000000", "zyx": [7, 71, 75]}