{"p": 0.646, "barbin": 0, "corr": -0.022728532552719116, "timescale": 7.93147759287029, "rgb": "#000000", "zyx": [5, 74, 61]}