{"p": 0.446, "barbin": 0, "corr": 0.0012604857329279184, "timescale": 2.4796964759550386, "rgb": "#000000", "zyx": [25, 39, 44]}