{"p": 0.526, "barbin": 0, "corr": -0.005390875041484833, "timescale": 2.3925347587074715, "rgb": "#000000", "zyx": [14, 35, 51]}