{"p": 0.506, "barbin": 0, "corr": -0.0020705489441752434, "timescale": 4.743465751865807, "rgb": "#000000", "zyx": [13, 33, 75]}