{"p": 0.0, "barbin": 2, "corr": 0.15987935662269592, "timescale": 6.758693660755829, "rgb": "#000000", "zyx": [18, 46, 33]}