{"p": 0.604, "barbin": 0, "corr": -0.01283198781311512, "timescale": 4.583225606275482, "rgb": "#000000", "zyx": [17, 63, 77]}