{"p": 0.66, "barbin": 0, "corr": -0.02367534302175045, "timescale": 5.584962500721215, "rgb": "#000000", "zyx": [7, 73, 46]}