{"p": 0.052, "barbin": 0, "corr": 0.07253614813089371, "timescale": 7.7566261649277735, "rgb": "#000000", "zyx": [11, 52, 77]}