{"p": 0.191, "barbin": 0, "corr": 0.021227819845080376, "timescale": 6.342575688997919, "rgb": "#000000", "zyx": [15, 20, 41]}