{"p": 0.024, "barbin": 1, "corr": 0.11595922708511353, "timescale": 4.720324243029062, "rgb": "#000000", "zyx": [18, 66, 54]}