{"p": 0.123, "barbin": 0, "corr": 0.05700386315584183, "timescale": 6.93825788037417, "rgb": "#000000", "zyx": [19, 58, 66]}