{"p": 0.12, "barbin": 0, "corr": 0.06947927922010422, "timescale": 3.475152425898635, "rgb": "#000000", "zyx": [10, 58, 40]}