{"p": 0.009, "barbin": 1, "corr": 0.1413975954055786, "timescale": 6.53229948243283, "rgb": "#000000", "zyx": [9, 76, 33]}