{"p": 0.031, "barbin": 0, "corr": 0.08059421181678772, "timescale": 7.355916580919039, "rgb": "#000000", "zyx": [6, 90, 51]}