{"p": 0.467, "barbin": 0, "corr": 0.0021731078159064054, "timescale": 7.417319256395323, "rgb": "#000000", "zyx": [21, 59, 47]}