{"p": 0.204, "barbin": 0, "corr": 0.03805126994848251, "timescale": 5.873195059696986, "rgb": "#000000", "zyx": [18, 67, 58]}