{"p": 0.93, "barbin": 0, "corr": -0.08904008567333221, "timescale": 8.425086748727647, "rgb": "#000000", "zyx": [3, 74, 59]}