{"p": 0.034, "barbin": 0, "corr": 0.09383884072303772, "timescale": 7.25262389106129, "rgb": "#000000", "zyx": [14, 74, 39]}