{"p": 0.095, "barbin": 0, "corr": 0.0768103301525116, "timescale": 6.675322445382169, "rgb": "#000000", "zyx": [19, 67, 50]}