{"p": 0.721, "barbin": 0, "corr": -0.029572099447250366, "timescale": 4.9553468730110435, "rgb": "#000000", "zyx": [23, 34, 39]}