{"p": 0.0, "barbin": 2, "corr": 0.16830235719680786, "timescale": 3.4010335890364405, "rgb": "#000000", "zyx": [20, 47, 65]}