{"p": 0.837, "barbin": 0, "corr": -0.036396872252225876, "timescale": 4.0912453595518, "rgb": "#000000", "zyx": [3, 42, 45]}