{"p": 0.487, "barbin": 0, "corr": 0.0003037611022591591, "timescale": 3.5847056312918175, "rgb": "#000000", "zyx": [18, 58, 50]}