{"p": 0.227, "barbin": 0, "corr": 0.0457514189183712, "timescale": 8.415209059063251, "rgb": "#000000", "zyx": [13, 16, 59]}