{"p": 0.878, "barbin": 0, "corr": -0.0399874746799469, "timescale": 2.584962500721156, "rgb": "#000000", "zyx": [16, 59, 47]}