{"p": 0.33, "barbin": 0, "corr": 0.02763599157333374, "timescale": 7.491445038878228, "rgb": "#000000", "zyx": [18, 36, 46]}