{"p": 0.473, "barbin": 0, "corr": 0.0012116141151636839, "timescale": 8.55844303122715, "rgb": "#000000", "zyx": [16, 44, 56]}