{"p": 0.58, "barbin": 0, "corr": -0.010942498221993446, "timescale": 2.9846212414555184, "rgb": "#000000", "zyx": [10, 61, 66]}