{"p": 0.745, "barbin": 0, "corr": -0.023297088220715523, "timescale": 7.584962500721156, "rgb": "#000000", "zyx": [5, 54, 32]}