{"p": 0.0, "barbin": 4, "corr": 0.34982702136039734, "timescale": 6.425617610156064, "rgb": "#000000", "zyx": [11, 32, 50]}