{"p": 0.321, "barbin": 0, "corr": 0.030518025159835815, "timescale": 5.164011039777069, "rgb": "#000000", "zyx": [6, 78, 57]}