{"p": 0.04, "barbin": 0, "corr": 0.014573831111192703, "timescale": 2.4090595417068057, "rgb": "#000000", "zyx": [5, 69, 71]}