{"p": 0.673, "barbin": 0, "corr": -0.002319516148418188, "timescale": 4.5887614296880495, "rgb": "#000000", "zyx": [17, 69, 34]}