{"p": 0.163, "barbin": 0, "corr": 0.06164538860321045, "timescale": 8.566976976437163, "rgb": "#000000", "zyx": [3, 52, 43]}