{"p": 0.991, "barbin": 0, "corr": -0.04758720099925995, "timescale": 4.80795349956821, "rgb": "#000000", "zyx": [14, 35, 37]}