{"p": 0.067, "barbin": 0, "corr": 0.08528223633766174, "timescale": 5.649316539317508, "rgb": "#000000", "zyx": [11, 83, 48]}