{"p": 0.211, "barbin": 0, "corr": 0.026313457638025284, "timescale": 7.323901167623896, "rgb": "#000000", "zyx": [5, 39, 63]}