{"p": 0.0, "barbin": 0, "corr": 0.042070671916007996, "timescale": 4.062203561770153, "rgb": "#000000", "zyx": [4, 78, 30]}