{"p": 0.0, "barbin": 4, "corr": 0.34534862637519836, "timescale": 6.3998277066148335, "rgb": "#000000", "zyx": [24, 37, 47]}