{"p": 0.202, "barbin": 0, "corr": 0.01992623880505562, "timescale": 4.590070307340428, "rgb": "#000000", "zyx": [8, 52, 38]}