{"p": 0.237, "barbin": 0, "corr": 0.011433536186814308, "timescale": 2.563863770379082, "rgb": "#000000", "zyx": [9, 34, 71]}