{"p": 0.106, "barbin": 0, "corr": 0.07153097540140152, "timescale": 6.583319804363269, "rgb": "#000000", "zyx": [12, 54, 25]}