{"p": 0.337, "barbin": 0, "corr": 0.02509148046374321, "timescale": 3.0521960787693065, "rgb": "#000000", "zyx": [15, 58, 34]}