{"p": 0.401, "barbin": 0, "corr": 0.011400165967643261, "timescale": 6.575625395219017, "rgb": "#000000", "zyx": [1, 75, 36]}