{"p": 0.983, "barbin": 0, "corr": -0.11174414306879044, "timescale": 2.584962500721156, "rgb": "#000000", "zyx": [19, 32, 69]}