{"p": 0.2, "barbin": 0, "corr": 0.02813878282904625, "timescale": 7.332694619712467, "rgb": "#000000", "zyx": [17, 66, 63]}