{"p": 0.995, "barbin": 0, "corr": -0.1465989649295807, "timescale": 2.568201734775151, "rgb": "#000000", "zyx": [13, 25, 70]}