{"p": 0.588, "barbin": 0, "corr": -0.014368992298841476, "timescale": 3.353827668736705, "rgb": "#000000", "zyx": [3, 53, 66]}