{"p": 0.723, "barbin": 0, "corr": -0.02999020554125309, "timescale": 7.526426839655914, "rgb": "#000000", "zyx": [7, 71, 43]}