{"p": 0.041, "barbin": 0, "corr": 0.08404222875833511, "timescale": 6.1071479599373015, "rgb": "#000000", "zyx": [3, 85, 66]}