{"p": 0.758, "barbin": 0, "corr": -0.04262997582554817, "timescale": 3.7384696913520528, "rgb": "#000000", "zyx": [19, 63, 32]}