{"p": 0.655, "barbin": 0, "corr": -0.02378035895526409, "timescale": 3.5853822254361205, "rgb": "#000000", "zyx": [7, 38, 43]}