{"p": 0.32, "barbin": 0, "corr": 0.029823623597621918, "timescale": 4.730908916775311, "rgb": "#000000", "zyx": [9, 62, 69]}