{"p": 0.308, "barbin": 0, "corr": 0.025190802291035652, "timescale": 5.773665844109087, "rgb": "#000000", "zyx": [6, 47, 61]}