{"p": 0.14, "barbin": 0, "corr": 0.015464088879525661, "timescale": 5.586512011547668, "rgb": "#000000", "zyx": [6, 66, 67]}