{"p": 0.086, "barbin": 0, "corr": 0.08380663394927979, "timescale": 6.3911980496394545, "rgb": "#000000", "zyx": [19, 39, 63]}