{"p": 0.87, "barbin": 0, "corr": -3.131398625555448e-05, "timescale": 4.584962500721156, "rgb": "#000000", "zyx": [9, 42, 76]}