{"p": 0.602, "barbin": 0, "corr": -0.01696832664310932, "timescale": 3.2291443722641895, "rgb": "#000000", "zyx": [12, 85, 56]}