{"p": 0.002, "barbin": 1, "corr": 0.14061160385608673, "timescale": 7.365702467708403, "rgb": "#000000", "zyx": [21, 53, 35]}