{"p": 0.0, "barbin": 2, "corr": 0.18404635787010193, "timescale": 6.8056266040111, "rgb": "#000000", "zyx": [10, 55, 27]}