{"p": 0.0, "barbin": 3, "corr": 0.20893728733062744, "timescale": 5.422990846394843, "rgb": "#000000", "zyx": [2, 73, 38]}