{"p": 0.436, "barbin": 0, "corr": 0.006254550069570541, "timescale": 8.584962500721156, "rgb": "#000000", "zyx": [7, 58, 69]}