{"p": 0.406, "barbin": 0, "corr": 0.01700093410909176, "timescale": 3.817752439100567, "rgb": "#000000", "zyx": [19, 37, 51]}