{"p": 0.128, "barbin": 0, "corr": 0.06574314087629318, "timescale": 2.7870627138188935, "rgb": "#000000", "zyx": [10, 55, 28]}