{"p": 0.0, "barbin": 3, "corr": 0.23595939576625824, "timescale": 6.997835084465501, "rgb": "#000000", "zyx": [24, 47, 40]}