{"p": 0.829, "barbin": 0, "corr": -0.0560721717774868, "timescale": 3.584962500721156, "rgb": "#000000", "zyx": [18, 64, 37]}