{"p": 0.469, "barbin": 0, "corr": 0.0009310070308856666, "timescale": 4.781736271393725, "rgb": "#000000", "zyx": [22, 78, 60]}