{"p": 0.341, "barbin": 0, "corr": 0.014552518725395203, "timescale": 7.620473601237792, "rgb": "#000000", "zyx": [13, 63, 53]}