{"p": 0.456, "barbin": 0, "corr": 0.005985645577311516, "timescale": 7.987584971036841, "rgb": "#000000", "zyx": [8, 55, 25]}