{"p": 0.039, "barbin": 0, "corr": 0.09821057319641113, "timescale": 7.537063464054177, "rgb": "#000000", "zyx": [4, 60, 31]}