{"p": 0.162, "barbin": 0, "corr": 0.049777738749980927, "timescale": 7.50199524040717, "rgb": "#000000", "zyx": [10, 39, 59]}