{"p": 0.637, "barbin": 0, "corr": -0.021902980282902718, "timescale": 3.673142202063776, "rgb": "#000000", "zyx": [18, 79, 61]}