{"p": 0.968, "barbin": 0, "corr": -0.09595464915037155, "timescale": 6.339752466703963, "rgb": "#000000", "zyx": [7, 37, 58]}