{"p": 0.612, "barbin": 0, "corr": -0.011052973568439484, "timescale": 6.953454411211101, "rgb": "#000000", "zyx": [11, 89, 55]}