{"p": 0.917, "barbin": 0, "corr": -0.03809206932783127, "timescale": 2.530880715490445, "rgb": "#000000", "zyx": [4, 46, 70]}