{"p": 0.727, "barbin": 0, "corr": -0.031100424006581306, "timescale": 4.5266099413692285, "rgb": "#000000", "zyx": [20, 53, 56]}