{"p": 0.531, "barbin": 0, "corr": -0.0036596094723790884, "timescale": 5.800016568580185, "rgb": "#000000", "zyx": [18, 44, 47]}