{"p": 0.771, "barbin": 0, "corr": -0.042647041380405426, "timescale": 7.584940058969699, "rgb": "#000000", "zyx": [22, 55, 73]}