{"p": 0.164, "barbin": 0, "corr": 0.05364342778921127, "timescale": 6.48138250769613, "rgb": "#000000", "zyx": [11, 62, 49]}