{"p": 0.09, "barbin": 0, "corr": 0.07059165835380554, "timescale": 5.013908374743406, "rgb": "#000000", "zyx": [13, 36, 33]}