{"p": 0.955, "barbin": 0, "corr": -0.1076713278889656, "timescale": 4.9167795119568485, "rgb": "#000000", "zyx": [19, 84, 52]}