{"p": 0.882, "barbin": 0, "corr": -0.069940946996212, "timescale": 7.9222542981808655, "rgb": "#000000", "zyx": [12, 73, 73]}