{"p": 0.037, "barbin": 0, "corr": 0.08952949196100235, "timescale": 5.540719398604841, "rgb": "#000000", "zyx": [14, 31, 68]}