{"p": 0.029, "barbin": 0, "corr": 0.05639920011162758, "timescale": 3.1388997758644566, "rgb": "#000000", "zyx": [5, 84, 51]}