{"p": 0.337, "barbin": 0, "corr": 0.0023174129892140627, "timescale": 4.981482980921024, "rgb": "#000000", "zyx": [11, 31, 74]}