{"p": 0.263, "barbin": 0, "corr": 0.03737931698560715, "timescale": 8.094046516583324, "rgb": "#000000", "zyx": [22, 59, 57]}