{"p": 0.008, "barbin": 1, "corr": 0.13679909706115723, "timescale": 7.615436863086662, "rgb": "#000000", "zyx": [18, 68, 74]}