{"p": 0.215, "barbin": 0, "corr": 0.01766732707619667, "timescale": 6.682425941717075, "rgb": "#000000", "zyx": [13, 79, 41]}