{"p": 0.082, "barbin": 0, "corr": 0.08229928463697433, "timescale": 6.31103026189043, "rgb": "#000000", "zyx": [8, 39, 58]}