{"p": 0.007, "barbin": 2, "corr": 0.15505486726760864, "timescale": 6.595452627429845, "rgb": "#000000", "zyx": [6, 62, 42]}