{"p": 0.516, "barbin": 0, "corr": -0.0012598222820088267, "timescale": 3.0810263232716903, "rgb": "#000000", "zyx": [2, 86, 40]}