{"p": 0.046, "barbin": 0, "corr": 0.08912359178066254, "timescale": 6.126137084760799, "rgb": "#000000", "zyx": [18, 52, 48]}