{"p": 0.008, "barbin": 1, "corr": 0.12709294259548187, "timescale": 4.615825330491197, "rgb": "#000000", "zyx": [2, 48, 70]}