{"p": 0.85, "barbin": 0, "corr": -0.05113024264574051, "timescale": 5.398490696438282, "rgb": "#000000", "zyx": [22, 70, 37]}