{"p": 0.95, "barbin": 0, "corr": -0.06308212876319885, "timescale": 5.004471298277487, "rgb": "#000000", "zyx": [13, 37, 37]}