{"p": 0.859, "barbin": 0, "corr": -0.05903350189328194, "timescale": 6.286812168016524, "rgb": "#000000", "zyx": [4, 41, 46]}