{"p": 0.0, "barbin": 4, "corr": 0.38934630155563354, "timescale": 6.28401618036588, "rgb": "#000000", "zyx": [24, 57, 47]}