{"p": 0.582, "barbin": 0, "corr": -0.008415265008807182, "timescale": 6.142536431124153, "rgb": "#000000", "zyx": [3, 47, 70]}