{"p": 0.0, "barbin": 4, "corr": 0.3798634111881256, "timescale": 6.030321140161652, "rgb": "#000000", "zyx": [12, 71, 28]}