{"p": 0.063, "barbin": 0, "corr": 0.09157861769199371, "timescale": 7.688959105883104, "rgb": "#000000", "zyx": [21, 53, 62]}