{"p": 0.319, "barbin": 0, "corr": 0.028797199949622154, "timescale": 6.420460828955464, "rgb": "#000000", "zyx": [18, 40, 35]}