{"p": 0.486, "barbin": 0, "corr": 0.0047731162048876286, "timescale": 7.580359450569455, "rgb": "#000000", "zyx": [22, 26, 59]}