{"p": 0.467, "barbin": 0, "corr": 0.008152691647410393, "timescale": 1.584962500721156, "rgb": "#000000", "zyx": [4, 79, 47]}