{"p": 0.463, "barbin": 0, "corr": 0.006392957642674446, "timescale": 2.632225391283514, "rgb": "#000000", "zyx": [7, 60, 32]}