{"p": 0.668, "barbin": 0, "corr": -0.025821516290307045, "timescale": 3.5849625041037196, "rgb": "#000000", "zyx": [23, 56, 58]}