{"p": 0.452, "barbin": 0, "corr": 0.0016966573894023895, "timescale": 5.934386265715931, "rgb": "#000000", "zyx": [5, 88, 57]}