{"p": 0.223, "barbin": 0, "corr": 0.04942937567830086, "timescale": 1.688441952813826, "rgb": "#000000", "zyx": [23, 70, 44]}