{"p": 0.148, "barbin": 0, "corr": 0.05864866077899933, "timescale": 5.5203321629509, "rgb": "#000000", "zyx": [8, 78, 28]}