{"p": 0.559, "barbin": 0, "corr": -0.006562191992998123, "timescale": 6.5818239305545845, "rgb": "#000000", "zyx": [16, 75, 46]}