{"p": 0.0, "barbin": 3, "corr": 0.2137734442949295, "timescale": 6.415232992352446, "rgb": "#000000", "zyx": [14, 34, 68]}