{"p": 0.094, "barbin": 0, "corr": 0.07564942538738251, "timescale": 6.161742847939783, "rgb": "#000000", "zyx": [3, 62, 29]}