{"p": 0.076, "barbin": 0, "corr": 0.08262648433446884, "timescale": 3.451376912441997, "rgb": "#000000", "zyx": [6, 33, 63]}