{"p": 0.997, "barbin": 0, "corr": -0.16887252032756805, "timescale": 3.218751160665601, "rgb": "#000000", "zyx": [24, 28, 52]}