{"p": 0.846, "barbin": 0, "corr": -0.04043661430478096, "timescale": 4.596209879976061, "rgb": "#000000", "zyx": [9, 70, 70]}