{"p": 0.04, "barbin": 1, "corr": 0.10503703355789185, "timescale": 7.159697530472972, "rgb": "#000000", "zyx": [10, 38, 60]}