{"p": 0.439, "barbin": 0, "corr": 0.008322703652083874, "timescale": 4.907336922951675, "rgb": "#000000", "zyx": [15, 68, 32]}