{"p": 0.476, "barbin": 0, "corr": 0.0035464325919747353, "timescale": 4.7116126881077935, "rgb": "#000000", "zyx": [13, 62, 66]}