{"p": 0.309, "barbin": 0, "corr": 0.030210871249437332, "timescale": 4.735993558539957, "rgb": "#000000", "zyx": [13, 59, 23]}