{"p": 0.687, "barbin": 0, "corr": -0.025720378383994102, "timescale": 7.584949254069977, "rgb": "#000000", "zyx": [9, 52, 61]}