{"p": 0.32, "barbin": 0, "corr": 0.01955282688140869, "timescale": 1.7962502116984513, "rgb": "#000000", "zyx": [13, 79, 61]}