{"p": 0.684, "barbin": 0, "corr": -0.02828291803598404, "timescale": 7.572278346696423, "rgb": "#000000", "zyx": [13, 64, 51]}