{"p": 0.881, "barbin": 0, "corr": -0.06812705099582672, "timescale": 3.636955087696558, "rgb": "#000000", "zyx": [5, 61, 29]}