{"p": 0.911, "barbin": 0, "corr": -0.015293890610337257, "timescale": 4.585308110285587, "rgb": "#000000", "zyx": [22, 69, 50]}