{"p": 0.521, "barbin": 0, "corr": -0.0030130238737910986, "timescale": 6.755472728967556, "rgb": "#000000", "zyx": [4, 50, 74]}