{"p": 0.477, "barbin": 0, "corr": -0.00032112488406710327, "timescale": 6.28422199576066, "rgb": "#000000", "zyx": [8, 72, 81]}