{"p": 0.102, "barbin": 0, "corr": 0.07363354414701462, "timescale": 5.812314352759787, "rgb": "#000000", "zyx": [16, 79, 55]}