{"p": 0.197, "barbin": 0, "corr": 0.0461856946349144, "timescale": 5.5847961135613176, "rgb": "#000000", "zyx": [5, 74, 46]}