{"p": 0.994, "barbin": 0, "corr": -0.13568060100078583, "timescale": 2.590254562520866, "rgb": "#000000", "zyx": [15, 65, 28]}