{"p": 0.367, "barbin": 0, "corr": 0.01809258759021759, "timescale": 5.749465535278325, "rgb": "#000000", "zyx": [3, 56, 35]}