{"p": 0.458, "barbin": 0, "corr": 0.005875051021575928, "timescale": 5.707789277540516, "rgb": "#000000", "zyx": [17, 76, 58]}