{"p": 0.212, "barbin": 0, "corr": 0.04541381075978279, "timescale": 4.059969685084313, "rgb": "#000000", "zyx": [4, 47, 75]}