{"p": 0.747, "barbin": 0, "corr": -0.01668499782681465, "timescale": 6.61996579903212, "rgb": "#000000", "zyx": [1, 87, 40]}