{"p": 0.047, "barbin": 0, "corr": 0.0940626710653305, "timescale": 7.1983879330328815, "rgb": "#000000", "zyx": [7, 38, 66]}