{"p": 0.499, "barbin": 0, "corr": 0.0012106237700209022, "timescale": 6.585044144340548, "rgb": "#000000", "zyx": [8, 36, 56]}