{"p": 0.061, "barbin": 0, "corr": 0.07966165989637375, "timescale": 5.269519068667936, "rgb": "#000000", "zyx": [9, 71, 40]}