{"p": 0.061, "barbin": 0, "corr": 0.09263405948877335, "timescale": 6.462529247336938, "rgb": "#000000", "zyx": [4, 58, 61]}