{"p": 0.764, "barbin": 0, "corr": -0.02750476635992527, "timescale": 5.730297887471348, "rgb": "#000000", "zyx": [11, 66, 82]}