{"p": 0.353, "barbin": 0, "corr": 0.020016951486468315, "timescale": 4.568535382437255, "rgb": "#000000", "zyx": [18, 59, 51]}