{"p": 0.489, "barbin": 0, "corr": 0.00010352965182391927, "timescale": 1.5852613564203915, "rgb": "#000000", "zyx": [8, 37, 45]}