{"p": 0.113, "barbin": 0, "corr": 0.01996644400060177, "timescale": 3.6796280924711793, "rgb": "#000000", "zyx": [26, 68, 42]}