{"p": 0.0, "barbin": 4, "corr": 0.25742584466934204, "timescale": 7.2387980058372, "rgb": "#000000", "zyx": [22, 46, 52]}