{"p": 0.385, "barbin": 0, "corr": 0.011741315014660358, "timescale": 3.339052720588728, "rgb": "#000000", "zyx": [13, 58, 66]}