{"p": 0.43, "barbin": 0, "corr": 0.015575725585222244, "timescale": 5.077847496326594, "rgb": "#000000", "zyx": [5, 37, 30]}