{"p": 0.0, "barbin": 4, "corr": 0.258235901594162, "timescale": 6.816010469331559, "rgb": "#000000", "zyx": [5, 70, 75]}