{"p": 0.214, "barbin": 0, "corr": 0.03691326826810837, "timescale": 7.357327217555183, "rgb": "#000000", "zyx": [3, 52, 38]}