{"p": 0.963, "barbin": 0, "corr": -0.1055404394865036, "timescale": 4.339929284076659, "rgb": "#000000", "zyx": [24, 52, 35]}