{"p": 0.077, "barbin": 0, "corr": 0.07714106887578964, "timescale": 7.072050504057727, "rgb": "#000000", "zyx": [20, 33, 48]}