{"p": 0.971, "barbin": 0, "corr": -0.07718868553638458, "timescale": 1.6314826578803578, "rgb": "#000000", "zyx": [7, 44, 25]}