{"p": 0.48, "barbin": 0, "corr": 0.000584503635764122, "timescale": 8.459369726344324, "rgb": "#000000", "zyx": [19, 49, 26]}