{"p": 0.672, "barbin": 0, "corr": -0.0208941251039505, "timescale": 2.640665918715797, "rgb": "#000000", "zyx": [10, 71, 29]}