{"p": 0.454, "barbin": 0, "corr": 0.007635838817805052, "timescale": 7.650705492199681, "rgb": "#000000", "zyx": [11, 35, 44]}