{"p": 0.034, "barbin": 1, "corr": 0.10348082333803177, "timescale": 6.35165256850285, "rgb": "#000000", "zyx": [8, 67, 80]}