{"p": 0.088, "barbin": 0, "corr": 0.06754615157842636, "timescale": 4.145253023549739, "rgb": "#000000", "zyx": [5, 63, 61]}