{"p": 0.366, "barbin": 0, "corr": 0.02041841670870781, "timescale": 3.5897902186663666, "rgb": "#000000", "zyx": [14, 86, 35]}