{"p": 0.664, "barbin": 0, "corr": -0.02427581697702408, "timescale": 5.47603266892219, "rgb": "#000000", "zyx": [7, 43, 76]}