{"p": 0.259, "barbin": 0, "corr": 0.02301563136279583, "timescale": 5.049798928788681, "rgb": "#000000", "zyx": [11, 63, 25]}