{"p": 0.06, "barbin": 0, "corr": 0.08621115982532501, "timescale": 3.284514735011961, "rgb": "#000000", "zyx": [17, 73, 29]}