{"p": 0.149, "barbin": 0, "corr": 0.04305229336023331, "timescale": 7.404788766555291, "rgb": "#000000", "zyx": [2, 60, 75]}