{"p": 0.0, "barbin": 2, "corr": 0.18032392859458923, "timescale": 7.281855820814723, "rgb": "#000000", "zyx": [18, 37, 35]}