{"p": 0.604, "barbin": 0, "corr": -0.016243094578385353, "timescale": 3.738485678091126, "rgb": "#000000", "zyx": [10, 90, 71]}