{"p": 0.936, "barbin": 0, "corr": -0.08601491898298264, "timescale": 3.584962509810407, "rgb": "#000000", "zyx": [14, 32, 59]}