{"p": 0.105, "barbin": 0, "corr": 0.06403660774230957, "timescale": 1.9942165859186463, "rgb": "#000000", "zyx": [16, 71, 45]}