{"p": 0.961, "barbin": 0, "corr": -0.0755579024553299, "timescale": 8.584740432588683, "rgb": "#000000", "zyx": [13, 62, 81]}