{"p": 0.75, "barbin": 0, "corr": -0.02938712388277054, "timescale": 3.5756379135300387, "rgb": "#000000", "zyx": [8, 38, 54]}