{"p": 0.003, "barbin": 2, "corr": 0.16624797880649567, "timescale": 6.4475551035609415, "rgb": "#000000", "zyx": [10, 68, 76]}