{"p": 0.415, "barbin": 0, "corr": 0.015467536635696888, "timescale": 7.9059063730628045, "rgb": "#000000", "zyx": [21, 74, 49]}