{"p": 0.086, "barbin": 0, "corr": 0.08275305479764938, "timescale": 7.501299333192263, "rgb": "#000000", "zyx": [11, 62, 56]}