{"p": 0.593, "barbin": 0, "corr": -0.01190137304365635, "timescale": 7.572005901177034, "rgb": "#000000", "zyx": [6, 41, 36]}