{"p": 0.582, "barbin": 0, "corr": -0.010420207865536213, "timescale": 8.584960863889457, "rgb": "#000000", "zyx": [4, 39, 29]}