{"p": 0.289, "barbin": 0, "corr": 0.031102946028113365, "timescale": 8.013043314996906, "rgb": "#000000", "zyx": [15, 60, 36]}