{"p": 0.038, "barbin": 0, "corr": 0.059711869806051254, "timescale": 8.186485576026277, "rgb": "#000000", "zyx": [22, 80, 42]}