{"p": 0.18, "barbin": 0, "corr": 0.05562738701701164, "timescale": 1.845242302832663, "rgb": "#000000", "zyx": [12, 17, 53]}