{"p": 0.002, "barbin": 0, "corr": 0.05598217993974686, "timescale": 4.323462233059502, "rgb": "#000000", "zyx": [5, 77, 38]}