{"p": 0.003, "barbin": 1, "corr": 0.10488227754831314, "timescale": 3.4456194744129105, "rgb": "#000000", "zyx": [17, 83, 44]}