{"p": 0.619, "barbin": 0, "corr": -0.019206980243325233, "timescale": 3.584962407766006, "rgb": "#000000", "zyx": [10, 47, 78]}