{"p": 0.052, "barbin": 0, "corr": 0.09584450721740723, "timescale": 6.989827746002741, "rgb": "#000000", "zyx": [5, 93, 54]}