{"p": 0.013, "barbin": 1, "corr": 0.12794999778270721, "timescale": 3.5508959131840894, "rgb": "#000000", "zyx": [19, 83, 44]}