{"p": 0.072, "barbin": 0, "corr": 0.07564324140548706, "timescale": 5.1695871608712824, "rgb": "#000000", "zyx": [13, 88, 49]}