{"p": 0.391, "barbin": 0, "corr": 0.007651356514543295, "timescale": 4.5622559933010045, "rgb": "#000000", "zyx": [7, 37, 31]}