{"p": 0.816, "barbin": 0, "corr": -0.006291041150689125, "timescale": 3.599759643838906, "rgb": "#000000", "zyx": [15, 42, 64]}