{"p": 0.0, "barbin": 0, "corr": 0.09965944290161133, "timescale": 2.2689012963866633, "rgb": "#000000", "zyx": [17, 81, 46]}