{"p": 0.58, "barbin": 0, "corr": -0.001942953560501337, "timescale": 1.5948018786046438, "rgb": "#000000", "zyx": [20, 56, 57]}