{"p": 0.838, "barbin": 0, "corr": -3.615573950810358e-05, "timescale": 7.436521370201683, "rgb": "#000000", "zyx": [15, 67, 41]}