{"p": 0.251, "barbin": 0, "corr": 0.03945156931877136, "timescale": 4.138083715066101, "rgb": "#000000", "zyx": [13, 69, 59]}