{"p": 0.886, "barbin": 0, "corr": -0.004378060344606638, "timescale": 6.527497614964666, "rgb": "#000000", "zyx": [0, 80, 34]}