{"p": 0.164, "barbin": 0, "corr": 0.036301448941230774, "timescale": 7.486963425967926, "rgb": "#000000", "zyx": [12, 82, 31]}