{"p": 0.386, "barbin": 0, "corr": 0.004906970541924238, "timescale": 3.6593591885853924, "rgb": "#000000", "zyx": [7, 45, 65]}