{"p": 0.0, "barbin": 2, "corr": 0.19884726405143738, "timescale": 6.325093524958226, "rgb": "#000000", "zyx": [8, 61, 30]}