{"p": 0.775, "barbin": 0, "corr": -0.045230112969875336, "timescale": 8.541213106210678, "rgb": "#000000", "zyx": [14, 17, 63]}