{"p": 0.337, "barbin": 0, "corr": 0.017997153103351593, "timescale": 7.448847250141538, "rgb": "#000000", "zyx": [20, 47, 72]}