{"p": 0.066, "barbin": 0, "corr": 0.0892801582813263, "timescale": 6.521253459242786, "rgb": "#000000", "zyx": [23, 59, 68]}