{"p": 0.021, "barbin": 1, "corr": 0.12920385599136353, "timescale": 6.433783724886214, "rgb": "#000000", "zyx": [6, 55, 65]}