{"p": 0.369, "barbin": 0, "corr": 0.016781846061348915, "timescale": 6.603515035406701, "rgb": "#000000", "zyx": [8, 31, 68]}