{"p": 0.491, "barbin": 0, "corr": 0.000866347923874855, "timescale": 4.303669990687517, "rgb": "#000000", "zyx": [9, 85, 73]}