{"p": 0.73, "barbin": 0, "corr": -0.03623970225453377, "timescale": 6.571412996902664, "rgb": "#000000", "zyx": [15, 48, 62]}