{"p": 0.35, "barbin": 0, "corr": 0.0035771194379776716, "timescale": 2.6255585442234097, "rgb": "#000000", "zyx": [21, 55, 53]}