{"p": 0.027, "barbin": 1, "corr": 0.11257332563400269, "timescale": 3.8398179745265844, "rgb": "#000000", "zyx": [11, 56, 73]}