{"p": 0.513, "barbin": 0, "corr": -0.00365253584459424, "timescale": 6.60280529654384, "rgb": "#000000", "zyx": [12, 24, 46]}