{"p": 0.605, "barbin": 0, "corr": -0.01459349226206541, "timescale": 5.433380631274451, "rgb": "#000000", "zyx": [14, 64, 38]}