{"p": 0.975, "barbin": 0, "corr": -0.10347533226013184, "timescale": 5.585148473686983, "rgb": "#000000", "zyx": [4, 42, 56]}