{"p": 0.751, "barbin": 0, "corr": -0.03152288496494293, "timescale": 8.134093435870236, "rgb": "#000000", "zyx": [8, 88, 35]}