{"p": 0.526, "barbin": 0, "corr": 0.00021650828421115875, "timescale": 3.671075667096079, "rgb": "#000000", "zyx": [7, 68, 62]}