{"p": 0.433, "barbin": 0, "corr": 0.008896291255950928, "timescale": 3.447525485176293, "rgb": "#000000", "zyx": [14, 78, 44]}