{"p": 0.368, "barbin": 0, "corr": 0.01914437673985958, "timescale": 4.777757137667293, "rgb": "#000000", "zyx": [16, 31, 36]}