{"p": 0.17, "barbin": 0, "corr": 0.061101943254470825, "timescale": 1.7464679035852282, "rgb": "#000000", "zyx": [16, 74, 65]}