{"p": 0.16, "barbin": 0, "corr": 0.0554325208067894, "timescale": 7.892007824626841, "rgb": "#000000", "zyx": [16, 43, 73]}