{"p": 0.343, "barbin": 0, "corr": 0.024627909064292908, "timescale": 6.464776392073552, "rgb": "#000000", "zyx": [17, 52, 24]}