{"p": 0.844, "barbin": 0, "corr": -0.05286753177642822, "timescale": 2.5912339879508477, "rgb": "#000000", "zyx": [20, 21, 46]}