{"p": 0.961, "barbin": 0, "corr": -0.0475967638194561, "timescale": 7.525799986296855, "rgb": "#000000", "zyx": [15, 72, 79]}