{"p": 0.248, "barbin": 0, "corr": 0.03530155122280121, "timescale": 6.556857766571967, "rgb": "#000000", "zyx": [4, 92, 52]}