{"p": 0.356, "barbin": 0, "corr": 0.020882217213511467, "timescale": 8.442309751868624, "rgb": "#000000", "zyx": [14, 81, 31]}