{"p": 1.0, "barbin": 0, "corr": -0.25470492243766785, "timescale": 3.506433299716541, "rgb": "#000000", "zyx": [11, 77, 55]}