{"p": 0.008, "barbin": 0, "corr": 0.0822761207818985, "timescale": 2.6538297098747803, "rgb": "#000000", "zyx": [16, 82, 46]}