{"p": 0.241, "barbin": 0, "corr": 0.03855438530445099, "timescale": 6.048213884245358, "rgb": "#000000", "zyx": [10, 16, 44]}