{"p": 0.12, "barbin": 0, "corr": 0.006141121499240398, "timescale": 3.3980793889882785, "rgb": "#000000", "zyx": [6, 50, 70]}