{"p": 0.0, "barbin": 4, "corr": 0.3131764829158783, "timescale": 6.897236250568752, "rgb": "#000000", "zyx": [21, 42, 68]}