{"p": 0.412, "barbin": 0, "corr": 0.015913210809230804, "timescale": 7.452806279367169, "rgb": "#000000", "zyx": [21, 28, 55]}