{"p": 0.995, "barbin": 0, "corr": -0.10384290665388107, "timescale": 6.894725917937575, "rgb": "#000000", "zyx": [8, 53, 56]}