{"p": 0.003, "barbin": 1, "corr": 0.11268819123506546, "timescale": 2.646067429505577, "rgb": "#000000", "zyx": [13, 59, 28]}