{"p": 0.0, "barbin": 2, "corr": 0.18835023045539856, "timescale": 7.717592610124416, "rgb": "#000000", "zyx": [13, 74, 68]}