{"p": 0.632, "barbin": 0, "corr": -0.019444696605205536, "timescale": 6.582922794003783, "rgb": "#000000", "zyx": [18, 38, 33]}