{"p": 0.0, "barbin": 4, "corr": 0.27427589893341064, "timescale": 7.336281206347247, "rgb": "#000000", "zyx": [6, 69, 30]}