{"p": 0.021, "barbin": 0, "corr": 0.08592170476913452, "timescale": 6.878478935782443, "rgb": "#000000", "zyx": [18, 37, 66]}