{"p": 0.726, "barbin": 0, "corr": -0.020897366106510162, "timescale": 7.5913631716265835, "rgb": "#000000", "zyx": [23, 63, 67]}