{"p": 0.002, "barbin": 2, "corr": 0.15349562466144562, "timescale": 6.375348961977004, "rgb": "#000000", "zyx": [11, 78, 58]}