{"p": 0.636, "barbin": 0, "corr": -0.026159754022955894, "timescale": 7.435429254582378, "rgb": "#000000", "zyx": [26, 54, 43]}