{"p": 0.497, "barbin": 0, "corr": -0.0027841816190630198, "timescale": 5.943725576729187, "rgb": "#000000", "zyx": [18, 87, 40]}