{"p": 0.0, "barbin": 2, "corr": 0.19422903656959534, "timescale": 7.1167961989418345, "rgb": "#000000", "zyx": [17, 41, 69]}