{"p": 0.165, "barbin": 0, "corr": 0.003997269086539745, "timescale": 3.0018631408453933, "rgb": "#000000", "zyx": [20, 62, 49]}