{"p": 0.256, "barbin": 0, "corr": 0.0385974645614624, "timescale": 7.773377038906614, "rgb": "#000000", "zyx": [7, 32, 44]}