{"p": 0.318, "barbin": 0, "corr": 0.023954227566719055, "timescale": 5.799552979727129, "rgb": "#000000", "zyx": [2, 52, 39]}