{"p": 0.08, "barbin": 0, "corr": 0.0613006167113781, "timescale": 7.118540132494579, "rgb": "#000000", "zyx": [18, 75, 71]}