{"p": 0.762, "barbin": 0, "corr": -0.03077360987663269, "timescale": 8.584962510405946, "rgb": "#000000", "zyx": [15, 39, 60]}