{"p": 0.831, "barbin": 0, "corr": -0.04556845501065254, "timescale": 3.773791448732285, "rgb": "#000000", "zyx": [20, 33, 65]}