{"p": 0.017, "barbin": 0, "corr": 0.08204101026058197, "timescale": 8.15932910291702, "rgb": "#000000", "zyx": [8, 41, 58]}