{"p": 0.894, "barbin": 0, "corr": -0.06878163665533066, "timescale": 2.6875930192919384, "rgb": "#000000", "zyx": [19, 62, 33]}