{"p": 0.002, "barbin": 2, "corr": 0.1797802895307541, "timescale": 6.74277672024794, "rgb": "#000000", "zyx": [16, 27, 35]}