{"p": 0.368, "barbin": 0, "corr": 0.01381411962211132, "timescale": 7.121138339938971, "rgb": "#000000", "zyx": [22, 57, 31]}