{"p": 0.03, "barbin": 1, "corr": 0.10374674201011658, "timescale": 3.131022358837254, "rgb": "#000000", "zyx": [23, 38, 61]}