{"p": 0.589, "barbin": 0, "corr": -0.01159166544675827, "timescale": 8.583652377390905, "rgb": "#000000", "zyx": [4, 40, 71]}