{"p": 0.048, "barbin": 0, "corr": 0.09173495322465897, "timescale": 5.688419101960188, "rgb": "#000000", "zyx": [14, 30, 47]}