{"p": 0.478, "barbin": 0, "corr": 0.005184885114431381, "timescale": 6.249987560445132, "rgb": "#000000", "zyx": [5, 57, 29]}