{"p": 0.002, "barbin": 0, "corr": 0.04439867287874222, "timescale": 4.245580299717251, "rgb": "#000000", "zyx": [3, 88, 59]}