{"p": 0.354, "barbin": 0, "corr": 0.020135140046477318, "timescale": 7.483388562101603, "rgb": "#000000", "zyx": [11, 55, 70]}