{"p": 0.549, "barbin": 0, "corr": -0.0041807410307228565, "timescale": 3.836825103698999, "rgb": "#000000", "zyx": [20, 62, 44]}