{"p": 0.067, "barbin": 0, "corr": 0.07695241272449493, "timescale": 6.788931523008938, "rgb": "#000000", "zyx": [12, 81, 69]}