{"p": 0.735, "barbin": 0, "corr": -0.035002145916223526, "timescale": 8.552866188340285, "rgb": "#000000", "zyx": [9, 51, 54]}