{"p": 0.878, "barbin": 0, "corr": -0.06952541321516037, "timescale": 8.584950184967381, "rgb": "#000000", "zyx": [20, 65, 46]}