{"p": 0.016, "barbin": 1, "corr": 0.12210588157176971, "timescale": 5.849469419921409, "rgb": "#000000", "zyx": [16, 38, 47]}