{"p": 0.027, "barbin": 1, "corr": 0.10284216701984406, "timescale": 5.9910276905378606, "rgb": "#000000", "zyx": [12, 61, 25]}