{"p": 0.007, "barbin": 1, "corr": 0.12159684300422668, "timescale": 6.491396174350941, "rgb": "#000000", "zyx": [25, 74, 48]}