{"p": 0.982, "barbin": 0, "corr": -0.05560227110981941, "timescale": 3.657169175198844, "rgb": "#000000", "zyx": [11, 32, 32]}