{"p": 0.828, "barbin": 0, "corr": -0.03186464309692383, "timescale": 3.2771913838191447, "rgb": "#000000", "zyx": [15, 67, 30]}