{"p": 0.076, "barbin": 0, "corr": 0.08849676698446274, "timescale": 6.6520699011566515, "rgb": "#000000", "zyx": [3, 64, 74]}