{"p": 0.85, "barbin": 0, "corr": -0.06151563301682472, "timescale": 4.554408829937286, "rgb": "#000000", "zyx": [14, 44, 66]}