{"p": 0.496, "barbin": 0, "corr": -0.0005609096260741353, "timescale": 2.0539365627506925, "rgb": "#000000", "zyx": [2, 86, 38]}