{"p": 0.2, "barbin": 0, "corr": 0.022467833012342453, "timescale": 7.503418334836517, "rgb": "#000000", "zyx": [8, 82, 68]}