{"p": 0.254, "barbin": 0, "corr": 0.03966293856501579, "timescale": 6.439357501217513, "rgb": "#000000", "zyx": [14, 28, 40]}