{"p": 0.157, "barbin": 0, "corr": 0.056402914226055145, "timescale": 2.8746397034443913, "rgb": "#000000", "zyx": [8, 77, 53]}