{"p": 0.408, "barbin": 0, "corr": 0.01194236520677805, "timescale": 6.970742180396259, "rgb": "#000000", "zyx": [5, 51, 57]}