{"p": 0.0, "barbin": 3, "corr": 0.22508415579795837, "timescale": 7.235984842655057, "rgb": "#000000", "zyx": [21, 44, 64]}