{"p": 0.0, "barbin": 4, "corr": 0.30666887760162354, "timescale": 5.7027461944623346, "rgb": "#000000", "zyx": [8, 70, 27]}