{"p": 0.031, "barbin": 0, "corr": 0.0697203204035759, "timescale": 4.539596938669992, "rgb": "#000000", "zyx": [13, 59, 26]}