{"p": 0.021, "barbin": 1, "corr": 0.12625433504581451, "timescale": 6.809994440214551, "rgb": "#000000", "zyx": [11, 43, 42]}