{"p": 0.782, "barbin": 0, "corr": -0.046308889985084534, "timescale": 3.57951995303924, "rgb": "#000000", "zyx": [15, 37, 52]}