{"p": 0.534, "barbin": 0, "corr": -0.003021007403731346, "timescale": 1.588715110682348, "rgb": "#000000", "zyx": [3, 70, 42]}