{"p": 0.0, "barbin": 0, "corr": 0.03987295553088188, "timescale": 5.334433444413986, "rgb": "#000000", "zyx": [18, 70, 66]}