{"p": 0.252, "barbin": 0, "corr": 0.010583493858575821, "timescale": 5.092204067824558, "rgb": "#000000", "zyx": [20, 25, 44]}