{"p": 0.155, "barbin": 0, "corr": 0.06513525545597076, "timescale": 6.92339862166319, "rgb": "#000000", "zyx": [20, 26, 43]}