{"p": 0.566, "barbin": 0, "corr": -0.004277214407920837, "timescale": 5.279085278281038, "rgb": "#000000", "zyx": [18, 77, 45]}