{"p": 0.391, "barbin": 0, "corr": 0.017174409702420235, "timescale": 8.584962500735424, "rgb": "#000000", "zyx": [1, 65, 78]}