{"p": 0.109, "barbin": 0, "corr": 0.06660004705190659, "timescale": 4.19797476040742, "rgb": "#000000", "zyx": [9, 62, 23]}