{"p": 0.803, "barbin": 0, "corr": -0.03330636024475098, "timescale": 2.235575326264202, "rgb": "#000000", "zyx": [1, 88, 65]}