{"p": 0.593, "barbin": 0, "corr": -0.009390559047460556, "timescale": 4.962912922865794, "rgb": "#000000", "zyx": [5, 56, 76]}