{"p": 0.349, "barbin": 0, "corr": 0.021739577874541283, "timescale": 7.584961188501086, "rgb": "#000000", "zyx": [25, 56, 64]}