{"p": 0.271, "barbin": 0, "corr": 0.0227033868432045, "timescale": 7.307414639372689, "rgb": "#000000", "zyx": [9, 33, 30]}