{"p": 0.457, "barbin": 0, "corr": 0.0057539381086826324, "timescale": 5.853802370262935, "rgb": "#000000", "zyx": [17, 67, 77]}