{"p": 0.556, "barbin": 0, "corr": -0.009923778474330902, "timescale": 1.6247806580520332, "rgb": "#000000", "zyx": [19, 24, 60]}