{"p": 0.081, "barbin": 0, "corr": 0.012983615510165691, "timescale": 5.748336657357667, "rgb": "#000000", "zyx": [4, 89, 54]}