{"p": 0.096, "barbin": 0, "corr": 0.07333721965551376, "timescale": 7.103022876728199, "rgb": "#000000", "zyx": [20, 51, 38]}