{"p": 0.866, "barbin": 0, "corr": -0.025353731587529182, "timescale": 5.5846664101382455, "rgb": "#000000", "zyx": [15, 62, 57]}