{"p": 0.855, "barbin": 0, "corr": -0.06222354620695114, "timescale": 2.078481151320143, "rgb": "#000000", "zyx": [11, 42, 42]}