{"p": 0.321, "barbin": 0, "corr": 0.02877895161509514, "timescale": 5.144300556712359, "rgb": "#000000", "zyx": [20, 74, 48]}