{"p": 0.162, "barbin": 0, "corr": 0.04747159034013748, "timescale": 7.371568446079223, "rgb": "#000000", "zyx": [10, 91, 62]}