{"p": 0.014, "barbin": 0, "corr": 0.07542815059423447, "timescale": 3.9533697278914866, "rgb": "#000000", "zyx": [12, 50, 50]}