{"p": 0.109, "barbin": 0, "corr": 0.0691438540816307, "timescale": 8.060661763553526, "rgb": "#000000", "zyx": [14, 47, 34]}