{"p": 0.664, "barbin": 0, "corr": -0.016720609739422798, "timescale": 5.783710236398956, "rgb": "#000000", "zyx": [20, 48, 31]}