{"p": 0.677, "barbin": 0, "corr": -0.0229069571942091, "timescale": 4.179518462358727, "rgb": "#000000", "zyx": [4, 39, 55]}