{"p": 0.052, "barbin": 0, "corr": 0.09742037206888199, "timescale": 5.649416812182868, "rgb": "#000000", "zyx": [1, 80, 72]}