{"p": 0.199, "barbin": 0, "corr": 0.051400937139987946, "timescale": 6.6391818690874755, "rgb": "#000000", "zyx": [20, 80, 57]}