{"p": 0.0, "barbin": 0, "corr": 0.0935966894030571, "timescale": 5.80313231184636, "rgb": "#000000", "zyx": [22, 61, 52]}