{"p": 0.666, "barbin": 0, "corr": -0.023242929950356483, "timescale": 6.583561381511493, "rgb": "#000000", "zyx": [23, 34, 46]}