{"p": 0.0, "barbin": 1, "corr": 0.11650215089321136, "timescale": 4.110738532548774, "rgb": "#000000", "zyx": [11, 85, 62]}