{"p": 0.91, "barbin": 0, "corr": -0.08175797015428543, "timescale": 4.58483504313924, "rgb": "#000000", "zyx": [26, 57, 43]}