{"p": 0.0, "barbin": 4, "corr": 0.27227503061294556, "timescale": 6.626971540186633, "rgb": "#000000", "zyx": [22, 32, 43]}