{"p": 0.224, "barbin": 0, "corr": 0.03884616121649742, "timescale": 4.584374683992167, "rgb": "#000000", "zyx": [9, 81, 51]}