{"p": 0.071, "barbin": 0, "corr": 0.06944338232278824, "timescale": 3.506515532406887, "rgb": "#000000", "zyx": [10, 40, 29]}