{"p": 0.194, "barbin": 0, "corr": 0.049584999680519104, "timescale": 5.010320681891155, "rgb": "#000000", "zyx": [9, 35, 58]}