{"p": 0.172, "barbin": 0, "corr": 0.05339933931827545, "timescale": 5.582738580489143, "rgb": "#000000", "zyx": [2, 90, 47]}