{"p": 0.941, "barbin": 0, "corr": -0.07981002330780029, "timescale": 6.570091486685535, "rgb": "#000000", "zyx": [6, 57, 50]}