{"p": 0.0, "barbin": 3, "corr": 0.23246654868125916, "timescale": 7.081699377174825, "rgb": "#000000", "zyx": [15, 88, 62]}