{"p": 0.028, "barbin": 1, "corr": 0.10981455445289612, "timescale": 4.944291469422586, "rgb": "#000000", "zyx": [9, 56, 56]}