{"p": 0.405, "barbin": 0, "corr": 0.018134264275431633, "timescale": 6.605239994420169, "rgb": "#000000", "zyx": [13, 23, 60]}