{"p": 0.537, "barbin": 0, "corr": -0.013566425070166588, "timescale": 4.3215640559533615, "rgb": "#000000", "zyx": [3, 35, 67]}