{"p": 0.425, "barbin": 0, "corr": 0.0052882228046655655, "timescale": 7.020576457127193, "rgb": "#000000", "zyx": [19, 76, 40]}