{"p": 0.662, "barbin": 0, "corr": -0.011776951141655445, "timescale": 5.769300669498791, "rgb": "#000000", "zyx": [22, 36, 38]}