{"p": 0.0, "barbin": 4, "corr": 0.2511804699897766, "timescale": 7.234150903543017, "rgb": "#000000", "zyx": [19, 55, 38]}