{"p": 0.0, "barbin": 4, "corr": 0.40869757533073425, "timescale": 7.058461539662132, "rgb": "#000000", "zyx": [10, 67, 26]}