{"p": 0.825, "barbin": 0, "corr": -0.05230876803398132, "timescale": 8.267658381089912, "rgb": "#000000", "zyx": [6, 28, 50]}