{"p": 0.082, "barbin": 0, "corr": 0.05444929748773575, "timescale": 5.299400445789799, "rgb": "#000000", "zyx": [4, 87, 60]}