{"p": 0.001, "barbin": 1, "corr": 0.14299558103084564, "timescale": 7.278871470176882, "rgb": "#000000", "zyx": [7, 61, 81]}