{"p": 0.183, "barbin": 0, "corr": 0.029269708320498466, "timescale": 7.545302319741199, "rgb": "#000000", "zyx": [14, 72, 27]}