{"p": 0.375, "barbin": 0, "corr": 0.020953530445694923, "timescale": 5.448910762802533, "rgb": "#000000", "zyx": [13, 34, 49]}