{"p": 0.552, "barbin": 0, "corr": -0.007206066977232695, "timescale": 7.583130584358903, "rgb": "#000000", "zyx": [12, 52, 76]}