{"p": 0.495, "barbin": 0, "corr": 7.986400305526331e-05, "timescale": 7.533681344085623, "rgb": "#000000", "zyx": [21, 78, 45]}