{"p": 0.008, "barbin": 1, "corr": 0.1411719024181366, "timescale": 7.840548693515862, "rgb": "#000000", "zyx": [10, 57, 77]}