{"p": 0.846, "barbin": 0, "corr": -0.056812483817338943, "timescale": 3.7449637066710135, "rgb": "#000000", "zyx": [8, 37, 58]}