{"p": 0.102, "barbin": 0, "corr": 0.06494279950857162, "timescale": 5.991430330193747, "rgb": "#000000", "zyx": [14, 29, 71]}