{"p": 0.939, "barbin": 0, "corr": -0.09963089972734451, "timescale": 5.5849474920869016, "rgb": "#000000", "zyx": [5, 39, 39]}