{"p": 0.884, "barbin": 0, "corr": -0.07692933827638626, "timescale": 4.585032708403697, "rgb": "#000000", "zyx": [6, 54, 49]}