{"p": 0.166, "barbin": 0, "corr": 0.05572174862027168, "timescale": 5.619134243951709, "rgb": "#000000", "zyx": [17, 76, 51]}