{"p": 0.383, "barbin": 0, "corr": 0.018333226442337036, "timescale": 7.549143644120375, "rgb": "#000000", "zyx": [22, 37, 60]}