{"p": 0.085, "barbin": 0, "corr": 0.06972910463809967, "timescale": 6.062622363282494, "rgb": "#000000", "zyx": [16, 34, 36]}