{"p": 0.016, "barbin": 0, "corr": 0.0850304588675499, "timescale": 6.403325141197184, "rgb": "#000000", "zyx": [12, 58, 71]}