{"p": 0.009, "barbin": 1, "corr": 0.13082531094551086, "timescale": 5.219611308230405, "rgb": "#000000", "zyx": [19, 46, 45]}