{"p": 0.1, "barbin": 0, "corr": 0.06906569004058838, "timescale": 5.159468770396293, "rgb": "#000000", "zyx": [6, 44, 27]}