{"p": 0.221, "barbin": 0, "corr": 0.048585183918476105, "timescale": 6.410760211285565, "rgb": "#000000", "zyx": [12, 24, 61]}