{"p": 0.379, "barbin": 0, "corr": 0.019572949036955833, "timescale": 5.594888010788846, "rgb": "#000000", "zyx": [3, 94, 46]}