{"p": 0.161, "barbin": 0, "corr": 0.045450594276189804, "timescale": 8.201066392914607, "rgb": "#000000", "zyx": [20, 48, 40]}