{"p": 0.08, "barbin": 0, "corr": 0.08895066380500793, "timescale": 5.922697325168331, "rgb": "#000000", "zyx": [16, 24, 45]}