{"p": 0.275, "barbin": 0, "corr": 0.024359386414289474, "timescale": 5.0347550676234, "rgb": "#000000", "zyx": [10, 85, 59]}