{"p": 0.622, "barbin": 0, "corr": -0.013004758395254612, "timescale": 2.58562811968803, "rgb": "#000000", "zyx": [21, 77, 47]}