{"p": 0.182, "barbin": 0, "corr": 0.006651304662227631, "timescale": 1.7981632751319383, "rgb": "#000000", "zyx": [12, 29, 64]}