{"p": 0.192, "barbin": 0, "corr": 0.031492818146944046, "timescale": 8.14611722019192, "rgb": "#000000", "zyx": [19, 81, 41]}