{"p": 0.005, "barbin": 1, "corr": 0.14608311653137207, "timescale": 6.8237124874942285, "rgb": "#000000", "zyx": [21, 30, 49]}