{"p": 0.74, "barbin": 0, "corr": -0.028609996661543846, "timescale": 4.02060364854743, "rgb": "#000000", "zyx": [20, 60, 27]}