{"p": 0.041, "barbin": 0, "corr": 0.08669612556695938, "timescale": 7.910001182542586, "rgb": "#000000", "zyx": [18, 54, 27]}