{"p": 0.434, "barbin": 0, "corr": 0.0070082517340779305, "timescale": 4.597224541199006, "rgb": "#000000", "zyx": [3, 91, 67]}