{"p": 0.537, "barbin": 0, "corr": -0.003613576292991638, "timescale": 5.507586657316739, "rgb": "#000000", "zyx": [19, 64, 44]}