{"p": 0.103, "barbin": 0, "corr": 0.06367621570825577, "timescale": 6.8744058321018935, "rgb": "#000000", "zyx": [16, 30, 32]}