{"p": 0.0, "barbin": 1, "corr": 0.14764711260795593, "timescale": 6.934055300142815, "rgb": "#000000", "zyx": [3, 72, 31]}