{"p": 0.117, "barbin": 0, "corr": 0.0661226212978363, "timescale": 6.601217346376055, "rgb": "#000000", "zyx": [3, 72, 59]}