{"p": 0.397, "barbin": 0, "corr": 0.016357356682419777, "timescale": 6.589228120409341, "rgb": "#000000", "zyx": [16, 37, 75]}