{"p": 0.0, "barbin": 1, "corr": 0.10336194932460785, "timescale": 6.06958467599335, "rgb": "#000000", "zyx": [2, 68, 70]}