{"p": 0.043, "barbin": 0, "corr": 0.05036979913711548, "timescale": 6.355963595770541, "rgb": "#000000", "zyx": [2, 80, 42]}