{"p": 0.427, "barbin": 0, "corr": 0.009856035932898521, "timescale": 8.481889192513476, "rgb": "#000000", "zyx": [23, 55, 70]}