{"p": 0.101, "barbin": 0, "corr": 0.07651087641716003, "timescale": 6.828368419765731, "rgb": "#000000", "zyx": [5, 68, 27]}