{"p": 0.362, "barbin": 0, "corr": 0.01664285734295845, "timescale": 7.563717467065935, "rgb": "#000000", "zyx": [6, 77, 49]}