{"p": 0.058, "barbin": 0, "corr": 0.05639315024018288, "timescale": 4.862757379092425, "rgb": "#000000", "zyx": [19, 77, 41]}