{"p": 0.012, "barbin": 1, "corr": 0.11561243236064911, "timescale": 5.11813973487752, "rgb": "#000000", "zyx": [17, 40, 50]}