{"p": 0.0, "barbin": 4, "corr": 0.2515895962715149, "timescale": 7.5603049560502384, "rgb": "#000000", "zyx": [22, 34, 42]}