{"p": 0.593, "barbin": 0, "corr": -0.016326462849974632, "timescale": 4.584962534754845, "rgb": "#000000", "zyx": [15, 64, 72]}