{"p": 0.181, "barbin": 0, "corr": 0.019656982272863388, "timescale": 5.515096808112259, "rgb": "#000000", "zyx": [7, 35, 31]}