{"p": 0.21, "barbin": 0, "corr": 0.046753354370594025, "timescale": 7.5630618969917105, "rgb": "#000000", "zyx": [21, 52, 52]}