{"p": 0.687, "barbin": 0, "corr": -0.025990480557084084, "timescale": 4.32913670097709, "rgb": "#000000", "zyx": [20, 65, 44]}