{"p": 0.151, "barbin": 0, "corr": 0.05900932103395462, "timescale": 6.083889167148813, "rgb": "#000000", "zyx": [14, 31, 56]}