{"p": 0.094, "barbin": 0, "corr": 0.07713279873132706, "timescale": 7.4094716761142845, "rgb": "#000000", "zyx": [0, 76, 36]}