{"p": 0.069, "barbin": 0, "corr": 0.07147134840488434, "timescale": 4.4280294861595255, "rgb": "#000000", "zyx": [14, 26, 39]}