{"p": 0.896, "barbin": 0, "corr": -0.07229975610971451, "timescale": 8.521499404092422, "rgb": "#000000", "zyx": [16, 88, 40]}