{"p": 0.394, "barbin": 0, "corr": 0.01617438904941082, "timescale": 6.00215354326211, "rgb": "#000000", "zyx": [4, 49, 43]}