{"p": 0.024, "barbin": 1, "corr": 0.1106482669711113, "timescale": 8.174544848745008, "rgb": "#000000", "zyx": [14, 64, 78]}