{"p": 0.823, "barbin": 0, "corr": -0.039104655385017395, "timescale": 8.557122211803879, "rgb": "#000000", "zyx": [16, 56, 65]}