{"p": 0.603, "barbin": 0, "corr": -0.012743696570396423, "timescale": 7.482723119154298, "rgb": "#000000", "zyx": [18, 46, 40]}