{"p": 0.0, "barbin": 1, "corr": 0.1216517835855484, "timescale": 7.235794101561108, "rgb": "#000000", "zyx": [19, 85, 63]}