{"p": 0.024, "barbin": 1, "corr": 0.11172498762607574, "timescale": 4.60555937322001, "rgb": "#000000", "zyx": [20, 69, 73]}