{"p": 0.304, "barbin": 0, "corr": 0.026641232892870903, "timescale": 5.634994062612053, "rgb": "#000000", "zyx": [9, 39, 62]}