{"p": 0.738, "barbin": 0, "corr": -0.032026514410972595, "timescale": 5.455922402306772, "rgb": "#000000", "zyx": [5, 46, 62]}