{"p": 0.025, "barbin": 1, "corr": 0.12114612013101578, "timescale": 4.937073029221381, "rgb": "#000000", "zyx": [15, 44, 68]}