{"p": 0.32, "barbin": 0, "corr": 0.02847001887857914, "timescale": 6.811842002612239, "rgb": "#000000", "zyx": [18, 63, 77]}