{"p": 0.1, "barbin": 0, "corr": 0.030033204704523087, "timescale": 5.170640023000702, "rgb": "#000000", "zyx": [25, 68, 47]}