{"p": 0.084, "barbin": 0, "corr": 0.04102175682783127, "timescale": 5.142849368019162, "rgb": "#000000", "zyx": [27, 49, 53]}