{"p": 0.054, "barbin": 0, "corr": 0.0880107581615448, "timescale": 6.622152724112374, "rgb": "#000000", "zyx": [3, 76, 75]}