{"p": 0.492, "barbin": 0, "corr": 0.0010153342736884952, "timescale": 7.574233605809716, "rgb": "#000000", "zyx": [20, 66, 30]}