{"p": 0.312, "barbin": 0, "corr": 0.02900603413581848, "timescale": 6.642324121981238, "rgb": "#000000", "zyx": [11, 90, 70]}