{"p": 0.111, "barbin": 0, "corr": 0.030893787741661072, "timescale": 5.309600596705993, "rgb": "#000000", "zyx": [2, 82, 43]}