{"p": 0.548, "barbin": 0, "corr": -0.008286439813673496, "timescale": 6.07202906956931, "rgb": "#000000", "zyx": [22, 66, 50]}