{"p": 0.927, "barbin": 0, "corr": -0.08781808614730835, "timescale": 7.0544684786265535, "rgb": "#000000", "zyx": [1, 81, 74]}