{"p": 0.174, "barbin": 0, "corr": 0.050409700721502304, "timescale": 6.582873680815831, "rgb": "#000000", "zyx": [26, 43, 54]}