{"p": 0.01, "barbin": 1, "corr": 0.14481212198734283, "timescale": 3.6987493910523375, "rgb": "#000000", "zyx": [20, 56, 71]}