{"p": 0.554, "barbin": 0, "corr": -0.005935115739703178, "timescale": 4.584962500721156, "rgb": "#000000", "zyx": [4, 75, 68]}