{"p": 0.067, "barbin": 0, "corr": 0.09139837324619293, "timescale": 6.581138163056448, "rgb": "#000000", "zyx": [20, 26, 47]}