{"p": 0.6, "barbin": 0, "corr": -0.016793012619018555, "timescale": 3.7199774894556294, "rgb": "#000000", "zyx": [3, 43, 61]}