{"p": 0.027, "barbin": 1, "corr": 0.10498809069395065, "timescale": 7.386058397669262, "rgb": "#000000", "zyx": [15, 27, 45]}