{"p": 0.065, "barbin": 0, "corr": 0.04986495152115822, "timescale": 6.298469356632033, "rgb": "#000000", "zyx": [25, 72, 53]}