{"p": 0.004, "barbin": 1, "corr": 0.14715716242790222, "timescale": 6.0084271411359635, "rgb": "#000000", "zyx": [21, 51, 48]}