{"p": 0.0, "barbin": 2, "corr": 0.18200618028640747, "timescale": 3.395913383848975, "rgb": "#000000", "zyx": [5, 76, 69]}