{"p": 0.59, "barbin": 0, "corr": -0.013953087851405144, "timescale": 4.358160390049159, "rgb": "#000000", "zyx": [22, 71, 67]}