{"p": 0.256, "barbin": 0, "corr": 0.033117957413196564, "timescale": 6.9653947970259305, "rgb": "#000000", "zyx": [5, 48, 66]}