{"p": 0.062, "barbin": 0, "corr": 0.011549769900739193, "timescale": 2.0486051799652003, "rgb": "#000000", "zyx": [20, 85, 64]}