{"p": 0.001, "barbin": 2, "corr": 0.168367400765419, "timescale": 5.707470784413981, "rgb": "#000000", "zyx": [8, 63, 70]}