{"p": 0.017, "barbin": 1, "corr": 0.12404049932956696, "timescale": 7.0628093852385, "rgb": "#000000", "zyx": [8, 50, 29]}