{"p": 0.894, "barbin": 0, "corr": -0.07071609795093536, "timescale": 3.6762487427293653, "rgb": "#000000", "zyx": [14, 42, 31]}