{"p": 0.491, "barbin": 0, "corr": 5.310830601956695e-06, "timescale": 3.595305727056192, "rgb": "#000000", "zyx": [2, 46, 69]}