{"p": 0.332, "barbin": 0, "corr": 0.025848599150776863, "timescale": 6.659829719292631, "rgb": "#000000", "zyx": [12, 54, 67]}