{"p": 0.424, "barbin": 0, "corr": 0.009132271632552147, "timescale": 7.002237154101401, "rgb": "#000000", "zyx": [7, 90, 69]}