{"p": 0.525, "barbin": 0, "corr": -0.0039373040199279785, "timescale": 4.124117682144477, "rgb": "#000000", "zyx": [4, 69, 64]}