{"p": 0.418, "barbin": 0, "corr": 0.002099743578583002, "timescale": 3.8287857968014807, "rgb": "#000000", "zyx": [17, 57, 78]}