{"p": 0.635, "barbin": 0, "corr": -0.02108217589557171, "timescale": 6.298552915450297, "rgb": "#000000", "zyx": [13, 80, 45]}