{"p": 0.759, "barbin": 0, "corr": -0.02383619174361229, "timescale": 5.326664856891734, "rgb": "#000000", "zyx": [6, 71, 48]}