{"p": 0.394, "barbin": 0, "corr": 0.01217317208647728, "timescale": 7.852859996968653, "rgb": "#000000", "zyx": [11, 37, 63]}