{"p": 0.099, "barbin": 0, "corr": 0.08283889293670654, "timescale": 5.088861515121639, "rgb": "#000000", "zyx": [18, 62, 30]}