{"p": 0.976, "barbin": 0, "corr": -0.11224853992462158, "timescale": 2.9058648099918107, "rgb": "#000000", "zyx": [4, 57, 26]}