{"p": 0.0, "barbin": 3, "corr": 0.23223146796226501, "timescale": 5.290483039959112, "rgb": "#000000", "zyx": [9, 61, 34]}