{"p": 0.004, "barbin": 2, "corr": 0.15282271802425385, "timescale": 7.373316709189802, "rgb": "#000000", "zyx": [9, 60, 74]}