{"p": 0.869, "barbin": 0, "corr": -0.060316264629364014, "timescale": 3.860022225994251, "rgb": "#000000", "zyx": [12, 38, 70]}