{"p": 0.0, "barbin": 3, "corr": 0.2482367604970932, "timescale": 8.441223482736724, "rgb": "#000000", "zyx": [14, 45, 33]}