{"p": 0.15, "barbin": 0, "corr": 0.042730364948511124, "timescale": 6.310726487288089, "rgb": "#000000", "zyx": [19, 46, 39]}