{"p": 0.581, "barbin": 0, "corr": -0.005298506934195757, "timescale": 1.5914642359119344, "rgb": "#000000", "zyx": [6, 35, 59]}