{"p": 0.549, "barbin": 0, "corr": -0.004483246244490147, "timescale": 4.455304059430677, "rgb": "#000000", "zyx": [14, 90, 51]}