{"p": 0.0, "barbin": 2, "corr": 0.18371567130088806, "timescale": 7.998831324431798, "rgb": "#000000", "zyx": [19, 45, 73]}