{"p": 0.38, "barbin": 0, "corr": 0.017876116558909416, "timescale": 6.421929078794957, "rgb": "#000000", "zyx": [19, 23, 54]}