{"p": 0.878, "barbin": 0, "corr": -0.01549501158297062, "timescale": 7.213764544597632, "rgb": "#000000", "zyx": [5, 92, 60]}