{"p": 0.0, "barbin": 4, "corr": 0.32691413164138794, "timescale": 6.8800901465816695, "rgb": "#000000", "zyx": [11, 32, 63]}