{"p": 0.004, "barbin": 2, "corr": 0.15289533138275146, "timescale": 7.412150148559381, "rgb": "#000000", "zyx": [13, 72, 37]}