{"p": 0.333, "barbin": 0, "corr": 0.018790457397699356, "timescale": 7.567429226853151, "rgb": "#000000", "zyx": [24, 37, 44]}