{"p": 0.684, "barbin": 0, "corr": -0.029591502621769905, "timescale": 6.584682126781399, "rgb": "#000000", "zyx": [21, 73, 56]}