{"p": 0.199, "barbin": 0, "corr": 0.04465458542108536, "timescale": 2.5748373080335347, "rgb": "#000000", "zyx": [17, 73, 50]}