{"p": 0.0, "barbin": 1, "corr": 0.14403297007083893, "timescale": 4.440923534551901, "rgb": "#000000", "zyx": [7, 80, 30]}