{"p": 0.57, "barbin": 0, "corr": -0.00947873666882515, "timescale": 8.424571165964192, "rgb": "#000000", "zyx": [5, 75, 58]}