{"p": 0.009, "barbin": 1, "corr": 0.12997838854789734, "timescale": 2.5404959034204513, "rgb": "#000000", "zyx": [19, 63, 65]}