{"p": 0.761, "barbin": 0, "corr": -0.0401044525206089, "timescale": 3.5925027238194445, "rgb": "#000000", "zyx": [18, 38, 38]}