{"p": 0.13, "barbin": 0, "corr": 0.044867854565382004, "timescale": 6.589473139269179, "rgb": "#000000", "zyx": [9, 41, 59]}