{"p": 0.883, "barbin": 0, "corr": -0.06615111231803894, "timescale": 5.584962500721156, "rgb": "#000000", "zyx": [9, 60, 52]}