{"p": 0.306, "barbin": 0, "corr": 0.028109081089496613, "timescale": 6.005356334893211, "rgb": "#000000", "zyx": [9, 76, 70]}