{"p": 0.0, "barbin": 2, "corr": 0.1903093457221985, "timescale": 5.198928197552832, "rgb": "#000000", "zyx": [9, 72, 75]}