{"p": 0.484, "barbin": 0, "corr": 0.002516620559617877, "timescale": 2.702684464340876, "rgb": "#000000", "zyx": [25, 48, 41]}