{"p": 0.707, "barbin": 0, "corr": -0.02767447754740715, "timescale": 1.7174931772479316, "rgb": "#000000", "zyx": [18, 56, 52]}