{"p": 0.196, "barbin": 0, "corr": 0.00545299518853426, "timescale": 2.509573158927421, "rgb": "#000000", "zyx": [3, 50, 31]}