{"p": 0.962, "barbin": 0, "corr": -0.10545951873064041, "timescale": 6.584962500721156, "rgb": "#000000", "zyx": [23, 59, 35]}