{"p": 0.002, "barbin": 2, "corr": 0.1694791167974472, "timescale": 6.580333686197187, "rgb": "#000000", "zyx": [6, 69, 28]}