{"p": 0.713, "barbin": 0, "corr": -0.03318684920668602, "timescale": 6.47935039170156, "rgb": "#000000", "zyx": [11, 60, 48]}