{"p": 0.535, "barbin": 0, "corr": -0.007541474886238575, "timescale": 3.175863200555187, "rgb": "#000000", "zyx": [3, 90, 50]}