{"p": 0.028, "barbin": 1, "corr": 0.10197073221206665, "timescale": 7.403692438278184, "rgb": "#000000", "zyx": [15, 66, 74]}