{"p": 0.0, "barbin": 3, "corr": 0.21493014693260193, "timescale": 7.270090189777702, "rgb": "#000000", "zyx": [11, 34, 31]}