{"p": 0.012, "barbin": 1, "corr": 0.12241584807634354, "timescale": 7.016660667415765, "rgb": "#000000", "zyx": [24, 71, 63]}