{"p": 0.152, "barbin": 0, "corr": 0.002242821967229247, "timescale": 3.859517726900315, "rgb": "#000000", "zyx": [11, 62, 48]}