{"p": 0.387, "barbin": 0, "corr": 0.016463324427604675, "timescale": 4.6127702265386645, "rgb": "#000000", "zyx": [13, 49, 78]}