{"p": 0.857, "barbin": 0, "corr": -0.06009425222873688, "timescale": 4.100021924615964, "rgb": "#000000", "zyx": [11, 16, 54]}