{"p": 0.686, "barbin": 0, "corr": -0.004775846377015114, "timescale": 6.336462004421829, "rgb": "#000000", "zyx": [17, 54, 26]}