{"p": 0.576, "barbin": 0, "corr": -0.00824127160012722, "timescale": 7.5231957536640435, "rgb": "#000000", "zyx": [12, 68, 38]}