{"p": 0.015, "barbin": 0, "corr": 0.02913716807961464, "timescale": 1.9595716249365922, "rgb": "#000000", "zyx": [17, 57, 31]}