{"p": 0.782, "barbin": 0, "corr": -0.008023581467568874, "timescale": 4.555119412649695, "rgb": "#000000", "zyx": [16, 43, 68]}