{"p": 0.0, "barbin": 3, "corr": 0.2449733167886734, "timescale": 6.87250176559321, "rgb": "#000000", "zyx": [8, 57, 70]}