{"p": 0.601, "barbin": 0, "corr": -0.01703464798629284, "timescale": 7.971010053285367, "rgb": "#000000", "zyx": [14, 21, 66]}