{"p": 0.12, "barbin": 0, "corr": 0.031627774238586426, "timescale": 4.223328404803304, "rgb": "#000000", "zyx": [8, 62, 32]}