{"p": 0.09, "barbin": 0, "corr": 0.07103699445724487, "timescale": 5.807061103216422, "rgb": "#000000", "zyx": [5, 48, 34]}