{"p": 0.667, "barbin": 0, "corr": -0.01093783974647522, "timescale": 3.1158146010131293, "rgb": "#000000", "zyx": [23, 74, 53]}