{"p": 0.0, "barbin": 3, "corr": 0.21090127527713776, "timescale": 8.063102133533482, "rgb": "#000000", "zyx": [20, 30, 60]}