{"p": 0.765, "barbin": 0, "corr": -0.04290509223937988, "timescale": 6.609950176250828, "rgb": "#000000", "zyx": [6, 76, 54]}