{"p": 0.08, "barbin": 0, "corr": 0.07820965349674225, "timescale": 8.485631189399804, "rgb": "#000000", "zyx": [14, 48, 77]}