{"p": 0.138, "barbin": 0, "corr": 0.06991542130708694, "timescale": 5.451431792431995, "rgb": "#000000", "zyx": [13, 22, 67]}