{"p": 0.0, "barbin": 4, "corr": 0.3335835933685303, "timescale": 6.121760601037651, "rgb": "#000000", "zyx": [13, 71, 75]}