{"p": 0.0, "barbin": 4, "corr": 0.3127884268760681, "timescale": 8.078145100803559, "rgb": "#000000", "zyx": [15, 74, 77]}