{"p": 0.258, "barbin": 0, "corr": 0.04294513165950775, "timescale": 4.908747262835459, "rgb": "#000000", "zyx": [19, 59, 78]}