{"p": 0.425, "barbin": 0, "corr": 0.0027684681117534637, "timescale": 4.584962079746093, "rgb": "#000000", "zyx": [16, 40, 43]}