{"p": 0.41, "barbin": 0, "corr": 0.010643064975738525, "timescale": 4.001392957980416, "rgb": "#000000", "zyx": [21, 66, 49]}