{"p": 0.786, "barbin": 0, "corr": -0.04271864518523216, "timescale": 8.521877281340444, "rgb": "#000000", "zyx": [16, 47, 79]}