{"p": 0.878, "barbin": 0, "corr": -0.017696155235171318, "timescale": 1.5849873570523088, "rgb": "#000000", "zyx": [4, 55, 59]}