{"p": 0.964, "barbin": 0, "corr": -0.09876234829425812, "timescale": 5.171461859196702, "rgb": "#000000", "zyx": [16, 51, 31]}