{"p": 0.175, "barbin": 0, "corr": 0.0563606321811676, "timescale": 6.699528654559599, "rgb": "#000000", "zyx": [23, 44, 41]}