{"p": 0.0, "barbin": 3, "corr": 0.20425669848918915, "timescale": 6.678522237687332, "rgb": "#000000", "zyx": [14, 39, 71]}