{"p": 0.015, "barbin": 0, "corr": 0.033002857118844986, "timescale": 7.129939362947466, "rgb": "#000000", "zyx": [7, 85, 34]}