{"p": 0.052, "barbin": 0, "corr": 0.08770331740379333, "timescale": 5.107714752627848, "rgb": "#000000", "zyx": [1, 45, 69]}