{"p": 0.972, "barbin": 0, "corr": -0.0731031522154808, "timescale": 3.5849625014584214, "rgb": "#000000", "zyx": [12, 20, 43]}