{"p": 0.013, "barbin": 1, "corr": 0.1282283365726471, "timescale": 4.699016609797731, "rgb": "#000000", "zyx": [16, 43, 48]}