{"p": 0.424, "barbin": 0, "corr": 0.004765269812196493, "timescale": 4.585368028975083, "rgb": "#000000", "zyx": [10, 45, 44]}