{"p": 0.046, "barbin": 0, "corr": 0.08793120831251144, "timescale": 3.5931365027152564, "rgb": "#000000", "zyx": [1, 42, 34]}