{"p": 0.082, "barbin": 0, "corr": 0.06734633445739746, "timescale": 4.083997831666991, "rgb": "#000000", "zyx": [22, 52, 53]}