{"p": 0.259, "barbin": 0, "corr": 0.030850529670715332, "timescale": 7.332815328492895, "rgb": "#000000", "zyx": [18, 44, 29]}