{"p": 0.168, "barbin": 0, "corr": 0.04562605917453766, "timescale": 4.115845477870908, "rgb": "#000000", "zyx": [14, 45, 48]}