{"p": 0.049, "barbin": 0, "corr": 0.09176088869571686, "timescale": 7.574651510447607, "rgb": "#000000", "zyx": [14, 27, 68]}