{"p": 0.007, "barbin": 1, "corr": 0.12861672043800354, "timescale": 5.761014794677394, "rgb": "#000000", "zyx": [27, 59, 49]}