{"p": 0.051, "barbin": 0, "corr": 0.08942685276269913, "timescale": 4.881994780404841, "rgb": "#000000", "zyx": [23, 64, 59]}