{"p": 0.273, "barbin": 0, "corr": 0.037417933344841, "timescale": 8.181768578423737, "rgb": "#000000", "zyx": [10, 33, 66]}