{"p": 0.039, "barbin": 0, "corr": 0.09927954524755478, "timescale": 5.147343827366871, "rgb": "#000000", "zyx": [20, 80, 49]}