{"p": 0.532, "barbin": 0, "corr": -0.003352418076246977, "timescale": 3.584962501937764, "rgb": "#000000", "zyx": [15, 60, 66]}