{"p": 0.807, "barbin": 0, "corr": -0.04872867465019226, "timescale": 4.009913911215018, "rgb": "#000000", "zyx": [17, 69, 70]}