{"p": 0.0, "barbin": 3, "corr": 0.200133815407753, "timescale": 6.735155374518014, "rgb": "#000000", "zyx": [9, 52, 27]}