{"p": 0.705, "barbin": 0, "corr": -0.029337868094444275, "timescale": 4.827953083657454, "rgb": "#000000", "zyx": [4, 70, 39]}