{"p": 0.79, "barbin": 0, "corr": -0.04012233391404152, "timescale": 3.643806463813381, "rgb": "#000000", "zyx": [17, 72, 71]}