{"p": 0.402, "barbin": 0, "corr": 0.01312917098402977, "timescale": 6.013275635966938, "rgb": "#000000", "zyx": [14, 47, 42]}