{"p": 0.995, "barbin": 0, "corr": -0.13474425673484802, "timescale": 4.195224812010336, "rgb": "#000000", "zyx": [9, 39, 70]}