{"p": 0.06, "barbin": 0, "corr": 0.08782553672790527, "timescale": 5.914080865089884, "rgb": "#000000", "zyx": [8, 44, 74]}