{"p": 0.431, "barbin": 0, "corr": 0.009092221036553383, "timescale": 2.4262033131195393, "rgb": "#000000", "zyx": [15, 47, 63]}