{"p": 0.023, "barbin": 1, "corr": 0.11523376405239105, "timescale": 7.903206827670807, "rgb": "#000000", "zyx": [13, 72, 36]}