{"p": 0.501, "barbin": 0, "corr": 0.0007279455312527716, "timescale": 5.585139235753362, "rgb": "#000000", "zyx": [24, 44, 38]}