{"p": 0.32, "barbin": 0, "corr": 0.02320113405585289, "timescale": 5.585168038873965, "rgb": "#000000", "zyx": [4, 58, 39]}