{"p": 0.4, "barbin": 0, "corr": 0.01588112860918045, "timescale": 4.708800676166163, "rgb": "#000000", "zyx": [15, 62, 78]}