{"p": 0.55, "barbin": 0, "corr": -0.0020661731250584126, "timescale": 4.923194330331018, "rgb": "#000000", "zyx": [21, 62, 62]}