{"p": 0.755, "barbin": 0, "corr": -0.03931732848286629, "timescale": 4.668102203610435, "rgb": "#000000", "zyx": [26, 52, 47]}