{"p": 0.809, "barbin": 0, "corr": -0.05347781628370285, "timescale": 2.9115071997561346, "rgb": "#000000", "zyx": [23, 50, 60]}