{"p": 0.082, "barbin": 0, "corr": 0.05926600098609924, "timescale": 5.894937331116425, "rgb": "#000000", "zyx": [11, 60, 34]}