{"p": 0.411, "barbin": 0, "corr": 0.0028813870158046484, "timescale": 2.5849626268878847, "rgb": "#000000", "zyx": [23, 67, 58]}