{"p": 0.423, "barbin": 0, "corr": 0.012057660147547722, "timescale": 5.673511019332118, "rgb": "#000000", "zyx": [24, 55, 59]}