{"p": 0.959, "barbin": 0, "corr": -0.058144085109233856, "timescale": 4.982250396557591, "rgb": "#000000", "zyx": [12, 91, 60]}