{"p": 0.671, "barbin": 0, "corr": -0.02718312107026577, "timescale": 2.872384832681703, "rgb": "#000000", "zyx": [14, 36, 49]}