{"p": 0.234, "barbin": 0, "corr": 0.032802775502204895, "timescale": 8.315755484812552, "rgb": "#000000", "zyx": [24, 69, 48]}