{"p": 0.082, "barbin": 0, "corr": 0.07360692322254181, "timescale": 6.648368563251616, "rgb": "#000000", "zyx": [26, 40, 45]}