{"p": 0.23, "barbin": 0, "corr": 0.03589259088039398, "timescale": 2.240827337673054, "rgb": "#000000", "zyx": [11, 51, 28]}