{"p": 0.383, "barbin": 0, "corr": 0.021282872185111046, "timescale": 7.526894674117846, "rgb": "#000000", "zyx": [9, 43, 50]}