{"p": 0.892, "barbin": 0, "corr": -0.06982339173555374, "timescale": 2.584962500721156, "rgb": "#000000", "zyx": [21, 25, 60]}