{"p": 0.357, "barbin": 0, "corr": 0.018309451639652252, "timescale": 5.927364452584284, "rgb": "#000000", "zyx": [17, 26, 47]}