{"p": 0.343, "barbin": 0, "corr": 0.02491600252687931, "timescale": 7.375915480471784, "rgb": "#000000", "zyx": [11, 59, 55]}