{"p": 0.0, "barbin": 4, "corr": 0.30209341645240784, "timescale": 6.634714829390108, "rgb": "#000000", "zyx": [10, 82, 34]}