{"p": 0.012, "barbin": 0, "corr": 0.06599954515695572, "timescale": 3.542685711866703, "rgb": "#000000", "zyx": [6, 63, 36]}