{"p": 0.049, "barbin": 0, "corr": 0.09524422138929367, "timescale": 6.584122646182106, "rgb": "#000000", "zyx": [8, 84, 34]}