{"p": 0.349, "barbin": 0, "corr": 0.028396818786859512, "timescale": 8.583049214544463, "rgb": "#000000", "zyx": [13, 41, 61]}