{"p": 0.266, "barbin": 0, "corr": 0.03951124846935272, "timescale": 5.5840047645715885, "rgb": "#000000", "zyx": [13, 33, 49]}