{"p": 0.123, "barbin": 0, "corr": 0.06327133625745773, "timescale": 5.584089379126274, "rgb": "#000000", "zyx": [18, 71, 62]}