{"p": 0.145, "barbin": 0, "corr": 0.06082657352089882, "timescale": 2.5083467157371255, "rgb": "#000000", "zyx": [11, 17, 57]}