{"p": 0.333, "barbin": 0, "corr": 0.0068480586633086205, "timescale": 2.5849947173976533, "rgb": "#000000", "zyx": [1, 82, 45]}