{"p": 0.004, "barbin": 2, "corr": 0.15188291668891907, "timescale": 7.319363887943628, "rgb": "#000000", "zyx": [6, 37, 69]}