{"p": 0.587, "barbin": 0, "corr": -0.009589540772140026, "timescale": 6.176577575723936, "rgb": "#000000", "zyx": [15, 73, 36]}