{"p": 0.0, "barbin": 3, "corr": 0.21177741885185242, "timescale": 6.856188360897937, "rgb": "#000000", "zyx": [21, 52, 42]}