{"p": 0.066, "barbin": 0, "corr": 0.0923447385430336, "timescale": 7.37499427177923, "rgb": "#000000", "zyx": [13, 78, 30]}