{"p": 0.832, "barbin": 0, "corr": -0.010112143121659756, "timescale": 5.584962500721156, "rgb": "#000000", "zyx": [19, 57, 27]}