{"p": 0.0, "barbin": 2, "corr": 0.18157367408275604, "timescale": 5.910530613555934, "rgb": "#000000", "zyx": [19, 33, 43]}