{"p": 0.028, "barbin": 0, "corr": 0.04964067414402962, "timescale": 4.556848587565462, "rgb": "#000000", "zyx": [23, 75, 61]}