{"p": 0.607, "barbin": 0, "corr": -0.01650913804769516, "timescale": 8.363869182894746, "rgb": "#000000", "zyx": [21, 50, 70]}