{"p": 0.227, "barbin": 0, "corr": 0.03607815504074097, "timescale": 2.7633910092772385, "rgb": "#000000", "zyx": [3, 75, 29]}