{"p": 0.586, "barbin": 0, "corr": -0.013176381587982178, "timescale": 6.235534290386489, "rgb": "#000000", "zyx": [9, 27, 51]}