{"p": 0.0, "barbin": 1, "corr": 0.11733963340520859, "timescale": 4.078202730551973, "rgb": "#000000", "zyx": [4, 77, 74]}