{"p": 0.037, "barbin": 1, "corr": 0.10401473194360733, "timescale": 6.999199757251972, "rgb": "#000000", "zyx": [23, 40, 52]}