{"p": 0.136, "barbin": 0, "corr": 0.06443985551595688, "timescale": 5.853686145774013, "rgb": "#000000", "zyx": [5, 62, 22]}