{"p": 0.114, "barbin": 0, "corr": 0.01790124550461769, "timescale": 6.571431528635008, "rgb": "#000000", "zyx": [4, 89, 55]}