{"p": 0.0, "barbin": 4, "corr": 0.3145829439163208, "timescale": 5.5243554405639905, "rgb": "#000000", "zyx": [10, 67, 30]}