{"p": 0.212, "barbin": 0, "corr": 0.04174714535474777, "timescale": 5.880008751177277, "rgb": "#000000", "zyx": [9, 19, 53]}