{"p": 0.0, "barbin": 3, "corr": 0.24456043541431427, "timescale": 6.371020909737946, "rgb": "#000000", "zyx": [8, 58, 70]}