{"p": 0.929, "barbin": 0, "corr": -0.04840267077088356, "timescale": 5.576279406630165, "rgb": "#000000", "zyx": [20, 31, 65]}