{"p": 0.927, "barbin": 0, "corr": -0.03062942996621132, "timescale": 6.516918202693805, "rgb": "#000000", "zyx": [27, 54, 47]}