{"p": 0.315, "barbin": 0, "corr": 0.027903879061341286, "timescale": 5.580443452236074, "rgb": "#000000", "zyx": [12, 81, 70]}