{"p": 0.667, "barbin": 0, "corr": -0.02883990854024887, "timescale": 5.558312640338769, "rgb": "#000000", "zyx": [21, 43, 55]}