{"p": 0.548, "barbin": 0, "corr": -0.003983555361628532, "timescale": 5.293908469643348, "rgb": "#000000", "zyx": [13, 82, 40]}