{"p": 0.051, "barbin": 0, "corr": 0.0755726620554924, "timescale": 7.359456449472438, "rgb": "#000000", "zyx": [16, 47, 35]}