{"p": 0.011, "barbin": 1, "corr": 0.1297004520893097, "timescale": 8.055731363953194, "rgb": "#000000", "zyx": [12, 92, 64]}