{"p": 0.023, "barbin": 1, "corr": 0.11704377830028534, "timescale": 7.601712846235981, "rgb": "#000000", "zyx": [19, 27, 44]}