{"p": 0.366, "barbin": 0, "corr": 0.024157613515853882, "timescale": 7.3767500169960964, "rgb": "#000000", "zyx": [17, 77, 65]}