{"p": 0.018, "barbin": 0, "corr": 0.07495978474617004, "timescale": 5.550193434398643, "rgb": "#000000", "zyx": [10, 83, 72]}