{"p": 0.173, "barbin": 0, "corr": 0.047969233244657516, "timescale": 7.300009246957288, "rgb": "#000000", "zyx": [22, 64, 62]}