{"p": 0.927, "barbin": 0, "corr": -0.0856463760137558, "timescale": 8.584962500721815, "rgb": "#000000", "zyx": [17, 63, 52]}