{"p": 0.0, "barbin": 3, "corr": 0.21948382258415222, "timescale": 7.265733964897721, "rgb": "#000000", "zyx": [22, 52, 41]}