{"p": 0.167, "barbin": 0, "corr": 0.04272983595728874, "timescale": 5.573351129686687, "rgb": "#000000", "zyx": [20, 56, 67]}