{"p": 0.776, "barbin": 0, "corr": -0.005380523391067982, "timescale": 1.585008575358062, "rgb": "#000000", "zyx": [8, 38, 46]}