{"p": 0.042, "barbin": 0, "corr": 0.0897882729768753, "timescale": 6.048019528108588, "rgb": "#000000", "zyx": [15, 71, 31]}