{"p": 0.407, "barbin": 0, "corr": 0.008905149064958096, "timescale": 3.665868527846766, "rgb": "#000000", "zyx": [9, 20, 47]}