{"p": 0.359, "barbin": 0, "corr": 0.008232898078858852, "timescale": 2.513041185589572, "rgb": "#000000", "zyx": [14, 52, 49]}