{"p": 0.519, "barbin": 0, "corr": -0.000757056288421154, "timescale": 6.4149313768450735, "rgb": "#000000", "zyx": [2, 83, 36]}