{"p": 0.753, "barbin": 0, "corr": -0.03981110826134682, "timescale": 3.587224463966065, "rgb": "#000000", "zyx": [13, 50, 66]}