{"p": 0.416, "barbin": 0, "corr": 0.01205003447830677, "timescale": 5.275438423800397, "rgb": "#000000", "zyx": [3, 57, 77]}