{"p": 0.113, "barbin": 0, "corr": 0.06322444975376129, "timescale": 5.269849528902611, "rgb": "#000000", "zyx": [6, 39, 57]}