{"p": 0.63, "barbin": 0, "corr": -0.01869495026767254, "timescale": 8.119354282643288, "rgb": "#000000", "zyx": [9, 49, 48]}