{"p": 0.518, "barbin": 0, "corr": -0.002623592736199498, "timescale": 5.59678536435689, "rgb": "#000000", "zyx": [16, 21, 45]}