{"p": 0.266, "barbin": 0, "corr": 0.030281368643045425, "timescale": 5.332789736963469, "rgb": "#000000", "zyx": [25, 48, 52]}