{"p": 0.612, "barbin": 0, "corr": -0.016555525362491608, "timescale": 8.575932542073186, "rgb": "#000000", "zyx": [12, 23, 36]}