{"p": 0.058, "barbin": 0, "corr": 0.09308581054210663, "timescale": 7.293892466934865, "rgb": "#000000", "zyx": [3, 60, 70]}