{"p": 0.66, "barbin": 0, "corr": -0.026572497561573982, "timescale": 8.584962519994145, "rgb": "#000000", "zyx": [5, 40, 39]}