{"p": 0.155, "barbin": 0, "corr": 0.06303605437278748, "timescale": 6.5838466983234465, "rgb": "#000000", "zyx": [8, 73, 75]}