{"p": 0.845, "barbin": 0, "corr": -0.05980032682418823, "timescale": 6.584943182580314, "rgb": "#000000", "zyx": [11, 56, 26]}