{"p": 0.429, "barbin": 0, "corr": 0.012533833272755146, "timescale": 5.562398566768206, "rgb": "#000000", "zyx": [5, 39, 36]}