{"p": 0.006, "barbin": 1, "corr": 0.14039106667041779, "timescale": 7.50517844000072, "rgb": "#000000", "zyx": [2, 48, 74]}