{"p": 0.189, "barbin": 0, "corr": 0.03378458321094513, "timescale": 4.9941171306732235, "rgb": "#000000", "zyx": [18, 70, 52]}