{"p": 0.05, "barbin": 0, "corr": 0.08863892406225204, "timescale": 5.944036314043833, "rgb": "#000000", "zyx": [11, 75, 57]}