{"p": 0.557, "barbin": 0, "corr": -0.009303747676312923, "timescale": 7.605888614251827, "rgb": "#000000", "zyx": [14, 80, 58]}