{"p": 0.078, "barbin": 0, "corr": 0.0337662436068058, "timescale": 5.69458657999676, "rgb": "#000000", "zyx": [7, 35, 66]}