{"p": 0.001, "barbin": 2, "corr": 0.1567496955394745, "timescale": 4.201029031647256, "rgb": "#000000", "zyx": [12, 88, 54]}