{"p": 0.75, "barbin": 0, "corr": -0.03921465203166008, "timescale": 6.136479820393914, "rgb": "#000000", "zyx": [14, 63, 26]}