{"p": 0.569, "barbin": 0, "corr": -0.010131172835826874, "timescale": 7.44592549420613, "rgb": "#000000", "zyx": [17, 20, 56]}