{"p": 0.386, "barbin": 0, "corr": 0.018519261851906776, "timescale": 3.743431148578764, "rgb": "#000000", "zyx": [12, 31, 42]}