{"p": 0.905, "barbin": 0, "corr": -0.07731319963932037, "timescale": 4.192157727036681, "rgb": "#000000", "zyx": [25, 44, 43]}