{"p": 0.894, "barbin": 0, "corr": -0.06216989457607269, "timescale": 5.614632654447499, "rgb": "#000000", "zyx": [22, 75, 66]}