{"p": 0.081, "barbin": 0, "corr": 0.08757666498422623, "timescale": 2.7696163245278833, "rgb": "#000000", "zyx": [6, 46, 38]}