{"p": 0.386, "barbin": 0, "corr": 0.013390187174081802, "timescale": 4.947161144238113, "rgb": "#000000", "zyx": [9, 94, 56]}