{"p": 0.468, "barbin": 0, "corr": 0.006369681563228369, "timescale": 1.7940772940887995, "rgb": "#000000", "zyx": [2, 46, 29]}