{"p": 0.75, "barbin": 0, "corr": -0.045322440564632416, "timescale": 6.58669934029189, "rgb": "#000000", "zyx": [4, 50, 65]}