{"p": 0.0, "barbin": 2, "corr": 0.1959066241979599, "timescale": 7.181952169637829, "rgb": "#000000", "zyx": [16, 79, 34]}