{"p": 0.0, "barbin": 4, "corr": 0.2738698720932007, "timescale": 6.005672002685961, "rgb": "#000000", "zyx": [14, 35, 71]}