{"p": 0.587, "barbin": 0, "corr": -0.0064527057111263275, "timescale": 1.584963179921399, "rgb": "#000000", "zyx": [14, 62, 27]}