{"p": 0.001, "barbin": 2, "corr": 0.16638605296611786, "timescale": 7.254410329199835, "rgb": "#000000", "zyx": [10, 46, 28]}