{"p": 0.026, "barbin": 1, "corr": 0.11184599250555038, "timescale": 6.7246896549586435, "rgb": "#000000", "zyx": [20, 41, 70]}