{"p": 0.42, "barbin": 0, "corr": 0.004847533069550991, "timescale": 7.543255693882663, "rgb": "#000000", "zyx": [4, 77, 52]}