{"p": 0.002, "barbin": 2, "corr": 0.16918478906154633, "timescale": 6.115215956515005, "rgb": "#000000", "zyx": [6, 60, 64]}