{"p": 0.966, "barbin": 0, "corr": -0.10073817521333694, "timescale": 5.584962500721156, "rgb": "#000000", "zyx": [25, 34, 57]}