{"p": 0.0, "barbin": 0, "corr": 0.09102866053581238, "timescale": 1.9826542191981387, "rgb": "#000000", "zyx": [9, 83, 41]}