{"p": 0.009, "barbin": 2, "corr": 0.16095776855945587, "timescale": 6.774952418978957, "rgb": "#000000", "zyx": [15, 41, 33]}