{"p": 0.988, "barbin": 0, "corr": -0.07267936319112778, "timescale": 3.5771041982248075, "rgb": "#000000", "zyx": [11, 31, 37]}