{"p": 0.867, "barbin": 0, "corr": -0.06373341381549835, "timescale": 3.5849625523976583, "rgb": "#000000", "zyx": [8, 63, 79]}