{"p": 0.417, "barbin": 0, "corr": 0.01068624947220087, "timescale": 7.9891591775354245, "rgb": "#000000", "zyx": [15, 67, 74]}