{"p": 0.125, "barbin": 0, "corr": 0.05215245857834816, "timescale": 2.987004464495371, "rgb": "#000000", "zyx": [14, 69, 32]}