{"p": 0.855, "barbin": 0, "corr": -0.06361312419176102, "timescale": 7.584962500721156, "rgb": "#000000", "zyx": [10, 70, 56]}