{"p": 0.995, "barbin": 0, "corr": -0.11812448501586914, "timescale": 1.6066811410570678, "rgb": "#000000", "zyx": [10, 16, 53]}