{"p": 0.303, "barbin": 0, "corr": 0.03246184438467026, "timescale": 7.645645401194937, "rgb": "#000000", "zyx": [13, 78, 31]}