{"p": 0.196, "barbin": 0, "corr": 0.053360484540462494, "timescale": 3.9670987687818906, "rgb": "#000000", "zyx": [11, 67, 80]}