{"p": 0.584, "barbin": 0, "corr": -0.010090816766023636, "timescale": 2.9506743634200867, "rgb": "#000000", "zyx": [12, 16, 44]}