{"p": 0.655, "barbin": 0, "corr": -0.02772640250623226, "timescale": 5.584962500721156, "rgb": "#000000", "zyx": [6, 38, 50]}