{"p": 0.999, "barbin": 0, "corr": -0.20165547728538513, "timescale": 2.025179302322397, "rgb": "#000000", "zyx": [13, 31, 60]}