{"p": 0.0, "barbin": 3, "corr": 0.21737559139728546, "timescale": 6.9736087687058586, "rgb": "#000000", "zyx": [20, 30, 57]}