{"p": 0.481, "barbin": 0, "corr": 0.0021784603595733643, "timescale": 5.605555022379481, "rgb": "#000000", "zyx": [27, 59, 47]}