{"p": 0.434, "barbin": 0, "corr": 0.015823209658265114, "timescale": 3.036692797947701, "rgb": "#000000", "zyx": [10, 62, 36]}