{"p": 0.738, "barbin": 0, "corr": -0.0029437413904815912, "timescale": 7.611962654682457, "rgb": "#000000", "zyx": [11, 78, 42]}