{"p": 0.876, "barbin": 0, "corr": -0.05725987255573273, "timescale": 1.5943504374050452, "rgb": "#000000", "zyx": [16, 24, 40]}