{"p": 0.002, "barbin": 2, "corr": 0.1647159904241562, "timescale": 3.1025946653079126, "rgb": "#000000", "zyx": [13, 90, 55]}