{"p": 0.768, "barbin": 0, "corr": -0.030227679759263992, "timescale": 4.532984186326857, "rgb": "#000000", "zyx": [5, 54, 57]}