{"p": 0.046, "barbin": 0, "corr": 0.06808435916900635, "timescale": 6.40406079899388, "rgb": "#000000", "zyx": [14, 86, 42]}