{"p": 0.941, "barbin": 0, "corr": -0.09502291679382324, "timescale": 6.585389680099219, "rgb": "#000000", "zyx": [14, 75, 37]}