{"p": 0.503, "barbin": 0, "corr": -0.004644798114895821, "timescale": 7.011941767635426, "rgb": "#000000", "zyx": [2, 51, 37]}