{"p": 0.875, "barbin": 0, "corr": -0.06298454105854034, "timescale": 2.5849619006916043, "rgb": "#000000", "zyx": [23, 43, 66]}