{"p": 0.273, "barbin": 0, "corr": 0.03245840594172478, "timescale": 2.826446927649445, "rgb": "#000000", "zyx": [12, 15, 47]}