{"p": 0.792, "barbin": 0, "corr": -0.04789474979043007, "timescale": 4.437009933810476, "rgb": "#000000", "zyx": [18, 85, 52]}