{"p": 0.178, "barbin": 0, "corr": 0.052318789064884186, "timescale": 6.7414776556437905, "rgb": "#000000", "zyx": [13, 52, 50]}