{"p": 0.875, "barbin": 0, "corr": -0.069430410861969, "timescale": 3.552198856778984, "rgb": "#000000", "zyx": [16, 63, 30]}