{"p": 0.0, "barbin": 4, "corr": 0.3286600410938263, "timescale": 8.537740919811903, "rgb": "#000000", "zyx": [17, 30, 71]}