{"p": 0.847, "barbin": 0, "corr": -0.06154763326048851, "timescale": 2.5855909503781604, "rgb": "#000000", "zyx": [23, 39, 36]}