{"p": 0.889, "barbin": 0, "corr": -0.07409399002790451, "timescale": 3.7784655461228525, "rgb": "#000000", "zyx": [19, 36, 59]}