{"p": 0.0, "barbin": 4, "corr": 0.2607613205909729, "timescale": 6.33727854144612, "rgb": "#000000", "zyx": [13, 80, 65]}