{"p": 0.134, "barbin": 0, "corr": 0.03924533724784851, "timescale": 3.741920226742899, "rgb": "#000000", "zyx": [6, 77, 53]}