{"p": 0.377, "barbin": 0, "corr": 0.021065810695290565, "timescale": 4.241770009261242, "rgb": "#000000", "zyx": [18, 36, 44]}