{"p": 0.084, "barbin": 0, "corr": 0.08574481308460236, "timescale": 7.6597854583681455, "rgb": "#000000", "zyx": [20, 45, 53]}