{"p": 0.001, "barbin": 2, "corr": 0.1553439199924469, "timescale": 7.223654555603301, "rgb": "#000000", "zyx": [21, 29, 43]}