{"p": 0.0, "barbin": 3, "corr": 0.23432689905166626, "timescale": 7.07161937296026, "rgb": "#000000", "zyx": [19, 25, 49]}