{"p": 0.222, "barbin": 0, "corr": 0.04705727472901344, "timescale": 2.596064252600086, "rgb": "#000000", "zyx": [7, 64, 55]}