{"p": 0.146, "barbin": 0, "corr": 0.054660677909851074, "timescale": 4.865661194809117, "rgb": "#000000", "zyx": [19, 57, 77]}