{"p": 0.256, "barbin": 0, "corr": 0.04142686352133751, "timescale": 5.585029869890918, "rgb": "#000000", "zyx": [19, 89, 58]}