{"p": 0.174, "barbin": 0, "corr": 0.04040588065981865, "timescale": 4.584962500721156, "rgb": "#000000", "zyx": [8, 40, 51]}