{"p": 0.693, "barbin": 0, "corr": -0.02131202258169651, "timescale": 5.584967512906781, "rgb": "#000000", "zyx": [23, 38, 36]}