{"p": 0.594, "barbin": 0, "corr": -0.0061302268877625465, "timescale": 2.4732457156094205, "rgb": "#000000", "zyx": [16, 60, 34]}