{"p": 0.281, "barbin": 0, "corr": 0.034925125539302826, "timescale": 5.6505163439630515, "rgb": "#000000", "zyx": [25, 57, 36]}