{"p": 0.218, "barbin": 0, "corr": 0.04602217674255371, "timescale": 1.6175599917044245, "rgb": "#000000", "zyx": [16, 46, 56]}