{"p": 0.157, "barbin": 0, "corr": 0.05524640902876854, "timescale": 5.6193623679825935, "rgb": "#000000", "zyx": [18, 57, 33]}