{"p": 0.523, "barbin": 0, "corr": -0.0025519556365907192, "timescale": 6.444187235615052, "rgb": "#000000", "zyx": [6, 40, 58]}