{"p": 0.238, "barbin": 0, "corr": 0.03729059547185898, "timescale": 5.562748831163307, "rgb": "#000000", "zyx": [14, 55, 34]}