{"p": 0.716, "barbin": 0, "corr": -0.01923954486846924, "timescale": 4.752288739815684, "rgb": "#000000", "zyx": [2, 72, 64]}