{"p": 0.128, "barbin": 0, "corr": 0.06532713770866394, "timescale": 1.5938006480911826, "rgb": "#000000", "zyx": [14, 58, 49]}