{"p": 0.053, "barbin": 0, "corr": 0.07164791226387024, "timescale": 5.8305623521899435, "rgb": "#000000", "zyx": [10, 58, 74]}