{"p": 0.864, "barbin": 0, "corr": -0.03573961555957794, "timescale": 6.2207762143550775, "rgb": "#000000", "zyx": [11, 22, 41]}