{"p": 0.83, "barbin": 0, "corr": -0.05482451617717743, "timescale": 3.4725161751519287, "rgb": "#000000", "zyx": [19, 83, 41]}