{"p": 0.819, "barbin": 0, "corr": -0.049970705062150955, "timescale": 1.6047800971237605, "rgb": "#000000", "zyx": [5, 70, 24]}