{"p": 0.366, "barbin": 0, "corr": 0.020304745063185692, "timescale": 4.58505635515274, "rgb": "#000000", "zyx": [18, 35, 72]}