{"p": 0.063, "barbin": 0, "corr": 0.08746989816427231, "timescale": 6.43236602791618, "rgb": "#000000", "zyx": [16, 73, 51]}