{"p": 0.096, "barbin": 0, "corr": 0.07695559412240982, "timescale": 6.22914951550919, "rgb": "#000000", "zyx": [12, 52, 29]}