{"p": 0.861, "barbin": 0, "corr": -0.06315921992063522, "timescale": 5.873821969097548, "rgb": "#000000", "zyx": [20, 42, 38]}