{"p": 0.15, "barbin": 0, "corr": 0.02243494801223278, "timescale": 5.432165533168213, "rgb": "#000000", "zyx": [11, 64, 46]}