{"p": 0.0, "barbin": 3, "corr": 0.22688812017440796, "timescale": 8.48438627793642, "rgb": "#000000", "zyx": [16, 47, 61]}