{"p": 0.862, "barbin": 0, "corr": -0.06128019094467163, "timescale": 2.7505115529309356, "rgb": "#000000", "zyx": [6, 32, 57]}