{"p": 0.023, "barbin": 1, "corr": 0.11976201832294464, "timescale": 7.307019266942524, "rgb": "#000000", "zyx": [7, 58, 82]}