{"p": 0.082, "barbin": 0, "corr": 0.08078859746456146, "timescale": 5.597048614829884, "rgb": "#000000", "zyx": [14, 27, 60]}