{"p": 0.023, "barbin": 1, "corr": 0.10952375829219818, "timescale": 6.651372886499237, "rgb": "#000000", "zyx": [5, 49, 58]}