{"p": 0.023, "barbin": 1, "corr": 0.12811514735221863, "timescale": 6.640467954632646, "rgb": "#000000", "zyx": [13, 74, 47]}