{"p": 0.089, "barbin": 0, "corr": 0.08077650517225266, "timescale": 5.235099808843639, "rgb": "#000000", "zyx": [8, 85, 45]}