{"p": 0.051, "barbin": 0, "corr": 0.048247791826725006, "timescale": 8.56360136032265, "rgb": "#000000", "zyx": [21, 73, 62]}