{"p": 0.103, "barbin": 0, "corr": 0.0480305440723896, "timescale": 6.084732642796837, "rgb": "#000000", "zyx": [16, 49, 42]}