{"p": 0.844, "barbin": 0, "corr": -0.06293663382530212, "timescale": 2.584962500721156, "rgb": "#000000", "zyx": [6, 95, 61]}