{"p": 0.686, "barbin": 0, "corr": -0.028353910893201828, "timescale": 7.3657629865745085, "rgb": "#000000", "zyx": [10, 55, 53]}