{"p": 0.0, "barbin": 3, "corr": 0.22814148664474487, "timescale": 6.444685628752182, "rgb": "#000000", "zyx": [15, 40, 70]}