{"p": 0.0, "barbin": 3, "corr": 0.21660305559635162, "timescale": 7.136192302943333, "rgb": "#000000", "zyx": [17, 42, 67]}