{"p": 0.841, "barbin": 0, "corr": -0.06186310946941376, "timescale": 8.41234404107053, "rgb": "#000000", "zyx": [10, 79, 34]}