{"p": 0.129, "barbin": 0, "corr": 0.06202717125415802, "timescale": 5.94380519797125, "rgb": "#000000", "zyx": [13, 17, 39]}