{"p": 0.03, "barbin": 1, "corr": 0.1198188066482544, "timescale": 6.381526624056782, "rgb": "#000000", "zyx": [16, 39, 34]}