{"p": 0.267, "barbin": 0, "corr": 0.03685871139168739, "timescale": 1.591420556360918, "rgb": "#000000", "zyx": [2, 76, 30]}