{"p": 0.896, "barbin": 0, "corr": -0.07317392528057098, "timescale": 7.584962500721156, "rgb": "#000000", "zyx": [22, 70, 61]}