{"p": 0.773, "barbin": 0, "corr": -0.03864070400595665, "timescale": 4.0320099136768235, "rgb": "#000000", "zyx": [18, 45, 46]}