{"p": 0.05, "barbin": 0, "corr": 0.09319410473108292, "timescale": 6.587177022910584, "rgb": "#000000", "zyx": [15, 51, 53]}