{"p": 0.405, "barbin": 0, "corr": 0.0013893349096179008, "timescale": 3.1520680678786688, "rgb": "#000000", "zyx": [14, 68, 41]}