{"p": 0.008, "barbin": 1, "corr": 0.13821719586849213, "timescale": 7.9581228184566895, "rgb": "#000000", "zyx": [25, 52, 65]}