{"p": 0.128, "barbin": 0, "corr": 0.02023126743733883, "timescale": 6.899452063226673, "rgb": "#000000", "zyx": [2, 44, 37]}