{"p": 0.333, "barbin": 0, "corr": 0.02301039732992649, "timescale": 6.744736506586332, "rgb": "#000000", "zyx": [4, 55, 43]}