{"p": 0.0, "barbin": 2, "corr": 0.15859360992908478, "timescale": 3.976282497532252, "rgb": "#000000", "zyx": [6, 78, 31]}