{"p": 0.495, "barbin": 0, "corr": 0.0011187491472810507, "timescale": 7.427532208919884, "rgb": "#000000", "zyx": [22, 80, 57]}