{"p": 0.991, "barbin": 0, "corr": -0.13954976201057434, "timescale": 5.5733102955313445, "rgb": "#000000", "zyx": [17, 43, 42]}