{"p": 0.178, "barbin": 0, "corr": 0.04809814691543579, "timescale": 2.716437044047072, "rgb": "#000000", "zyx": [15, 59, 51]}