{"p": 0.87, "barbin": 0, "corr": -0.0669417753815651, "timescale": 5.5931180558149585, "rgb": "#000000", "zyx": [5, 69, 47]}