{"p": 0.129, "barbin": 0, "corr": 0.07000252604484558, "timescale": 7.088320590181474, "rgb": "#000000", "zyx": [13, 27, 59]}