{"p": 0.001, "barbin": 2, "corr": 0.1716964691877365, "timescale": 7.177299908509971, "rgb": "#000000", "zyx": [20, 50, 32]}