{"p": 0.726, "barbin": 0, "corr": -0.004389961250126362, "timescale": 5.584962507377967, "rgb": "#000000", "zyx": [17, 28, 32]}