{"p": 0.987, "barbin": 0, "corr": -0.1421205699443817, "timescale": 6.16921775135471, "rgb": "#000000", "zyx": [9, 38, 69]}