{"p": 0.508, "barbin": 0, "corr": -0.004432300105690956, "timescale": 6.660137877505885, "rgb": "#000000", "zyx": [7, 72, 73]}