{"p": 0.258, "barbin": 0, "corr": 0.03296429663896561, "timescale": 1.5894174523993623, "rgb": "#000000", "zyx": [5, 64, 46]}