{"p": 0.891, "barbin": 0, "corr": -0.0713445246219635, "timescale": 4.788910802246198, "rgb": "#000000", "zyx": [20, 60, 49]}