{"p": 0.241, "barbin": 0, "corr": 0.02042696624994278, "timescale": 8.522251684606529, "rgb": "#000000", "zyx": [13, 45, 52]}