{"p": 0.178, "barbin": 0, "corr": 0.05484164133667946, "timescale": 5.547955875403804, "rgb": "#000000", "zyx": [2, 90, 65]}