{"p": 0.31, "barbin": 0, "corr": 0.02122005634009838, "timescale": 7.4970371963710996, "rgb": "#000000", "zyx": [6, 35, 35]}