{"p": 0.677, "barbin": 0, "corr": -0.024746857583522797, "timescale": 5.6073380126383885, "rgb": "#000000", "zyx": [6, 68, 37]}