{"p": 0.156, "barbin": 0, "corr": 0.03252222761511803, "timescale": 3.9413759780384123, "rgb": "#000000", "zyx": [24, 64, 55]}