{"p": 0.277, "barbin": 0, "corr": 0.03375787287950516, "timescale": 7.592794227629223, "rgb": "#000000", "zyx": [11, 53, 80]}