{"p": 0.423, "barbin": 0, "corr": 0.012872875668108463, "timescale": 6.58499763072157, "rgb": "#000000", "zyx": [26, 49, 46]}