{"p": 0.831, "barbin": 0, "corr": -0.056398097425699234, "timescale": 7.584962500721156, "rgb": "#000000", "zyx": [22, 59, 32]}