{"p": 0.0, "barbin": 4, "corr": 0.5162858366966248, "timescale": 6.969505980316592, "rgb": "#000000", "zyx": [6, 61, 65]}