{"p": 0.786, "barbin": 0, "corr": -0.03018621914088726, "timescale": 1.5849625007407755, "rgb": "#000000", "zyx": [12, 23, 61]}