{"p": 0.091, "barbin": 0, "corr": 0.023678218945860863, "timescale": 1.6909640461362436, "rgb": "#000000", "zyx": [12, 56, 63]}