{"p": 0.379, "barbin": 0, "corr": 0.018989231437444687, "timescale": 6.341527149959904, "rgb": "#000000", "zyx": [9, 46, 43]}