{"p": 0.12, "barbin": 0, "corr": 0.04361116886138916, "timescale": 7.284389768684652, "rgb": "#000000", "zyx": [12, 20, 34]}