{"p": 0.154, "barbin": 0, "corr": 0.028386715799570084, "timescale": 5.463073892685257, "rgb": "#000000", "zyx": [5, 78, 42]}