{"p": 0.808, "barbin": 0, "corr": -0.025299934670329094, "timescale": 4.046459926754176, "rgb": "#000000", "zyx": [5, 77, 53]}