{"p": 0.013, "barbin": 1, "corr": 0.13713914155960083, "timescale": 7.310793534743042, "rgb": "#000000", "zyx": [1, 66, 71]}