{"p": 0.971, "barbin": 0, "corr": -0.10251484811306, "timescale": 4.543861705446823, "rgb": "#000000", "zyx": [20, 52, 69]}