{"p": 0.248, "barbin": 0, "corr": 0.040394362062215805, "timescale": 5.678527556301307, "rgb": "#000000", "zyx": [4, 63, 66]}