{"p": 0.008, "barbin": 1, "corr": 0.14235876500606537, "timescale": 6.475373129736126, "rgb": "#000000", "zyx": [12, 33, 46]}