{"p": 0.38, "barbin": 0, "corr": 9.056295311893336e-06, "timescale": 8.349951320943052, "rgb": "#000000", "zyx": [13, 36, 48]}