{"p": 0.052, "barbin": 0, "corr": 0.09425271302461624, "timescale": 4.929700011216323, "rgb": "#000000", "zyx": [10, 30, 70]}