{"p": 0.821, "barbin": 0, "corr": -0.0531427264213562, "timescale": 6.511551505658173, "rgb": "#000000", "zyx": [9, 34, 61]}