{"p": 0.316, "barbin": 0, "corr": 0.027700958773493767, "timescale": 5.766243941789034, "rgb": "#000000", "zyx": [17, 40, 37]}