{"p": 0.832, "barbin": 0, "corr": -0.055698297917842865, "timescale": 7.432346244823528, "rgb": "#000000", "zyx": [19, 83, 36]}