{"p": 0.945, "barbin": 0, "corr": -0.09065836668014526, "timescale": 7.5849625009637425, "rgb": "#000000", "zyx": [7, 31, 38]}