{"p": 0.273, "barbin": 0, "corr": 0.036248043179512024, "timescale": 6.69858221571297, "rgb": "#000000", "zyx": [22, 53, 51]}