{"p": 0.945, "barbin": 0, "corr": -0.07299629598855972, "timescale": 2.5610985662936643, "rgb": "#000000", "zyx": [8, 33, 43]}