{"p": 0.332, "barbin": 0, "corr": 0.025336623191833496, "timescale": 4.583863975791899, "rgb": "#000000", "zyx": [17, 62, 77]}