{"p": 0.571, "barbin": 0, "corr": -0.00663849338889122, "timescale": 5.585336703093414, "rgb": "#000000", "zyx": [19, 70, 36]}