{"p": 0.039, "barbin": 1, "corr": 0.10359732061624527, "timescale": 6.618119042040407, "rgb": "#000000", "zyx": [24, 40, 46]}