{"p": 0.032, "barbin": 0, "corr": 0.03145722299814224, "timescale": 4.643564412318707, "rgb": "#000000", "zyx": [8, 94, 54]}