{"p": 0.232, "barbin": 0, "corr": 0.04431116580963135, "timescale": 3.3078180419432326, "rgb": "#000000", "zyx": [12, 86, 59]}