{"p": 0.043, "barbin": 1, "corr": 0.10345465689897537, "timescale": 6.905922802929376, "rgb": "#000000", "zyx": [19, 36, 67]}