{"p": 0.976, "barbin": 0, "corr": -0.1277346909046173, "timescale": 5.7852692593385715, "rgb": "#000000", "zyx": [19, 69, 62]}