{"p": 0.0, "barbin": 4, "corr": 0.25786900520324707, "timescale": 6.8502048110284095, "rgb": "#000000", "zyx": [18, 52, 38]}