{"p": 0.0, "barbin": 2, "corr": 0.18291567265987396, "timescale": 6.268690791659649, "rgb": "#000000", "zyx": [9, 43, 73]}