{"p": 0.942, "barbin": 0, "corr": -0.07571082562208176, "timescale": 8.584959923426176, "rgb": "#000000", "zyx": [24, 68, 61]}