{"p": 0.317, "barbin": 0, "corr": 0.01594214141368866, "timescale": 6.5173390252782175, "rgb": "#000000", "zyx": [17, 57, 39]}