{"p": 0.002, "barbin": 2, "corr": 0.18098194897174835, "timescale": 7.0089144313607985, "rgb": "#000000", "zyx": [21, 35, 46]}