{"p": 0.559, "barbin": 0, "corr": -0.0005095939850434661, "timescale": 5.545996336418023, "rgb": "#000000", "zyx": [5, 90, 68]}