{"p": 0.0, "barbin": 2, "corr": 0.18721245229244232, "timescale": 6.896253209818305, "rgb": "#000000", "zyx": [20, 42, 70]}