{"p": 0.419, "barbin": 0, "corr": 0.01161959022283554, "timescale": 4.700630765139116, "rgb": "#000000", "zyx": [11, 67, 69]}