{"p": 0.345, "barbin": 0, "corr": 0.02356693521142006, "timescale": 4.583607767772125, "rgb": "#000000", "zyx": [6, 65, 55]}