{"p": 0.475, "barbin": 0, "corr": 0.001204831525683403, "timescale": 7.565856099274089, "rgb": "#000000", "zyx": [4, 39, 56]}