{"p": 0.381, "barbin": 0, "corr": 0.017025791108608246, "timescale": 5.799099394706798, "rgb": "#000000", "zyx": [5, 47, 43]}