{"p": 0.03, "barbin": 1, "corr": 0.10807184875011444, "timescale": 7.006635145038956, "rgb": "#000000", "zyx": [25, 51, 58]}