{"p": 0.866, "barbin": 0, "corr": -0.04179100692272186, "timescale": 8.333628250747859, "rgb": "#000000", "zyx": [15, 91, 44]}