{"p": 0.006, "barbin": 1, "corr": 0.14632940292358398, "timescale": 6.937374838122513, "rgb": "#000000", "zyx": [2, 67, 29]}