{"p": 0.882, "barbin": 0, "corr": -0.07244822382926941, "timescale": 3.848247709256116, "rgb": "#000000", "zyx": [15, 26, 30]}