{"p": 0.0, "barbin": 1, "corr": 0.12253784388303757, "timescale": 5.079113794288569, "rgb": "#000000", "zyx": [4, 81, 67]}