{"p": 0.989, "barbin": 0, "corr": -0.09797874838113785, "timescale": 5.448784259149763, "rgb": "#000000", "zyx": [12, 44, 33]}