{"p": 0.7, "barbin": 0, "corr": -0.00869029201567173, "timescale": 7.381476547864434, "rgb": "#000000", "zyx": [16, 61, 35]}