{"p": 0.463, "barbin": 0, "corr": 0.008840508759021759, "timescale": 3.6696610658441213, "rgb": "#000000", "zyx": [13, 18, 63]}