{"p": 0.651, "barbin": 0, "corr": -0.013452665880322456, "timescale": 3.0882294238777983, "rgb": "#000000", "zyx": [13, 89, 36]}