{"p": 0.868, "barbin": 0, "corr": -0.014117173850536346, "timescale": 4.975740086968873, "rgb": "#000000", "zyx": [18, 64, 34]}