{"p": 0.067, "barbin": 0, "corr": 0.0898267924785614, "timescale": 4.92762263941154, "rgb": "#000000", "zyx": [13, 70, 27]}