{"p": 0.016, "barbin": 1, "corr": 0.10237078368663788, "timescale": 6.649389208957122, "rgb": "#000000", "zyx": [17, 39, 30]}