{"p": 0.131, "barbin": 0, "corr": 0.061016831547021866, "timescale": 6.583551799562895, "rgb": "#000000", "zyx": [18, 53, 33]}