{"p": 0.304, "barbin": 0, "corr": 0.0083755599334836, "timescale": 4.3244758248191655, "rgb": "#000000", "zyx": [17, 29, 46]}