{"p": 0.122, "barbin": 0, "corr": 0.03415743261575699, "timescale": 6.4345173796762065, "rgb": "#000000", "zyx": [22, 81, 51]}