{"p": 0.02, "barbin": 1, "corr": 0.11340456455945969, "timescale": 6.4483790446353515, "rgb": "#000000", "zyx": [5, 40, 43]}