{"p": 0.056, "barbin": 0, "corr": 0.0997217521071434, "timescale": 5.760166193413276, "rgb": "#000000", "zyx": [24, 45, 63]}