{"p": 0.996, "barbin": 0, "corr": -0.14625026285648346, "timescale": 4.585025554348819, "rgb": "#000000", "zyx": [20, 78, 51]}