{"p": 0.118, "barbin": 0, "corr": 0.06844048202037811, "timescale": 6.724068754981918, "rgb": "#000000", "zyx": [25, 50, 60]}