{"p": 0.677, "barbin": 0, "corr": -0.023132994771003723, "timescale": 6.655096103970601, "rgb": "#000000", "zyx": [14, 68, 46]}