{"p": 0.742, "barbin": 0, "corr": -0.03522801399230957, "timescale": 4.5968852915962914, "rgb": "#000000", "zyx": [14, 44, 38]}