{"p": 0.656, "barbin": 0, "corr": -0.018528038635849953, "timescale": 4.3372883872050885, "rgb": "#000000", "zyx": [20, 35, 37]}