{"p": 0.236, "barbin": 0, "corr": 0.021946778520941734, "timescale": 8.525965427416324, "rgb": "#000000", "zyx": [9, 83, 75]}