{"p": 0.995, "barbin": 0, "corr": -0.11355873197317123, "timescale": 4.998990606802014, "rgb": "#000000", "zyx": [14, 27, 48]}