{"p": 0.001, "barbin": 2, "corr": 0.15545983612537384, "timescale": 8.521586960996395, "rgb": "#000000", "zyx": [18, 45, 28]}