{"p": 0.495, "barbin": 0, "corr": -0.0002117887488566339, "timescale": 1.6156372838249065, "rgb": "#000000", "zyx": [25, 75, 57]}