{"p": 0.202, "barbin": 0, "corr": 0.04455796256661415, "timescale": 5.94964965145615, "rgb": "#000000", "zyx": [11, 58, 75]}