{"p": 0.657, "barbin": 0, "corr": -0.023847047239542007, "timescale": 6.698426403878172, "rgb": "#000000", "zyx": [12, 50, 64]}