{"p": 0.835, "barbin": 0, "corr": -0.055899959057569504, "timescale": 6.767253696430833, "rgb": "#000000", "zyx": [3, 62, 62]}