{"p": 0.253, "barbin": 0, "corr": 0.03617323189973831, "timescale": 8.52324726506383, "rgb": "#000000", "zyx": [10, 80, 62]}