{"p": 0.037, "barbin": 1, "corr": 0.10034789144992828, "timescale": 4.972086121750305, "rgb": "#000000", "zyx": [22, 52, 52]}