{"p": 0.802, "barbin": 0, "corr": -0.05050487071275711, "timescale": 7.346787962192087, "rgb": "#000000", "zyx": [17, 29, 71]}