{"p": 0.058, "barbin": 0, "corr": 0.08423981815576553, "timescale": 6.919062312748248, "rgb": "#000000", "zyx": [20, 45, 67]}