{"p": 0.722, "barbin": 0, "corr": -0.03384605050086975, "timescale": 5.576486485505795, "rgb": "#000000", "zyx": [16, 34, 42]}