{"p": 0.868, "barbin": 0, "corr": -0.05580709129571915, "timescale": 1.795475263646837, "rgb": "#000000", "zyx": [22, 83, 58]}