{"p": 0.0, "barbin": 4, "corr": 0.3095553517341614, "timescale": 7.0232795155334715, "rgb": "#000000", "zyx": [20, 56, 38]}