{"p": 0.0, "barbin": 0, "corr": 0.061058562248945236, "timescale": 5.94399858259364, "rgb": "#000000", "zyx": [1, 84, 66]}