{"p": 0.018, "barbin": 1, "corr": 0.1076466515660286, "timescale": 5.063949327501082, "rgb": "#000000", "zyx": [14, 87, 54]}