{"p": 0.201, "barbin": 0, "corr": 0.037844810634851456, "timescale": 4.305754712843868, "rgb": "#000000", "zyx": [12, 83, 50]}