{"p": 0.123, "barbin": 0, "corr": 0.06053757667541504, "timescale": 4.891224020350574, "rgb": "#000000", "zyx": [11, 55, 74]}