{"p": 0.086, "barbin": 0, "corr": 0.04472445696592331, "timescale": 2.9187619725172467, "rgb": "#000000", "zyx": [20, 63, 72]}