{"p": 0.958, "barbin": 0, "corr": -0.09105756133794785, "timescale": 6.531884204806799, "rgb": "#000000", "zyx": [22, 66, 52]}