{"p": 0.006, "barbin": 1, "corr": 0.14344793558120728, "timescale": 6.954135011181758, "rgb": "#000000", "zyx": [13, 32, 73]}