{"p": 0.983, "barbin": 0, "corr": -0.06523409485816956, "timescale": 3.461127303546025, "rgb": "#000000", "zyx": [13, 33, 58]}