{"p": 0.02, "barbin": 0, "corr": 0.06505172699689865, "timescale": 6.947838698342662, "rgb": "#000000", "zyx": [10, 84, 68]}