{"p": 0.093, "barbin": 0, "corr": 0.0784379094839096, "timescale": 6.116717359359917, "rgb": "#000000", "zyx": [6, 57, 38]}