{"p": 0.768, "barbin": 0, "corr": -0.040460556745529175, "timescale": 1.5858484396200587, "rgb": "#000000", "zyx": [6, 74, 46]}