{"p": 0.576, "barbin": 0, "corr": -0.007099666632711887, "timescale": 5.825714212865812, "rgb": "#000000", "zyx": [14, 26, 43]}