{"p": 0.611, "barbin": 0, "corr": -0.013463173061609268, "timescale": 6.400711419994424, "rgb": "#000000", "zyx": [11, 48, 33]}