{"p": 0.246, "barbin": 0, "corr": 0.029943963512778282, "timescale": 3.360749881068591, "rgb": "#000000", "zyx": [2, 86, 41]}