{"p": 0.338, "barbin": 0, "corr": 0.027410108596086502, "timescale": 7.501161783797193, "rgb": "#000000", "zyx": [13, 52, 36]}