{"p": 0.089, "barbin": 0, "corr": 0.07925153523683548, "timescale": 7.172334956341295, "rgb": "#000000", "zyx": [16, 79, 69]}