{"p": 0.866, "barbin": 0, "corr": -0.056620050221681595, "timescale": 3.831299169876334, "rgb": "#000000", "zyx": [21, 49, 67]}