{"p": 0.0, "barbin": 2, "corr": 0.15667752921581268, "timescale": 7.010350701691575, "rgb": "#000000", "zyx": [8, 40, 32]}