{"p": 0.611, "barbin": 0, "corr": -0.007716497406363487, "timescale": 6.53816105856066, "rgb": "#000000", "zyx": [14, 88, 44]}