{"p": 0.779, "barbin": 0, "corr": -0.04148859903216362, "timescale": 8.454773592488433, "rgb": "#000000", "zyx": [6, 44, 74]}