{"p": 0.94, "barbin": 0, "corr": -0.09422671049833298, "timescale": 6.615459973267495, "rgb": "#000000", "zyx": [14, 81, 77]}