{"p": 0.175, "barbin": 0, "corr": 0.05143764987587929, "timescale": 6.34330809976739, "rgb": "#000000", "zyx": [4, 61, 66]}