{"p": 0.665, "barbin": 0, "corr": -0.024022312834858894, "timescale": 3.029627347744291, "rgb": "#000000", "zyx": [8, 54, 65]}