{"p": 0.179, "barbin": 0, "corr": 0.0201122984290123, "timescale": 4.491917460221919, "rgb": "#000000", "zyx": [12, 64, 37]}