{"p": 0.049, "barbin": 0, "corr": 0.09876301884651184, "timescale": 7.301011716915863, "rgb": "#000000", "zyx": [19, 52, 36]}