{"p": 0.279, "barbin": 0, "corr": 0.02990463748574257, "timescale": 4.654495367731357, "rgb": "#000000", "zyx": [19, 82, 53]}