{"p": 0.891, "barbin": 0, "corr": -0.06274741142988205, "timescale": 1.5904120680507454, "rgb": "#000000", "zyx": [16, 40, 44]}