{"p": 0.737, "barbin": 0, "corr": -0.04489075019955635, "timescale": 3.863022619509375, "rgb": "#000000", "zyx": [10, 54, 55]}