{"p": 0.619, "barbin": 0, "corr": -0.005056539550423622, "timescale": 7.2567610536864535, "rgb": "#000000", "zyx": [16, 35, 29]}