{"p": 0.499, "barbin": 0, "corr": 0.0008836662746034563, "timescale": 7.584510048615806, "rgb": "#000000", "zyx": [15, 63, 24]}