{"p": 0.88, "barbin": 0, "corr": -0.039423685520887375, "timescale": 4.208535932575572, "rgb": "#000000", "zyx": [12, 41, 41]}