{"p": 0.003, "barbin": 1, "corr": 0.12519145011901855, "timescale": 3.762502367551644, "rgb": "#000000", "zyx": [5, 85, 52]}