{"p": 0.274, "barbin": 0, "corr": 0.03207314386963844, "timescale": 4.936362087946408, "rgb": "#000000", "zyx": [3, 47, 63]}