{"p": 0.376, "barbin": 0, "corr": 0.02082398533821106, "timescale": 6.588586381565811, "rgb": "#000000", "zyx": [11, 65, 24]}