{"p": 0.546, "barbin": 0, "corr": -0.007275605108588934, "timescale": 8.306158368602894, "rgb": "#000000", "zyx": [24, 76, 42]}