{"p": 0.109, "barbin": 0, "corr": 0.07537499070167542, "timescale": 8.554232276865365, "rgb": "#000000", "zyx": [15, 60, 30]}