{"p": 0.52, "barbin": 0, "corr": -0.0014270433457568288, "timescale": 4.528521362340037, "rgb": "#000000", "zyx": [15, 27, 33]}