{"p": 0.031, "barbin": 1, "corr": 0.10832007229328156, "timescale": 7.394401973585998, "rgb": "#000000", "zyx": [16, 75, 56]}