{"p": 0.001, "barbin": 2, "corr": 0.1742873340845108, "timescale": 6.54633842710105, "rgb": "#000000", "zyx": [8, 55, 32]}