{"p": 0.088, "barbin": 0, "corr": 0.07922930270433426, "timescale": 6.228674560791755, "rgb": "#000000", "zyx": [14, 31, 64]}