{"p": 0.349, "barbin": 0, "corr": 0.021527497097849846, "timescale": 2.51089224597671, "rgb": "#000000", "zyx": [20, 50, 67]}