{"p": 0.273, "barbin": 0, "corr": 0.005976599175482988, "timescale": 2.532974743064109, "rgb": "#000000", "zyx": [3, 82, 40]}