{"p": 0.001, "barbin": 0, "corr": 0.012557358480989933, "timescale": 3.6491146277946083, "rgb": "#000000", "zyx": [12, 32, 35]}