{"p": 0.415, "barbin": 0, "corr": 0.011185292154550552, "timescale": 4.279674165543938, "rgb": "#000000", "zyx": [21, 38, 67]}