{"p": 0.639, "barbin": 0, "corr": -0.014431389048695564, "timescale": 7.259736252494597, "rgb": "#000000", "zyx": [20, 58, 33]}