{"p": 0.0, "barbin": 3, "corr": 0.20847420394420624, "timescale": 6.67211227396147, "rgb": "#000000", "zyx": [26, 46, 53]}