{"p": 0.515, "barbin": 0, "corr": 0.001344536547549069, "timescale": 6.666703461001521, "rgb": "#000000", "zyx": [22, 68, 48]}