{"p": 0.28, "barbin": 0, "corr": 0.032119475305080414, "timescale": 7.580376288924727, "rgb": "#000000", "zyx": [2, 67, 70]}