{"p": 0.094, "barbin": 0, "corr": 0.07078655064105988, "timescale": 6.583755669041603, "rgb": "#000000", "zyx": [11, 78, 39]}