{"p": 0.74, "barbin": 0, "corr": -0.033681947737932205, "timescale": 5.576851755347176, "rgb": "#000000", "zyx": [15, 88, 58]}