{"p": 0.001, "barbin": 2, "corr": 0.1558324098587036, "timescale": 6.71818831534957, "rgb": "#000000", "zyx": [11, 82, 57]}