{"p": 0.192, "barbin": 0, "corr": 0.05023813247680664, "timescale": 6.900226205837789, "rgb": "#000000", "zyx": [9, 65, 57]}