{"p": 0.091, "barbin": 0, "corr": 0.07950916886329651, "timescale": 5.145051921172115, "rgb": "#000000", "zyx": [11, 84, 47]}