{"p": 0.529, "barbin": 0, "corr": -0.007186202332377434, "timescale": 7.542525669425107, "rgb": "#000000", "zyx": [10, 29, 34]}