{"p": 0.632, "barbin": 0, "corr": -0.01609622687101364, "timescale": 6.032646011353597, "rgb": "#000000", "zyx": [1, 78, 52]}