{"p": 0.998, "barbin": 0, "corr": -0.16523808240890503, "timescale": 5.5849565360188045, "rgb": "#000000", "zyx": [13, 38, 71]}