{"p": 0.598, "barbin": 0, "corr": -0.016584068536758423, "timescale": 7.527949978459432, "rgb": "#000000", "zyx": [18, 52, 55]}