{"p": 0.13, "barbin": 0, "corr": 0.008785506710410118, "timescale": 3.3531982522723687, "rgb": "#000000", "zyx": [12, 89, 60]}