{"p": 0.732, "barbin": 0, "corr": -0.03841840848326683, "timescale": 3.3637178867876223, "rgb": "#000000", "zyx": [9, 25, 56]}