{"p": 0.784, "barbin": 0, "corr": -0.043785545974969864, "timescale": 6.585768509264469, "rgb": "#000000", "zyx": [23, 55, 72]}