{"p": 0.243, "barbin": 0, "corr": 0.045356571674346924, "timescale": 1.587436892631244, "rgb": "#000000", "zyx": [8, 31, 47]}