{"p": 0.186, "barbin": 0, "corr": 0.010147862136363983, "timescale": 4.75912102862227, "rgb": "#000000", "zyx": [12, 26, 34]}