{"p": 0.974, "barbin": 0, "corr": -0.12235348671674728, "timescale": 7.845815765308424, "rgb": "#000000", "zyx": [7, 46, 48]}