{"p": 0.064, "barbin": 0, "corr": 0.0869297906756401, "timescale": 7.140164581294887, "rgb": "#000000", "zyx": [13, 33, 28]}