{"p": 0.0, "barbin": 4, "corr": 0.2768058180809021, "timescale": 7.43504896755891, "rgb": "#000000", "zyx": [11, 73, 37]}