{"p": 0.959, "barbin": 0, "corr": -0.09965263307094574, "timescale": 6.577756336014056, "rgb": "#000000", "zyx": [4, 81, 29]}