{"p": 0.072, "barbin": 0, "corr": 0.06944023072719574, "timescale": 6.810367947647503, "rgb": "#000000", "zyx": [17, 88, 56]}