{"p": 0.101, "barbin": 0, "corr": 0.07226356118917465, "timescale": 6.6073797247819135, "rgb": "#000000", "zyx": [4, 46, 73]}