{"p": 0.631, "barbin": 0, "corr": -0.019398126751184464, "timescale": 4.584912877678269, "rgb": "#000000", "zyx": [4, 49, 41]}