{"p": 0.248, "barbin": 0, "corr": 0.04086574539542198, "timescale": 7.513843799609801, "rgb": "#000000", "zyx": [11, 31, 51]}