{"p": 0.0, "barbin": 4, "corr": 0.25723472237586975, "timescale": 3.2678416257805525, "rgb": "#000000", "zyx": [25, 58, 53]}