{"p": 0.458, "barbin": 0, "corr": 0.009884189814329147, "timescale": 6.1959765750323745, "rgb": "#000000", "zyx": [5, 33, 35]}