{"p": 0.142, "barbin": 0, "corr": 0.016908325254917145, "timescale": 8.556074232158336, "rgb": "#000000", "zyx": [6, 58, 77]}