{"p": 0.023, "barbin": 1, "corr": 0.10499367117881775, "timescale": 4.099175083001098, "rgb": "#000000", "zyx": [18, 64, 68]}