{"p": 0.068, "barbin": 0, "corr": 0.07582369446754456, "timescale": 7.772821723539547, "rgb": "#000000", "zyx": [7, 64, 33]}