{"p": 0.016, "barbin": 1, "corr": 0.1219257265329361, "timescale": 6.362462811571562, "rgb": "#000000", "zyx": [6, 72, 76]}