{"p": 0.001, "barbin": 1, "corr": 0.11533921211957932, "timescale": 5.157534700795498, "rgb": "#000000", "zyx": [8, 73, 28]}