{"p": 0.523, "barbin": 0, "corr": -0.0067395479418337345, "timescale": 4.813228081027107, "rgb": "#000000", "zyx": [6, 53, 29]}