{"p": 0.331, "barbin": 0, "corr": 0.02170778252184391, "timescale": 5.5874348472062225, "rgb": "#000000", "zyx": [11, 18, 43]}