{"p": 0.068, "barbin": 0, "corr": 0.018429070711135864, "timescale": 4.257625099919268, "rgb": "#000000", "zyx": [6, 79, 75]}