{"p": 0.016, "barbin": 1, "corr": 0.11265477538108826, "timescale": 6.235576258361389, "rgb": "#000000", "zyx": [18, 25, 44]}