{"p": 0.632, "barbin": 0, "corr": -0.008313890546560287, "timescale": 6.588308109944799, "rgb": "#000000", "zyx": [5, 91, 50]}