{"p": 0.069, "barbin": 0, "corr": 0.08351102471351624, "timescale": 5.888203053255507, "rgb": "#000000", "zyx": [18, 74, 35]}