{"p": 0.842, "barbin": 0, "corr": -0.055188070982694626, "timescale": 4.585131086707187, "rgb": "#000000", "zyx": [12, 80, 27]}