{"p": 0.664, "barbin": 0, "corr": -0.021903017535805702, "timescale": 4.454670671534373, "rgb": "#000000", "zyx": [7, 50, 75]}