{"p": 0.211, "barbin": 0, "corr": 0.04889079928398132, "timescale": 7.429898989233919, "rgb": "#000000", "zyx": [10, 55, 79]}