{"p": 0.557, "barbin": 0, "corr": -0.008406328968703747, "timescale": 8.202786519797531, "rgb": "#000000", "zyx": [12, 35, 67]}