{"p": 0.048, "barbin": 0, "corr": 0.09559892117977142, "timescale": 2.006151058426106, "rgb": "#000000", "zyx": [17, 47, 34]}