{"p": 0.603, "barbin": 0, "corr": -0.011907889507710934, "timescale": 3.440082351677359, "rgb": "#000000", "zyx": [18, 33, 55]}