{"p": 0.558, "barbin": 0, "corr": -0.002409570850431919, "timescale": 8.516728133417853, "rgb": "#000000", "zyx": [6, 79, 52]}