{"p": 0.956, "barbin": 0, "corr": -0.047729771584272385, "timescale": 7.403213976475471, "rgb": "#000000", "zyx": [5, 82, 43]}