{"p": 0.609, "barbin": 0, "corr": -0.011068795807659626, "timescale": 2.1355354443326284, "rgb": "#000000", "zyx": [21, 42, 44]}