{"p": 0.262, "barbin": 0, "corr": 0.03675738349556923, "timescale": 7.521817653245038, "rgb": "#000000", "zyx": [17, 42, 66]}