{"p": 0.987, "barbin": 0, "corr": -0.13036976754665375, "timescale": 8.132288154007062, "rgb": "#000000", "zyx": [13, 65, 58]}