{"p": 0.88, "barbin": 0, "corr": -0.07040931284427643, "timescale": 8.582505486973321, "rgb": "#000000", "zyx": [10, 67, 48]}