{"p": 0.442, "barbin": 0, "corr": 0.01036682166159153, "timescale": 6.425468354692638, "rgb": "#000000", "zyx": [6, 52, 40]}