{"p": 0.049, "barbin": 0, "corr": 0.0969037115573883, "timescale": 7.3929380208016235, "rgb": "#000000", "zyx": [13, 88, 36]}