{"p": 0.87, "barbin": 0, "corr": -0.049229007214307785, "timescale": 6.584824546805376, "rgb": "#000000", "zyx": [21, 60, 29]}