{"p": 0.233, "barbin": 0, "corr": 0.03780799359083176, "timescale": 3.5849837871579613, "rgb": "#000000", "zyx": [16, 53, 72]}