{"p": 0.0, "barbin": 3, "corr": 0.2252589464187622, "timescale": 6.921025476516619, "rgb": "#000000", "zyx": [16, 38, 31]}