{"p": 0.076, "barbin": 0, "corr": 0.08044430613517761, "timescale": 4.703890831701031, "rgb": "#000000", "zyx": [16, 60, 48]}