{"p": 0.0, "barbin": 3, "corr": 0.23902441561222076, "timescale": 7.2691650265766725, "rgb": "#000000", "zyx": [9, 74, 49]}