{"p": 0.415, "barbin": 0, "corr": 0.00825052335858345, "timescale": 8.210224455331439, "rgb": "#000000", "zyx": [12, 53, 49]}