{"p": 0.095, "barbin": 0, "corr": 0.07734470814466476, "timescale": 7.767704714126146, "rgb": "#000000", "zyx": [11, 30, 28]}