{"p": 0.156, "barbin": 0, "corr": 0.059186745434999466, "timescale": 5.85948859927212, "rgb": "#000000", "zyx": [23, 57, 47]}