{"p": 0.071, "barbin": 0, "corr": 0.08517587929964066, "timescale": 5.4442642886845904, "rgb": "#000000", "zyx": [19, 72, 33]}