{"p": 0.435, "barbin": 0, "corr": 0.004483520053327084, "timescale": 6.933639270858209, "rgb": "#000000", "zyx": [6, 88, 43]}