{"p": 0.426, "barbin": 0, "corr": 0.01608062908053398, "timescale": 4.5843801900832375, "rgb": "#000000", "zyx": [2, 59, 71]}