{"p": 0.165, "barbin": 0, "corr": 0.003919212147593498, "timescale": 2.8984643297589248, "rgb": "#000000", "zyx": [4, 64, 32]}