{"p": 0.461, "barbin": 0, "corr": 0.006917314603924751, "timescale": 7.218707754204988, "rgb": "#000000", "zyx": [12, 88, 66]}