{"p": 0.266, "barbin": 0, "corr": 0.032766859978437424, "timescale": 6.579679754744297, "rgb": "#000000", "zyx": [3, 69, 37]}