{"p": 0.888, "barbin": 0, "corr": -0.024078473448753357, "timescale": 1.5850584968205341, "rgb": "#000000", "zyx": [5, 79, 67]}