{"p": 0.111, "barbin": 0, "corr": 0.05351942405104637, "timescale": 2.6939286583477426, "rgb": "#000000", "zyx": [4, 57, 28]}