{"p": 0.0, "barbin": 2, "corr": 0.15852947533130646, "timescale": 6.77347981761053, "rgb": "#000000", "zyx": [16, 88, 42]}