{"p": 0.253, "barbin": 0, "corr": 0.038464974611997604, "timescale": 5.3728618005193285, "rgb": "#000000", "zyx": [5, 74, 63]}