{"p": 0.001, "barbin": 2, "corr": 0.1944616138935089, "timescale": 7.25086889929649, "rgb": "#000000", "zyx": [23, 38, 55]}