{"p": 0.902, "barbin": 0, "corr": -0.07662760466337204, "timescale": 5.227435040366522, "rgb": "#000000", "zyx": [7, 47, 40]}