{"p": 0.135, "barbin": 0, "corr": 0.05127708613872528, "timescale": 7.159300452202475, "rgb": "#000000", "zyx": [16, 84, 69]}