{"p": 0.643, "barbin": 0, "corr": -0.02008313126862049, "timescale": 7.17620985814299, "rgb": "#000000", "zyx": [12, 58, 37]}