{"p": 0.245, "barbin": 0, "corr": 0.04175276681780815, "timescale": 5.798301181744591, "rgb": "#000000", "zyx": [10, 87, 35]}