{"p": 0.147, "barbin": 0, "corr": 0.055920008569955826, "timescale": 1.741391744910193, "rgb": "#000000", "zyx": [8, 57, 57]}