{"p": 0.349, "barbin": 0, "corr": 0.016958756372332573, "timescale": 6.434723702826968, "rgb": "#000000", "zyx": [10, 22, 48]}