{"p": 0.0, "barbin": 1, "corr": 0.1439482718706131, "timescale": 4.050986893755561, "rgb": "#000000", "zyx": [5, 83, 39]}