{"p": 0.327, "barbin": 0, "corr": 0.002244174713268876, "timescale": 3.6762753310647938, "rgb": "#000000", "zyx": [19, 79, 45]}