{"p": 0.422, "barbin": 0, "corr": 0.009640790522098541, "timescale": 6.211285676656768, "rgb": "#000000", "zyx": [8, 65, 53]}