{"p": 0.114, "barbin": 0, "corr": 0.07030888646841049, "timescale": 5.351176371632096, "rgb": "#000000", "zyx": [7, 51, 60]}