{"p": 0.829, "barbin": 0, "corr": -0.042309656739234924, "timescale": 6.339967030662901, "rgb": "#000000", "zyx": [16, 67, 26]}