{"p": 0.354, "barbin": 0, "corr": 0.021831169724464417, "timescale": 7.12653413101708, "rgb": "#000000", "zyx": [15, 84, 71]}