{"p": 0.757, "barbin": 0, "corr": -0.035468682646751404, "timescale": 7.083668966624686, "rgb": "#000000", "zyx": [9, 74, 44]}