{"p": 0.355, "barbin": 0, "corr": 0.011717844754457474, "timescale": 8.332555432215305, "rgb": "#000000", "zyx": [6, 52, 78]}