{"p": 0.0, "barbin": 3, "corr": 0.23481987416744232, "timescale": 8.10168340400843, "rgb": "#000000", "zyx": [12, 42, 64]}