{"p": 0.67, "barbin": 0, "corr": -0.023671260103583336, "timescale": 3.7217352325812483, "rgb": "#000000", "zyx": [13, 71, 31]}