{"p": 0.0, "barbin": 3, "corr": 0.23872342705726624, "timescale": 6.158425246886937, "rgb": "#000000", "zyx": [9, 42, 72]}