{"p": 0.0, "barbin": 4, "corr": 0.2909505367279053, "timescale": 6.962651877421459, "rgb": "#000000", "zyx": [4, 68, 78]}