{"p": 0.0, "barbin": 3, "corr": 0.2412816733121872, "timescale": 6.614854578958645, "rgb": "#000000", "zyx": [8, 59, 33]}