{"p": 0.51, "barbin": 0, "corr": 0.0033397022634744644, "timescale": 6.081204948248194, "rgb": "#000000", "zyx": [11, 28, 73]}