{"p": 0.179, "barbin": 0, "corr": 0.02865389920771122, "timescale": 6.584966021776975, "rgb": "#000000", "zyx": [8, 77, 49]}