{"p": 0.222, "barbin": 0, "corr": 0.03034193441271782, "timescale": 5.286925148249395, "rgb": "#000000", "zyx": [7, 51, 42]}