{"p": 0.999, "barbin": 0, "corr": -0.16051849722862244, "timescale": 3.2186703178776774, "rgb": "#000000", "zyx": [9, 68, 59]}