{"p": 0.002, "barbin": 0, "corr": 0.028469549492001534, "timescale": 2.784390817908196, "rgb": "#000000", "zyx": [6, 83, 41]}