{"p": 0.858, "barbin": 0, "corr": -0.04575304687023163, "timescale": 1.6010838238696479, "rgb": "#000000", "zyx": [14, 38, 38]}