{"p": 0.393, "barbin": 0, "corr": 0.009508239105343819, "timescale": 4.169736820068348, "rgb": "#000000", "zyx": [1, 41, 65]}