{"p": 0.002, "barbin": 2, "corr": 0.16327707469463348, "timescale": 6.294224865821204, "rgb": "#000000", "zyx": [11, 33, 53]}