{"p": 0.798, "barbin": 0, "corr": -0.018042095005512238, "timescale": 5.527391392426436, "rgb": "#000000", "zyx": [20, 22, 58]}