{"p": 0.248, "barbin": 0, "corr": 0.020504217594861984, "timescale": 6.951901742687415, "rgb": "#000000", "zyx": [20, 43, 44]}