{"p": 0.002, "barbin": 2, "corr": 0.17277023196220398, "timescale": 6.222967038879054, "rgb": "#000000", "zyx": [23, 52, 67]}