{"p": 0.58, "barbin": 0, "corr": -0.009796065278351307, "timescale": 4.023081407376412, "rgb": "#000000", "zyx": [7, 94, 56]}