{"p": 0.102, "barbin": 0, "corr": 3.434226891840808e-05, "timescale": 6.449620641784875, "rgb": "#000000", "zyx": [4, 75, 74]}