{"p": 0.043, "barbin": 0, "corr": 0.05373109504580498, "timescale": 6.045471561831581, "rgb": "#000000", "zyx": [12, 82, 33]}