{"p": 0.606, "barbin": 0, "corr": -0.012534328736364841, "timescale": 4.887149901723923, "rgb": "#000000", "zyx": [13, 50, 54]}