{"p": 0.071, "barbin": 0, "corr": 0.006184191908687353, "timescale": 3.4499567689205706, "rgb": "#000000", "zyx": [5, 45, 69]}