{"p": 0.434, "barbin": 0, "corr": 0.00030704986420460045, "timescale": 1.6826295248147802, "rgb": "#000000", "zyx": [13, 50, 35]}