{"p": 0.387, "barbin": 0, "corr": 0.011577348224818707, "timescale": 5.787020919839499, "rgb": "#000000", "zyx": [2, 82, 30]}