{"p": 0.636, "barbin": 0, "corr": -0.01684529148042202, "timescale": 5.87892171814882, "rgb": "#000000", "zyx": [8, 49, 50]}