{"p": 0.069, "barbin": 0, "corr": 0.05986757576465607, "timescale": 1.8793053846528835, "rgb": "#000000", "zyx": [14, 86, 33]}