{"p": 0.246, "barbin": 0, "corr": 0.046602386981248856, "timescale": 5.469188869217676, "rgb": "#000000", "zyx": [23, 33, 40]}