{"p": 0.232, "barbin": 0, "corr": 0.011453243903815746, "timescale": 6.525142061543069, "rgb": "#000000", "zyx": [3, 86, 48]}