{"p": 0.757, "barbin": 0, "corr": -0.022390425205230713, "timescale": 5.262020684643962, "rgb": "#000000", "zyx": [13, 33, 38]}