{"p": 0.141, "barbin": 0, "corr": 0.04709123447537422, "timescale": 6.187992403745591, "rgb": "#000000", "zyx": [22, 84, 51]}