{"p": 0.34, "barbin": 0, "corr": 0.022542038932442665, "timescale": 6.19002701007954, "rgb": "#000000", "zyx": [7, 51, 43]}