{"p": 0.238, "barbin": 0, "corr": 0.021153762936592102, "timescale": 6.609922536774326, "rgb": "#000000", "zyx": [25, 66, 56]}