{"p": 0.99, "barbin": 0, "corr": -0.0106318648904562, "timescale": 6.17079740709274, "rgb": "#000000", "zyx": [19, 80, 43]}