{"p": 0.394, "barbin": 0, "corr": 0.010462827049195766, "timescale": 4.26779331681751, "rgb": "#000000", "zyx": [13, 47, 39]}