{"p": 0.024, "barbin": 0, "corr": 0.08101614564657211, "timescale": 6.734745739178559, "rgb": "#000000", "zyx": [23, 58, 71]}