{"p": 0.476, "barbin": 0, "corr": 0.0018834805814549327, "timescale": 3.7288079471163105, "rgb": "#000000", "zyx": [8, 76, 32]}