{"p": 0.009, "barbin": 0, "corr": 0.05821847915649414, "timescale": 6.268497296476359, "rgb": "#000000", "zyx": [8, 90, 64]}