{"p": 0.077, "barbin": 0, "corr": 0.0709066167473793, "timescale": 5.585387075242538, "rgb": "#000000", "zyx": [23, 66, 57]}