{"p": 0.107, "barbin": 0, "corr": 0.06925586611032486, "timescale": 1.8161607706524125, "rgb": "#000000", "zyx": [8, 84, 43]}