{"p": 0.0, "barbin": 3, "corr": 0.21512192487716675, "timescale": 5.465042379269923, "rgb": "#000000", "zyx": [23, 54, 65]}