{"p": 1.0, "barbin": 0, "corr": -0.2525683641433716, "timescale": 3.929938712211638, "rgb": "#000000", "zyx": [20, 76, 36]}