{"p": 0.001, "barbin": 1, "corr": 0.14183498919010162, "timescale": 5.980525393499904, "rgb": "#000000", "zyx": [9, 73, 55]}