{"p": 0.565, "barbin": 0, "corr": -0.008326530456542969, "timescale": 7.4722858972522825, "rgb": "#000000", "zyx": [17, 26, 38]}