{"p": 0.853, "barbin": 0, "corr": -0.0604519322514534, "timescale": 4.637666571917965, "rgb": "#000000", "zyx": [6, 61, 25]}