{"p": 0.975, "barbin": 0, "corr": -0.11717800796031952, "timescale": 6.584962500721156, "rgb": "#000000", "zyx": [19, 36, 43]}