{"p": 0.057, "barbin": 0, "corr": 0.03199165314435959, "timescale": 2.0538669811514514, "rgb": "#000000", "zyx": [17, 56, 34]}