{"p": 0.483, "barbin": 0, "corr": 0.0005089836195111275, "timescale": 6.631254763613898, "rgb": "#000000", "zyx": [16, 78, 66]}