{"p": 0.186, "barbin": 0, "corr": 0.053899653255939484, "timescale": 7.552755965341792, "rgb": "#000000", "zyx": [8, 40, 66]}