{"p": 0.198, "barbin": 0, "corr": 0.0489223450422287, "timescale": 6.665697962083056, "rgb": "#000000", "zyx": [3, 66, 74]}