{"p": 0.693, "barbin": 0, "corr": -0.02129610814154148, "timescale": 3.1157518997785503, "rgb": "#000000", "zyx": [7, 87, 52]}