{"p": 0.389, "barbin": 0, "corr": 0.011624762788414955, "timescale": 4.981664036740652, "rgb": "#000000", "zyx": [2, 43, 37]}