{"p": 0.292, "barbin": 0, "corr": 0.029384810477495193, "timescale": 5.405679485187549, "rgb": "#000000", "zyx": [9, 70, 29]}