{"p": 0.045, "barbin": 0, "corr": 0.0999637171626091, "timescale": 5.576545367095357, "rgb": "#000000", "zyx": [14, 75, 27]}