{"p": 0.729, "barbin": 0, "corr": -0.005808441434055567, "timescale": 4.711308293909342, "rgb": "#000000", "zyx": [2, 37, 41]}