{"p": 0.044, "barbin": 1, "corr": 0.11349529772996902, "timescale": 2.033189906391206, "rgb": "#000000", "zyx": [12, 33, 48]}