{"p": 0.391, "barbin": 0, "corr": 0.021125581115484238, "timescale": 2.628640368508199, "rgb": "#000000", "zyx": [10, 59, 52]}