{"p": 0.089, "barbin": 0, "corr": 0.07895848155021667, "timescale": 7.370962324290057, "rgb": "#000000", "zyx": [12, 47, 68]}