{"p": 0.286, "barbin": 0, "corr": 0.004591288976371288, "timescale": 1.955909138275653, "rgb": "#000000", "zyx": [18, 82, 71]}