{"p": 0.296, "barbin": 0, "corr": 0.023419097065925598, "timescale": 2.5125023579683683, "rgb": "#000000", "zyx": [10, 65, 60]}