{"p": 0.248, "barbin": 0, "corr": 0.035604991018772125, "timescale": 6.663520243485234, "rgb": "#000000", "zyx": [20, 82, 44]}