{"p": 0.078, "barbin": 0, "corr": 0.08043040335178375, "timescale": 7.754194714828931, "rgb": "#000000", "zyx": [24, 42, 43]}