{"p": 0.467, "barbin": 0, "corr": 0.003034532070159912, "timescale": 7.8924142380963405, "rgb": "#000000", "zyx": [18, 49, 40]}