{"p": 0.614, "barbin": 0, "corr": -0.017973076552152634, "timescale": 3.5676683433676675, "rgb": "#000000", "zyx": [21, 25, 43]}