{"p": 0.226, "barbin": 0, "corr": 0.0027891353238373995, "timescale": 1.5849626098853875, "rgb": "#000000", "zyx": [17, 86, 66]}