{"p": 0.377, "barbin": 0, "corr": 0.016529250890016556, "timescale": 6.284348441749751, "rgb": "#000000", "zyx": [4, 44, 37]}