{"p": 0.105, "barbin": 0, "corr": 0.07504240423440933, "timescale": 6.1733314630960585, "rgb": "#000000", "zyx": [6, 62, 39]}