{"p": 0.0, "barbin": 4, "corr": 0.46599408984184265, "timescale": 7.077152069559727, "rgb": "#000000", "zyx": [11, 74, 71]}