{"p": 0.254, "barbin": 0, "corr": 0.028006212785840034, "timescale": 5.862112496234956, "rgb": "#000000", "zyx": [16, 72, 38]}