{"p": 0.048, "barbin": 0, "corr": 0.06510733813047409, "timescale": 8.526324972315155, "rgb": "#000000", "zyx": [19, 76, 72]}