{"p": 0.419, "barbin": 0, "corr": 0.00448459479957819, "timescale": 8.544303852225788, "rgb": "#000000", "zyx": [13, 75, 37]}