{"p": 0.078, "barbin": 0, "corr": 0.08328063040971756, "timescale": 5.376731247294575, "rgb": "#000000", "zyx": [17, 64, 29]}