{"p": 0.453, "barbin": 0, "corr": 0.0064185806550085545, "timescale": 3.1415166232487803, "rgb": "#000000", "zyx": [4, 47, 43]}