{"p": 0.428, "barbin": 0, "corr": 0.009077529422938824, "timescale": 3.5849184902718787, "rgb": "#000000", "zyx": [5, 63, 63]}