{"p": 0.626, "barbin": 0, "corr": -0.01224292442202568, "timescale": 4.16344625644246, "rgb": "#000000", "zyx": [15, 55, 40]}