{"p": 0.067, "barbin": 0, "corr": 0.07684630900621414, "timescale": 5.020705388961561, "rgb": "#000000", "zyx": [2, 79, 66]}