{"p": 0.007, "barbin": 0, "corr": 0.08101778477430344, "timescale": 6.689082765147589, "rgb": "#000000", "zyx": [21, 29, 42]}