{"p": 0.288, "barbin": 0, "corr": 0.02985948510468006, "timescale": 4.214253863857785, "rgb": "#000000", "zyx": [13, 70, 55]}