{"p": 0.492, "barbin": 0, "corr": -9.404489537701011e-05, "timescale": 4.520569075310486, "rgb": "#000000", "zyx": [15, 53, 71]}