{"p": 0.34, "barbin": 0, "corr": 0.025851961225271225, "timescale": 6.51309191561425, "rgb": "#000000", "zyx": [12, 51, 81]}