{"p": 0.483, "barbin": 0, "corr": -0.0018404063303023577, "timescale": 1.6024518909154502, "rgb": "#000000", "zyx": [10, 23, 52]}