{"p": 0.3, "barbin": 0, "corr": 0.034864842891693115, "timescale": 7.583967493753593, "rgb": "#000000", "zyx": [6, 57, 73]}