{"p": 0.331, "barbin": 0, "corr": 0.02379736676812172, "timescale": 5.215062430849592, "rgb": "#000000", "zyx": [19, 51, 36]}