{"p": 0.267, "barbin": 0, "corr": 0.03592556715011597, "timescale": 4.655159806766562, "rgb": "#000000", "zyx": [23, 59, 55]}