{"p": 0.058, "barbin": 0, "corr": 0.08966244757175446, "timescale": 8.287409097783737, "rgb": "#000000", "zyx": [18, 49, 59]}