{"p": 0.009, "barbin": 0, "corr": 0.09815987199544907, "timescale": 2.7738238444768295, "rgb": "#000000", "zyx": [7, 27, 56]}