{"p": 0.0, "barbin": 4, "corr": 0.40680980682373047, "timescale": 6.990274729705449, "rgb": "#000000", "zyx": [24, 49, 39]}