{"p": 0.0, "barbin": 3, "corr": 0.23663882911205292, "timescale": 6.56227221554855, "rgb": "#000000", "zyx": [22, 46, 44]}