{"p": 0.073, "barbin": 0, "corr": 0.08660012483596802, "timescale": 2.591003356393624, "rgb": "#000000", "zyx": [20, 55, 46]}