{"p": 0.312, "barbin": 0, "corr": 0.022923875600099564, "timescale": 7.416040855379761, "rgb": "#000000", "zyx": [13, 38, 73]}