{"p": 0.178, "barbin": 0, "corr": 0.052990417927503586, "timescale": 7.322894058033095, "rgb": "#000000", "zyx": [17, 20, 62]}