{"p": 0.188, "barbin": 0, "corr": 0.05153058096766472, "timescale": 6.333149093734319, "rgb": "#000000", "zyx": [11, 92, 40]}