{"p": 0.392, "barbin": 0, "corr": 0.008957709185779095, "timescale": 5.493457128869028, "rgb": "#000000", "zyx": [5, 77, 58]}