{"p": 0.052, "barbin": 1, "corr": 0.10033007711172104, "timescale": 6.987660669808756, "rgb": "#000000", "zyx": [17, 67, 53]}