{"p": 0.221, "barbin": 0, "corr": 0.04194243252277374, "timescale": 7.517249512083409, "rgb": "#000000", "zyx": [12, 43, 70]}