{"p": 0.841, "barbin": 0, "corr": -0.05902099609375, "timescale": 5.610737717943514, "rgb": "#000000", "zyx": [6, 52, 26]}