{"p": 0.852, "barbin": 0, "corr": -0.059753790497779846, "timescale": 8.583959623071948, "rgb": "#000000", "zyx": [12, 90, 39]}