{"p": 0.707, "barbin": 0, "corr": -0.0218985415995121, "timescale": 8.566119580735327, "rgb": "#000000", "zyx": [18, 59, 70]}