{"p": 0.327, "barbin": 0, "corr": 0.016015125438570976, "timescale": 5.844235284952078, "rgb": "#000000", "zyx": [6, 39, 33]}