{"p": 0.26, "barbin": 0, "corr": 0.038941867649555206, "timescale": 4.322795717136654, "rgb": "#000000", "zyx": [2, 41, 71]}