{"p": 0.494, "barbin": 0, "corr": -6.1033875681459904e-05, "timescale": 4.4947333409034975, "rgb": "#000000", "zyx": [7, 74, 58]}