{"p": 0.177, "barbin": 0, "corr": 0.0036207009106874466, "timescale": 3.7734960510536073, "rgb": "#000000", "zyx": [12, 52, 33]}