{"p": 0.985, "barbin": 0, "corr": -0.1225348636507988, "timescale": 5.989132003535327, "rgb": "#000000", "zyx": [4, 57, 57]}