{"p": 0.059, "barbin": 0, "corr": 0.008902414701879025, "timescale": 1.7527616949341733, "rgb": "#000000", "zyx": [17, 66, 42]}