{"p": 0.246, "barbin": 0, "corr": 0.03872307017445564, "timescale": 5.721186344436985, "rgb": "#000000", "zyx": [12, 23, 39]}