{"p": 0.968, "barbin": 0, "corr": -0.11418286710977554, "timescale": 2.129835169523657, "rgb": "#000000", "zyx": [13, 81, 48]}