{"p": 0.454, "barbin": 0, "corr": 0.004131752997636795, "timescale": 6.584962500721156, "rgb": "#000000", "zyx": [3, 39, 44]}