{"p": 0.716, "barbin": 0, "corr": -0.0323605015873909, "timescale": 4.940397722856113, "rgb": "#000000", "zyx": [17, 46, 25]}