{"p": 0.011, "barbin": 1, "corr": 0.13062971830368042, "timescale": 6.585329906874718, "rgb": "#000000", "zyx": [12, 77, 75]}