{"p": 0.349, "barbin": 0, "corr": 0.0012137108715251088, "timescale": 5.5863790798360435, "rgb": "#000000", "zyx": [17, 60, 38]}