{"p": 0.796, "barbin": 0, "corr": -0.046381864696741104, "timescale": 8.105218283697344, "rgb": "#000000", "zyx": [18, 18, 55]}