{"p": 0.006, "barbin": 2, "corr": 0.16022078692913055, "timescale": 6.918160314742306, "rgb": "#000000", "zyx": [19, 77, 70]}