{"p": 0.004, "barbin": 2, "corr": 0.1554608941078186, "timescale": 6.546863851485289, "rgb": "#000000", "zyx": [15, 23, 48]}