{"p": 0.346, "barbin": 0, "corr": 0.002682724269106984, "timescale": 3.526441036499531, "rgb": "#000000", "zyx": [21, 61, 68]}