{"p": 0.468, "barbin": 0, "corr": 0.0063711004331707954, "timescale": 3.4677097844381066, "rgb": "#000000", "zyx": [7, 57, 58]}