{"p": 0.315, "barbin": 0, "corr": 0.004651779308915138, "timescale": 1.9599573716919363, "rgb": "#000000", "zyx": [5, 51, 77]}