{"p": 0.937, "barbin": 0, "corr": -0.08124241232872009, "timescale": 4.784560581570896, "rgb": "#000000", "zyx": [13, 58, 40]}