{"p": 0.645, "barbin": 0, "corr": -0.02389458566904068, "timescale": 3.6250175192463474, "rgb": "#000000", "zyx": [5, 72, 46]}