{"p": 0.22, "barbin": 0, "corr": 0.04371439665555954, "timescale": 8.50194650695165, "rgb": "#000000", "zyx": [4, 57, 25]}