{"p": 0.474, "barbin": 0, "corr": 0.002468153601512313, "timescale": 5.5633802285681115, "rgb": "#000000", "zyx": [17, 78, 64]}