{"p": 0.992, "barbin": 0, "corr": -0.1372709572315216, "timescale": 1.5852154918070158, "rgb": "#000000", "zyx": [8, 37, 71]}