{"p": 0.206, "barbin": 0, "corr": 0.04843639209866524, "timescale": 1.889598182638954, "rgb": "#000000", "zyx": [22, 72, 54]}