{"p": 0.0, "barbin": 2, "corr": 0.18452022969722748, "timescale": 6.628132055860577, "rgb": "#000000", "zyx": [18, 30, 39]}