{"p": 0.041, "barbin": 0, "corr": 0.09966683387756348, "timescale": 7.280508241853126, "rgb": "#000000", "zyx": [1, 76, 43]}