{"p": 0.323, "barbin": 0, "corr": 0.02906700409948826, "timescale": 5.649986745551195, "rgb": "#000000", "zyx": [15, 80, 31]}