{"p": 0.109, "barbin": 0, "corr": 0.06850164383649826, "timescale": 6.641931146276822, "rgb": "#000000", "zyx": [15, 26, 61]}