{"p": 0.17, "barbin": 0, "corr": 0.0575522854924202, "timescale": 7.50014824140943, "rgb": "#000000", "zyx": [7, 62, 30]}