{"p": 0.0, "barbin": 2, "corr": 0.19523198902606964, "timescale": 7.453826749000304, "rgb": "#000000", "zyx": [6, 37, 67]}