{"p": 0.271, "barbin": 0, "corr": 0.03026476502418518, "timescale": 6.511457283799887, "rgb": "#000000", "zyx": [8, 72, 47]}