{"p": 0.336, "barbin": 0, "corr": 0.007389679551124573, "timescale": 4.565669967868199, "rgb": "#000000", "zyx": [22, 75, 60]}