{"p": 0.348, "barbin": 0, "corr": 0.021008238196372986, "timescale": 2.7902057715997324, "rgb": "#000000", "zyx": [10, 59, 47]}