{"p": 0.365, "barbin": 0, "corr": 0.021454662084579468, "timescale": 1.5860206989294103, "rgb": "#000000", "zyx": [17, 55, 46]}