{"p": 0.706, "barbin": 0, "corr": -0.027621973305940628, "timescale": 1.6470429894504466, "rgb": "#000000", "zyx": [7, 50, 35]}