{"p": 0.002, "barbin": 2, "corr": 0.16585223376750946, "timescale": 5.46631192837191, "rgb": "#000000", "zyx": [4, 34, 38]}