{"p": 0.754, "barbin": 0, "corr": -0.045246221125125885, "timescale": 8.584962500721156, "rgb": "#000000", "zyx": [12, 63, 49]}