{"p": 0.922, "barbin": 0, "corr": -0.07841170579195023, "timescale": 6.782061345740534, "rgb": "#000000", "zyx": [10, 24, 42]}