{"p": 0.349, "barbin": 0, "corr": 0.02380872704088688, "timescale": 4.622375752873787, "rgb": "#000000", "zyx": [23, 66, 43]}