{"p": 0.969, "barbin": 0, "corr": -0.09399689733982086, "timescale": 6.584163985719197, "rgb": "#000000", "zyx": [26, 71, 55]}