{"p": 0.007, "barbin": 1, "corr": 0.13078203797340393, "timescale": 7.785180490948026, "rgb": "#000000", "zyx": [21, 45, 54]}