{"p": 0.788, "barbin": 0, "corr": -0.020513609051704407, "timescale": 5.931347157038409, "rgb": "#000000", "zyx": [11, 55, 28]}