{"p": 0.964, "barbin": 0, "corr": -0.11005033552646637, "timescale": 8.584688612945396, "rgb": "#000000", "zyx": [11, 19, 42]}