{"p": 0.006, "barbin": 1, "corr": 0.10399811714887619, "timescale": 3.0387405116272665, "rgb": "#000000", "zyx": [8, 89, 55]}