{"p": 0.273, "barbin": 0, "corr": 0.033830203115940094, "timescale": 2.6541735583196333, "rgb": "#000000", "zyx": [6, 51, 24]}