{"p": 0.243, "barbin": 0, "corr": 0.027775604277849197, "timescale": 1.971343691432497, "rgb": "#000000", "zyx": [17, 78, 62]}