{"p": 0.342, "barbin": 0, "corr": 0.02715066820383072, "timescale": 8.109252561130315, "rgb": "#000000", "zyx": [18, 28, 67]}