{"p": 0.27, "barbin": 0, "corr": 0.039653435349464417, "timescale": 8.443931512594375, "rgb": "#000000", "zyx": [18, 39, 68]}