{"p": 0.729, "barbin": 0, "corr": -0.03440219536423683, "timescale": 7.5676567387583775, "rgb": "#000000", "zyx": [17, 61, 63]}