{"p": 0.713, "barbin": 0, "corr": -0.02883709780871868, "timescale": 3.747175500170512, "rgb": "#000000", "zyx": [7, 49, 58]}