{"p": 0.67, "barbin": 0, "corr": -0.015271445736289024, "timescale": 6.542367484550502, "rgb": "#000000", "zyx": [13, 34, 27]}