{"p": 0.051, "barbin": 0, "corr": 0.09636076539754868, "timescale": 2.6930090755620766, "rgb": "#000000", "zyx": [18, 66, 38]}