{"p": 0.0, "barbin": 4, "corr": 0.3564217984676361, "timescale": 6.847909666108786, "rgb": "#000000", "zyx": [14, 35, 29]}