{"p": 0.235, "barbin": 0, "corr": 0.03687265142798424, "timescale": 2.584946114707922, "rgb": "#000000", "zyx": [0, 78, 46]}