{"p": 1.0, "barbin": 0, "corr": -0.1433514654636383, "timescale": 3.5473103677059825, "rgb": "#000000", "zyx": [17, 18, 58]}