{"p": 0.164, "barbin": 0, "corr": 0.0555962435901165, "timescale": 8.341372598142884, "rgb": "#000000", "zyx": [17, 58, 35]}