{"p": 0.154, "barbin": 0, "corr": 0.02670534886419773, "timescale": 6.932618928910694, "rgb": "#000000", "zyx": [15, 19, 42]}