{"p": 0.818, "barbin": 0, "corr": -0.010609287768602371, "timescale": 4.037020204105607, "rgb": "#000000", "zyx": [23, 82, 51]}