{"p": 0.161, "barbin": 0, "corr": 0.010155227035284042, "timescale": 2.456175620395599, "rgb": "#000000", "zyx": [19, 33, 62]}