{"p": 0.0, "barbin": 4, "corr": 0.28466227650642395, "timescale": 6.529287496957158, "rgb": "#000000", "zyx": [16, 49, 31]}