{"p": 0.266, "barbin": 0, "corr": 0.034891922026872635, "timescale": 6.477481223884493, "rgb": "#000000", "zyx": [0, 86, 46]}