{"p": 0.857, "barbin": 0, "corr": -0.0014541158452630043, "timescale": 6.4435341158640895, "rgb": "#000000", "zyx": [16, 30, 46]}