{"p": 0.001, "barbin": 2, "corr": 0.17482322454452515, "timescale": 6.251540738585268, "rgb": "#000000", "zyx": [23, 30, 47]}