{"p": 0.672, "barbin": 0, "corr": -0.023500986397266388, "timescale": 3.628641756940415, "rgb": "#000000", "zyx": [12, 66, 30]}