{"p": 0.003, "barbin": 2, "corr": 0.16833293437957764, "timescale": 7.154519148199661, "rgb": "#000000", "zyx": [14, 25, 59]}