{"p": 0.094, "barbin": 0, "corr": 0.08087702840566635, "timescale": 6.586654500182485, "rgb": "#000000", "zyx": [13, 19, 54]}