{"p": 0.42, "barbin": 0, "corr": 0.004788718651980162, "timescale": 5.5876426491714515, "rgb": "#000000", "zyx": [16, 75, 62]}