{"p": 0.692, "barbin": 0, "corr": -0.03067922592163086, "timescale": 5.175750244346946, "rgb": "#000000", "zyx": [19, 68, 48]}