{"p": 0.0, "barbin": 0, "corr": 0.0916837602853775, "timescale": 3.49247259766507, "rgb": "#000000", "zyx": [7, 87, 63]}