{"p": 0.024, "barbin": 0, "corr": 0.09906347095966339, "timescale": 6.441012392006719, "rgb": "#000000", "zyx": [16, 76, 37]}