{"p": 0.0, "barbin": 2, "corr": 0.16505023837089539, "timescale": 8.324626548864163, "rgb": "#000000", "zyx": [25, 60, 51]}