{"p": 0.552, "barbin": 0, "corr": -0.0038904929533600807, "timescale": 4.7708900550976745, "rgb": "#000000", "zyx": [24, 62, 41]}