{"p": 0.98, "barbin": 0, "corr": -0.12473972141742706, "timescale": 6.546045153662113, "rgb": "#000000", "zyx": [10, 43, 55]}