{"p": 0.437, "barbin": 0, "corr": 0.00883141253143549, "timescale": 2.584988963493986, "rgb": "#000000", "zyx": [14, 59, 74]}