{"p": 0.954, "barbin": 0, "corr": -0.09974472224712372, "timescale": 5.347466112300935, "rgb": "#000000", "zyx": [13, 83, 32]}