{"p": 0.616, "barbin": 0, "corr": -0.010079685598611832, "timescale": 8.562801685180105, "rgb": "#000000", "zyx": [14, 19, 55]}