{"p": 0.063, "barbin": 0, "corr": 0.09060657024383545, "timescale": 2.047466155166451, "rgb": "#000000", "zyx": [10, 64, 30]}