{"p": 0.038, "barbin": 0, "corr": 0.06621076911687851, "timescale": 4.914576019193656, "rgb": "#000000", "zyx": [9, 60, 41]}