{"p": 0.054, "barbin": 0, "corr": 0.037670474499464035, "timescale": 7.441383821392826, "rgb": "#000000", "zyx": [9, 51, 56]}