{"p": 0.08, "barbin": 0, "corr": 0.07796813547611237, "timescale": 3.9531674974907602, "rgb": "#000000", "zyx": [4, 91, 48]}