{"p": 0.788, "barbin": 0, "corr": -0.04279075190424919, "timescale": 5.584962500721156, "rgb": "#000000", "zyx": [8, 21, 47]}