{"p": 0.0, "barbin": 2, "corr": 0.19304314255714417, "timescale": 7.253482565216265, "rgb": "#000000", "zyx": [10, 47, 76]}