{"p": 0.824, "barbin": 0, "corr": -0.05082497373223305, "timescale": 2.5908164037794847, "rgb": "#000000", "zyx": [13, 23, 51]}