{"p": 0.456, "barbin": 0, "corr": 0.0009082305477932096, "timescale": 7.025415360907694, "rgb": "#000000", "zyx": [6, 71, 62]}