{"p": 0.542, "barbin": 0, "corr": -0.005561161786317825, "timescale": 3.7154947741472495, "rgb": "#000000", "zyx": [5, 89, 34]}