{"p": 0.404, "barbin": 0, "corr": 0.012277495115995407, "timescale": 7.505868511663507, "rgb": "#000000", "zyx": [8, 50, 49]}