{"p": 0.014, "barbin": 0, "corr": 0.009802021086215973, "timescale": 2.7194420064703113, "rgb": "#000000", "zyx": [7, 51, 78]}