{"p": 0.778, "barbin": 0, "corr": -0.04344566911458969, "timescale": 4.584962500721156, "rgb": "#000000", "zyx": [12, 38, 44]}