{"p": 0.031, "barbin": 1, "corr": 0.10208920389413834, "timescale": 6.668500544017599, "rgb": "#000000", "zyx": [16, 81, 37]}