{"p": 0.119, "barbin": 0, "corr": 0.0741831362247467, "timescale": 7.408881743600953, "rgb": "#000000", "zyx": [23, 34, 54]}