{"p": 0.858, "barbin": 0, "corr": -0.05983274057507515, "timescale": 5.525209837952692, "rgb": "#000000", "zyx": [3, 70, 32]}