{"p": 0.005, "barbin": 2, "corr": 0.16049644351005554, "timescale": 7.132024519187681, "rgb": "#000000", "zyx": [22, 41, 45]}