{"p": 0.929, "barbin": 0, "corr": -0.08795932680368423, "timescale": 1.584962500721171, "rgb": "#000000", "zyx": [10, 31, 53]}