{"p": 0.373, "barbin": 0, "corr": 0.015628989785909653, "timescale": 7.610813063439421, "rgb": "#000000", "zyx": [9, 32, 69]}