{"p": 0.018, "barbin": 1, "corr": 0.11872042715549469, "timescale": 4.624499646142624, "rgb": "#000000", "zyx": [12, 79, 30]}