{"p": 0.001, "barbin": 3, "corr": 0.21710778772830963, "timescale": 5.884142305815617, "rgb": "#000000", "zyx": [23, 60, 59]}