{"p": 0.602, "barbin": 0, "corr": -0.015797380357980728, "timescale": 5.584962500721194, "rgb": "#000000", "zyx": [15, 39, 41]}