{"p": 0.281, "barbin": 0, "corr": 0.007114008534699678, "timescale": 1.9664521404018567, "rgb": "#000000", "zyx": [20, 83, 51]}