{"p": 0.828, "barbin": 0, "corr": -0.045809898525476456, "timescale": 7.391750598861031, "rgb": "#000000", "zyx": [7, 68, 22]}