{"p": 0.059, "barbin": 0, "corr": 0.0784178078174591, "timescale": 5.356625495940387, "rgb": "#000000", "zyx": [7, 40, 44]}