{"p": 0.94, "barbin": 0, "corr": -0.08605214953422546, "timescale": 4.709293997575559, "rgb": "#000000", "zyx": [4, 41, 42]}