{"p": 0.44, "barbin": 0, "corr": 0.0029257258865982294, "timescale": 4.5328032594597385, "rgb": "#000000", "zyx": [6, 51, 59]}