{"p": 0.425, "barbin": 0, "corr": 0.00936999823898077, "timescale": 5.834673480439823, "rgb": "#000000", "zyx": [0, 45, 40]}