{"p": 0.233, "barbin": 0, "corr": 0.0435183160007, "timescale": 3.522460752926992, "rgb": "#000000", "zyx": [11, 19, 55]}