{"p": 0.823, "barbin": 0, "corr": -0.052577655762434006, "timescale": 1.584962542363013, "rgb": "#000000", "zyx": [11, 42, 53]}