{"p": 0.0, "barbin": 2, "corr": 0.18420879542827606, "timescale": 7.572561418546388, "rgb": "#000000", "zyx": [10, 59, 25]}