{"p": 0.05, "barbin": 0, "corr": 0.06971609592437744, "timescale": 6.416037239459638, "rgb": "#000000", "zyx": [15, 78, 31]}