{"p": 0.771, "barbin": 0, "corr": -0.04368456453084946, "timescale": 5.584962500736786, "rgb": "#000000", "zyx": [9, 52, 51]}