{"p": 0.0, "barbin": 4, "corr": 0.2515943646430969, "timescale": 6.5567588182191345, "rgb": "#000000", "zyx": [10, 83, 31]}