{"p": 0.06, "barbin": 0, "corr": 0.0526251420378685, "timescale": 5.539868727923063, "rgb": "#000000", "zyx": [18, 53, 69]}