{"p": 0.001, "barbin": 2, "corr": 0.16242732107639313, "timescale": 6.77275356106382, "rgb": "#000000", "zyx": [20, 32, 57]}