{"p": 0.107, "barbin": 0, "corr": 0.059661105275154114, "timescale": 5.598026881250066, "rgb": "#000000", "zyx": [11, 55, 72]}