{"p": 0.647, "barbin": 0, "corr": -0.020410099998116493, "timescale": 5.584962500721156, "rgb": "#000000", "zyx": [23, 37, 64]}