{"p": 0.412, "barbin": 0, "corr": 0.000611148658208549, "timescale": 1.5852443845462236, "rgb": "#000000", "zyx": [12, 78, 58]}