{"p": 0.17, "barbin": 0, "corr": 0.05670284107327461, "timescale": 8.560951160263384, "rgb": "#000000", "zyx": [8, 68, 81]}