{"p": 0.657, "barbin": 0, "corr": -0.019571369513869286, "timescale": 3.5849623168491815, "rgb": "#000000", "zyx": [16, 62, 25]}