{"p": 0.001, "barbin": 2, "corr": 0.16649234294891357, "timescale": 6.556315822097641, "rgb": "#000000", "zyx": [18, 51, 33]}