{"p": 0.369, "barbin": 0, "corr": 0.022095797583460808, "timescale": 8.380226213466926, "rgb": "#000000", "zyx": [14, 62, 38]}