{"p": 0.999, "barbin": 0, "corr": -0.14830058813095093, "timescale": 7.350749327331721, "rgb": "#000000", "zyx": [8, 76, 56]}