{"p": 0.143, "barbin": 0, "corr": 0.06083851680159569, "timescale": 7.824380712462931, "rgb": "#000000", "zyx": [12, 58, 76]}