{"p": 0.051, "barbin": 0, "corr": 0.09363412857055664, "timescale": 6.910342675881507, "rgb": "#000000", "zyx": [7, 52, 62]}