{"p": 0.184, "barbin": 0, "corr": 0.054848115891218185, "timescale": 7.317640525122806, "rgb": "#000000", "zyx": [8, 59, 51]}