{"p": 0.91, "barbin": 0, "corr": -0.08521262556314468, "timescale": 3.5969070265435, "rgb": "#000000", "zyx": [20, 75, 49]}