{"p": 0.603, "barbin": 0, "corr": -0.013986884616315365, "timescale": 2.3805498294429124, "rgb": "#000000", "zyx": [14, 18, 52]}