{"p": 0.979, "barbin": 0, "corr": -0.1244451031088829, "timescale": 5.584962500721156, "rgb": "#000000", "zyx": [22, 52, 71]}