{"p": 0.736, "barbin": 0, "corr": -0.042571961879730225, "timescale": 4.941610865987823, "rgb": "#000000", "zyx": [7, 51, 63]}