{"p": 0.0, "barbin": 2, "corr": 0.19908028841018677, "timescale": 5.421796516373495, "rgb": "#000000", "zyx": [5, 62, 69]}