{"p": 0.953, "barbin": 0, "corr": -0.07724397629499435, "timescale": 2.5834677690276613, "rgb": "#000000", "zyx": [11, 38, 57]}