{"p": 0.882, "barbin": 0, "corr": -0.07282869517803192, "timescale": 3.5849625034761776, "rgb": "#000000", "zyx": [4, 61, 77]}