{"p": 0.009, "barbin": 1, "corr": 0.13954131305217743, "timescale": 7.485403441686901, "rgb": "#000000", "zyx": [12, 36, 65]}