{"p": 0.0, "barbin": 3, "corr": 0.21882055699825287, "timescale": 6.924080813832338, "rgb": "#000000", "zyx": [11, 79, 74]}