{"p": 0.705, "barbin": 0, "corr": -0.02187608927488327, "timescale": 6.094913205453716, "rgb": "#000000", "zyx": [13, 53, 52]}