{"p": 0.097, "barbin": 0, "corr": 0.028856121003627777, "timescale": 4.563906208354532, "rgb": "#000000", "zyx": [15, 56, 37]}