{"p": 0.397, "barbin": 0, "corr": 0.011924874037504196, "timescale": 3.670274531198214, "rgb": "#000000", "zyx": [7, 50, 55]}