{"p": 0.095, "barbin": 0, "corr": 0.07715404778718948, "timescale": 6.1745650102490215, "rgb": "#000000", "zyx": [12, 29, 48]}