{"p": 0.013, "barbin": 1, "corr": 0.13103342056274414, "timescale": 7.612518070293505, "rgb": "#000000", "zyx": [18, 50, 54]}