{"p": 0.004, "barbin": 2, "corr": 0.16405795514583588, "timescale": 7.580902827100375, "rgb": "#000000", "zyx": [6, 44, 29]}