{"p": 0.413, "barbin": 0, "corr": 0.0029356039594858885, "timescale": 8.584962500721156, "rgb": "#000000", "zyx": [18, 30, 31]}