{"p": 0.238, "barbin": 0, "corr": 0.04669838398694992, "timescale": 4.584954024928732, "rgb": "#000000", "zyx": [23, 64, 45]}