{"p": 0.681, "barbin": 0, "corr": -0.02846904844045639, "timescale": 7.430945108068812, "rgb": "#000000", "zyx": [17, 21, 43]}