{"p": 0.041, "barbin": 1, "corr": 0.10475997626781464, "timescale": 5.691811536738355, "rgb": "#000000", "zyx": [18, 41, 38]}