{"p": 0.628, "barbin": 0, "corr": -0.013241882435977459, "timescale": 8.575244203142367, "rgb": "#000000", "zyx": [16, 57, 57]}