{"p": 0.544, "barbin": 0, "corr": -0.005192437209188938, "timescale": 4.910111027040337, "rgb": "#000000", "zyx": [14, 64, 56]}