{"p": 0.182, "barbin": 0, "corr": 0.005406733136624098, "timescale": 1.9153362943118575, "rgb": "#000000", "zyx": [19, 61, 76]}