{"p": 0.363, "barbin": 0, "corr": 0.020197391510009766, "timescale": 6.58967912717785, "rgb": "#000000", "zyx": [22, 75, 67]}