{"p": 0.492, "barbin": 0, "corr": 0.0019449798855930567, "timescale": 6.45474007848028, "rgb": "#000000", "zyx": [17, 76, 63]}