{"p": 0.146, "barbin": 0, "corr": 0.05526253953576088, "timescale": 5.322273569703375, "rgb": "#000000", "zyx": [9, 61, 49]}