{"p": 0.862, "barbin": 0, "corr": -0.0402311310172081, "timescale": 1.5879089462597413, "rgb": "#000000", "zyx": [17, 54, 34]}