{"p": 0.0, "barbin": 3, "corr": 0.22143928706645966, "timescale": 6.449946893135119, "rgb": "#000000", "zyx": [15, 37, 31]}