{"p": 0.014, "barbin": 1, "corr": 0.12351854890584946, "timescale": 7.240890753186324, "rgb": "#000000", "zyx": [4, 58, 70]}