{"p": 0.0, "barbin": 2, "corr": 0.19110208749771118, "timescale": 7.214274062493838, "rgb": "#000000", "zyx": [19, 43, 37]}