{"p": 0.358, "barbin": 0, "corr": 0.004022110719233751, "timescale": 1.5968084588240363, "rgb": "#000000", "zyx": [11, 17, 40]}