{"p": 0.301, "barbin": 0, "corr": 0.0254528671503067, "timescale": 6.9116928090730285, "rgb": "#000000", "zyx": [15, 27, 30]}