{"p": 0.447, "barbin": 0, "corr": 0.005746854469180107, "timescale": 5.9617447749517885, "rgb": "#000000", "zyx": [19, 67, 49]}