{"p": 0.615, "barbin": 0, "corr": -0.011199773289263248, "timescale": 8.584962503169406, "rgb": "#000000", "zyx": [16, 47, 63]}