{"p": 0.029, "barbin": 1, "corr": 0.10809597373008728, "timescale": 7.355356592868126, "rgb": "#000000", "zyx": [19, 35, 65]}