{"p": 0.719, "barbin": 0, "corr": -0.03447181358933449, "timescale": 5.582935637029463, "rgb": "#000000", "zyx": [13, 55, 78]}