{"p": 0.929, "barbin": 0, "corr": -0.08233983814716339, "timescale": 4.930783239543899, "rgb": "#000000", "zyx": [16, 25, 44]}