{"p": 0.512, "barbin": 0, "corr": -0.006690334528684616, "timescale": 6.585015564224315, "rgb": "#000000", "zyx": [16, 64, 72]}