{"p": 0.308, "barbin": 0, "corr": 0.024765579029917717, "timescale": 6.909124145646122, "rgb": "#000000", "zyx": [15, 78, 73]}