{"p": 0.575, "barbin": 0, "corr": -0.013718828558921814, "timescale": 5.692965532452167, "rgb": "#000000", "zyx": [20, 50, 54]}