{"p": 0.481, "barbin": 0, "corr": 0.004937451798468828, "timescale": 5.387361345324789, "rgb": "#000000", "zyx": [5, 69, 41]}