{"p": 0.0, "barbin": 3, "corr": 0.20027843117713928, "timescale": 6.953573184384407, "rgb": "#000000", "zyx": [12, 85, 41]}