{"p": 0.93, "barbin": 0, "corr": -0.04490256309509277, "timescale": 6.625771518589124, "rgb": "#000000", "zyx": [22, 52, 45]}