{"p": 0.132, "barbin": 0, "corr": 0.06541160494089127, "timescale": 6.372444402917071, "rgb": "#000000", "zyx": [11, 80, 53]}