{"p": 0.012, "barbin": 1, "corr": 0.1359308362007141, "timescale": 4.546106306602396, "rgb": "#000000", "zyx": [17, 19, 53]}