{"p": 0.585, "barbin": 0, "corr": -0.0009041395387612283, "timescale": 4.898620410007662, "rgb": "#000000", "zyx": [24, 34, 53]}