{"p": 1.0, "barbin": 0, "corr": -0.26213952898979187, "timescale": 5.479474379211604, "rgb": "#000000", "zyx": [20, 36, 65]}