{"p": 0.058, "barbin": 0, "corr": 0.08680734783411026, "timescale": 6.550149207593646, "rgb": "#000000", "zyx": [15, 68, 52]}