{"p": 0.72, "barbin": 0, "corr": -0.03397710621356964, "timescale": 5.650812728987028, "rgb": "#000000", "zyx": [4, 50, 61]}