{"p": 0.096, "barbin": 0, "corr": 0.075119249522686, "timescale": 6.56462539918171, "rgb": "#000000", "zyx": [4, 68, 65]}