{"p": 0.023, "barbin": 0, "corr": 0.0718030333518982, "timescale": 5.988041115496709, "rgb": "#000000", "zyx": [7, 92, 47]}