{"p": 0.197, "barbin": 0, "corr": 0.049968164414167404, "timescale": 2.6614648679060156, "rgb": "#000000", "zyx": [16, 31, 60]}