{"p": 0.001, "barbin": 3, "corr": 0.2059316337108612, "timescale": 6.641638325926614, "rgb": "#000000", "zyx": [21, 42, 65]}