{"p": 0.198, "barbin": 0, "corr": 0.04043196141719818, "timescale": 6.72878010117308, "rgb": "#000000", "zyx": [8, 75, 53]}