{"p": 0.894, "barbin": 0, "corr": -0.07625751942396164, "timescale": 4.586034765921013, "rgb": "#000000", "zyx": [10, 63, 75]}