{"p": 0.476, "barbin": 0, "corr": 0.006873896345496178, "timescale": 3.9387256007657276, "rgb": "#000000", "zyx": [19, 75, 52]}