{"p": 0.002, "barbin": 0, "corr": 0.08032942563295364, "timescale": 4.142355581786484, "rgb": "#000000", "zyx": [18, 85, 49]}