{"p": 0.066, "barbin": 0, "corr": 0.05569430813193321, "timescale": 4.305711000005664, "rgb": "#000000", "zyx": [6, 92, 43]}