{"p": 0.006, "barbin": 0, "corr": 0.0670679584145546, "timescale": 6.97880513693444, "rgb": "#000000", "zyx": [12, 36, 27]}