{"p": 0.004, "barbin": 1, "corr": 0.14445437490940094, "timescale": 6.794006268330091, "rgb": "#000000", "zyx": [18, 76, 67]}