{"p": 0.089, "barbin": 0, "corr": 0.0341358445584774, "timescale": 3.3440618016068253, "rgb": "#000000", "zyx": [6, 77, 62]}