{"p": 0.836, "barbin": 0, "corr": -0.032697003334760666, "timescale": 3.868280082090955, "rgb": "#000000", "zyx": [18, 59, 69]}