{"p": 0.085, "barbin": 0, "corr": 0.024783968925476074, "timescale": 3.786767798505247, "rgb": "#000000", "zyx": [4, 88, 38]}