{"p": 0.761, "barbin": 0, "corr": -0.004991766065359116, "timescale": 7.584903736750645, "rgb": "#000000", "zyx": [18, 58, 49]}