{"p": 0.191, "barbin": 0, "corr": 0.04720239341259003, "timescale": 8.464903141009758, "rgb": "#000000", "zyx": [21, 45, 67]}