{"p": 0.993, "barbin": 0, "corr": -0.13337813317775726, "timescale": 4.702517406637959, "rgb": "#000000", "zyx": [16, 56, 25]}