{"p": 0.03, "barbin": 1, "corr": 0.11489202082157135, "timescale": 6.994286887834175, "rgb": "#000000", "zyx": [11, 35, 73]}