{"p": 0.897, "barbin": 0, "corr": -0.03217369690537453, "timescale": 8.168687510400508, "rgb": "#000000", "zyx": [21, 71, 40]}