{"p": 0.285, "barbin": 0, "corr": 0.03522086143493652, "timescale": 8.5849500112497, "rgb": "#000000", "zyx": [21, 50, 74]}