{"p": 0.003, "barbin": 2, "corr": 0.15578889846801758, "timescale": 6.636885178834018, "rgb": "#000000", "zyx": [20, 81, 42]}