{"p": 0.311, "barbin": 0, "corr": 0.028860686346888542, "timescale": 6.376988996430957, "rgb": "#000000", "zyx": [8, 84, 48]}