{"p": 0.439, "barbin": 0, "corr": 0.010474962182343006, "timescale": 1.5859724858899802, "rgb": "#000000", "zyx": [22, 66, 31]}