{"p": 0.005, "barbin": 1, "corr": 0.14959067106246948, "timescale": 7.642200554944047, "rgb": "#000000", "zyx": [21, 54, 41]}