{"p": 0.205, "barbin": 0, "corr": 0.04489992558956146, "timescale": 7.15065746091261, "rgb": "#000000", "zyx": [8, 65, 80]}