{"p": 0.078, "barbin": 0, "corr": 0.07910839468240738, "timescale": 4.8886941933345245, "rgb": "#000000", "zyx": [8, 60, 64]}