{"p": 0.036, "barbin": 0, "corr": 0.017904218286275864, "timescale": 8.572261184777217, "rgb": "#000000", "zyx": [3, 75, 33]}