{"p": 0.008, "barbin": 1, "corr": 0.14624449610710144, "timescale": 7.546863797340747, "rgb": "#000000", "zyx": [17, 65, 52]}