{"p": 0.036, "barbin": 0, "corr": 0.05110066756606102, "timescale": 6.236248613754266, "rgb": "#000000", "zyx": [7, 69, 49]}