{"p": 0.979, "barbin": 0, "corr": -0.10588981956243515, "timescale": 4.550798225383378, "rgb": "#000000", "zyx": [12, 63, 69]}