{"p": 0.111, "barbin": 0, "corr": 0.07894907891750336, "timescale": 6.450950858369531, "rgb": "#000000", "zyx": [13, 50, 32]}