{"p": 0.0, "barbin": 4, "corr": 0.30045539140701294, "timescale": 6.303746836071132, "rgb": "#000000", "zyx": [5, 36, 36]}