{"p": 0.0, "barbin": 2, "corr": 0.17354024946689606, "timescale": 7.436653223423757, "rgb": "#000000", "zyx": [15, 39, 73]}