{"p": 0.273, "barbin": 0, "corr": 0.03231305256485939, "timescale": 1.9919577998381848, "rgb": "#000000", "zyx": [18, 40, 59]}