{"p": 0.028, "barbin": 0, "corr": 0.07516362518072128, "timescale": 5.9240797505770635, "rgb": "#000000", "zyx": [9, 66, 39]}