{"p": 0.864, "barbin": 0, "corr": -0.05746796354651451, "timescale": 6.234203755471539, "rgb": "#000000", "zyx": [5, 42, 38]}