{"p": 0.0, "barbin": 3, "corr": 0.23484942317008972, "timescale": 6.7889203634133075, "rgb": "#000000", "zyx": [10, 68, 26]}