{"p": 0.309, "barbin": 0, "corr": 0.03152244910597801, "timescale": 7.589676880481597, "rgb": "#000000", "zyx": [18, 18, 56]}