{"p": 0.579, "barbin": 0, "corr": -0.00972345843911171, "timescale": 1.9806391855078151, "rgb": "#000000", "zyx": [14, 52, 51]}