{"p": 0.168, "barbin": 0, "corr": 0.056385401636362076, "timescale": 3.779124729439364, "rgb": "#000000", "zyx": [20, 65, 51]}