{"p": 0.207, "barbin": 0, "corr": 0.012786222621798515, "timescale": 6.735481909580589, "rgb": "#000000", "zyx": [10, 88, 68]}