{"p": 0.551, "barbin": 0, "corr": -0.008634875528514385, "timescale": 2.584962539425637, "rgb": "#000000", "zyx": [1, 47, 63]}