{"p": 0.063, "barbin": 0, "corr": 0.06366335600614548, "timescale": 1.745454639204927, "rgb": "#000000", "zyx": [15, 67, 34]}