{"p": 0.544, "barbin": 0, "corr": -0.007462762761861086, "timescale": 4.390060764547496, "rgb": "#000000", "zyx": [14, 60, 65]}