{"p": 0.334, "barbin": 0, "corr": 0.012943897396326065, "timescale": 4.326493027334839, "rgb": "#000000", "zyx": [3, 81, 73]}