{"p": 0.031, "barbin": 1, "corr": 0.10875322669744492, "timescale": 6.076647026895058, "rgb": "#000000", "zyx": [9, 45, 45]}