{"p": 0.11, "barbin": 0, "corr": 0.07390176504850388, "timescale": 2.6067369124514532, "rgb": "#000000", "zyx": [3, 45, 30]}