{"p": 0.338, "barbin": 0, "corr": 1.3751612641499378e-05, "timescale": 8.388299242602978, "rgb": "#000000", "zyx": [17, 59, 26]}