{"p": 0.883, "barbin": 0, "corr": -0.07437791675329208, "timescale": 3.5367083780800788, "rgb": "#000000", "zyx": [10, 65, 33]}