{"p": 0.193, "barbin": 0, "corr": 0.05178157612681389, "timescale": 3.5012503255593552, "rgb": "#000000", "zyx": [8, 75, 65]}