{"p": 0.001, "barbin": 2, "corr": 0.1628931760787964, "timescale": 6.487548611662941, "rgb": "#000000", "zyx": [17, 78, 55]}