{"p": 0.406, "barbin": 0, "corr": 0.016271518543362617, "timescale": 7.114198009294165, "rgb": "#000000", "zyx": [11, 24, 34]}