{"p": 0.602, "barbin": 0, "corr": -0.006692882627248764, "timescale": 6.433383908840065, "rgb": "#000000", "zyx": [22, 73, 39]}