{"p": 0.094, "barbin": 0, "corr": 0.07828151434659958, "timescale": 6.570732048993363, "rgb": "#000000", "zyx": [18, 27, 37]}