{"p": 0.552, "barbin": 0, "corr": -0.009551849216222763, "timescale": 8.00875719146361, "rgb": "#000000", "zyx": [9, 51, 70]}