{"p": 0.787, "barbin": 0, "corr": -0.04762164503335953, "timescale": 6.995385362725873, "rgb": "#000000", "zyx": [26, 55, 60]}