{"p": 0.973, "barbin": 0, "corr": -0.11230336874723434, "timescale": 3.26227891643272, "rgb": "#000000", "zyx": [18, 34, 37]}