{"p": 0.026, "barbin": 0, "corr": 0.06286846846342087, "timescale": 7.657154800007327, "rgb": "#000000", "zyx": [15, 49, 49]}