{"p": 0.067, "barbin": 0, "corr": 0.0300883911550045, "timescale": 5.257085561483215, "rgb": "#000000", "zyx": [7, 68, 51]}