{"p": 0.011, "barbin": 1, "corr": 0.13839088380336761, "timescale": 8.584962500791343, "rgb": "#000000", "zyx": [18, 51, 57]}