{"p": 0.087, "barbin": 0, "corr": 0.05498151853680611, "timescale": 7.457893324507605, "rgb": "#000000", "zyx": [23, 58, 35]}