{"p": 0.821, "barbin": 0, "corr": -0.05622875317931175, "timescale": 5.602071117574534, "rgb": "#000000", "zyx": [15, 26, 54]}