{"p": 0.029, "barbin": 1, "corr": 0.10985583066940308, "timescale": 6.4074643926599215, "rgb": "#000000", "zyx": [9, 75, 46]}