{"p": 0.169, "barbin": 0, "corr": 0.02343425713479519, "timescale": 3.989366816701759, "rgb": "#000000", "zyx": [25, 62, 42]}