{"p": 0.877, "barbin": 0, "corr": -0.06646349281072617, "timescale": 6.216975220494921, "rgb": "#000000", "zyx": [6, 61, 37]}