{"p": 0.015, "barbin": 1, "corr": 0.13144922256469727, "timescale": 7.314211975959816, "rgb": "#000000", "zyx": [20, 48, 35]}