{"p": 0.15, "barbin": 0, "corr": 0.052541427314281464, "timescale": 4.593333961539602, "rgb": "#000000", "zyx": [10, 80, 28]}