{"p": 0.265, "barbin": 0, "corr": 0.03894955664873123, "timescale": 5.956507303413426, "rgb": "#000000", "zyx": [16, 56, 49]}