{"p": 0.365, "barbin": 0, "corr": 0.020834127441048622, "timescale": 6.75287075045706, "rgb": "#000000", "zyx": [18, 32, 55]}