{"p": 0.804, "barbin": 0, "corr": -0.04748907685279846, "timescale": 6.582747442355895, "rgb": "#000000", "zyx": [4, 88, 34]}