{"p": 0.265, "barbin": 0, "corr": 0.0025798268616199493, "timescale": 6.590114769949545, "rgb": "#000000", "zyx": [20, 79, 35]}