{"p": 0.237, "barbin": 0, "corr": 0.040094371885061264, "timescale": 5.165892692670561, "rgb": "#000000", "zyx": [8, 46, 65]}