{"p": 0.445, "barbin": 0, "corr": 0.006086796522140503, "timescale": 6.293372220708349, "rgb": "#000000", "zyx": [21, 42, 46]}