{"p": 0.331, "barbin": 0, "corr": 0.020177196711301804, "timescale": 5.362933793026481, "rgb": "#000000", "zyx": [6, 92, 47]}