{"p": 0.966, "barbin": 0, "corr": -0.0693739578127861, "timescale": 4.967865957409083, "rgb": "#000000", "zyx": [7, 32, 42]}