{"p": 0.076, "barbin": 0, "corr": 0.08354748040437698, "timescale": 5.768582868902254, "rgb": "#000000", "zyx": [14, 77, 75]}