{"p": 0.977, "barbin": 0, "corr": -0.12021130323410034, "timescale": 1.5849626990578796, "rgb": "#000000", "zyx": [11, 29, 62]}