{"p": 0.346, "barbin": 0, "corr": 0.01351433526724577, "timescale": 3.2348852657869007, "rgb": "#000000", "zyx": [12, 54, 62]}