{"p": 0.161, "barbin": 0, "corr": 0.0051289768889546394, "timescale": 6.348288600614564, "rgb": "#000000", "zyx": [7, 75, 24]}