{"p": 0.969, "barbin": 0, "corr": -0.06417352706193924, "timescale": 4.742070485964916, "rgb": "#000000", "zyx": [17, 63, 70]}