{"p": 0.0, "barbin": 3, "corr": 0.2313762903213501, "timescale": 7.472388530166447, "rgb": "#000000", "zyx": [13, 78, 50]}