{"p": 0.212, "barbin": 0, "corr": 0.03548562526702881, "timescale": 6.35320218466002, "rgb": "#000000", "zyx": [12, 44, 70]}