{"p": 0.273, "barbin": 0, "corr": 0.036471106112003326, "timescale": 5.889554267096278, "rgb": "#000000", "zyx": [24, 58, 37]}