{"p": 0.617, "barbin": 0, "corr": -0.01325627788901329, "timescale": 7.899530503048672, "rgb": "#000000", "zyx": [16, 76, 54]}