{"p": 0.154, "barbin": 0, "corr": 0.06589274853467941, "timescale": 5.536900192135029, "rgb": "#000000", "zyx": [22, 60, 48]}