{"p": 0.469, "barbin": 0, "corr": 0.004292082041501999, "timescale": 8.58399800776881, "rgb": "#000000", "zyx": [19, 43, 44]}