{"p": 0.032, "barbin": 1, "corr": 0.10121387988328934, "timescale": 4.822907463917437, "rgb": "#000000", "zyx": [2, 88, 58]}