{"p": 0.303, "barbin": 0, "corr": 0.024964096024632454, "timescale": 3.598042406491176, "rgb": "#000000", "zyx": [19, 57, 49]}