{"p": 0.001, "barbin": 2, "corr": 0.16211940348148346, "timescale": 7.038630605399137, "rgb": "#000000", "zyx": [15, 43, 29]}