{"p": 0.02, "barbin": 0, "corr": 0.069689080119133, "timescale": 7.668772826704032, "rgb": "#000000", "zyx": [10, 45, 60]}