{"p": 0.001, "barbin": 2, "corr": 0.17365781962871552, "timescale": 6.566319301402482, "rgb": "#000000", "zyx": [0, 76, 37]}