{"p": 0.618, "barbin": 0, "corr": -0.008271499536931515, "timescale": 4.625203863724437, "rgb": "#000000", "zyx": [8, 56, 54]}