{"p": 0.01, "barbin": 1, "corr": 0.14374826848506927, "timescale": 7.482753744037513, "rgb": "#000000", "zyx": [26, 46, 52]}