{"p": 0.016, "barbin": 0, "corr": 0.05659239739179611, "timescale": 4.940687830619003, "rgb": "#000000", "zyx": [15, 83, 46]}