{"p": 0.087, "barbin": 0, "corr": 0.07199312746524811, "timescale": 2.7985337968436643, "rgb": "#000000", "zyx": [3, 65, 79]}