{"p": 0.448, "barbin": 0, "corr": 0.011490276083350182, "timescale": 7.484527553507032, "rgb": "#000000", "zyx": [16, 40, 71]}