{"p": 0.196, "barbin": 0, "corr": 0.044347815215587616, "timescale": 3.5850049100152153, "rgb": "#000000", "zyx": [14, 37, 39]}