{"p": 0.008, "barbin": 1, "corr": 0.14597101509571075, "timescale": 6.1094053914772015, "rgb": "#000000", "zyx": [16, 48, 56]}