{"p": 0.176, "barbin": 0, "corr": 0.05053522810339928, "timescale": 4.590750174156184, "rgb": "#000000", "zyx": [20, 68, 57]}