{"p": 0.153, "barbin": 0, "corr": 0.06271063536405563, "timescale": 3.935586373545318, "rgb": "#000000", "zyx": [18, 46, 56]}