{"p": 0.002, "barbin": 2, "corr": 0.17856214940547943, "timescale": 6.26542734559529, "rgb": "#000000", "zyx": [4, 74, 75]}