{"p": 0.036, "barbin": 1, "corr": 0.10620265454053879, "timescale": 2.8096600310913944, "rgb": "#000000", "zyx": [6, 88, 37]}