{"p": 0.468, "barbin": 0, "corr": 0.00473397271707654, "timescale": 5.21107735529486, "rgb": "#000000", "zyx": [16, 57, 80]}