{"p": 0.703, "barbin": 0, "corr": -0.0361056812107563, "timescale": 5.5849570488029965, "rgb": "#000000", "zyx": [11, 57, 80]}