{"p": 0.406, "barbin": 0, "corr": 0.014751025475561619, "timescale": 2.906560454289701, "rgb": "#000000", "zyx": [10, 59, 74]}