{"p": 0.292, "barbin": 0, "corr": 0.033978842198848724, "timescale": 6.581944230729155, "rgb": "#000000", "zyx": [22, 70, 32]}