{"p": 0.0, "barbin": 2, "corr": 0.17379891872406006, "timescale": 7.167947021232904, "rgb": "#000000", "zyx": [22, 29, 58]}