{"p": 0.111, "barbin": 0, "corr": 0.06253435462713242, "timescale": 6.674171132324817, "rgb": "#000000", "zyx": [22, 49, 55]}