{"p": 0.307, "barbin": 0, "corr": 0.03145962581038475, "timescale": 8.489423117003904, "rgb": "#000000", "zyx": [7, 70, 65]}