{"p": 0.0, "barbin": 2, "corr": 0.15243884921073914, "timescale": 4.957904084942048, "rgb": "#000000", "zyx": [22, 57, 70]}