{"p": 0.379, "barbin": 0, "corr": 0.017867285758256912, "timescale": 7.47327827430592, "rgb": "#000000", "zyx": [7, 44, 48]}