{"p": 0.702, "barbin": 0, "corr": -0.02975631132721901, "timescale": 5.584962500721156, "rgb": "#000000", "zyx": [18, 61, 63]}