{"p": 0.236, "barbin": 0, "corr": 0.04367641732096672, "timescale": 7.657436392033942, "rgb": "#000000", "zyx": [13, 38, 37]}