{"p": 0.66, "barbin": 0, "corr": -0.022006003186106682, "timescale": 2.588188063180091, "rgb": "#000000", "zyx": [5, 40, 59]}