{"p": 0.668, "barbin": 0, "corr": -0.018799258396029472, "timescale": 2.702444338357549, "rgb": "#000000", "zyx": [3, 54, 38]}