{"p": 0.614, "barbin": 0, "corr": -0.012845439836382866, "timescale": 5.137424345583282, "rgb": "#000000", "zyx": [19, 48, 32]}