{"p": 0.872, "barbin": 0, "corr": -0.05819091945886612, "timescale": 5.562515655645966, "rgb": "#000000", "zyx": [11, 36, 50]}