{"p": 0.634, "barbin": 0, "corr": -0.021880876272916794, "timescale": 3.6508751394433636, "rgb": "#000000", "zyx": [7, 61, 31]}