{"p": 0.017, "barbin": 0, "corr": 0.0968557745218277, "timescale": 2.8946817403124223, "rgb": "#000000", "zyx": [14, 25, 30]}