{"p": 0.292, "barbin": 0, "corr": 0.029548436403274536, "timescale": 6.584440586232459, "rgb": "#000000", "zyx": [3, 82, 60]}