{"p": 0.998, "barbin": 0, "corr": -0.10186123102903366, "timescale": 5.551332335644365, "rgb": "#000000", "zyx": [10, 24, 41]}