{"p": 0.399, "barbin": 0, "corr": 0.013206616044044495, "timescale": 7.944913647309311, "rgb": "#000000", "zyx": [15, 74, 79]}