{"p": 0.84, "barbin": 0, "corr": -0.06180248036980629, "timescale": 2.584962500721156, "rgb": "#000000", "zyx": [5, 46, 48]}