{"p": 0.109, "barbin": 0, "corr": 0.07099440693855286, "timescale": 7.584961340554982, "rgb": "#000000", "zyx": [1, 74, 78]}