{"p": 0.858, "barbin": 0, "corr": -0.06642235070466995, "timescale": 6.116996239103039, "rgb": "#000000", "zyx": [5, 78, 44]}