{"p": 0.057, "barbin": 0, "corr": 0.09033424407243729, "timescale": 4.625563441026197, "rgb": "#000000", "zyx": [7, 73, 27]}