{"p": 0.635, "barbin": 0, "corr": -0.01932915672659874, "timescale": 7.512316944745954, "rgb": "#000000", "zyx": [3, 60, 25]}