{"p": 0.16, "barbin": 0, "corr": 0.05788154900074005, "timescale": 3.4148355981385525, "rgb": "#000000", "zyx": [14, 20, 57]}