{"p": 0.001, "barbin": 2, "corr": 0.17792126536369324, "timescale": 5.228397158279488, "rgb": "#000000", "zyx": [21, 24, 50]}