{"p": 0.833, "barbin": 0, "corr": -0.04650487005710602, "timescale": 5.91845364910014, "rgb": "#000000", "zyx": [26, 70, 56]}