{"p": 0.752, "barbin": 0, "corr": -0.03977801278233528, "timescale": 3.660937573445784, "rgb": "#000000", "zyx": [10, 46, 29]}