{"p": 0.083, "barbin": 0, "corr": 0.07541872560977936, "timescale": 6.749957231202324, "rgb": "#000000", "zyx": [6, 39, 36]}