{"p": 0.484, "barbin": 0, "corr": 0.001153732999227941, "timescale": 3.475989352899324, "rgb": "#000000", "zyx": [0, 81, 51]}