{"p": 0.762, "barbin": 0, "corr": -0.037452831864356995, "timescale": 3.5973950023542955, "rgb": "#000000", "zyx": [24, 74, 40]}