{"p": 0.131, "barbin": 0, "corr": 0.05960054695606232, "timescale": 5.659749594303349, "rgb": "#000000", "zyx": [3, 64, 42]}