{"p": 0.305, "barbin": 0, "corr": 0.03183476999402046, "timescale": 6.989771455451843, "rgb": "#000000", "zyx": [5, 74, 59]}