{"p": 0.82, "barbin": 0, "corr": -0.056203123182058334, "timescale": 4.771527465013626, "rgb": "#000000", "zyx": [10, 64, 21]}