{"p": 0.653, "barbin": 0, "corr": -0.02255653776228428, "timescale": 8.584962288159806, "rgb": "#000000", "zyx": [17, 53, 55]}