{"p": 0.371, "barbin": 0, "corr": 0.019925061613321304, "timescale": 7.789947453562404, "rgb": "#000000", "zyx": [14, 79, 46]}