{"p": 0.02, "barbin": 0, "corr": 0.06859633326530457, "timescale": 6.759357305552632, "rgb": "#000000", "zyx": [9, 65, 76]}