{"p": 0.669, "barbin": 0, "corr": -0.01913970708847046, "timescale": 6.673882497936427, "rgb": "#000000", "zyx": [13, 50, 23]}