{"p": 0.186, "barbin": 0, "corr": 0.05029940605163574, "timescale": 7.774146334364501, "rgb": "#000000", "zyx": [27, 54, 49]}