{"p": 0.108, "barbin": 0, "corr": 0.06565316766500473, "timescale": 4.425432804113848, "rgb": "#000000", "zyx": [24, 41, 41]}