{"p": 0.001, "barbin": 2, "corr": 0.1617266833782196, "timescale": 5.184208157233173, "rgb": "#000000", "zyx": [12, 60, 51]}