{"p": 0.506, "barbin": 0, "corr": -0.0003548604727257043, "timescale": 7.483378679870478, "rgb": "#000000", "zyx": [6, 84, 63]}