{"p": 0.467, "barbin": 0, "corr": 0.0011550869094207883, "timescale": 2.558653483478778, "rgb": "#000000", "zyx": [15, 43, 48]}