{"p": 0.926, "barbin": 0, "corr": -0.030789941549301147, "timescale": 3.7633442126715884, "rgb": "#000000", "zyx": [15, 52, 25]}