{"p": 0.871, "barbin": 0, "corr": -0.06638564169406891, "timescale": 7.584962500721156, "rgb": "#000000", "zyx": [17, 61, 62]}