{"p": 0.169, "barbin": 0, "corr": 0.051693789660930634, "timescale": 5.584999492369756, "rgb": "#000000", "zyx": [4, 82, 44]}