{"p": 0.215, "barbin": 0, "corr": 0.042476918548345566, "timescale": 7.321811520604323, "rgb": "#000000", "zyx": [16, 78, 35]}