{"p": 0.0, "barbin": 3, "corr": 0.2093130648136139, "timescale": 7.060439929577933, "rgb": "#000000", "zyx": [16, 77, 58]}