{"p": 0.384, "barbin": 0, "corr": 0.01838499866425991, "timescale": 6.644881015545162, "rgb": "#000000", "zyx": [5, 46, 77]}