{"p": 0.194, "barbin": 0, "corr": 0.03415856882929802, "timescale": 5.53974383994484, "rgb": "#000000", "zyx": [11, 48, 66]}