{"p": 0.088, "barbin": 0, "corr": 0.055768679827451706, "timescale": 5.521777880764795, "rgb": "#000000", "zyx": [7, 87, 53]}