{"p": 0.284, "barbin": 0, "corr": 0.030540043488144875, "timescale": 7.943721293816814, "rgb": "#000000", "zyx": [17, 41, 64]}