{"p": 0.728, "barbin": 0, "corr": -0.031993452459573746, "timescale": 6.242425316773574, "rgb": "#000000", "zyx": [10, 63, 64]}