{"p": 0.935, "barbin": 0, "corr": -0.0863150879740715, "timescale": 2.5994146710401553, "rgb": "#000000", "zyx": [18, 34, 31]}