{"p": 0.028, "barbin": 1, "corr": 0.11577985435724258, "timescale": 7.423186999757787, "rgb": "#000000", "zyx": [10, 58, 76]}