{"p": 0.181, "barbin": 0, "corr": 0.050880126655101776, "timescale": 7.721252456622187, "rgb": "#000000", "zyx": [13, 77, 68]}