{"p": 1.0, "barbin": 0, "corr": -0.21137011051177979, "timescale": 3.192057105359166, "rgb": "#000000", "zyx": [14, 49, 26]}