{"p": 0.125, "barbin": 0, "corr": 0.06558125466108322, "timescale": 7.360375863434506, "rgb": "#000000", "zyx": [4, 80, 30]}