{"p": 0.94, "barbin": 0, "corr": -0.0869549810886383, "timescale": 1.6982720343698814, "rgb": "#000000", "zyx": [11, 47, 34]}