{"p": 0.132, "barbin": 0, "corr": 3.499985541566275e-05, "timescale": 5.088136551425305, "rgb": "#000000", "zyx": [7, 28, 54]}