{"p": 0.427, "barbin": 0, "corr": 0.010817127302289009, "timescale": 6.9654477886348625, "rgb": "#000000", "zyx": [8, 31, 49]}