{"p": 0.124, "barbin": 0, "corr": 0.06720747798681259, "timescale": 6.431934265360389, "rgb": "#000000", "zyx": [22, 72, 48]}