{"p": 0.738, "barbin": 0, "corr": -0.018825696781277657, "timescale": 8.584962527485118, "rgb": "#000000", "zyx": [8, 47, 80]}