{"p": 0.386, "barbin": 0, "corr": 0.014840362593531609, "timescale": 4.641324118856944, "rgb": "#000000", "zyx": [3, 50, 61]}