{"p": 0.0, "barbin": 3, "corr": 0.22321048378944397, "timescale": 8.562502985223848, "rgb": "#000000", "zyx": [15, 75, 36]}