{"p": 0.836, "barbin": 0, "corr": -0.05559706687927246, "timescale": 8.454840880410389, "rgb": "#000000", "zyx": [15, 77, 45]}