{"p": 0.001, "barbin": 2, "corr": 0.1773024946451187, "timescale": 5.814310754076262, "rgb": "#000000", "zyx": [9, 58, 70]}