{"p": 0.663, "barbin": 0, "corr": -0.013138044625520706, "timescale": 1.5849626096444944, "rgb": "#000000", "zyx": [12, 37, 44]}