{"p": 0.0, "barbin": 3, "corr": 0.2210414558649063, "timescale": 5.6437297747166015, "rgb": "#000000", "zyx": [11, 69, 48]}