{"p": 0.059, "barbin": 0, "corr": 0.0768294632434845, "timescale": 5.972366247548497, "rgb": "#000000", "zyx": [7, 67, 36]}