{"p": 0.008, "barbin": 0, "corr": 0.08039727807044983, "timescale": 5.420306333378051, "rgb": "#000000", "zyx": [6, 87, 38]}