{"p": 0.003, "barbin": 2, "corr": 0.178266242146492, "timescale": 6.286759671475171, "rgb": "#000000", "zyx": [22, 50, 63]}