{"p": 0.576, "barbin": 0, "corr": -0.008067857474088669, "timescale": 4.147844546944093, "rgb": "#000000", "zyx": [3, 39, 64]}