{"p": 0.17, "barbin": 0, "corr": 0.04958423972129822, "timescale": 6.433904398912256, "rgb": "#000000", "zyx": [24, 52, 64]}