{"p": 0.455, "barbin": 0, "corr": 0.002864273265004158, "timescale": 6.142384638911519, "rgb": "#000000", "zyx": [6, 84, 43]}