{"p": 0.34, "barbin": 0, "corr": 0.02466094121336937, "timescale": 1.596982441495527, "rgb": "#000000", "zyx": [10, 36, 53]}