{"p": 0.662, "barbin": 0, "corr": -0.02174374647438526, "timescale": 1.6955072589758045, "rgb": "#000000", "zyx": [2, 59, 69]}