{"p": 0.323, "barbin": 0, "corr": 0.026579279452562332, "timescale": 6.365524663817274, "rgb": "#000000", "zyx": [20, 52, 52]}