{"p": 0.019, "barbin": 0, "corr": 0.0904938280582428, "timescale": 5.1875962669688755, "rgb": "#000000", "zyx": [14, 82, 44]}