{"p": 0.273, "barbin": 0, "corr": 0.006528022699058056, "timescale": 2.2770785338875306, "rgb": "#000000", "zyx": [2, 71, 42]}