{"p": 0.165, "barbin": 0, "corr": 0.05097097158432007, "timescale": 6.072836655319236, "rgb": "#000000", "zyx": [15, 58, 70]}