{"p": 0.766, "barbin": 0, "corr": -0.03814862668514252, "timescale": 7.627365292654113, "rgb": "#000000", "zyx": [18, 40, 42]}