{"p": 0.002, "barbin": 2, "corr": 0.16341359913349152, "timescale": 6.837430190876838, "rgb": "#000000", "zyx": [9, 85, 34]}