{"p": 0.001, "barbin": 1, "corr": 0.13147211074829102, "timescale": 5.177445381958817, "rgb": "#000000", "zyx": [4, 70, 32]}