{"p": 0.289, "barbin": 0, "corr": 0.017244281247258186, "timescale": 5.916772768101408, "rgb": "#000000", "zyx": [20, 72, 53]}