{"p": 0.509, "barbin": 0, "corr": -0.003504750318825245, "timescale": 2.0174743423277834, "rgb": "#000000", "zyx": [11, 60, 63]}