{"p": 0.0, "barbin": 1, "corr": 0.11024583876132965, "timescale": 3.489648387607639, "rgb": "#000000", "zyx": [10, 88, 42]}