{"p": 0.012, "barbin": 1, "corr": 0.11014619469642639, "timescale": 7.511617929151668, "rgb": "#000000", "zyx": [19, 68, 47]}