{"p": 0.444, "barbin": 0, "corr": 0.006810805294662714, "timescale": 2.585656827037198, "rgb": "#000000", "zyx": [0, 81, 35]}