{"p": 0.249, "barbin": 0, "corr": 0.04290361702442169, "timescale": 6.449842062155278, "rgb": "#000000", "zyx": [23, 27, 55]}