{"p": 0.0, "barbin": 4, "corr": 0.31382501125335693, "timescale": 6.523390209054881, "rgb": "#000000", "zyx": [7, 45, 31]}