{"p": 0.055, "barbin": 0, "corr": 0.08125060051679611, "timescale": 7.507383310769084, "rgb": "#000000", "zyx": [4, 39, 36]}