{"p": 0.15, "barbin": 0, "corr": 0.04519065469503403, "timescale": 8.506322323739592, "rgb": "#000000", "zyx": [23, 53, 64]}