{"p": 0.702, "barbin": 0, "corr": -0.02632325328886509, "timescale": 2.591244001867717, "rgb": "#000000", "zyx": [10, 42, 56]}