{"p": 0.446, "barbin": 0, "corr": 0.008156152442097664, "timescale": 3.381654365414501, "rgb": "#000000", "zyx": [6, 92, 42]}