{"p": 0.0, "barbin": 3, "corr": 0.20448102056980133, "timescale": 3.476100140907765, "rgb": "#000000", "zyx": [10, 76, 75]}