{"p": 0.632, "barbin": 0, "corr": -0.018786737695336342, "timescale": 6.580816109910005, "rgb": "#000000", "zyx": [3, 86, 72]}