{"p": 0.785, "barbin": 0, "corr": -0.054181911051273346, "timescale": 7.5253390097455295, "rgb": "#000000", "zyx": [24, 42, 58]}