{"p": 0.956, "barbin": 0, "corr": -0.08358865976333618, "timescale": 6.5849320454057265, "rgb": "#000000", "zyx": [12, 46, 33]}