{"p": 0.0, "barbin": 0, "corr": 0.08203718066215515, "timescale": 4.313160536037388, "rgb": "#000000", "zyx": [5, 91, 59]}