{"p": 0.497, "barbin": 0, "corr": 0.004312256816774607, "timescale": 3.5208613644829954, "rgb": "#000000", "zyx": [4, 60, 58]}