{"p": 0.775, "barbin": 0, "corr": -0.02264200523495674, "timescale": 1.6511762342041805, "rgb": "#000000", "zyx": [23, 58, 48]}