{"p": 0.603, "barbin": 0, "corr": -0.0019374783150851727, "timescale": 1.724853645160214, "rgb": "#000000", "zyx": [20, 88, 49]}