{"p": 0.06, "barbin": 0, "corr": 0.09063294529914856, "timescale": 6.109025447738343, "rgb": "#000000", "zyx": [9, 66, 32]}