{"p": 0.091, "barbin": 0, "corr": 0.08229244500398636, "timescale": 8.221794329626764, "rgb": "#000000", "zyx": [13, 80, 35]}