{"p": 0.438, "barbin": 0, "corr": 0.010282403789460659, "timescale": 5.17152382887143, "rgb": "#000000", "zyx": [11, 39, 59]}