{"p": 0.421, "barbin": 0, "corr": 0.012639876455068588, "timescale": 3.642146315490242, "rgb": "#000000", "zyx": [5, 61, 26]}