{"p": 0.372, "barbin": 0, "corr": 0.01743771694600582, "timescale": 4.593691554271822, "rgb": "#000000", "zyx": [13, 75, 36]}