{"p": 0.069, "barbin": 0, "corr": 0.044778548181056976, "timescale": 5.190196202482545, "rgb": "#000000", "zyx": [10, 92, 49]}