{"p": 0.246, "barbin": 0, "corr": 0.029890010133385658, "timescale": 2.292757543729711, "rgb": "#000000", "zyx": [19, 63, 74]}