{"p": 0.209, "barbin": 0, "corr": 0.047479402273893356, "timescale": 2.8361319907041653, "rgb": "#000000", "zyx": [10, 41, 42]}