{"p": 0.225, "barbin": 0, "corr": 0.04791528731584549, "timescale": 6.002278550058543, "rgb": "#000000", "zyx": [2, 89, 36]}