{"p": 0.951, "barbin": 0, "corr": -0.05040890350937843, "timescale": 7.582598642922406, "rgb": "#000000", "zyx": [12, 25, 70]}