{"p": 0.342, "barbin": 0, "corr": 0.02865101583302021, "timescale": 5.276360515890893, "rgb": "#000000", "zyx": [18, 69, 31]}