{"p": 0.0, "barbin": 3, "corr": 0.225642129778862, "timescale": 5.228444337739017, "rgb": "#000000", "zyx": [15, 32, 50]}