{"p": 0.704, "barbin": 0, "corr": -0.028723254799842834, "timescale": 2.9376721382106, "rgb": "#000000", "zyx": [16, 71, 38]}