{"p": 0.002, "barbin": 0, "corr": 0.03963165730237961, "timescale": 8.563401163535268, "rgb": "#000000", "zyx": [15, 55, 50]}