{"p": 0.739, "barbin": 0, "corr": -0.04115050658583641, "timescale": 5.584962500721156, "rgb": "#000000", "zyx": [14, 30, 36]}