{"p": 0.005, "barbin": 1, "corr": 0.1481771618127823, "timescale": 6.655135005601675, "rgb": "#000000", "zyx": [3, 69, 69]}