{"p": 0.37, "barbin": 0, "corr": 0.015502032823860645, "timescale": 6.980399979450827, "rgb": "#000000", "zyx": [20, 69, 64]}