{"p": 0.108, "barbin": 0, "corr": 0.004780055023729801, "timescale": 3.6349556292275946, "rgb": "#000000", "zyx": [6, 87, 36]}