{"p": 0.0, "barbin": 4, "corr": 0.4164459705352783, "timescale": 6.700802743171875, "rgb": "#000000", "zyx": [8, 53, 30]}