{"p": 0.261, "barbin": 0, "corr": 0.03823021799325943, "timescale": 4.606814446316786, "rgb": "#000000", "zyx": [10, 34, 47]}