{"p": 0.0, "barbin": 2, "corr": 0.19169722497463226, "timescale": 7.016398681174586, "rgb": "#000000", "zyx": [8, 62, 27]}