{"p": 0.083, "barbin": 0, "corr": 0.05875488743185997, "timescale": 7.550648587681047, "rgb": "#000000", "zyx": [0, 81, 61]}