{"p": 0.236, "barbin": 0, "corr": 0.04162044823169708, "timescale": 6.925607879779323, "rgb": "#000000", "zyx": [9, 32, 45]}