{"p": 0.403, "barbin": 0, "corr": 0.015967298299074173, "timescale": 5.1141475885615275, "rgb": "#000000", "zyx": [12, 24, 58]}