{"p": 0.501, "barbin": 0, "corr": -0.00025909452233463526, "timescale": 4.936878459917135, "rgb": "#000000", "zyx": [10, 40, 63]}