{"p": 0.193, "barbin": 0, "corr": 0.03845026344060898, "timescale": 5.978269879392343, "rgb": "#000000", "zyx": [19, 45, 70]}