{"p": 0.688, "barbin": 0, "corr": -0.022071465849876404, "timescale": 5.586604578911236, "rgb": "#000000", "zyx": [8, 54, 80]}