{"p": 0.01, "barbin": 1, "corr": 0.14308473467826843, "timescale": 7.863861407934589, "rgb": "#000000", "zyx": [23, 56, 63]}