{"p": 0.713, "barbin": 0, "corr": -0.028409987688064575, "timescale": 4.584962500721156, "rgb": "#000000", "zyx": [22, 25, 48]}