{"p": 0.49, "barbin": 0, "corr": -0.003543348051607609, "timescale": 8.458258464767788, "rgb": "#000000", "zyx": [19, 19, 52]}