{"p": 0.906, "barbin": 0, "corr": -0.07521967589855194, "timescale": 4.98471969668339, "rgb": "#000000", "zyx": [23, 32, 50]}