{"p": 0.461, "barbin": 0, "corr": 0.0037980200722813606, "timescale": 1.589885024369641, "rgb": "#000000", "zyx": [7, 47, 34]}