{"p": 0.289, "barbin": 0, "corr": 0.03239673376083374, "timescale": 7.120588353101607, "rgb": "#000000", "zyx": [8, 82, 59]}