{"p": 0.474, "barbin": 0, "corr": 0.0039787557907402515, "timescale": 5.584962500939538, "rgb": "#000000", "zyx": [8, 62, 24]}