{"p": 0.01, "barbin": 1, "corr": 0.10152280330657959, "timescale": 2.7131335975454505, "rgb": "#000000", "zyx": [10, 64, 72]}