{"p": 0.079, "barbin": 0, "corr": 0.08550094813108444, "timescale": 7.412698388657518, "rgb": "#000000", "zyx": [22, 64, 73]}