{"p": 0.146, "barbin": 0, "corr": 0.062115635722875595, "timescale": 4.6256827007888415, "rgb": "#000000", "zyx": [18, 55, 38]}