{"p": 0.014, "barbin": 0, "corr": 0.08753981441259384, "timescale": 4.160181683882982, "rgb": "#000000", "zyx": [5, 35, 62]}