{"p": 0.685, "barbin": 0, "corr": -0.029726389795541763, "timescale": 2.4923965464296582, "rgb": "#000000", "zyx": [9, 43, 64]}