{"p": 0.083, "barbin": 0, "corr": 0.07627295702695847, "timescale": 1.8590548996773992, "rgb": "#000000", "zyx": [6, 78, 64]}