{"p": 0.049, "barbin": 0, "corr": 0.09733465313911438, "timescale": 7.230356367237128, "rgb": "#000000", "zyx": [11, 39, 56]}