{"p": 0.459, "barbin": 0, "corr": 0.00863636750727892, "timescale": 6.197495552348188, "rgb": "#000000", "zyx": [13, 61, 66]}