{"p": 0.614, "barbin": 0, "corr": -0.010378737933933735, "timescale": 3.2138464881734072, "rgb": "#000000", "zyx": [8, 63, 46]}