{"p": 0.535, "barbin": 0, "corr": -0.0020437773782759905, "timescale": 2.5853289071646564, "rgb": "#000000", "zyx": [20, 72, 75]}