{"p": 0.057, "barbin": 0, "corr": 0.07584542036056519, "timescale": 5.427081310138606, "rgb": "#000000", "zyx": [2, 87, 64]}