{"p": 0.01, "barbin": 1, "corr": 0.13087034225463867, "timescale": 6.583009532525037, "rgb": "#000000", "zyx": [6, 49, 29]}