{"p": 0.691, "barbin": 0, "corr": -0.03097311221063137, "timescale": 8.323864789508502, "rgb": "#000000", "zyx": [3, 48, 69]}