{"p": 0.377, "barbin": 0, "corr": 0.01659044809639454, "timescale": 3.8677956510094265, "rgb": "#000000", "zyx": [20, 69, 42]}