{"p": 0.87, "barbin": 0, "corr": -0.06699509918689728, "timescale": 5.016313986188649, "rgb": "#000000", "zyx": [8, 75, 54]}