{"p": 0.321, "barbin": 0, "corr": 0.022462841123342514, "timescale": 4.8930411222114785, "rgb": "#000000", "zyx": [6, 67, 51]}