{"p": 0.166, "barbin": 0, "corr": 0.05611196532845497, "timescale": 8.537075250392638, "rgb": "#000000", "zyx": [6, 88, 36]}