{"p": 0.391, "barbin": 0, "corr": 0.019880153238773346, "timescale": 5.552756258685737, "rgb": "#000000", "zyx": [7, 71, 63]}