{"p": 0.189, "barbin": 0, "corr": 0.04690739884972572, "timescale": 4.8118952153672065, "rgb": "#000000", "zyx": [13, 28, 52]}