{"p": 0.0, "barbin": 2, "corr": 0.1641150712966919, "timescale": 7.58496213608588, "rgb": "#000000", "zyx": [7, 56, 67]}