{"p": 0.076, "barbin": 0, "corr": 0.03143996372818947, "timescale": 5.586132323384328, "rgb": "#000000", "zyx": [4, 39, 45]}