{"p": 0.807, "barbin": 0, "corr": -0.028086554259061813, "timescale": 5.203441742938781, "rgb": "#000000", "zyx": [12, 28, 64]}