{"p": 0.807, "barbin": 0, "corr": -0.04805787280201912, "timescale": 3.616238579699176, "rgb": "#000000", "zyx": [21, 68, 48]}