{"p": 0.078, "barbin": 0, "corr": 0.08203019946813583, "timescale": 6.897402948743624, "rgb": "#000000", "zyx": [18, 32, 66]}