{"p": 0.878, "barbin": 0, "corr": -0.05655986815690994, "timescale": 5.98869616848045, "rgb": "#000000", "zyx": [11, 70, 23]}