{"p": 0.375, "barbin": 0, "corr": 0.01247542817145586, "timescale": 5.803110952893865, "rgb": "#000000", "zyx": [20, 74, 59]}