{"p": 0.887, "barbin": 0, "corr": -0.06837724894285202, "timescale": 6.584962500721156, "rgb": "#000000", "zyx": [1, 83, 34]}