{"p": 0.303, "barbin": 0, "corr": 0.03355332836508751, "timescale": 2.920574540133831, "rgb": "#000000", "zyx": [7, 60, 54]}