{"p": 0.502, "barbin": 0, "corr": -0.0011172338854521513, "timescale": 4.448922280071345, "rgb": "#000000", "zyx": [12, 90, 61]}