{"p": 0.0, "barbin": 4, "corr": 0.2939004898071289, "timescale": 5.721717922408831, "rgb": "#000000", "zyx": [10, 69, 72]}