{"p": 0.194, "barbin": 0, "corr": 0.03109612874686718, "timescale": 6.877982984200662, "rgb": "#000000", "zyx": [19, 43, 38]}