{"p": 0.535, "barbin": 0, "corr": -0.0037373136729002, "timescale": 5.7100373716382995, "rgb": "#000000", "zyx": [5, 78, 63]}