{"p": 0.299, "barbin": 0, "corr": 0.03217467665672302, "timescale": 7.560746222713861, "rgb": "#000000", "zyx": [22, 34, 55]}