{"p": 0.458, "barbin": 0, "corr": 0.005245532840490341, "timescale": 2.5838279250496075, "rgb": "#000000", "zyx": [12, 52, 49]}