{"p": 0.657, "barbin": 0, "corr": -0.012441790662705898, "timescale": 4.579454677833506, "rgb": "#000000", "zyx": [6, 76, 42]}