{"p": 0.02, "barbin": 1, "corr": 0.12021046131849289, "timescale": 6.822173616359755, "rgb": "#000000", "zyx": [0, 79, 69]}