{"p": 0.172, "barbin": 0, "corr": 0.016423620283603668, "timescale": 6.675263115542802, "rgb": "#000000", "zyx": [7, 34, 32]}