{"p": 0.329, "barbin": 0, "corr": 0.026211794465780258, "timescale": 5.507292804635664, "rgb": "#000000", "zyx": [21, 82, 57]}