{"p": 0.46, "barbin": 0, "corr": 0.005575811956077814, "timescale": 5.583604433823662, "rgb": "#000000", "zyx": [17, 82, 52]}