{"p": 0.0, "barbin": 2, "corr": 0.17360526323318481, "timescale": 5.453905292375497, "rgb": "#000000", "zyx": [17, 84, 64]}