{"p": 0.896, "barbin": 0, "corr": -0.07685042917728424, "timescale": 6.585992462693926, "rgb": "#000000", "zyx": [2, 71, 60]}