{"p": 0.639, "barbin": 0, "corr": -0.014767990447580814, "timescale": 4.888296302656461, "rgb": "#000000", "zyx": [7, 79, 58]}