{"p": 0.067, "barbin": 0, "corr": 0.08176451921463013, "timescale": 6.351267286089248, "rgb": "#000000", "zyx": [10, 65, 50]}