{"p": 0.004, "barbin": 2, "corr": 0.18294385075569153, "timescale": 6.986559689770055, "rgb": "#000000", "zyx": [6, 52, 75]}