{"p": 0.0, "barbin": 3, "corr": 0.22585923969745636, "timescale": 7.521940544782939, "rgb": "#000000", "zyx": [8, 35, 40]}