{"p": 0.651, "barbin": 0, "corr": -0.026529502123594284, "timescale": 5.617362048269375, "rgb": "#000000", "zyx": [11, 78, 60]}