{"p": 0.052, "barbin": 0, "corr": 0.05085691064596176, "timescale": 5.692589195274036, "rgb": "#000000", "zyx": [6, 82, 35]}