{"p": 0.577, "barbin": 0, "corr": -0.01534084603190422, "timescale": 7.448715536723181, "rgb": "#000000", "zyx": [11, 63, 34]}