{"p": 0.08, "barbin": 0, "corr": 0.08373963832855225, "timescale": 7.473772647247554, "rgb": "#000000", "zyx": [12, 53, 35]}