{"p": 0.006, "barbin": 1, "corr": 0.14785628020763397, "timescale": 7.995993952455783, "rgb": "#000000", "zyx": [7, 46, 72]}