{"p": 0.0, "barbin": 2, "corr": 0.18906599283218384, "timescale": 7.083414959164992, "rgb": "#000000", "zyx": [22, 44, 50]}