{"p": 0.486, "barbin": 0, "corr": -0.0001575103378854692, "timescale": 4.30529698600607, "rgb": "#000000", "zyx": [11, 20, 48]}