{"p": 0.001, "barbin": 2, "corr": 0.1748572587966919, "timescale": 4.442315474759093, "rgb": "#000000", "zyx": [6, 72, 26]}