{"p": 0.997, "barbin": 0, "corr": -0.16858148574829102, "timescale": 6.584486763119495, "rgb": "#000000", "zyx": [10, 62, 44]}