{"p": 0.22, "barbin": 0, "corr": 0.0013473692815750837, "timescale": 3.8324572453673333, "rgb": "#000000", "zyx": [7, 58, 22]}