{"p": 0.294, "barbin": 0, "corr": 0.029253432527184486, "timescale": 6.397364214792047, "rgb": "#000000", "zyx": [20, 66, 48]}