{"p": 0.051, "barbin": 1, "corr": 0.10248703509569168, "timescale": 4.116656949508421, "rgb": "#000000", "zyx": [14, 33, 45]}