{"p": 0.46, "barbin": 0, "corr": 0.007718859706073999, "timescale": 3.370798798571607, "rgb": "#000000", "zyx": [13, 34, 58]}