{"p": 0.143, "barbin": 0, "corr": 0.06535573303699493, "timescale": 5.58648184994337, "rgb": "#000000", "zyx": [23, 49, 45]}