{"p": 0.092, "barbin": 0, "corr": 0.07865125685930252, "timescale": 6.622719693440815, "rgb": "#000000", "zyx": [20, 26, 40]}