{"p": 0.967, "barbin": 0, "corr": -0.10488743335008621, "timescale": 8.564758410005496, "rgb": "#000000", "zyx": [6, 69, 77]}