{"p": 0.776, "barbin": 0, "corr": -0.03125821799039841, "timescale": 5.724654534339593, "rgb": "#000000", "zyx": [5, 37, 31]}