{"p": 0.204, "barbin": 0, "corr": 0.05229451134800911, "timescale": 4.539773957565215, "rgb": "#000000", "zyx": [6, 30, 47]}