{"p": 0.786, "barbin": 0, "corr": -0.04576697200536728, "timescale": 5.339996272584729, "rgb": "#000000", "zyx": [23, 31, 47]}