{"p": 0.977, "barbin": 0, "corr": -0.11252056807279587, "timescale": 7.569999998854892, "rgb": "#000000", "zyx": [24, 73, 58]}