{"p": 0.828, "barbin": 0, "corr": -0.05680355429649353, "timescale": 4.584978288329917, "rgb": "#000000", "zyx": [27, 59, 59]}