{"p": 0.0, "barbin": 4, "corr": 0.25724437832832336, "timescale": 5.951170522600384, "rgb": "#000000", "zyx": [10, 70, 71]}