{"p": 0.487, "barbin": 0, "corr": 0.0009412504732608795, "timescale": 4.097735432691237, "rgb": "#000000", "zyx": [6, 29, 51]}