{"p": 0.738, "barbin": 0, "corr": -0.038305796682834625, "timescale": 3.584962500721156, "rgb": "#000000", "zyx": [6, 66, 45]}