{"p": 0.593, "barbin": 0, "corr": -0.009656300768256187, "timescale": 4.494806184509093, "rgb": "#000000", "zyx": [12, 84, 47]}