{"p": 0.763, "barbin": 0, "corr": -0.034915462136268616, "timescale": 3.79037579500781, "rgb": "#000000", "zyx": [20, 45, 63]}