{"p": 0.079, "barbin": 0, "corr": 0.06479506194591522, "timescale": 6.7053210645035906, "rgb": "#000000", "zyx": [14, 19, 59]}