{"p": 0.74, "barbin": 0, "corr": -0.03516479581594467, "timescale": 7.486085964051914, "rgb": "#000000", "zyx": [3, 59, 28]}