{"p": 0.892, "barbin": 0, "corr": -0.07121777534484863, "timescale": 3.735671191744894, "rgb": "#000000", "zyx": [17, 49, 72]}