{"p": 0.112, "barbin": 0, "corr": 0.04552179574966431, "timescale": 7.584936356580563, "rgb": "#000000", "zyx": [5, 76, 29]}