{"p": 0.318, "barbin": 0, "corr": 0.006662669125944376, "timescale": 7.335299471000857, "rgb": "#000000", "zyx": [9, 89, 69]}