{"p": 0.009, "barbin": 1, "corr": 0.11662068963050842, "timescale": 6.708412877907796, "rgb": "#000000", "zyx": [7, 47, 32]}