{"p": 1.0, "barbin": 0, "corr": -0.2621278762817383, "timescale": 6.807736409303998, "rgb": "#000000", "zyx": [17, 42, 61]}