{"p": 0.455, "barbin": 0, "corr": 0.007939965464174747, "timescale": 7.413636626030677, "rgb": "#000000", "zyx": [17, 25, 61]}