{"p": 0.646, "barbin": 0, "corr": -0.02291972190141678, "timescale": 1.7564621892458812, "rgb": "#000000", "zyx": [13, 53, 32]}