{"p": 0.663, "barbin": 0, "corr": -0.023273808881640434, "timescale": 4.598472048509992, "rgb": "#000000", "zyx": [6, 90, 52]}