{"p": 0.805, "barbin": 0, "corr": -0.0035049563739448786, "timescale": 3.585231745228322, "rgb": "#000000", "zyx": [21, 35, 65]}