{"p": 0.577, "barbin": 0, "corr": -0.010749402455985546, "timescale": 7.096372482597651, "rgb": "#000000", "zyx": [17, 50, 26]}