{"p": 0.065, "barbin": 0, "corr": 0.08234583586454391, "timescale": 6.174137113055516, "rgb": "#000000", "zyx": [16, 84, 47]}