{"p": 0.049, "barbin": 0, "corr": 0.09971153736114502, "timescale": 6.9028000924359025, "rgb": "#000000", "zyx": [23, 45, 60]}