{"p": 0.158, "barbin": 0, "corr": 0.05313452333211899, "timescale": 6.647694342904029, "rgb": "#000000", "zyx": [22, 76, 49]}