{"p": 0.0, "barbin": 3, "corr": 0.22207875549793243, "timescale": 6.804886455470427, "rgb": "#000000", "zyx": [16, 82, 65]}