{"p": 0.126, "barbin": 0, "corr": 0.033723779022693634, "timescale": 5.200391782836419, "rgb": "#000000", "zyx": [18, 71, 52]}