{"p": 0.001, "barbin": 1, "corr": 0.13098643720149994, "timescale": 7.390899778398066, "rgb": "#000000", "zyx": [15, 27, 48]}