{"p": 0.094, "barbin": 0, "corr": 0.07993068546056747, "timescale": 6.732543562769234, "rgb": "#000000", "zyx": [10, 83, 45]}