{"p": 0.291, "barbin": 0, "corr": 0.034975018352270126, "timescale": 4.493735210078109, "rgb": "#000000", "zyx": [3, 91, 48]}