{"p": 0.989, "barbin": 0, "corr": -0.1362462043762207, "timescale": 3.5849625581281725, "rgb": "#000000", "zyx": [18, 54, 61]}