{"p": 0.726, "barbin": 0, "corr": -0.03507434204220772, "timescale": 5.582653656198782, "rgb": "#000000", "zyx": [15, 25, 45]}