{"p": 0.056, "barbin": 0, "corr": 0.05587594956159592, "timescale": 4.805820246401517, "rgb": "#000000", "zyx": [4, 85, 53]}