{"p": 0.637, "barbin": 0, "corr": -0.012385597452521324, "timescale": 4.584978497205169, "rgb": "#000000", "zyx": [11, 55, 32]}