{"p": 0.915, "barbin": 0, "corr": -0.03885499760508537, "timescale": 6.520115269809901, "rgb": "#000000", "zyx": [4, 45, 57]}