{"p": 0.107, "barbin": 0, "corr": 0.0053034014999866486, "timescale": 7.653380606318295, "rgb": "#000000", "zyx": [22, 78, 66]}