{"p": 0.057, "barbin": 0, "corr": 0.06884872913360596, "timescale": 3.999087020549932, "rgb": "#000000", "zyx": [6, 83, 48]}