{"p": 0.919, "barbin": 0, "corr": -0.08245719969272614, "timescale": 4.584962658670399, "rgb": "#000000", "zyx": [22, 75, 49]}