{"p": 0.089, "barbin": 0, "corr": 0.06751152127981186, "timescale": 5.210783546708269, "rgb": "#000000", "zyx": [14, 63, 58]}