{"p": 0.66, "barbin": 0, "corr": -0.002202324802055955, "timescale": 5.588943570098007, "rgb": "#000000", "zyx": [18, 71, 46]}