{"p": 0.0, "barbin": 3, "corr": 0.2280917465686798, "timescale": 6.742595527219629, "rgb": "#000000", "zyx": [10, 49, 27]}