{"p": 0.059, "barbin": 0, "corr": 0.0906820222735405, "timescale": 3.9868623316241, "rgb": "#000000", "zyx": [18, 29, 62]}