{"p": 0.193, "barbin": 0, "corr": 0.04321852698922157, "timescale": 6.126100185078538, "rgb": "#000000", "zyx": [4, 42, 32]}