{"p": 0.318, "barbin": 0, "corr": 0.019552310928702354, "timescale": 5.582559869620108, "rgb": "#000000", "zyx": [25, 51, 65]}