{"p": 0.222, "barbin": 0, "corr": 0.0447976253926754, "timescale": 4.750813694480325, "rgb": "#000000", "zyx": [17, 73, 55]}