{"p": 0.498, "barbin": 0, "corr": -0.0012926463969051838, "timescale": 2.5456466809808607, "rgb": "#000000", "zyx": [6, 89, 54]}