{"p": 0.874, "barbin": 0, "corr": -0.0675557404756546, "timescale": 4.326593922840185, "rgb": "#000000", "zyx": [13, 17, 59]}