{"p": 0.775, "barbin": 0, "corr": -0.04497525840997696, "timescale": 5.508863846838626, "rgb": "#000000", "zyx": [21, 45, 63]}