{"p": 0.965, "barbin": 0, "corr": -0.10516723245382309, "timescale": 6.584962500721156, "rgb": "#000000", "zyx": [18, 46, 46]}