{"p": 0.96, "barbin": 0, "corr": -0.02074693702161312, "timescale": 5.102521766569979, "rgb": "#000000", "zyx": [3, 47, 69]}