{"p": 0.003, "barbin": 2, "corr": 0.15311087667942047, "timescale": 7.2786219355329695, "rgb": "#000000", "zyx": [23, 47, 40]}