{"p": 0.277, "barbin": 0, "corr": 0.03552674502134323, "timescale": 7.567575211635358, "rgb": "#000000", "zyx": [14, 71, 72]}