{"p": 0.412, "barbin": 0, "corr": 0.0018705918919295073, "timescale": 1.5908795610580015, "rgb": "#000000", "zyx": [25, 65, 62]}