{"p": 0.0, "barbin": 4, "corr": 0.38244208693504333, "timescale": 6.6445171843497, "rgb": "#000000", "zyx": [11, 76, 61]}