{"p": 0.934, "barbin": 0, "corr": -0.0861913338303566, "timescale": 3.6166171697058282, "rgb": "#000000", "zyx": [13, 37, 76]}