{"p": 0.506, "barbin": 0, "corr": 0.006011864170432091, "timescale": 7.595149281869471, "rgb": "#000000", "zyx": [21, 61, 47]}