{"p": 0.007, "barbin": 1, "corr": 0.13213562965393066, "timescale": 4.343859466887671, "rgb": "#000000", "zyx": [5, 81, 56]}