{"p": 0.012, "barbin": 1, "corr": 0.13408759236335754, "timescale": 4.479649042624462, "rgb": "#000000", "zyx": [9, 74, 78]}