{"p": 0.2, "barbin": 0, "corr": 0.05194607004523277, "timescale": 7.584962544318021, "rgb": "#000000", "zyx": [8, 52, 79]}