{"p": 0.079, "barbin": 0, "corr": 0.06841710209846497, "timescale": 6.623727069399911, "rgb": "#000000", "zyx": [16, 66, 42]}