{"p": 0.124, "barbin": 0, "corr": 0.06799182295799255, "timescale": 4.607290341446805, "rgb": "#000000", "zyx": [17, 62, 71]}