{"p": 0.757, "barbin": 0, "corr": -0.04215889796614647, "timescale": 4.58493831057493, "rgb": "#000000", "zyx": [6, 37, 41]}