{"p": 0.0, "barbin": 3, "corr": 0.22969961166381836, "timescale": 6.235295882911832, "rgb": "#000000", "zyx": [18, 32, 51]}