{"p": 0.652, "barbin": 0, "corr": -0.025800146162509918, "timescale": 3.5941847244826173, "rgb": "#000000", "zyx": [13, 56, 24]}