{"p": 0.103, "barbin": 0, "corr": 0.06839853525161743, "timescale": 7.202500067059985, "rgb": "#000000", "zyx": [6, 31, 60]}