{"p": 0.202, "barbin": 0, "corr": 0.04944470897316933, "timescale": 6.580818536571152, "rgb": "#000000", "zyx": [13, 78, 39]}