{"p": 0.386, "barbin": 0, "corr": 0.015428402461111546, "timescale": 6.038762388632328, "rgb": "#000000", "zyx": [11, 58, 26]}