{"p": 0.977, "barbin": 0, "corr": -0.11179479211568832, "timescale": 5.584969512282826, "rgb": "#000000", "zyx": [23, 52, 70]}