{"p": 0.644, "barbin": 0, "corr": -0.022672874853014946, "timescale": 6.5341549136553985, "rgb": "#000000", "zyx": [4, 67, 65]}