{"p": 0.733, "barbin": 0, "corr": -0.032676633447408676, "timescale": 3.500917964315192, "rgb": "#000000", "zyx": [18, 40, 67]}