{"p": 0.757, "barbin": 0, "corr": -0.04414483904838562, "timescale": 4.554957487052768, "rgb": "#000000", "zyx": [9, 50, 42]}