{"p": 0.063, "barbin": 0, "corr": 0.04176759719848633, "timescale": 4.578721928349104, "rgb": "#000000", "zyx": [19, 73, 41]}