{"p": 0.921, "barbin": 0, "corr": -0.06889339536428452, "timescale": 6.370575894585948, "rgb": "#000000", "zyx": [16, 32, 73]}