{"p": 0.144, "barbin": 0, "corr": 0.06005344167351723, "timescale": 4.419008601025252, "rgb": "#000000", "zyx": [22, 64, 66]}