{"p": 0.135, "barbin": 0, "corr": 0.05823616310954094, "timescale": 6.858222502928911, "rgb": "#000000", "zyx": [15, 72, 37]}