{"p": 0.81, "barbin": 0, "corr": -0.009541350416839123, "timescale": 6.584962500721156, "rgb": "#000000", "zyx": [15, 48, 33]}