{"p": 0.49, "barbin": 0, "corr": 0.0006578043103218079, "timescale": 4.5849625018238935, "rgb": "#000000", "zyx": [22, 69, 57]}