{"p": 0.891, "barbin": 0, "corr": -0.06965398788452148, "timescale": 3.154372798808022, "rgb": "#000000", "zyx": [5, 85, 43]}