{"p": 0.217, "barbin": 0, "corr": 0.04372246563434601, "timescale": 4.943565304957091, "rgb": "#000000", "zyx": [2, 40, 67]}