{"p": 0.176, "barbin": 0, "corr": 0.03949451074004173, "timescale": 7.051173652802258, "rgb": "#000000", "zyx": [16, 31, 39]}