{"p": 0.13, "barbin": 0, "corr": 0.06618469208478928, "timescale": 7.923366790728609, "rgb": "#000000", "zyx": [16, 74, 32]}