{"p": 0.219, "barbin": 0, "corr": 0.0424448624253273, "timescale": 7.179366656795512, "rgb": "#000000", "zyx": [23, 45, 63]}