{"p": 0.939, "barbin": 0, "corr": -0.08598674088716507, "timescale": 6.631804375378273, "rgb": "#000000", "zyx": [23, 28, 56]}