{"p": 0.0, "barbin": 1, "corr": 0.14960700273513794, "timescale": 2.621212914906308, "rgb": "#000000", "zyx": [6, 80, 72]}