{"p": 0.026, "barbin": 0, "corr": 0.039247673004865646, "timescale": 4.675575417671304, "rgb": "#000000", "zyx": [3, 78, 39]}