{"p": 0.008, "barbin": 1, "corr": 0.10659125447273254, "timescale": 6.629831954600573, "rgb": "#000000", "zyx": [10, 38, 33]}