{"p": 0.627, "barbin": 0, "corr": -0.02425353415310383, "timescale": 8.203618290426036, "rgb": "#000000", "zyx": [2, 40, 42]}