{"p": 0.394, "barbin": 0, "corr": 0.0015117389848455787, "timescale": 1.6173396566875577, "rgb": "#000000", "zyx": [15, 57, 79]}