{"p": 0.0, "barbin": 4, "corr": 0.2602885961532593, "timescale": 7.427581219377517, "rgb": "#000000", "zyx": [7, 40, 73]}