{"p": 0.994, "barbin": 0, "corr": -0.15259651839733124, "timescale": 1.7038630015192884, "rgb": "#000000", "zyx": [10, 26, 55]}