{"p": 0.044, "barbin": 1, "corr": 0.10233325511217117, "timescale": 6.0314290510001225, "rgb": "#000000", "zyx": [16, 68, 53]}