{"p": 0.054, "barbin": 0, "corr": 0.0990511029958725, "timescale": 5.806097637141163, "rgb": "#000000", "zyx": [13, 82, 70]}