{"p": 0.0, "barbin": 1, "corr": 0.13273435831069946, "timescale": 4.203383831489073, "rgb": "#000000", "zyx": [6, 90, 60]}