{"p": 0.524, "barbin": 0, "corr": 0.002935499884188175, "timescale": 5.422425993635684, "rgb": "#000000", "zyx": [5, 69, 36]}