{"p": 0.121, "barbin": 0, "corr": 0.06732426583766937, "timescale": 7.569434740657159, "rgb": "#000000", "zyx": [14, 30, 35]}