{"p": 0.049, "barbin": 1, "corr": 0.10014428198337555, "timescale": 7.49717970947589, "rgb": "#000000", "zyx": [26, 69, 49]}