{"p": 0.918, "barbin": 0, "corr": -0.08072173595428467, "timescale": 5.684581464310012, "rgb": "#000000", "zyx": [8, 89, 69]}