{"p": 0.0, "barbin": 2, "corr": 0.15575966238975525, "timescale": 7.157804848808215, "rgb": "#000000", "zyx": [15, 61, 31]}