{"p": 0.701, "barbin": 0, "corr": -0.02949412539601326, "timescale": 5.747299309193105, "rgb": "#000000", "zyx": [14, 64, 77]}