{"p": 0.938, "barbin": 0, "corr": -0.09287315607070923, "timescale": 1.6309482995838023, "rgb": "#000000", "zyx": [14, 67, 38]}