{"p": 0.235, "barbin": 0, "corr": 0.03648406267166138, "timescale": 7.31980015678877, "rgb": "#000000", "zyx": [14, 78, 68]}