{"p": 0.241, "barbin": 0, "corr": 0.040125153958797455, "timescale": 2.58614834562921, "rgb": "#000000", "zyx": [20, 54, 45]}