{"p": 0.699, "barbin": 0, "corr": -0.029252037405967712, "timescale": 7.40836124909747, "rgb": "#000000", "zyx": [19, 77, 56]}