{"p": 0.014, "barbin": 1, "corr": 0.10627591609954834, "timescale": 8.43839753980572, "rgb": "#000000", "zyx": [15, 23, 46]}