{"p": 0.103, "barbin": 0, "corr": 0.0735827386379242, "timescale": 6.21688273872137, "rgb": "#000000", "zyx": [19, 37, 67]}