{"p": 0.314, "barbin": 0, "corr": 0.024475766345858574, "timescale": 5.7542606671667125, "rgb": "#000000", "zyx": [17, 70, 68]}