{"p": 0.012, "barbin": 1, "corr": 0.12888754904270172, "timescale": 6.440507361284388, "rgb": "#000000", "zyx": [20, 27, 55]}