{"p": 0.057, "barbin": 0, "corr": 0.05973082780838013, "timescale": 6.923402615793158, "rgb": "#000000", "zyx": [14, 45, 32]}