{"p": 0.0, "barbin": 3, "corr": 0.2447626143693924, "timescale": 7.25922224621051, "rgb": "#000000", "zyx": [16, 77, 57]}