{"p": 0.01, "barbin": 0, "corr": 0.0544566847383976, "timescale": 8.584302890552905, "rgb": "#000000", "zyx": [20, 43, 73]}