{"p": 0.512, "barbin": 0, "corr": -0.00017991004278883338, "timescale": 3.389316209489574, "rgb": "#000000", "zyx": [4, 46, 39]}