{"p": 0.042, "barbin": 0, "corr": 0.09992605447769165, "timescale": 6.418971148542037, "rgb": "#000000", "zyx": [10, 71, 45]}