{"p": 0.868, "barbin": 0, "corr": -0.06520360708236694, "timescale": 3.5865824138727067, "rgb": "#000000", "zyx": [21, 73, 36]}