{"p": 0.564, "barbin": 0, "corr": -0.013624726794660091, "timescale": 7.572774070469636, "rgb": "#000000", "zyx": [17, 53, 44]}