{"p": 0.563, "barbin": 0, "corr": -0.011525220237672329, "timescale": 5.290732469373266, "rgb": "#000000", "zyx": [11, 58, 71]}