{"p": 0.04, "barbin": 0, "corr": 0.09539588540792465, "timescale": 4.3825242810242555, "rgb": "#000000", "zyx": [23, 58, 55]}