{"p": 0.243, "barbin": 0, "corr": 0.028273064643144608, "timescale": 4.901113598417632, "rgb": "#000000", "zyx": [20, 26, 61]}