{"p": 0.59, "barbin": 0, "corr": -0.000924567342735827, "timescale": 4.754918183878377, "rgb": "#000000", "zyx": [2, 50, 44]}