{"p": 0.013, "barbin": 1, "corr": 0.12295597046613693, "timescale": 4.257985990591367, "rgb": "#000000", "zyx": [6, 35, 54]}