{"p": 0.956, "barbin": 0, "corr": -0.09929861128330231, "timescale": 3.713467957840986, "rgb": "#000000", "zyx": [19, 69, 58]}