{"p": 0.006, "barbin": 0, "corr": 0.04698406904935837, "timescale": 7.285531234307853, "rgb": "#000000", "zyx": [5, 58, 64]}