{"p": 0.027, "barbin": 1, "corr": 0.10776478797197342, "timescale": 6.368585295142171, "rgb": "#000000", "zyx": [27, 60, 56]}