{"p": 0.133, "barbin": 0, "corr": 0.06500939279794693, "timescale": 6.113916528838946, "rgb": "#000000", "zyx": [7, 59, 44]}