{"p": 0.393, "barbin": 0, "corr": 0.014165095053613186, "timescale": 6.780262804373727, "rgb": "#000000", "zyx": [21, 37, 63]}