{"p": 0.103, "barbin": 0, "corr": 0.07222197204828262, "timescale": 5.178034267138498, "rgb": "#000000", "zyx": [10, 43, 45]}