{"p": 0.973, "barbin": 0, "corr": -0.0837673768401146, "timescale": 6.969354808001445, "rgb": "#000000", "zyx": [7, 33, 69]}