{"p": 0.56, "barbin": 0, "corr": -0.008634837344288826, "timescale": 6.423166719347394, "rgb": "#000000", "zyx": [7, 76, 29]}