{"p": 0.277, "barbin": 0, "corr": 0.0363386794924736, "timescale": 1.5957177708230663, "rgb": "#000000", "zyx": [17, 26, 60]}