{"p": 0.007, "barbin": 1, "corr": 0.14523905515670776, "timescale": 8.04185160703769, "rgb": "#000000", "zyx": [5, 48, 68]}