{"p": 0.0, "barbin": 4, "corr": 0.25140392780303955, "timescale": 5.8297920750706895, "rgb": "#000000", "zyx": [9, 45, 29]}