{"p": 0.236, "barbin": 0, "corr": 0.02044343203306198, "timescale": 8.571069524965873, "rgb": "#000000", "zyx": [16, 38, 62]}