{"p": 0.037, "barbin": 1, "corr": 0.10732070356607437, "timescale": 4.93832599182919, "rgb": "#000000", "zyx": [14, 43, 66]}