{"p": 0.578, "barbin": 0, "corr": -0.008095216006040573, "timescale": 6.693571064666294, "rgb": "#000000", "zyx": [21, 72, 64]}