{"p": 0.268, "barbin": 0, "corr": 0.0391056090593338, "timescale": 6.957270352911843, "rgb": "#000000", "zyx": [15, 42, 29]}