{"p": 0.254, "barbin": 0, "corr": 0.0340459980070591, "timescale": 7.133201833606824, "rgb": "#000000", "zyx": [13, 67, 58]}