{"p": 0.289, "barbin": 0, "corr": 0.03366716951131821, "timescale": 3.6815414989520785, "rgb": "#000000", "zyx": [13, 50, 41]}