{"p": 0.115, "barbin": 0, "corr": 0.07035891711711884, "timescale": 6.8627866628665375, "rgb": "#000000", "zyx": [21, 53, 64]}