{"p": 0.007, "barbin": 1, "corr": 0.13048046827316284, "timescale": 2.593921446728006, "rgb": "#000000", "zyx": [11, 39, 65]}