{"p": 0.128, "barbin": 0, "corr": 0.06657378375530243, "timescale": 3.1921969447846323, "rgb": "#000000", "zyx": [27, 62, 57]}