{"p": 0.477, "barbin": 0, "corr": 0.004404727835208178, "timescale": 3.725753230807428, "rgb": "#000000", "zyx": [23, 64, 41]}