{"p": 0.072, "barbin": 0, "corr": 0.06652473658323288, "timescale": 7.81481475744595, "rgb": "#000000", "zyx": [17, 77, 58]}