{"p": 0.016, "barbin": 1, "corr": 0.12646612524986267, "timescale": 6.681828625253603, "rgb": "#000000", "zyx": [9, 42, 40]}