{"p": 0.279, "barbin": 0, "corr": 0.004858439322561026, "timescale": 1.6475831946996993, "rgb": "#000000", "zyx": [13, 68, 38]}