{"p": 0.0, "barbin": 4, "corr": 0.39615172147750854, "timescale": 5.919467542325808, "rgb": "#000000", "zyx": [6, 71, 78]}