{"p": 0.409, "barbin": 0, "corr": 0.001023061340674758, "timescale": 1.6682908091528037, "rgb": "#000000", "zyx": [8, 89, 66]}