{"p": 0.0, "barbin": 2, "corr": 0.17141053080558777, "timescale": 7.235327451452014, "rgb": "#000000", "zyx": [17, 81, 40]}