{"p": 0.139, "barbin": 0, "corr": 0.06347070634365082, "timescale": 6.947101806978487, "rgb": "#000000", "zyx": [7, 63, 57]}