{"p": 0.248, "barbin": 0, "corr": 0.042550090700387955, "timescale": 5.478963913437543, "rgb": "#000000", "zyx": [12, 56, 52]}