{"p": 0.346, "barbin": 0, "corr": 0.023698020726442337, "timescale": 6.370215013599637, "rgb": "#000000", "zyx": [24, 62, 62]}