{"p": 0.073, "barbin": 0, "corr": 0.07415781915187836, "timescale": 6.820825622355443, "rgb": "#000000", "zyx": [10, 53, 78]}