{"p": 0.217, "barbin": 0, "corr": 0.03378695249557495, "timescale": 5.083564248484357, "rgb": "#000000", "zyx": [1, 90, 59]}