{"p": 0.784, "barbin": 0, "corr": -0.043293822556734085, "timescale": 6.667631292576303, "rgb": "#000000", "zyx": [5, 78, 26]}