{"p": 0.028, "barbin": 0, "corr": 0.016535788774490356, "timescale": 5.127929060337787, "rgb": "#000000", "zyx": [2, 83, 48]}