{"p": 0.443, "barbin": 0, "corr": 0.006706099957227707, "timescale": 3.547990284725405, "rgb": "#000000", "zyx": [8, 27, 56]}