{"p": 0.541, "barbin": 0, "corr": -0.005813807249069214, "timescale": 3.561635249930907, "rgb": "#000000", "zyx": [7, 56, 33]}