{"p": 0.531, "barbin": 0, "corr": -5.8466026530368254e-05, "timescale": 4.599204300407017, "rgb": "#000000", "zyx": [3, 67, 38]}