{"p": 0.001, "barbin": 2, "corr": 0.17429620027542114, "timescale": 7.464952851037556, "rgb": "#000000", "zyx": [20, 24, 52]}