{"p": 0.383, "barbin": 0, "corr": 0.012997986748814583, "timescale": 7.500331252730426, "rgb": "#000000", "zyx": [24, 46, 55]}