{"p": 0.33, "barbin": 0, "corr": 0.022680483758449554, "timescale": 4.859935454300692, "rgb": "#000000", "zyx": [14, 86, 37]}