{"p": 0.243, "barbin": 0, "corr": 1.63479689945234e-05, "timescale": 5.5701781778986765, "rgb": "#000000", "zyx": [4, 65, 80]}