{"p": 0.387, "barbin": 0, "corr": 0.002541221445426345, "timescale": 8.562953657512262, "rgb": "#000000", "zyx": [6, 38, 61]}