{"p": 0.202, "barbin": 0, "corr": 0.0037525177467614412, "timescale": 3.043475989467976, "rgb": "#000000", "zyx": [12, 30, 67]}