{"p": 0.204, "barbin": 0, "corr": 0.036849942058324814, "timescale": 7.037552920490012, "rgb": "#000000", "zyx": [6, 79, 53]}