{"p": 0.197, "barbin": 0, "corr": 0.04921358823776245, "timescale": 6.585085026447627, "rgb": "#000000", "zyx": [13, 74, 73]}