{"p": 0.99, "barbin": 0, "corr": -0.11175089329481125, "timescale": 7.908243837285873, "rgb": "#000000", "zyx": [7, 51, 71]}