{"p": 0.0, "barbin": 0, "corr": 0.08000498265028, "timescale": 6.07651598392504, "rgb": "#000000", "zyx": [8, 87, 43]}