{"p": 0.728, "barbin": 0, "corr": -0.017731113359332085, "timescale": 1.5856648563563889, "rgb": "#000000", "zyx": [18, 61, 71]}