{"p": 0.332, "barbin": 0, "corr": 0.02615542896091938, "timescale": 8.010871515526926, "rgb": "#000000", "zyx": [0, 83, 54]}