{"p": 0.025, "barbin": 1, "corr": 0.11880847811698914, "timescale": 7.667946184473881, "rgb": "#000000", "zyx": [11, 66, 71]}