{"p": 0.083, "barbin": 0, "corr": 0.08132243901491165, "timescale": 2.6036267317311514, "rgb": "#000000", "zyx": [1, 88, 51]}