{"p": 0.001, "barbin": 3, "corr": 0.20357897877693176, "timescale": 6.8984549449039605, "rgb": "#000000", "zyx": [18, 70, 53]}