{"p": 0.685, "barbin": 0, "corr": -0.024747708812355995, "timescale": 6.584962500721156, "rgb": "#000000", "zyx": [10, 43, 51]}