{"p": 0.25, "barbin": 0, "corr": 0.03656966984272003, "timescale": 6.342537523779884, "rgb": "#000000", "zyx": [14, 55, 54]}