{"p": 0.828, "barbin": 0, "corr": -0.057554375380277634, "timescale": 3.584962500721156, "rgb": "#000000", "zyx": [12, 73, 65]}