{"p": 0.021, "barbin": 1, "corr": 0.11490938067436218, "timescale": 7.901205203114742, "rgb": "#000000", "zyx": [6, 40, 68]}