{"p": 0.789, "barbin": 0, "corr": -0.05120473355054855, "timescale": 4.585003434643183, "rgb": "#000000", "zyx": [17, 67, 34]}