{"p": 0.157, "barbin": 0, "corr": 0.024275900796055794, "timescale": 5.686035256992622, "rgb": "#000000", "zyx": [4, 76, 71]}