{"p": 0.017, "barbin": 1, "corr": 0.11232210695743561, "timescale": 5.859581704311409, "rgb": "#000000", "zyx": [11, 75, 50]}