{"p": 0.156, "barbin": 0, "corr": 0.06283967941999435, "timescale": 1.7879557722072092, "rgb": "#000000", "zyx": [6, 64, 48]}