{"p": 0.114, "barbin": 0, "corr": 0.06905686110258102, "timescale": 5.254273730493742, "rgb": "#000000", "zyx": [10, 52, 77]}