{"p": 0.345, "barbin": 0, "corr": 0.027123376727104187, "timescale": 7.423255242912933, "rgb": "#000000", "zyx": [6, 51, 74]}