{"p": 0.036, "barbin": 1, "corr": 0.10624832659959793, "timescale": 6.378027098556017, "rgb": "#000000", "zyx": [7, 45, 74]}