{"p": 0.003, "barbin": 2, "corr": 0.192514106631279, "timescale": 8.107475746397453, "rgb": "#000000", "zyx": [14, 73, 33]}