{"p": 0.001, "barbin": 1, "corr": 0.12971244752407074, "timescale": 5.4910315456340895, "rgb": "#000000", "zyx": [12, 41, 28]}