{"p": 0.993, "barbin": 0, "corr": -0.1280614286661148, "timescale": 2.584690168213793, "rgb": "#000000", "zyx": [16, 40, 26]}