{"p": 0.156, "barbin": 0, "corr": 0.05666991323232651, "timescale": 7.220416610403368, "rgb": "#000000", "zyx": [24, 43, 62]}