{"p": 0.113, "barbin": 0, "corr": 0.06861691921949387, "timescale": 4.970170553002125, "rgb": "#000000", "zyx": [9, 84, 73]}