{"p": 0.742, "barbin": 0, "corr": -0.0066748415119946, "timescale": 3.675685160107448, "rgb": "#000000", "zyx": [4, 38, 31]}