{"p": 0.542, "barbin": 0, "corr": -0.000743639306165278, "timescale": 6.566635194312339, "rgb": "#000000", "zyx": [20, 37, 48]}