{"p": 0.051, "barbin": 0, "corr": 0.059859491884708405, "timescale": 6.921366668927817, "rgb": "#000000", "zyx": [18, 88, 53]}