{"p": 0.005, "barbin": 2, "corr": 0.15844900906085968, "timescale": 7.935752513629091, "rgb": "#000000", "zyx": [20, 44, 64]}