{"p": 0.018, "barbin": 1, "corr": 0.11917465180158615, "timescale": 6.694195032915901, "rgb": "#000000", "zyx": [8, 70, 48]}