{"p": 0.013, "barbin": 1, "corr": 0.13283111155033112, "timescale": 6.18367852262873, "rgb": "#000000", "zyx": [15, 42, 31]}