{"p": 0.015, "barbin": 0, "corr": 0.09979204088449478, "timescale": 7.775851719015294, "rgb": "#000000", "zyx": [6, 58, 24]}