{"p": 0.001, "barbin": 2, "corr": 0.17829303443431854, "timescale": 5.70431722131965, "rgb": "#000000", "zyx": [10, 66, 70]}