{"p": 0.228, "barbin": 0, "corr": 0.04726025462150574, "timescale": 6.934153138365565, "rgb": "#000000", "zyx": [4, 49, 35]}