{"p": 0.0, "barbin": 4, "corr": 0.260642945766449, "timescale": 6.5881701742143735, "rgb": "#000000", "zyx": [14, 34, 30]}