{"p": 0.109, "barbin": 0, "corr": 0.057969093322753906, "timescale": 5.7249647870092915, "rgb": "#000000", "zyx": [7, 49, 44]}