{"p": 0.273, "barbin": 0, "corr": 0.037328366190195084, "timescale": 6.461990646107353, "rgb": "#000000", "zyx": [7, 33, 46]}