{"p": 0.0, "barbin": 2, "corr": 0.17418253421783447, "timescale": 6.929735984262672, "rgb": "#000000", "zyx": [16, 47, 71]}