{"p": 0.2, "barbin": 0, "corr": 0.04246801882982254, "timescale": 3.869798887000714, "rgb": "#000000", "zyx": [6, 56, 39]}