{"p": 0.216, "barbin": 0, "corr": 0.038993239402770996, "timescale": 5.013109010359843, "rgb": "#000000", "zyx": [18, 76, 43]}