{"p": 0.434, "barbin": 0, "corr": 0.0011512854835018516, "timescale": 3.24908902605107, "rgb": "#000000", "zyx": [20, 63, 48]}