{"p": 0.148, "barbin": 0, "corr": 0.05974488705396652, "timescale": 3.829066713392847, "rgb": "#000000", "zyx": [16, 66, 30]}