{"p": 0.921, "barbin": 0, "corr": -0.0860164612531662, "timescale": 5.578254076312879, "rgb": "#000000", "zyx": [9, 27, 49]}