{"p": 0.086, "barbin": 0, "corr": 0.08164438605308533, "timescale": 5.479621518663993, "rgb": "#000000", "zyx": [0, 82, 68]}