{"p": 0.459, "barbin": 0, "corr": 0.0035304317716509104, "timescale": 5.017431662506006, "rgb": "#000000", "zyx": [1, 77, 74]}