{"p": 0.557, "barbin": 0, "corr": -0.002051183022558689, "timescale": 5.584960044742812, "rgb": "#000000", "zyx": [16, 61, 29]}