{"p": 0.939, "barbin": 0, "corr": -0.09003657102584839, "timescale": 8.284758622921665, "rgb": "#000000", "zyx": [11, 47, 25]}