{"p": 0.307, "barbin": 0, "corr": 0.02994014322757721, "timescale": 7.584661120675422, "rgb": "#000000", "zyx": [10, 19, 47]}