{"p": 0.36, "barbin": 0, "corr": 0.0027412862982600927, "timescale": 3.0637696500615967, "rgb": "#000000", "zyx": [15, 23, 55]}