{"p": 0.0, "barbin": 2, "corr": 0.15279774367809296, "timescale": 4.187861685447428, "rgb": "#000000", "zyx": [6, 76, 38]}