{"p": 0.377, "barbin": 0, "corr": 0.02130856364965439, "timescale": 6.342727182661319, "rgb": "#000000", "zyx": [5, 67, 71]}