{"p": 0.261, "barbin": 0, "corr": 0.02949078194797039, "timescale": 7.322165953402151, "rgb": "#000000", "zyx": [8, 38, 60]}