{"p": 0.995, "barbin": 0, "corr": -0.11792347580194473, "timescale": 4.435743171294931, "rgb": "#000000", "zyx": [7, 83, 50]}