{"p": 0.427, "barbin": 0, "corr": 0.013315723277628422, "timescale": 3.594378133122669, "rgb": "#000000", "zyx": [23, 28, 45]}