{"p": 0.464, "barbin": 0, "corr": 0.00029270953382365406, "timescale": 3.845852860142012, "rgb": "#000000", "zyx": [6, 54, 58]}