{"p": 0.486, "barbin": 0, "corr": 0.001906355726532638, "timescale": 5.562458126707418, "rgb": "#000000", "zyx": [3, 50, 47]}