{"p": 0.009, "barbin": 0, "corr": 2.92809127131477e-05, "timescale": 5.018278847249371, "rgb": "#000000", "zyx": [9, 84, 63]}