{"p": 0.863, "barbin": 0, "corr": -0.06468485295772552, "timescale": 5.510868416022918, "rgb": "#000000", "zyx": [11, 87, 59]}