{"p": 0.004, "barbin": 0, "corr": 0.09512397646903992, "timescale": 3.623213885344378, "rgb": "#000000", "zyx": [7, 80, 75]}