{"p": 0.023, "barbin": 1, "corr": 0.11424076557159424, "timescale": 7.179893084816923, "rgb": "#000000", "zyx": [26, 44, 57]}