{"p": 0.017, "barbin": 1, "corr": 0.10952948033809662, "timescale": 5.78931787217745, "rgb": "#000000", "zyx": [21, 74, 51]}