{"p": 0.0, "barbin": 2, "corr": 0.1827673614025116, "timescale": 7.036744844782179, "rgb": "#000000", "zyx": [5, 70, 79]}