{"p": 0.003, "barbin": 1, "corr": 0.13358014822006226, "timescale": 6.319301184339521, "rgb": "#000000", "zyx": [16, 45, 53]}