{"p": 0.434, "barbin": 0, "corr": 0.008229702711105347, "timescale": 6.609213088438673, "rgb": "#000000", "zyx": [4, 67, 61]}