{"p": 0.754, "barbin": 0, "corr": -0.03253817930817604, "timescale": 3.5081480170295003, "rgb": "#000000", "zyx": [16, 37, 27]}