{"p": 0.353, "barbin": 0, "corr": 0.014625892043113708, "timescale": 2.495082013607026, "rgb": "#000000", "zyx": [8, 86, 69]}