{"p": 0.665, "barbin": 0, "corr": -0.028548115864396095, "timescale": 4.677797181018369, "rgb": "#000000", "zyx": [7, 64, 37]}