{"p": 0.01, "barbin": 1, "corr": 0.11731815338134766, "timescale": 4.845423339778294, "rgb": "#000000", "zyx": [19, 61, 72]}