{"p": 0.099, "barbin": 0, "corr": 0.0731748566031456, "timescale": 5.666666558842569, "rgb": "#000000", "zyx": [8, 64, 50]}