{"p": 0.406, "barbin": 0, "corr": 0.007587884087115526, "timescale": 4.639747956225258, "rgb": "#000000", "zyx": [3, 35, 44]}