{"p": 0.071, "barbin": 0, "corr": 0.0901336744427681, "timescale": 8.568660563419916, "rgb": "#000000", "zyx": [9, 48, 42]}