{"p": 0.989, "barbin": 0, "corr": -0.11940928548574448, "timescale": 3.2366506507967463, "rgb": "#000000", "zyx": [16, 34, 44]}