{"p": 0.915, "barbin": 0, "corr": -0.06978951394557953, "timescale": 8.584962501382345, "rgb": "#000000", "zyx": [14, 74, 45]}