{"p": 0.291, "barbin": 0, "corr": 0.02382364124059677, "timescale": 8.584018644963674, "rgb": "#000000", "zyx": [14, 47, 32]}