{"p": 0.084, "barbin": 0, "corr": 0.03683117404580116, "timescale": 3.303146920329076, "rgb": "#000000", "zyx": [17, 82, 45]}