{"p": 0.728, "barbin": 0, "corr": -0.03553997352719307, "timescale": 2.605078587866336, "rgb": "#000000", "zyx": [21, 81, 68]}