{"p": 0.025, "barbin": 0, "corr": 0.0723094493150711, "timescale": 4.335425310779907, "rgb": "#000000", "zyx": [22, 78, 39]}