{"p": 0.045, "barbin": 0, "corr": 0.09932529926300049, "timescale": 6.092770197301539, "rgb": "#000000", "zyx": [24, 57, 36]}