{"p": 0.0, "barbin": 2, "corr": 0.1766889989376068, "timescale": 7.194560254118593, "rgb": "#000000", "zyx": [2, 67, 73]}