{"p": 0.005, "barbin": 1, "corr": 0.11194100230932236, "timescale": 6.853578022732094, "rgb": "#000000", "zyx": [16, 48, 30]}