{"p": 0.0, "barbin": 1, "corr": 0.1299741119146347, "timescale": 4.236978889078524, "rgb": "#000000", "zyx": [6, 79, 42]}