{"p": 0.956, "barbin": 0, "corr": -0.09740468859672546, "timescale": 5.3219653824897515, "rgb": "#000000", "zyx": [21, 49, 44]}