{"p": 0.219, "barbin": 0, "corr": 0.046967774629592896, "timescale": 6.423203184111893, "rgb": "#000000", "zyx": [9, 73, 31]}