{"p": 0.44, "barbin": 0, "corr": 0.009700695984065533, "timescale": 7.476285593081355, "rgb": "#000000", "zyx": [2, 70, 28]}