{"p": 0.175, "barbin": 0, "corr": 0.05906825512647629, "timescale": 7.670342612578484, "rgb": "#000000", "zyx": [7, 72, 59]}