{"p": 0.556, "barbin": 0, "corr": -0.012147857807576656, "timescale": 3.635573677293743, "rgb": "#000000", "zyx": [23, 37, 61]}