{"p": 0.167, "barbin": 0, "corr": 0.049317751079797745, "timescale": 6.976162971606473, "rgb": "#000000", "zyx": [21, 46, 50]}