{"p": 1.0, "barbin": 0, "corr": -0.2810138761997223, "timescale": 2.583003760515474, "rgb": "#000000", "zyx": [19, 69, 32]}