{"p": 0.148, "barbin": 0, "corr": 0.027472348883748055, "timescale": 6.579614723651366, "rgb": "#000000", "zyx": [10, 77, 76]}