{"p": 0.101, "barbin": 0, "corr": 0.05594528838992119, "timescale": 4.74329036228689, "rgb": "#000000", "zyx": [4, 80, 56]}