{"p": 0.299, "barbin": 0, "corr": 0.028604216873645782, "timescale": 6.29478881398064, "rgb": "#000000", "zyx": [10, 68, 74]}