{"p": 0.454, "barbin": 0, "corr": 0.0032951505854725838, "timescale": 8.580221246427106, "rgb": "#000000", "zyx": [6, 49, 38]}