{"p": 0.662, "barbin": 0, "corr": -1.1790983990067616e-05, "timescale": 6.584962500721156, "rgb": "#000000", "zyx": [0, 89, 42]}