{"p": 0.125, "barbin": 0, "corr": 0.07118351012468338, "timescale": 4.886347194168443, "rgb": "#000000", "zyx": [14, 37, 61]}