{"p": 0.183, "barbin": 0, "corr": 0.053857505321502686, "timescale": 3.584979163221953, "rgb": "#000000", "zyx": [17, 39, 60]}