{"p": 0.081, "barbin": 0, "corr": 0.08583690226078033, "timescale": 5.968659480337565, "rgb": "#000000", "zyx": [9, 48, 78]}