{"p": 0.92, "barbin": 0, "corr": -0.07124361395835876, "timescale": 7.486193576150232, "rgb": "#000000", "zyx": [19, 71, 34]}