{"p": 0.459, "barbin": 0, "corr": 0.002827296033501625, "timescale": 7.3993077350844185, "rgb": "#000000", "zyx": [26, 67, 56]}