{"p": 0.011, "barbin": 1, "corr": 0.13762004673480988, "timescale": 6.090609164670166, "rgb": "#000000", "zyx": [16, 80, 42]}