{"p": 0.127, "barbin": 0, "corr": 0.05561300739645958, "timescale": 5.907967333908813, "rgb": "#000000", "zyx": [18, 64, 45]}