{"p": 0.538, "barbin": 0, "corr": -0.003503652988001704, "timescale": 6.693973581190115, "rgb": "#000000", "zyx": [8, 43, 58]}