{"p": 0.206, "barbin": 0, "corr": 0.03446317836642265, "timescale": 2.7074308235814093, "rgb": "#000000", "zyx": [11, 56, 22]}