{"p": 0.022, "barbin": 1, "corr": 0.11503639817237854, "timescale": 6.620744815144486, "rgb": "#000000", "zyx": [20, 48, 36]}