{"p": 0.991, "barbin": 0, "corr": -0.1268475204706192, "timescale": 4.584962500721156, "rgb": "#000000", "zyx": [16, 76, 65]}