{"p": 0.078, "barbin": 0, "corr": 0.059114355593919754, "timescale": 4.584962307832479, "rgb": "#000000", "zyx": [11, 93, 61]}