{"p": 0.464, "barbin": 0, "corr": 0.011128062382340431, "timescale": 2.5850958557237234, "rgb": "#000000", "zyx": [21, 71, 63]}