{"p": 0.0, "barbin": 2, "corr": 0.16339276731014252, "timescale": 5.582092715839092, "rgb": "#000000", "zyx": [10, 50, 26]}