{"p": 0.069, "barbin": 0, "corr": 0.08368812501430511, "timescale": 6.797631889036688, "rgb": "#000000", "zyx": [10, 62, 61]}