{"p": 0.534, "barbin": 0, "corr": -0.009763317182660103, "timescale": 4.952167455112345, "rgb": "#000000", "zyx": [2, 74, 64]}