{"p": 0.002, "barbin": 1, "corr": 0.14504702389240265, "timescale": 8.577107354655709, "rgb": "#000000", "zyx": [22, 63, 54]}