{"p": 0.835, "barbin": 0, "corr": -0.054566796869039536, "timescale": 7.584954295403781, "rgb": "#000000", "zyx": [7, 67, 74]}