{"p": 0.328, "barbin": 0, "corr": 0.030726734548807144, "timescale": 7.738328905048328, "rgb": "#000000", "zyx": [11, 36, 73]}