{"p": 0.631, "barbin": 0, "corr": -0.008101454935967922, "timescale": 5.587318208302199, "rgb": "#000000", "zyx": [18, 90, 53]}