{"p": 0.923, "barbin": 0, "corr": -0.08481147885322571, "timescale": 4.869461434166018, "rgb": "#000000", "zyx": [14, 73, 73]}