{"p": 0.0, "barbin": 1, "corr": 0.12157540023326874, "timescale": 6.905700156105933, "rgb": "#000000", "zyx": [9, 72, 68]}