{"p": 0.882, "barbin": 0, "corr": -0.05993159860372543, "timescale": 4.58570222610779, "rgb": "#000000", "zyx": [10, 40, 60]}