{"p": 0.662, "barbin": 0, "corr": -0.025199763476848602, "timescale": 4.585308396068325, "rgb": "#000000", "zyx": [4, 55, 31]}