{"p": 0.076, "barbin": 0, "corr": 0.0654449313879013, "timescale": 6.789779547036469, "rgb": "#000000", "zyx": [9, 54, 48]}