{"p": 0.091, "barbin": 0, "corr": 0.06007037311792374, "timescale": 6.685255925163463, "rgb": "#000000", "zyx": [22, 47, 71]}