{"p": 0.015, "barbin": 0, "corr": 0.047961149364709854, "timescale": 5.379702772526672, "rgb": "#000000", "zyx": [25, 71, 49]}