{"p": 0.244, "barbin": 0, "corr": 0.04338841512799263, "timescale": 4.612859621098238, "rgb": "#000000", "zyx": [6, 31, 57]}