{"p": 0.192, "barbin": 0, "corr": 0.050249550491571426, "timescale": 5.915752762020808, "rgb": "#000000", "zyx": [19, 46, 61]}