{"p": 0.0, "barbin": 4, "corr": 0.29412055015563965, "timescale": 7.10783071021215, "rgb": "#000000", "zyx": [16, 51, 66]}