{"p": 0.765, "barbin": 0, "corr": -0.04172303155064583, "timescale": 4.749558728556229, "rgb": "#000000", "zyx": [2, 48, 63]}