{"p": 0.0, "barbin": 2, "corr": 0.1865999549627304, "timescale": 6.863422921525119, "rgb": "#000000", "zyx": [18, 70, 56]}