{"p": 0.035, "barbin": 1, "corr": 0.10756142437458038, "timescale": 6.328637847708351, "rgb": "#000000", "zyx": [9, 82, 35]}