{"p": 0.0, "barbin": 2, "corr": 0.18004941940307617, "timescale": 6.710505746906913, "rgb": "#000000", "zyx": [6, 66, 79]}