{"p": 0.119, "barbin": 0, "corr": 0.056871697306632996, "timescale": 6.613561827834666, "rgb": "#000000", "zyx": [10, 74, 46]}