{"p": 0.0, "barbin": 4, "corr": 0.41303497552871704, "timescale": 6.728439562779096, "rgb": "#000000", "zyx": [23, 42, 40]}