{"p": 0.0, "barbin": 3, "corr": 0.23360157012939453, "timescale": 6.357595168479565, "rgb": "#000000", "zyx": [1, 76, 45]}