{"p": 0.007, "barbin": 1, "corr": 0.14387619495391846, "timescale": 7.56615522855427, "rgb": "#000000", "zyx": [20, 30, 39]}