{"p": 0.001, "barbin": 2, "corr": 0.17821529507637024, "timescale": 7.247403497891426, "rgb": "#000000", "zyx": [19, 75, 70]}