{"p": 0.071, "barbin": 0, "corr": 0.09277774393558502, "timescale": 4.002330884057031, "rgb": "#000000", "zyx": [8, 70, 26]}