{"p": 0.002, "barbin": 2, "corr": 0.18293258547782898, "timescale": 5.263504452072295, "rgb": "#000000", "zyx": [15, 34, 54]}