{"p": 0.008, "barbin": 1, "corr": 0.12311136722564697, "timescale": 4.984777913862095, "rgb": "#000000", "zyx": [4, 76, 74]}