{"p": 0.212, "barbin": 0, "corr": 0.0401604026556015, "timescale": 6.684155159357374, "rgb": "#000000", "zyx": [4, 75, 59]}