{"p": 0.556, "barbin": 0, "corr": -0.007748789619654417, "timescale": 3.584960926325224, "rgb": "#000000", "zyx": [9, 75, 42]}