{"p": 0.45, "barbin": 0, "corr": 0.008231702260673046, "timescale": 6.586698927324077, "rgb": "#000000", "zyx": [23, 70, 45]}