{"p": 0.251, "barbin": 0, "corr": 0.0334724485874176, "timescale": 8.583771240452185, "rgb": "#000000", "zyx": [13, 57, 40]}