{"p": 0.204, "barbin": 0, "corr": 0.0393855944275856, "timescale": 5.4215757733830845, "rgb": "#000000", "zyx": [12, 52, 36]}