{"p": 0.119, "barbin": 0, "corr": 0.01387367770075798, "timescale": 5.4365315175886115, "rgb": "#000000", "zyx": [6, 43, 76]}