{"p": 0.038, "barbin": 0, "corr": 0.09972235560417175, "timescale": 3.5209875294987567, "rgb": "#000000", "zyx": [6, 64, 54]}