{"p": 0.195, "barbin": 0, "corr": 0.01696835458278656, "timescale": 5.4513927036673735, "rgb": "#000000", "zyx": [15, 53, 39]}