{"p": 0.433, "barbin": 0, "corr": 0.00712831923738122, "timescale": 6.380174508676548, "rgb": "#000000", "zyx": [18, 46, 71]}