{"p": 0.428, "barbin": 0, "corr": 0.000828016665764153, "timescale": 4.637313132382002, "rgb": "#000000", "zyx": [20, 87, 43]}