{"p": 0.423, "barbin": 0, "corr": 0.015060349367558956, "timescale": 5.584869535980515, "rgb": "#000000", "zyx": [21, 40, 69]}