{"p": 0.193, "barbin": 0, "corr": 0.010511069558560848, "timescale": 2.1294026400704853, "rgb": "#000000", "zyx": [10, 43, 61]}