{"p": 0.816, "barbin": 0, "corr": -0.025054294615983963, "timescale": 4.123263863915348, "rgb": "#000000", "zyx": [22, 53, 65]}