{"p": 0.001, "barbin": 2, "corr": 0.16617420315742493, "timescale": 8.455653537527732, "rgb": "#000000", "zyx": [14, 52, 24]}