{"p": 0.002, "barbin": 2, "corr": 0.1997029036283493, "timescale": 6.975334587160341, "rgb": "#000000", "zyx": [15, 34, 63]}