{"p": 0.051, "barbin": 0, "corr": 0.09251321852207184, "timescale": 5.305332671774665, "rgb": "#000000", "zyx": [7, 79, 68]}