{"p": 0.385, "barbin": 0, "corr": 0.00759069062769413, "timescale": 6.584651171423119, "rgb": "#000000", "zyx": [10, 61, 53]}