{"p": 0.161, "barbin": 0, "corr": 0.038384970277547836, "timescale": 6.405780981211729, "rgb": "#000000", "zyx": [11, 63, 40]}