{"p": 0.001, "barbin": 2, "corr": 0.16736823320388794, "timescale": 4.084981602913257, "rgb": "#000000", "zyx": [5, 83, 50]}