{"p": 0.498, "barbin": 0, "corr": -0.0009510163217782974, "timescale": 6.833570112280192, "rgb": "#000000", "zyx": [24, 39, 59]}