{"p": 0.013, "barbin": 1, "corr": 0.11324141174554825, "timescale": 6.809507140319833, "rgb": "#000000", "zyx": [3, 78, 40]}