{"p": 0.721, "barbin": 0, "corr": -0.03492074832320213, "timescale": 3.865223419728031, "rgb": "#000000", "zyx": [13, 19, 44]}