{"p": 0.0, "barbin": 1, "corr": 0.10451168566942215, "timescale": 4.233899352767049, "rgb": "#000000", "zyx": [8, 91, 60]}