{"p": 0.479, "barbin": 0, "corr": 0.0030485941097140312, "timescale": 5.017795421114915, "rgb": "#000000", "zyx": [19, 64, 34]}