{"p": 0.39, "barbin": 0, "corr": 0.014537285082042217, "timescale": 2.584962500721156, "rgb": "#000000", "zyx": [21, 51, 38]}