{"p": 0.163, "barbin": 0, "corr": 0.033057935535907745, "timescale": 5.450583972315158, "rgb": "#000000", "zyx": [25, 68, 48]}