{"p": 0.392, "barbin": 0, "corr": 0.013147956691682339, "timescale": 4.305567269449564, "rgb": "#000000", "zyx": [15, 55, 38]}