{"p": 0.56, "barbin": 0, "corr": -0.003815751988440752, "timescale": 3.5849625008543304, "rgb": "#000000", "zyx": [15, 68, 45]}