{"p": 0.682, "barbin": 0, "corr": -0.0237745214253664, "timescale": 3.735061906971267, "rgb": "#000000", "zyx": [11, 85, 58]}