{"p": 0.729, "barbin": 0, "corr": -0.00410695793107152, "timescale": 1.6111125658855143, "rgb": "#000000", "zyx": [13, 38, 27]}