{"p": 0.272, "barbin": 0, "corr": 0.0376797616481781, "timescale": 5.762643231113601, "rgb": "#000000", "zyx": [3, 68, 30]}