{"p": 0.09, "barbin": 0, "corr": 0.04733318090438843, "timescale": 6.023627785078658, "rgb": "#000000", "zyx": [6, 83, 34]}