{"p": 0.121, "barbin": 0, "corr": 0.05674769729375839, "timescale": 7.304199825293502, "rgb": "#000000", "zyx": [10, 79, 73]}