{"p": 0.095, "barbin": 0, "corr": 0.04539630562067032, "timescale": 2.5241518481407947, "rgb": "#000000", "zyx": [4, 89, 39]}