{"p": 0.0, "barbin": 4, "corr": 0.30346596240997314, "timescale": 7.457032139515075, "rgb": "#000000", "zyx": [25, 61, 40]}