{"p": 0.299, "barbin": 0, "corr": 0.028730178251862526, "timescale": 6.584962461143186, "rgb": "#000000", "zyx": [21, 35, 42]}