{"p": 0.39, "barbin": 0, "corr": 0.013810309581458569, "timescale": 7.388072446414116, "rgb": "#000000", "zyx": [7, 24, 49]}