{"p": 0.596, "barbin": 0, "corr": -0.016712013632059097, "timescale": 4.678863670958204, "rgb": "#000000", "zyx": [3, 46, 70]}