{"p": 0.672, "barbin": 0, "corr": -0.021312985569238663, "timescale": 6.068725754073855, "rgb": "#000000", "zyx": [4, 62, 24]}