{"p": 0.576, "barbin": 0, "corr": -0.01714649796485901, "timescale": 5.584962500721222, "rgb": "#000000", "zyx": [7, 51, 59]}