{"p": 0.427, "barbin": 0, "corr": 0.010085174813866615, "timescale": 8.584263633686277, "rgb": "#000000", "zyx": [18, 67, 35]}