{"p": 0.002, "barbin": 0, "corr": 0.058409642428159714, "timescale": 5.499840948256007, "rgb": "#000000", "zyx": [23, 51, 59]}