{"p": 0.779, "barbin": 0, "corr": -0.03737229108810425, "timescale": 3.659417592576997, "rgb": "#000000", "zyx": [16, 60, 59]}