{"p": 0.368, "barbin": 0, "corr": 0.01815270073711872, "timescale": 3.4969562458371124, "rgb": "#000000", "zyx": [8, 67, 33]}