{"p": 0.025, "barbin": 1, "corr": 0.11219874024391174, "timescale": 7.225767797793152, "rgb": "#000000", "zyx": [19, 69, 74]}