{"p": 0.99, "barbin": 0, "corr": -0.10386569052934647, "timescale": 4.383436137535572, "rgb": "#000000", "zyx": [1, 47, 34]}