{"p": 0.06, "barbin": 0, "corr": 0.0193449966609478, "timescale": 1.9767994472889363, "rgb": "#000000", "zyx": [6, 80, 62]}