{"p": 1.0, "barbin": 0, "corr": -0.2478780448436737, "timescale": 1.584962500721156, "rgb": "#000000", "zyx": [13, 83, 56]}