{"p": 0.664, "barbin": 0, "corr": -0.016008811071515083, "timescale": 2.337209991862654, "rgb": "#000000", "zyx": [5, 37, 64]}