{"p": 0.415, "barbin": 0, "corr": 0.011074548587203026, "timescale": 7.162656809904847, "rgb": "#000000", "zyx": [19, 52, 47]}