{"p": 0.032, "barbin": 1, "corr": 0.11244846135377884, "timescale": 7.793588994260216, "rgb": "#000000", "zyx": [8, 81, 37]}