{"p": 0.0, "barbin": 3, "corr": 0.2120734304189682, "timescale": 6.457598974548673, "rgb": "#000000", "zyx": [13, 30, 51]}