{"p": 0.987, "barbin": 0, "corr": -0.12582990527153015, "timescale": 3.66585241760897, "rgb": "#000000", "zyx": [24, 47, 49]}