{"p": 0.276, "barbin": 0, "corr": 0.013033616356551647, "timescale": 7.410418536882961, "rgb": "#000000", "zyx": [15, 59, 30]}