{"p": 0.344, "barbin": 0, "corr": 0.001997808227315545, "timescale": 3.645242715246669, "rgb": "#000000", "zyx": [7, 25, 49]}