{"p": 0.317, "barbin": 0, "corr": 0.0032314257696270943, "timescale": 3.585115115724981, "rgb": "#000000", "zyx": [19, 70, 67]}