{"p": 0.419, "barbin": 0, "corr": 0.00792995560914278, "timescale": 2.61264323293531, "rgb": "#000000", "zyx": [23, 34, 53]}