{"p": 0.052, "barbin": 0, "corr": 0.08594797551631927, "timescale": 5.65870423042759, "rgb": "#000000", "zyx": [17, 74, 38]}