{"p": 0.935, "barbin": 0, "corr": -0.08018587529659271, "timescale": 3.5838075533438096, "rgb": "#000000", "zyx": [15, 29, 67]}