{"p": 0.165, "barbin": 0, "corr": 0.0376846045255661, "timescale": 6.881317949495816, "rgb": "#000000", "zyx": [4, 44, 34]}