{"p": 0.057, "barbin": 0, "corr": 0.04163620248436928, "timescale": 7.567404233592544, "rgb": "#000000", "zyx": [17, 86, 61]}