{"p": 0.294, "barbin": 0, "corr": 0.03045087866485119, "timescale": 4.380889623884764, "rgb": "#000000", "zyx": [20, 67, 39]}