{"p": 0.016, "barbin": 1, "corr": 0.12020817399024963, "timescale": 7.802688546857261, "rgb": "#000000", "zyx": [10, 75, 63]}