{"p": 0.024, "barbin": 0, "corr": 0.06725861132144928, "timescale": 5.290173076536865, "rgb": "#000000", "zyx": [14, 26, 42]}