{"p": 0.231, "barbin": 0, "corr": 0.04171489551663399, "timescale": 7.8298432522833945, "rgb": "#000000", "zyx": [16, 80, 32]}