{"p": 0.0, "barbin": 0, "corr": 0.044117264449596405, "timescale": 3.3313105130542264, "rgb": "#000000", "zyx": [7, 86, 43]}