{"p": 0.008, "barbin": 1, "corr": 0.1166267991065979, "timescale": 6.440542519891871, "rgb": "#000000", "zyx": [4, 69, 35]}