{"p": 0.0, "barbin": 4, "corr": 0.40393784642219543, "timescale": 6.946602968213781, "rgb": "#000000", "zyx": [11, 73, 32]}