{"p": 0.0, "barbin": 3, "corr": 0.20253059267997742, "timescale": 6.9166832256296935, "rgb": "#000000", "zyx": [15, 80, 39]}