{"p": 0.089, "barbin": 0, "corr": 0.03059661202132702, "timescale": 2.6203046086177473, "rgb": "#000000", "zyx": [5, 79, 70]}