{"p": 0.03, "barbin": 1, "corr": 0.1053796261548996, "timescale": 6.838849912047346, "rgb": "#000000", "zyx": [11, 83, 58]}