{"p": 0.028, "barbin": 1, "corr": 0.11135031282901764, "timescale": 8.107076190917978, "rgb": "#000000", "zyx": [4, 63, 30]}