{"p": 0.622, "barbin": 0, "corr": -0.013234027661383152, "timescale": 6.0930543573612725, "rgb": "#000000", "zyx": [24, 58, 48]}