{"p": 0.79, "barbin": 0, "corr": -0.05315500125288963, "timescale": 7.58820905399295, "rgb": "#000000", "zyx": [16, 73, 60]}