{"p": 0.989, "barbin": 0, "corr": -0.13225984573364258, "timescale": 3.584962654668007, "rgb": "#000000", "zyx": [12, 80, 45]}