{"p": 0.096, "barbin": 0, "corr": 0.07601694762706757, "timescale": 7.054868985112836, "rgb": "#000000", "zyx": [9, 64, 56]}