{"p": 0.889, "barbin": 0, "corr": -0.05699142813682556, "timescale": 4.937538869321179, "rgb": "#000000", "zyx": [20, 68, 68]}