{"p": 0.847, "barbin": 0, "corr": -0.06281860172748566, "timescale": 5.919788540540948, "rgb": "#000000", "zyx": [24, 34, 43]}