{"p": 0.391, "barbin": 0, "corr": 0.01049675140529871, "timescale": 3.3739600816758344, "rgb": "#000000", "zyx": [19, 54, 54]}