{"p": 0.724, "barbin": 0, "corr": -0.032054126262664795, "timescale": 2.5787359510527197, "rgb": "#000000", "zyx": [7, 65, 58]}