{"p": 0.015, "barbin": 1, "corr": 0.11757554113864899, "timescale": 7.096139550544742, "rgb": "#000000", "zyx": [19, 51, 39]}