{"p": 0.893, "barbin": 0, "corr": -0.04232525825500488, "timescale": 4.813122138698637, "rgb": "#000000", "zyx": [3, 58, 30]}