{"p": 0.305, "barbin": 0, "corr": 0.02934994548559189, "timescale": 8.289406828041724, "rgb": "#000000", "zyx": [8, 47, 63]}