{"p": 0.0, "barbin": 1, "corr": 0.1219436377286911, "timescale": 5.892088086660353, "rgb": "#000000", "zyx": [19, 77, 54]}