{"p": 0.0, "barbin": 4, "corr": 0.2768251299858093, "timescale": 7.048723767681715, "rgb": "#000000", "zyx": [16, 51, 68]}