{"p": 0.939, "barbin": 0, "corr": -0.09665586054325104, "timescale": 5.308916103510487, "rgb": "#000000", "zyx": [22, 32, 39]}