{"p": 0.002, "barbin": 1, "corr": 0.14991389214992523, "timescale": 7.229652863429025, "rgb": "#000000", "zyx": [11, 64, 76]}