{"p": 0.172, "barbin": 0, "corr": 0.008598065003752708, "timescale": 2.155781124812285, "rgb": "#000000", "zyx": [13, 51, 29]}