{"p": 0.342, "barbin": 0, "corr": 0.02394683286547661, "timescale": 5.758413942614145, "rgb": "#000000", "zyx": [5, 57, 41]}