{"p": 0.319, "barbin": 0, "corr": 0.01623532734811306, "timescale": 4.567203560213511, "rgb": "#000000", "zyx": [4, 50, 80]}