{"p": 0.908, "barbin": 0, "corr": -0.06964422762393951, "timescale": 6.584962500721156, "rgb": "#000000", "zyx": [22, 77, 38]}