{"p": 0.36, "barbin": 0, "corr": 0.02201814018189907, "timescale": 7.579340630043103, "rgb": "#000000", "zyx": [15, 82, 66]}