{"p": 0.342, "barbin": 0, "corr": 0.02452397532761097, "timescale": 5.622260983040819, "rgb": "#000000", "zyx": [6, 45, 62]}