{"p": 0.0, "barbin": 4, "corr": 0.3189687728881836, "timescale": 7.952838034483293, "rgb": "#000000", "zyx": [14, 51, 33]}