{"p": 0.208, "barbin": 0, "corr": 0.04661591351032257, "timescale": 3.1881378084114256, "rgb": "#000000", "zyx": [15, 54, 39]}