{"p": 0.796, "barbin": 0, "corr": -0.04662793502211571, "timescale": 8.584962523156596, "rgb": "#000000", "zyx": [13, 55, 30]}