{"p": 0.099, "barbin": 0, "corr": 0.07974748313426971, "timescale": 7.5853990823844715, "rgb": "#000000", "zyx": [8, 46, 64]}