{"p": 0.259, "barbin": 0, "corr": 0.03685534745454788, "timescale": 4.497618302879814, "rgb": "#000000", "zyx": [1, 84, 50]}