{"p": 0.025, "barbin": 1, "corr": 0.10696607828140259, "timescale": 7.31323918755211, "rgb": "#000000", "zyx": [7, 56, 69]}