{"p": 0.637, "barbin": 0, "corr": -0.013250947929918766, "timescale": 3.715726567979944, "rgb": "#000000", "zyx": [22, 79, 50]}