{"p": 0.62, "barbin": 0, "corr": -0.0013065228704363108, "timescale": 4.60959522537781, "rgb": "#000000", "zyx": [3, 45, 68]}