{"p": 0.577, "barbin": 0, "corr": -0.004881477914750576, "timescale": 5.485247881351723, "rgb": "#000000", "zyx": [18, 52, 60]}