{"p": 0.001, "barbin": 0, "corr": 0.03965543955564499, "timescale": 4.183255159133808, "rgb": "#000000", "zyx": [4, 75, 40]}