{"p": 0.007, "barbin": 1, "corr": 0.11532734334468842, "timescale": 6.378561989269416, "rgb": "#000000", "zyx": [10, 63, 56]}