{"p": 0.044, "barbin": 1, "corr": 0.10284887999296188, "timescale": 6.627226199897766, "rgb": "#000000", "zyx": [11, 34, 54]}