{"p": 0.503, "barbin": 0, "corr": -0.0011170655488967896, "timescale": 6.581478817713421, "rgb": "#000000", "zyx": [23, 80, 42]}