{"p": 0.733, "barbin": 0, "corr": -0.03425482288002968, "timescale": 3.579522959104214, "rgb": "#000000", "zyx": [12, 75, 73]}