{"p": 0.86, "barbin": 0, "corr": -0.02760358899831772, "timescale": 5.536512771803126, "rgb": "#000000", "zyx": [13, 56, 66]}