{"p": 0.635, "barbin": 0, "corr": -0.015391766093671322, "timescale": 1.586662906437619, "rgb": "#000000", "zyx": [19, 44, 75]}