{"p": 0.0, "barbin": 2, "corr": 0.15181714296340942, "timescale": 6.555207265086912, "rgb": "#000000", "zyx": [9, 71, 79]}