{"p": 0.372, "barbin": 0, "corr": 0.01945422776043415, "timescale": 6.5543197193237965, "rgb": "#000000", "zyx": [17, 45, 63]}