{"p": 0.422, "barbin": 0, "corr": 0.006092323921620846, "timescale": 3.5615457527651246, "rgb": "#000000", "zyx": [17, 45, 48]}