{"p": 0.031, "barbin": 1, "corr": 0.12058356404304504, "timescale": 6.409171069915056, "rgb": "#000000", "zyx": [13, 28, 53]}