{"p": 0.154, "barbin": 0, "corr": 0.05221204459667206, "timescale": 4.580721627271101, "rgb": "#000000", "zyx": [11, 93, 48]}