{"p": 0.165, "barbin": 0, "corr": 0.05556134879589081, "timescale": 2.6671269043937946, "rgb": "#000000", "zyx": [11, 63, 67]}