{"p": 0.74, "barbin": 0, "corr": -0.035311874002218246, "timescale": 4.908376949089751, "rgb": "#000000", "zyx": [15, 67, 65]}