{"p": 0.041, "barbin": 1, "corr": 0.10511277616024017, "timescale": 4.609545993785621, "rgb": "#000000", "zyx": [13, 35, 48]}