{"p": 0.002, "barbin": 1, "corr": 0.12009870260953903, "timescale": 5.549317631391126, "rgb": "#000000", "zyx": [7, 92, 55]}