{"p": 0.417, "barbin": 0, "corr": 0.013459986075758934, "timescale": 4.785422396025147, "rgb": "#000000", "zyx": [6, 68, 70]}