{"p": 0.034, "barbin": 0, "corr": 0.026709681376814842, "timescale": 2.855765884852833, "rgb": "#000000", "zyx": [19, 47, 62]}