{"p": 0.263, "barbin": 0, "corr": 0.035399582237005234, "timescale": 4.288491353590818, "rgb": "#000000", "zyx": [10, 72, 59]}