{"p": 0.867, "barbin": 0, "corr": -0.062330011278390884, "timescale": 4.577958238406067, "rgb": "#000000", "zyx": [17, 17, 49]}