{"p": 0.299, "barbin": 0, "corr": 0.03217927739024162, "timescale": 5.445360157176193, "rgb": "#000000", "zyx": [16, 60, 71]}