{"p": 0.0, "barbin": 4, "corr": 0.296455442905426, "timescale": 7.182009337692996, "rgb": "#000000", "zyx": [23, 32, 45]}