{"p": 0.889, "barbin": 0, "corr": -0.06359493732452393, "timescale": 3.584964729569637, "rgb": "#000000", "zyx": [20, 60, 28]}