{"p": 0.273, "barbin": 0, "corr": 0.03708551824092865, "timescale": 6.967676124594039, "rgb": "#000000", "zyx": [18, 40, 37]}