{"p": 0.132, "barbin": 0, "corr": 0.06643382459878922, "timescale": 7.1191795885999865, "rgb": "#000000", "zyx": [2, 72, 30]}