{"p": 0.568, "barbin": 0, "corr": -0.0009081549942493439, "timescale": 5.975590405327207, "rgb": "#000000", "zyx": [21, 65, 49]}