{"p": 0.919, "barbin": 0, "corr": -0.02814183011651039, "timescale": 1.584962500721156, "rgb": "#000000", "zyx": [4, 82, 31]}