{"p": 0.017, "barbin": 0, "corr": 0.08549540489912033, "timescale": 7.604818778793063, "rgb": "#000000", "zyx": [4, 82, 32]}