{"p": 0.882, "barbin": 0, "corr": -0.06724333018064499, "timescale": 2.5912187992746456, "rgb": "#000000", "zyx": [14, 71, 44]}