{"p": 0.036, "barbin": 0, "corr": 0.0968053787946701, "timescale": 7.2218361512380795, "rgb": "#000000", "zyx": [4, 91, 55]}