{"p": 0.276, "barbin": 0, "corr": 0.036026548594236374, "timescale": 2.627533786663451, "rgb": "#000000", "zyx": [22, 65, 46]}