{"p": 0.002, "barbin": 2, "corr": 0.17662230134010315, "timescale": 6.818249735606137, "rgb": "#000000", "zyx": [15, 27, 53]}