{"p": 0.769, "barbin": 0, "corr": -0.04895036667585373, "timescale": 5.58573891700854, "rgb": "#000000", "zyx": [6, 51, 57]}