{"p": 0.003, "barbin": 1, "corr": 0.14742602407932281, "timescale": 5.223533280929875, "rgb": "#000000", "zyx": [23, 71, 61]}