{"p": 0.0, "barbin": 4, "corr": 0.2884591519832611, "timescale": 6.997345215929347, "rgb": "#000000", "zyx": [9, 73, 35]}