{"p": 0.0, "barbin": 2, "corr": 0.19562089443206787, "timescale": 6.1445817696720555, "rgb": "#000000", "zyx": [4, 71, 29]}