{"p": 0.001, "barbin": 2, "corr": 0.16567887365818024, "timescale": 6.940725678644257, "rgb": "#000000", "zyx": [22, 49, 63]}