{"p": 0.346, "barbin": 0, "corr": 0.025255419313907623, "timescale": 5.219506935891024, "rgb": "#000000", "zyx": [19, 50, 31]}