{"p": 0.694, "barbin": 0, "corr": -0.03186783939599991, "timescale": 3.2579691051486463, "rgb": "#000000", "zyx": [9, 80, 33]}