{"p": 0.21, "barbin": 0, "corr": 0.04998734965920448, "timescale": 8.009108189788895, "rgb": "#000000", "zyx": [22, 62, 54]}