{"p": 0.504, "barbin": 0, "corr": -0.006397787015885115, "timescale": 2.7324968168288652, "rgb": "#000000", "zyx": [8, 23, 47]}