{"p": 0.109, "barbin": 0, "corr": 0.04668545350432396, "timescale": 2.194649393481523, "rgb": "#000000", "zyx": [17, 72, 65]}