{"p": 0.294, "barbin": 0, "corr": 0.0362747423350811, "timescale": 4.584962500721156, "rgb": "#000000", "zyx": [10, 41, 64]}