{"p": 0.722, "barbin": 0, "corr": -0.03435404226183891, "timescale": 5.464338897398031, "rgb": "#000000", "zyx": [13, 18, 54]}