{"p": 0.321, "barbin": 0, "corr": 0.027874963358044624, "timescale": 7.820464710288908, "rgb": "#000000", "zyx": [9, 34, 54]}