{"p": 0.67, "barbin": 0, "corr": -0.0222855843603611, "timescale": 7.182089559581497, "rgb": "#000000", "zyx": [9, 69, 62]}