{"p": 0.366, "barbin": 0, "corr": 0.020366014912724495, "timescale": 8.366561685929579, "rgb": "#000000", "zyx": [12, 28, 48]}