{"p": 0.105, "barbin": 0, "corr": 0.054039813578128815, "timescale": 4.548038395671347, "rgb": "#000000", "zyx": [16, 54, 65]}