{"p": 0.023, "barbin": 1, "corr": 0.10330181568861008, "timescale": 4.511722683091884, "rgb": "#000000", "zyx": [5, 69, 70]}