{"p": 0.595, "barbin": 0, "corr": -0.01651841215789318, "timescale": 5.1776361093244345, "rgb": "#000000", "zyx": [20, 51, 53]}