{"p": 0.077, "barbin": 0, "corr": 0.08854950219392776, "timescale": 6.330283246969082, "rgb": "#000000", "zyx": [17, 20, 48]}