{"p": 0.102, "barbin": 0, "corr": 0.07253867387771606, "timescale": 7.204694656303043, "rgb": "#000000", "zyx": [6, 44, 30]}