{"p": 0.286, "barbin": 0, "corr": 0.032624054700136185, "timescale": 5.312674264193501, "rgb": "#000000", "zyx": [8, 58, 52]}