{"p": 0.0, "barbin": 2, "corr": 0.17613215744495392, "timescale": 7.319577544617709, "rgb": "#000000", "zyx": [22, 30, 50]}