{"p": 0.201, "barbin": 0, "corr": 0.04365083947777748, "timescale": 6.318353498330808, "rgb": "#000000", "zyx": [13, 23, 56]}