{"p": 0.609, "barbin": 0, "corr": -0.0025271365884691477, "timescale": 7.567364222348413, "rgb": "#000000", "zyx": [19, 83, 66]}