{"p": 0.478, "barbin": 0, "corr": -3.505284257698804e-05, "timescale": 7.398111401535002, "rgb": "#000000", "zyx": [15, 88, 41]}