{"p": 0.0, "barbin": 4, "corr": 0.2681821882724762, "timescale": 6.265213479870684, "rgb": "#000000", "zyx": [10, 65, 71]}