{"p": 0.513, "barbin": 0, "corr": -0.0020997505635023117, "timescale": 5.3360687740312285, "rgb": "#000000", "zyx": [26, 49, 45]}