{"p": 0.017, "barbin": 1, "corr": 0.10985220968723297, "timescale": 4.598557409003574, "rgb": "#000000", "zyx": [20, 62, 67]}