{"p": 0.145, "barbin": 0, "corr": 0.05563678964972496, "timescale": 8.584962500721156, "rgb": "#000000", "zyx": [16, 28, 70]}