{"p": 0.737, "barbin": 0, "corr": -0.03824523091316223, "timescale": 3.9114342353929663, "rgb": "#000000", "zyx": [15, 73, 54]}