{"p": 0.379, "barbin": 0, "corr": 0.01201365515589714, "timescale": 7.705567060183814, "rgb": "#000000", "zyx": [20, 71, 39]}