{"p": 0.265, "barbin": 0, "corr": 0.03585519269108772, "timescale": 3.5755553891159515, "rgb": "#000000", "zyx": [8, 68, 43]}