{"p": 0.258, "barbin": 0, "corr": 0.037243522703647614, "timescale": 3.4951550232766357, "rgb": "#000000", "zyx": [17, 54, 78]}