{"p": 0.327, "barbin": 0, "corr": 0.01949465088546276, "timescale": 3.358941973970512, "rgb": "#000000", "zyx": [4, 44, 65]}