{"p": 0.812, "barbin": 0, "corr": -0.0538688600063324, "timescale": 5.243258082798107, "rgb": "#000000", "zyx": [12, 23, 53]}