{"p": 0.26, "barbin": 0, "corr": 0.033458203077316284, "timescale": 6.779861293703079, "rgb": "#000000", "zyx": [15, 55, 81]}