{"p": 0.578, "barbin": 0, "corr": -0.013253693468868732, "timescale": 2.680361616770046, "rgb": "#000000", "zyx": [2, 39, 61]}