{"p": 0.057, "barbin": 0, "corr": 0.0669642761349678, "timescale": 6.496777287535517, "rgb": "#000000", "zyx": [14, 88, 62]}