{"p": 0.08, "barbin": 0, "corr": 0.02760561928153038, "timescale": 4.588670470351698, "rgb": "#000000", "zyx": [4, 68, 81]}