{"p": 0.205, "barbin": 0, "corr": 0.05111189931631088, "timescale": 6.695389686850536, "rgb": "#000000", "zyx": [14, 85, 67]}