{"p": 0.039, "barbin": 0, "corr": 0.060931798070669174, "timescale": 7.584880520104705, "rgb": "#000000", "zyx": [4, 74, 32]}