{"p": 0.663, "barbin": 0, "corr": -0.018559301272034645, "timescale": 2.7264303558076133, "rgb": "#000000", "zyx": [8, 56, 48]}