{"p": 0.0, "barbin": 2, "corr": 0.19021303951740265, "timescale": 6.825452990638321, "rgb": "#000000", "zyx": [6, 48, 33]}