{"p": 0.706, "barbin": 0, "corr": -0.032931920140981674, "timescale": 1.658661796368543, "rgb": "#000000", "zyx": [6, 54, 22]}