{"p": 0.0, "barbin": 1, "corr": 0.10588651895523071, "timescale": 4.346328788761583, "rgb": "#000000", "zyx": [5, 66, 36]}