{"p": 0.12, "barbin": 0, "corr": 0.07131858170032501, "timescale": 5.792987063060466, "rgb": "#000000", "zyx": [14, 64, 52]}