{"p": 0.096, "barbin": 0, "corr": 0.075045146048069, "timescale": 5.156235678914534, "rgb": "#000000", "zyx": [3, 52, 69]}