{"p": 0.835, "barbin": 0, "corr": -0.045599643141031265, "timescale": 7.540453090568851, "rgb": "#000000", "zyx": [5, 78, 61]}