{"p": 0.051, "barbin": 0, "corr": 0.0952470526099205, "timescale": 6.353908323871856, "rgb": "#000000", "zyx": [18, 24, 62]}