{"p": 0.099, "barbin": 0, "corr": 0.0761704221367836, "timescale": 8.142439851095142, "rgb": "#000000", "zyx": [19, 42, 54]}