{"p": 0.195, "barbin": 0, "corr": 0.045410964637994766, "timescale": 7.066087071376628, "rgb": "#000000", "zyx": [4, 50, 34]}