{"p": 0.447, "barbin": 0, "corr": 0.008489195257425308, "timescale": 6.258388221538792, "rgb": "#000000", "zyx": [1, 75, 65]}