{"p": 0.359, "barbin": 0, "corr": 0.005127585027366877, "timescale": 5.647501893375046, "rgb": "#000000", "zyx": [9, 66, 59]}