{"p": 0.153, "barbin": 0, "corr": 0.03947119042277336, "timescale": 6.485019977792938, "rgb": "#000000", "zyx": [23, 52, 54]}