{"p": 0.018, "barbin": 0, "corr": 0.08679083734750748, "timescale": 7.213095179008021, "rgb": "#000000", "zyx": [10, 34, 40]}