{"p": 0.984, "barbin": 0, "corr": -0.0676993802189827, "timescale": 5.584962500721156, "rgb": "#000000", "zyx": [10, 32, 27]}