{"p": 0.0, "barbin": 2, "corr": 0.18640053272247314, "timescale": 5.13107912652306, "rgb": "#000000", "zyx": [9, 86, 45]}