{"p": 0.082, "barbin": 0, "corr": 0.07786387205123901, "timescale": 4.973354198908734, "rgb": "#000000", "zyx": [7, 48, 34]}