{"p": 0.169, "barbin": 0, "corr": 0.040347009897232056, "timescale": 5.742974956735291, "rgb": "#000000", "zyx": [12, 70, 61]}