{"p": 0.174, "barbin": 0, "corr": 0.048900749534368515, "timescale": 6.1627256952108835, "rgb": "#000000", "zyx": [14, 50, 23]}