{"p": 0.002, "barbin": 0, "corr": 0.033188652247190475, "timescale": 2.375421540333719, "rgb": "#000000", "zyx": [12, 85, 62]}