{"p": 0.042, "barbin": 0, "corr": 0.09819761663675308, "timescale": 5.817824830854057, "rgb": "#000000", "zyx": [14, 79, 78]}