{"p": 0.296, "barbin": 0, "corr": 0.030959587544202805, "timescale": 5.806513299833419, "rgb": "#000000", "zyx": [9, 39, 43]}