{"p": 0.0, "barbin": 0, "corr": 0.09456131607294083, "timescale": 2.720235262211851, "rgb": "#000000", "zyx": [15, 82, 60]}