{"p": 0.487, "barbin": 0, "corr": -0.0002771684085018933, "timescale": 5.081057373526518, "rgb": "#000000", "zyx": [22, 50, 50]}