{"p": 0.851, "barbin": 0, "corr": -0.0615345761179924, "timescale": 4.207007469224836, "rgb": "#000000", "zyx": [20, 71, 37]}