{"p": 0.002, "barbin": 2, "corr": 0.1817227452993393, "timescale": 6.112832812464011, "rgb": "#000000", "zyx": [9, 42, 32]}