{"p": 0.576, "barbin": 0, "corr": -0.010601024143397808, "timescale": 7.583632729907372, "rgb": "#000000", "zyx": [1, 45, 64]}