{"p": 0.0, "barbin": 4, "corr": 0.40367886424064636, "timescale": 5.716900700672166, "rgb": "#000000", "zyx": [12, 43, 72]}