{"p": 0.043, "barbin": 1, "corr": 0.10301223397254944, "timescale": 8.584623207159183, "rgb": "#000000", "zyx": [14, 91, 39]}