{"p": 0.0, "barbin": 4, "corr": 0.2606637477874756, "timescale": 7.1641633624371295, "rgb": "#000000", "zyx": [24, 41, 55]}