{"p": 0.242, "barbin": 0, "corr": 0.0439249724149704, "timescale": 8.581546137203647, "rgb": "#000000", "zyx": [17, 76, 56]}