{"p": 0.337, "barbin": 0, "corr": 0.02252960205078125, "timescale": 7.216682598999337, "rgb": "#000000", "zyx": [11, 58, 27]}