{"p": 0.021, "barbin": 1, "corr": 0.11863842606544495, "timescale": 5.585074634413229, "rgb": "#000000", "zyx": [7, 35, 71]}