{"p": 0.488, "barbin": 0, "corr": 0.0035943537950515747, "timescale": 4.847574369649561, "rgb": "#000000", "zyx": [19, 50, 66]}