{"p": 0.429, "barbin": 0, "corr": 0.007011513225734234, "timescale": 1.8801212002391121, "rgb": "#000000", "zyx": [19, 41, 61]}