{"p": 0.6, "barbin": 0, "corr": -0.016609063372015953, "timescale": 3.5153031562010972, "rgb": "#000000", "zyx": [12, 44, 77]}