{"p": 0.0, "barbin": 4, "corr": 0.387029767036438, "timescale": 7.352878032358517, "rgb": "#000000", "zyx": [11, 77, 30]}