{"p": 0.751, "barbin": 0, "corr": -0.034928470849990845, "timescale": 4.692653289188395, "rgb": "#000000", "zyx": [14, 63, 65]}