{"p": 0.083, "barbin": 0, "corr": 0.05367952585220337, "timescale": 5.023711981535846, "rgb": "#000000", "zyx": [23, 55, 54]}