{"p": 0.005, "barbin": 1, "corr": 0.14318960905075073, "timescale": 6.918894826481921, "rgb": "#000000", "zyx": [7, 81, 63]}