{"p": 0.079, "barbin": 0, "corr": 0.08355877548456192, "timescale": 7.861212130994219, "rgb": "#000000", "zyx": [26, 67, 61]}