{"p": 0.139, "barbin": 0, "corr": 0.06820113956928253, "timescale": 4.996099987787195, "rgb": "#000000", "zyx": [10, 56, 67]}