{"p": 0.686, "barbin": 0, "corr": -0.028164949268102646, "timescale": 5.553989007953618, "rgb": "#000000", "zyx": [2, 47, 61]}