{"p": 0.47, "barbin": 0, "corr": 0.00796773936599493, "timescale": 4.985881168883309, "rgb": "#000000", "zyx": [3, 51, 36]}