{"p": 0.416, "barbin": 0, "corr": 0.014252524822950363, "timescale": 7.570149392333721, "rgb": "#000000", "zyx": [12, 34, 64]}