{"p": 0.075, "barbin": 0, "corr": 0.06785356253385544, "timescale": 6.8354024365526636, "rgb": "#000000", "zyx": [23, 53, 54]}