{"p": 0.233, "barbin": 0, "corr": 0.04193483293056488, "timescale": 3.419136776547254, "rgb": "#000000", "zyx": [10, 79, 57]}