{"p": 0.561, "barbin": 0, "corr": -0.007491949945688248, "timescale": 6.383613414927698, "rgb": "#000000", "zyx": [5, 40, 74]}