{"p": 0.818, "barbin": 0, "corr": -0.042552050203084946, "timescale": 5.950109722089288, "rgb": "#000000", "zyx": [11, 83, 44]}