{"p": 0.275, "barbin": 0, "corr": 0.02395680733025074, "timescale": 2.581681849842711, "rgb": "#000000", "zyx": [19, 60, 54]}