{"p": 0.284, "barbin": 0, "corr": 0.03334934636950493, "timescale": 4.504690962620403, "rgb": "#000000", "zyx": [22, 65, 73]}