{"p": 0.998, "barbin": 0, "corr": -0.1698409765958786, "timescale": 5.668320621791906, "rgb": "#000000", "zyx": [14, 20, 37]}