{"p": 0.0, "barbin": 2, "corr": 0.17839978635311127, "timescale": 7.913654923469365, "rgb": "#000000", "zyx": [21, 25, 57]}