{"p": 0.371, "barbin": 0, "corr": 0.017621692270040512, "timescale": 2.6041193539209524, "rgb": "#000000", "zyx": [20, 43, 32]}