{"p": 0.997, "barbin": 0, "corr": -0.07654566317796707, "timescale": 1.7139493362012261, "rgb": "#000000", "zyx": [12, 41, 60]}