{"p": 0.982, "barbin": 0, "corr": -0.12422497570514679, "timescale": 4.446130352858973, "rgb": "#000000", "zyx": [11, 22, 59]}