{"p": 0.058, "barbin": 0, "corr": 0.07657045125961304, "timescale": 6.445870208577145, "rgb": "#000000", "zyx": [1, 88, 63]}