{"p": 0.0, "barbin": 3, "corr": 0.2495652437210083, "timescale": 8.57451391069617, "rgb": "#000000", "zyx": [12, 84, 31]}