{"p": 0.633, "barbin": 0, "corr": -0.020435713231563568, "timescale": 5.58271205004102, "rgb": "#000000", "zyx": [5, 87, 45]}