{"p": 0.015, "barbin": 1, "corr": 0.12344200164079666, "timescale": 7.7347745532259795, "rgb": "#000000", "zyx": [17, 77, 67]}