{"p": 0.029, "barbin": 0, "corr": 0.058591652661561966, "timescale": 5.584381713651821, "rgb": "#000000", "zyx": [6, 72, 64]}