{"p": 0.619, "barbin": 0, "corr": -0.018866481259465218, "timescale": 7.584962500721156, "rgb": "#000000", "zyx": [20, 50, 76]}