{"p": 0.118, "barbin": 0, "corr": 0.04935659095644951, "timescale": 2.6258792329492047, "rgb": "#000000", "zyx": [25, 70, 64]}