{"p": 0.18, "barbin": 0, "corr": 0.057999253273010254, "timescale": 7.584963221584267, "rgb": "#000000", "zyx": [20, 54, 31]}