{"p": 0.188, "barbin": 0, "corr": 0.03992754966020584, "timescale": 7.463713542659503, "rgb": "#000000", "zyx": [7, 64, 68]}