{"p": 0.503, "barbin": 0, "corr": -0.0047314949333667755, "timescale": 2.585090527027807, "rgb": "#000000", "zyx": [11, 42, 44]}