{"p": 0.269, "barbin": 0, "corr": 0.0399993360042572, "timescale": 5.58451797279367, "rgb": "#000000", "zyx": [16, 41, 46]}