{"p": 0.0, "barbin": 3, "corr": 0.21280191838741302, "timescale": 4.4259278310417995, "rgb": "#000000", "zyx": [9, 48, 28]}