{"p": 0.36, "barbin": 0, "corr": 0.011389688588678837, "timescale": 6.5932739312793345, "rgb": "#000000", "zyx": [16, 44, 46]}