{"p": 0.487, "barbin": 0, "corr": 0.0027792230248451233, "timescale": 7.31197831144242, "rgb": "#000000", "zyx": [18, 45, 72]}