{"p": 0.481, "barbin": 0, "corr": 0.0020510233007371426, "timescale": 3.9345077988563637, "rgb": "#000000", "zyx": [21, 79, 51]}