{"p": 0.092, "barbin": 0, "corr": 0.07851777970790863, "timescale": 4.79606904003997, "rgb": "#000000", "zyx": [12, 53, 22]}