{"p": 0.0, "barbin": 4, "corr": 0.365177184343338, "timescale": 4.143990800728316, "rgb": "#000000", "zyx": [24, 59, 53]}