{"p": 0.962, "barbin": 0, "corr": -0.10018628090620041, "timescale": 4.052023069761913, "rgb": "#000000", "zyx": [9, 28, 68]}