{"p": 0.515, "barbin": 0, "corr": -0.0038880202919244766, "timescale": 7.974918175240543, "rgb": "#000000", "zyx": [11, 36, 66]}