{"p": 0.109, "barbin": 0, "corr": 0.060459692031145096, "timescale": 8.280326102972731, "rgb": "#000000", "zyx": [7, 81, 76]}