{"p": 0.234, "barbin": 0, "corr": 0.022102463990449905, "timescale": 5.453393709955569, "rgb": "#000000", "zyx": [15, 84, 34]}