{"p": 0.213, "barbin": 0, "corr": 0.04400856792926788, "timescale": 6.656586547438685, "rgb": "#000000", "zyx": [9, 75, 67]}