{"p": 0.073, "barbin": 0, "corr": 0.08963640034198761, "timescale": 5.404338144483472, "rgb": "#000000", "zyx": [21, 57, 64]}