{"p": 0.799, "barbin": 0, "corr": -0.031588997691869736, "timescale": 5.405032642216915, "rgb": "#000000", "zyx": [18, 81, 70]}