{"p": 0.119, "barbin": 0, "corr": 0.05370599776506424, "timescale": 2.329566325784787, "rgb": "#000000", "zyx": [8, 77, 39]}