{"p": 0.839, "barbin": 0, "corr": -0.058163128793239594, "timescale": 5.850931657732824, "rgb": "#000000", "zyx": [9, 44, 34]}