{"p": 0.455, "barbin": 0, "corr": 0.006626504939049482, "timescale": 3.6377332823963293, "rgb": "#000000", "zyx": [9, 42, 69]}