{"p": 0.0, "barbin": 3, "corr": 0.20990592241287231, "timescale": 7.822732603768112, "rgb": "#000000", "zyx": [25, 45, 55]}