{"p": 0.0, "barbin": 1, "corr": 0.11524748057126999, "timescale": 2.6777836906540795, "rgb": "#000000", "zyx": [8, 88, 55]}