{"p": 0.807, "barbin": 0, "corr": -0.04599757492542267, "timescale": 6.584264697926905, "rgb": "#000000", "zyx": [13, 71, 25]}