{"p": 0.1, "barbin": 0, "corr": 0.04314400255680084, "timescale": 3.040401917551247, "rgb": "#000000", "zyx": [13, 27, 62]}