{"p": 0.008, "barbin": 1, "corr": 0.134751096367836, "timescale": 2.036500572839711, "rgb": "#000000", "zyx": [6, 74, 63]}