{"p": 0.251, "barbin": 0, "corr": 0.036805082112550735, "timescale": 4.489997659870693, "rgb": "#000000", "zyx": [4, 57, 77]}