{"p": 0.728, "barbin": 0, "corr": -0.03079119138419628, "timescale": 5.58557971417438, "rgb": "#000000", "zyx": [24, 76, 44]}