{"p": 0.0, "barbin": 1, "corr": 0.11889847368001938, "timescale": 2.351452602216899, "rgb": "#000000", "zyx": [16, 81, 45]}