{"p": 0.009, "barbin": 1, "corr": 0.1056549996137619, "timescale": 4.757367159403521, "rgb": "#000000", "zyx": [10, 77, 29]}