{"p": 0.038, "barbin": 0, "corr": 0.09035883098840714, "timescale": 4.973412017549762, "rgb": "#000000", "zyx": [13, 48, 26]}