{"p": 0.587, "barbin": 0, "corr": -0.005570738576352596, "timescale": 7.592390156190387, "rgb": "#000000", "zyx": [8, 54, 49]}