{"p": 0.164, "barbin": 0, "corr": 0.05117710307240486, "timescale": 7.568915764299507, "rgb": "#000000", "zyx": [3, 61, 77]}