{"p": 0.164, "barbin": 0, "corr": 0.06043495237827301, "timescale": 2.5895335335897665, "rgb": "#000000", "zyx": [12, 48, 49]}