{"p": 0.516, "barbin": 0, "corr": -0.0006548007950186729, "timescale": 7.583293461010161, "rgb": "#000000", "zyx": [6, 38, 63]}