{"p": 0.0, "barbin": 2, "corr": 0.19570721685886383, "timescale": 6.807686886027488, "rgb": "#000000", "zyx": [17, 43, 37]}