{"p": 0.031, "barbin": 1, "corr": 0.11024138331413269, "timescale": 6.868130852642392, "rgb": "#000000", "zyx": [23, 72, 43]}