{"p": 0.297, "barbin": 0, "corr": 0.032551076263189316, "timescale": 7.622792725845594, "rgb": "#000000", "zyx": [8, 67, 34]}