{"p": 0.673, "barbin": 0, "corr": -0.02532453089952469, "timescale": 5.481820410476974, "rgb": "#000000", "zyx": [16, 75, 55]}