{"p": 0.985, "barbin": 0, "corr": -0.08376792073249817, "timescale": 5.841212405353724, "rgb": "#000000", "zyx": [9, 64, 58]}