{"p": 0.416, "barbin": 0, "corr": 0.013795826584100723, "timescale": 6.7152852742916735, "rgb": "#000000", "zyx": [23, 57, 66]}