{"p": 0.946, "barbin": 0, "corr": -0.08954109996557236, "timescale": 5.791025652360809, "rgb": "#000000", "zyx": [14, 28, 42]}