{"p": 0.003, "barbin": 1, "corr": 0.13823963701725006, "timescale": 6.511613884455714, "rgb": "#000000", "zyx": [22, 49, 43]}