{"p": 0.0, "barbin": 2, "corr": 0.16268524527549744, "timescale": 5.858564843256008, "rgb": "#000000", "zyx": [9, 74, 72]}