{"p": 0.129, "barbin": 0, "corr": 0.05964113771915436, "timescale": 7.8805387803887, "rgb": "#000000", "zyx": [8, 77, 43]}