{"p": 0.05, "barbin": 0, "corr": 0.09645146131515503, "timescale": 6.17279604325418, "rgb": "#000000", "zyx": [12, 23, 38]}