{"p": 0.204, "barbin": 0, "corr": 0.04662948101758957, "timescale": 4.69843692353568, "rgb": "#000000", "zyx": [6, 45, 74]}