{"p": 0.279, "barbin": 0, "corr": 0.03548099473118782, "timescale": 7.0781586149128, "rgb": "#000000", "zyx": [10, 44, 71]}