{"p": 0.157, "barbin": 0, "corr": 0.05606250464916229, "timescale": 2.555381073342727, "rgb": "#000000", "zyx": [10, 51, 71]}