{"p": 0.497, "barbin": 0, "corr": 0.0006192400469444692, "timescale": 6.995037721206935, "rgb": "#000000", "zyx": [12, 31, 51]}