{"p": 0.301, "barbin": 0, "corr": 0.032567769289016724, "timescale": 5.581002148009086, "rgb": "#000000", "zyx": [18, 29, 44]}