{"p": 0.144, "barbin": 0, "corr": 0.016983214765787125, "timescale": 8.572917373938552, "rgb": "#000000", "zyx": [18, 88, 42]}