{"p": 0.689, "barbin": 0, "corr": -0.022814873605966568, "timescale": 5.81923880212583, "rgb": "#000000", "zyx": [27, 63, 46]}