{"p": 0.197, "barbin": 0, "corr": 0.04525056108832359, "timescale": 6.042839065026623, "rgb": "#000000", "zyx": [16, 59, 65]}