{"p": 0.559, "barbin": 0, "corr": -0.01567652076482773, "timescale": 8.313213281142609, "rgb": "#000000", "zyx": [4, 81, 60]}