{"p": 0.144, "barbin": 0, "corr": 0.051353175193071365, "timescale": 2.7698457125974603, "rgb": "#000000", "zyx": [5, 80, 53]}