{"p": 0.019, "barbin": 1, "corr": 0.11515607684850693, "timescale": 5.815437381503045, "rgb": "#000000", "zyx": [13, 31, 70]}