{"p": 0.708, "barbin": 0, "corr": -0.03067479282617569, "timescale": 5.818844792031297, "rgb": "#000000", "zyx": [2, 78, 56]}