{"p": 0.369, "barbin": 0, "corr": 0.0021548254881054163, "timescale": 5.5849953862184485, "rgb": "#000000", "zyx": [1, 88, 66]}