{"p": 0.058, "barbin": 0, "corr": 0.0874631255865097, "timescale": 7.433009383760819, "rgb": "#000000", "zyx": [4, 59, 74]}