{"p": 0.0, "barbin": 4, "corr": 0.36581262946128845, "timescale": 7.2959251337957785, "rgb": "#000000", "zyx": [19, 53, 35]}