{"p": 0.43, "barbin": 0, "corr": 0.007752150297164917, "timescale": 6.917431778855386, "rgb": "#000000", "zyx": [23, 53, 48]}