{"p": 0.021, "barbin": 1, "corr": 0.1078350841999054, "timescale": 6.989778819790498, "rgb": "#000000", "zyx": [14, 66, 52]}