{"p": 0.001, "barbin": 2, "corr": 0.18561390042304993, "timescale": 4.252824689509822, "rgb": "#000000", "zyx": [4, 70, 73]}