{"p": 0.635, "barbin": 0, "corr": -0.02071969397366047, "timescale": 6.5897590994762005, "rgb": "#000000", "zyx": [16, 87, 48]}