{"p": 0.164, "barbin": 0, "corr": 0.030358942225575447, "timescale": 5.823096858537509, "rgb": "#000000", "zyx": [9, 87, 58]}