{"p": 0.067, "barbin": 0, "corr": 0.06897163391113281, "timescale": 6.725688108205084, "rgb": "#000000", "zyx": [3, 82, 30]}