{"p": 0.378, "barbin": 0, "corr": 0.006210959516465664, "timescale": 6.3248340602821305, "rgb": "#000000", "zyx": [6, 93, 54]}