{"p": 0.897, "barbin": 0, "corr": -0.028327999636530876, "timescale": 4.087702270389661, "rgb": "#000000", "zyx": [9, 29, 61]}