{"p": 0.276, "barbin": 0, "corr": 0.0330749936401844, "timescale": 2.7105638586860166, "rgb": "#000000", "zyx": [16, 45, 46]}