{"p": 0.996, "barbin": 0, "corr": -0.16682712733745575, "timescale": 2.62175739628122, "rgb": "#000000", "zyx": [5, 50, 80]}