{"p": 0.857, "barbin": 0, "corr": -0.06310617923736572, "timescale": 5.63542107656665, "rgb": "#000000", "zyx": [8, 75, 64]}