{"p": 0.062, "barbin": 0, "corr": 0.08060433715581894, "timescale": 7.373602307401235, "rgb": "#000000", "zyx": [8, 36, 69]}