{"p": 0.483, "barbin": 0, "corr": 0.004054361954331398, "timescale": 5.002601668139941, "rgb": "#000000", "zyx": [21, 24, 56]}