{"p": 0.003, "barbin": 1, "corr": 0.11470937728881836, "timescale": 5.945499805917132, "rgb": "#000000", "zyx": [10, 43, 32]}