{"p": 0.139, "barbin": 0, "corr": 0.06460471451282501, "timescale": 3.1251295723687513, "rgb": "#000000", "zyx": [7, 80, 53]}