{"p": 0.005, "barbin": 1, "corr": 0.142459437251091, "timescale": 7.559441911165589, "rgb": "#000000", "zyx": [18, 31, 50]}