{"p": 0.089, "barbin": 0, "corr": 0.08118946105241776, "timescale": 4.295456422954738, "rgb": "#000000", "zyx": [8, 64, 57]}