{"p": 0.17, "barbin": 0, "corr": 0.04893617331981659, "timescale": 5.819687136126973, "rgb": "#000000", "zyx": [22, 63, 34]}