{"p": 0.562, "barbin": 0, "corr": -0.007697977125644684, "timescale": 5.585358877000524, "rgb": "#000000", "zyx": [15, 79, 57]}