{"p": 0.463, "barbin": 0, "corr": 0.004042075946927071, "timescale": 5.1238291454774485, "rgb": "#000000", "zyx": [13, 40, 27]}