{"p": 0.718, "barbin": 0, "corr": -0.008939402177929878, "timescale": 3.5847433896674357, "rgb": "#000000", "zyx": [1, 39, 43]}