{"p": 0.048, "barbin": 0, "corr": 0.0749991238117218, "timescale": 3.229460436067799, "rgb": "#000000", "zyx": [12, 64, 76]}