{"p": 0.884, "barbin": 0, "corr": -0.06326393783092499, "timescale": 8.370209846466823, "rgb": "#000000", "zyx": [11, 56, 25]}