{"p": 0.656, "barbin": 0, "corr": -0.018806524574756622, "timescale": 3.7270436956131228, "rgb": "#000000", "zyx": [15, 63, 54]}