{"p": 0.335, "barbin": 0, "corr": 0.01728571578860283, "timescale": 8.584844237713515, "rgb": "#000000", "zyx": [5, 57, 44]}