{"p": 0.545, "barbin": 0, "corr": -0.0064561814069747925, "timescale": 5.449209224209746, "rgb": "#000000", "zyx": [14, 74, 67]}