{"p": 0.157, "barbin": 0, "corr": 0.05924615263938904, "timescale": 2.5867630347679684, "rgb": "#000000", "zyx": [13, 53, 70]}