{"p": 0.059, "barbin": 0, "corr": 0.08330038189888, "timescale": 7.113483292372575, "rgb": "#000000", "zyx": [23, 52, 42]}