{"p": 0.018, "barbin": 0, "corr": 0.08019305765628815, "timescale": 7.584733568517158, "rgb": "#000000", "zyx": [27, 57, 52]}