{"p": 0.159, "barbin": 0, "corr": 0.059901367872953415, "timescale": 8.128637848171055, "rgb": "#000000", "zyx": [19, 61, 59]}