{"p": 0.022, "barbin": 0, "corr": 0.07354516535997391, "timescale": 4.77183700131072, "rgb": "#000000", "zyx": [6, 92, 49]}