{"p": 0.314, "barbin": 0, "corr": 0.02765187993645668, "timescale": 6.236559539597502, "rgb": "#000000", "zyx": [6, 67, 72]}