{"p": 0.6, "barbin": 0, "corr": -0.007205410860478878, "timescale": 6.584954698711494, "rgb": "#000000", "zyx": [12, 89, 65]}