{"p": 0.307, "barbin": 0, "corr": 0.02922782115638256, "timescale": 6.625623388258291, "rgb": "#000000", "zyx": [14, 40, 61]}