{"p": 0.902, "barbin": 0, "corr": -0.05287520959973335, "timescale": 3.371377177401758, "rgb": "#000000", "zyx": [20, 70, 66]}