{"p": 0.568, "barbin": 0, "corr": -0.010726477950811386, "timescale": 3.5587761667405124, "rgb": "#000000", "zyx": [11, 39, 54]}