{"p": 0.184, "barbin": 0, "corr": 0.051567647606134415, "timescale": 1.947450839760962, "rgb": "#000000", "zyx": [6, 55, 77]}