{"p": 0.481, "barbin": 0, "corr": 0.001874452456831932, "timescale": 5.447288616026876, "rgb": "#000000", "zyx": [11, 48, 54]}