{"p": 0.002, "barbin": 0, "corr": 0.08193658292293549, "timescale": 8.320184178510617, "rgb": "#000000", "zyx": [19, 29, 68]}