{"p": 0.279, "barbin": 0, "corr": 0.03221392631530762, "timescale": 6.378232379291007, "rgb": "#000000", "zyx": [8, 76, 50]}