{"p": 0.0, "barbin": 4, "corr": 0.38982027769088745, "timescale": 6.183477919864966, "rgb": "#000000", "zyx": [26, 57, 48]}