{"p": 0.78, "barbin": 0, "corr": -0.040808312594890594, "timescale": 7.9751199042547825, "rgb": "#000000", "zyx": [22, 69, 37]}