{"p": 0.5, "barbin": 0, "corr": -0.0008146376349031925, "timescale": 1.5858772658695741, "rgb": "#000000", "zyx": [10, 55, 71]}