{"p": 0.038, "barbin": 1, "corr": 0.10285049676895142, "timescale": 7.709121700262198, "rgb": "#000000", "zyx": [17, 40, 46]}