{"p": 0.682, "barbin": 0, "corr": -0.022997934371232986, "timescale": 6.8048206715074775, "rgb": "#000000", "zyx": [12, 55, 33]}