{"p": 0.004, "barbin": 0, "corr": 0.041004255414009094, "timescale": 1.956338692349318, "rgb": "#000000", "zyx": [11, 49, 32]}