{"p": 0.363, "barbin": 0, "corr": 0.019498206675052643, "timescale": 7.427335256633959, "rgb": "#000000", "zyx": [18, 85, 39]}