{"p": 0.126, "barbin": 0, "corr": 0.014022384770214558, "timescale": 1.7776447105193929, "rgb": "#000000", "zyx": [15, 20, 48]}