{"p": 0.554, "barbin": 0, "corr": -0.0038724716287106276, "timescale": 7.3033815151980805, "rgb": "#000000", "zyx": [15, 54, 73]}