{"p": 0.047, "barbin": 0, "corr": 0.01832725666463375, "timescale": 3.0715717143172254, "rgb": "#000000", "zyx": [5, 95, 53]}