{"p": 0.947, "barbin": 0, "corr": -0.09482510387897491, "timescale": 2.6318360578406, "rgb": "#000000", "zyx": [1, 76, 48]}