{"p": 0.467, "barbin": 0, "corr": 0.005284014157950878, "timescale": 7.3729832381473726, "rgb": "#000000", "zyx": [9, 52, 41]}