{"p": 0.091, "barbin": 0, "corr": 0.04012656956911087, "timescale": 2.689400282010256, "rgb": "#000000", "zyx": [27, 65, 47]}