{"p": 0.958, "barbin": 0, "corr": -0.009167521260678768, "timescale": 8.01929856947725, "rgb": "#000000", "zyx": [18, 78, 46]}