{"p": 0.003, "barbin": 0, "corr": 0.08137155324220657, "timescale": 4.371840920077422, "rgb": "#000000", "zyx": [11, 88, 62]}