{"p": 0.002, "barbin": 1, "corr": 0.10526496171951294, "timescale": 6.368938413963726, "rgb": "#000000", "zyx": [13, 29, 68]}