{"p": 0.014, "barbin": 1, "corr": 0.12789160013198853, "timescale": 5.466072172316428, "rgb": "#000000", "zyx": [16, 59, 54]}