{"p": 0.234, "barbin": 0, "corr": 0.04268459230661392, "timescale": 6.405886217752691, "rgb": "#000000", "zyx": [9, 32, 56]}