{"p": 0.048, "barbin": 0, "corr": 0.08652976155281067, "timescale": 6.728108341888622, "rgb": "#000000", "zyx": [15, 24, 38]}