{"p": 0.914, "barbin": 0, "corr": -0.07722362130880356, "timescale": 4.58484909547201, "rgb": "#000000", "zyx": [18, 27, 46]}