{"p": 0.009, "barbin": 1, "corr": 0.1344067007303238, "timescale": 6.2786635859646225, "rgb": "#000000", "zyx": [22, 30, 44]}