{"p": 0.281, "barbin": 0, "corr": 0.03605000302195549, "timescale": 6.372834764311877, "rgb": "#000000", "zyx": [14, 54, 68]}