{"p": 0.998, "barbin": 0, "corr": -0.1006147637963295, "timescale": 8.52573834296104, "rgb": "#000000", "zyx": [15, 73, 26]}