{"p": 0.0, "barbin": 4, "corr": 0.34766557812690735, "timescale": 5.982189359075866, "rgb": "#000000", "zyx": [8, 64, 34]}