{"p": 0.0, "barbin": 4, "corr": 0.30467721819877625, "timescale": 7.700012035169609, "rgb": "#000000", "zyx": [9, 53, 75]}