{"p": 0.426, "barbin": 0, "corr": 0.0007994061452336609, "timescale": 3.607102674154806, "rgb": "#000000", "zyx": [9, 51, 69]}