{"p": 0.076, "barbin": 0, "corr": 0.08449719101190567, "timescale": 8.584953162708455, "rgb": "#000000", "zyx": [20, 61, 48]}