{"p": 0.103, "barbin": 0, "corr": 0.07711166888475418, "timescale": 3.297079844705406, "rgb": "#000000", "zyx": [11, 85, 47]}