{"p": 0.933, "barbin": 0, "corr": -0.08676360547542572, "timescale": 3.5845488002554013, "rgb": "#000000", "zyx": [23, 82, 60]}