{"p": 0.136, "barbin": 0, "corr": 0.05876559764146805, "timescale": 7.047627906739804, "rgb": "#000000", "zyx": [11, 45, 71]}