{"p": 0.568, "barbin": 0, "corr": -0.010093914344906807, "timescale": 7.583731176177011, "rgb": "#000000", "zyx": [5, 62, 63]}