{"p": 0.3, "barbin": 0, "corr": 0.028782984241843224, "timescale": 3.6969840299530934, "rgb": "#000000", "zyx": [2, 45, 44]}