{"p": 0.863, "barbin": 0, "corr": -0.01766417920589447, "timescale": 3.5849849201735426, "rgb": "#000000", "zyx": [17, 44, 58]}