{"p": 0.346, "barbin": 0, "corr": 0.023048629984259605, "timescale": 6.20100552208601, "rgb": "#000000", "zyx": [12, 74, 40]}