{"p": 0.786, "barbin": 0, "corr": -0.044436510652303696, "timescale": 2.70112232150134, "rgb": "#000000", "zyx": [16, 62, 74]}