{"p": 0.988, "barbin": 0, "corr": -0.09048919379711151, "timescale": 7.535942598144134, "rgb": "#000000", "zyx": [3, 44, 64]}