{"p": 0.764, "barbin": 0, "corr": -0.04208865389227867, "timescale": 4.620182941202048, "rgb": "#000000", "zyx": [13, 69, 30]}