{"p": 0.419, "barbin": 0, "corr": 0.010235504247248173, "timescale": 6.196869509528227, "rgb": "#000000", "zyx": [3, 65, 36]}