{"p": 0.045, "barbin": 1, "corr": 0.10096468031406403, "timescale": 7.769446274000029, "rgb": "#000000", "zyx": [6, 64, 41]}