{"p": 0.031, "barbin": 0, "corr": 0.058435406535863876, "timescale": 8.583261782061554, "rgb": "#000000", "zyx": [5, 53, 68]}