{"p": 0.77, "barbin": 0, "corr": -0.02317715249955654, "timescale": 6.608577009131222, "rgb": "#000000", "zyx": [6, 81, 59]}