{"p": 0.717, "barbin": 0, "corr": -0.03331330791115761, "timescale": 2.6382022506589577, "rgb": "#000000", "zyx": [14, 59, 26]}