{"p": 0.365, "barbin": 0, "corr": 0.020507557317614555, "timescale": 7.578510137573397, "rgb": "#000000", "zyx": [6, 72, 23]}