{"p": 0.0, "barbin": 4, "corr": 0.26735419034957886, "timescale": 7.4716067731159646, "rgb": "#000000", "zyx": [18, 31, 39]}