{"p": 0.198, "barbin": 0, "corr": 0.05002661049365997, "timescale": 2.6404533525212828, "rgb": "#000000", "zyx": [12, 24, 65]}