{"p": 0.768, "barbin": 0, "corr": -0.03990529477596283, "timescale": 7.988630867089629, "rgb": "#000000", "zyx": [14, 53, 79]}