{"p": 0.539, "barbin": 0, "corr": -0.001788161345757544, "timescale": 5.2776798006697, "rgb": "#000000", "zyx": [2, 83, 45]}