{"p": 0.001, "barbin": 1, "corr": 0.11069606989622116, "timescale": 6.20479418319724, "rgb": "#000000", "zyx": [16, 79, 63]}