{"p": 0.058, "barbin": 0, "corr": 0.09595204889774323, "timescale": 7.096854242797015, "rgb": "#000000", "zyx": [20, 56, 32]}