{"p": 0.0, "barbin": 4, "corr": 0.27615630626678467, "timescale": 7.149427480735885, "rgb": "#000000", "zyx": [25, 54, 39]}