{"p": 0.005, "barbin": 1, "corr": 0.14068850874900818, "timescale": 6.826044440137806, "rgb": "#000000", "zyx": [13, 36, 69]}