{"p": 0.026, "barbin": 1, "corr": 0.12031672894954681, "timescale": 8.17931872205291, "rgb": "#000000", "zyx": [2, 59, 72]}