{"p": 0.009, "barbin": 1, "corr": 0.13801896572113037, "timescale": 6.852643805331859, "rgb": "#000000", "zyx": [23, 44, 43]}