{"p": 0.166, "barbin": 0, "corr": 0.03447534888982773, "timescale": 2.7633641061166445, "rgb": "#000000", "zyx": [11, 64, 40]}