{"p": 0.4, "barbin": 0, "corr": 0.015601134859025478, "timescale": 6.193088662944964, "rgb": "#000000", "zyx": [25, 63, 54]}