{"p": 0.631, "barbin": 0, "corr": -0.019737418740987778, "timescale": 4.20047139109721, "rgb": "#000000", "zyx": [23, 78, 58]}