{"p": 0.235, "barbin": 0, "corr": 0.011569088324904442, "timescale": 5.56812195149887, "rgb": "#000000", "zyx": [5, 85, 45]}