{"p": 0.059, "barbin": 0, "corr": 0.08657748252153397, "timescale": 8.349112052980072, "rgb": "#000000", "zyx": [8, 94, 59]}