{"p": 0.97, "barbin": 0, "corr": -0.11095317453145981, "timescale": 3.5964214892901114, "rgb": "#000000", "zyx": [18, 63, 34]}