{"p": 0.029, "barbin": 1, "corr": 0.1096673533320427, "timescale": 5.0479561143830365, "rgb": "#000000", "zyx": [17, 46, 50]}