{"p": 0.552, "barbin": 0, "corr": -0.003070518607273698, "timescale": 1.8142514990767156, "rgb": "#000000", "zyx": [16, 70, 64]}