{"p": 0.999, "barbin": 0, "corr": -0.17362642288208008, "timescale": 3.6411844644403715, "rgb": "#000000", "zyx": [13, 61, 23]}