{"p": 0.548, "barbin": 0, "corr": -0.004470661282539368, "timescale": 6.523209766927414, "rgb": "#000000", "zyx": [13, 23, 38]}