{"p": 0.358, "barbin": 0, "corr": 0.02103010006248951, "timescale": 6.578566388852929, "rgb": "#000000", "zyx": [21, 81, 58]}