{"p": 0.567, "barbin": 0, "corr": -0.010155106894671917, "timescale": 7.310038402469024, "rgb": "#000000", "zyx": [14, 49, 25]}