{"p": 0.665, "barbin": 0, "corr": -0.023635633289813995, "timescale": 7.711900861462826, "rgb": "#000000", "zyx": [8, 63, 49]}