{"p": 0.393, "barbin": 0, "corr": 0.016958244144916534, "timescale": 5.854283595133527, "rgb": "#000000", "zyx": [9, 54, 80]}