{"p": 0.0, "barbin": 0, "corr": 0.0904298946261406, "timescale": 6.594210730926214, "rgb": "#000000", "zyx": [7, 87, 40]}