{"p": 0.862, "barbin": 0, "corr": -0.03349866345524788, "timescale": 7.6870163780533955, "rgb": "#000000", "zyx": [17, 21, 59]}