{"p": 0.0, "barbin": 4, "corr": 0.34335070848464966, "timescale": 7.547003155990917, "rgb": "#000000", "zyx": [7, 42, 71]}