{"p": 0.54, "barbin": 0, "corr": -0.008174536749720573, "timescale": 4.585283127303601, "rgb": "#000000", "zyx": [13, 32, 61]}