{"p": 0.847, "barbin": 0, "corr": -0.053151194006204605, "timescale": 7.553696589679973, "rgb": "#000000", "zyx": [11, 60, 57]}