{"p": 0.524, "barbin": 0, "corr": -0.001940712332725525, "timescale": 8.584926719849621, "rgb": "#000000", "zyx": [13, 64, 26]}