{"p": 0.122, "barbin": 0, "corr": 0.04515485838055611, "timescale": 6.245770350658593, "rgb": "#000000", "zyx": [5, 76, 64]}