{"p": 0.738, "barbin": 0, "corr": -0.03437519818544388, "timescale": 7.36709730068022, "rgb": "#000000", "zyx": [3, 43, 43]}