{"p": 0.296, "barbin": 0, "corr": 1.364767649647547e-05, "timescale": 7.722778484329132, "rgb": "#000000", "zyx": [9, 50, 61]}