{"p": 0.633, "barbin": 0, "corr": -0.018176738172769547, "timescale": 5.931581544258741, "rgb": "#000000", "zyx": [3, 55, 32]}