{"p": 0.677, "barbin": 0, "corr": -0.030611177906394005, "timescale": 5.584965405096191, "rgb": "#000000", "zyx": [17, 58, 73]}