{"p": 0.003, "barbin": 1, "corr": 0.11765608191490173, "timescale": 6.140657130260205, "rgb": "#000000", "zyx": [5, 67, 30]}