{"p": 0.0, "barbin": 4, "corr": 0.27107569575309753, "timescale": 7.521540140960305, "rgb": "#000000", "zyx": [0, 78, 57]}