{"p": 0.002, "barbin": 1, "corr": 0.1237773522734642, "timescale": 6.7568619867534405, "rgb": "#000000", "zyx": [12, 84, 34]}