{"p": 0.17, "barbin": 0, "corr": 0.056256502866744995, "timescale": 5.687798006971017, "rgb": "#000000", "zyx": [17, 70, 28]}