{"p": 0.068, "barbin": 0, "corr": 0.0693267285823822, "timescale": 5.828861374832065, "rgb": "#000000", "zyx": [1, 70, 72]}