{"p": 0.142, "barbin": 0, "corr": 0.06692562252283096, "timescale": 6.574876038039015, "rgb": "#000000", "zyx": [21, 28, 56]}