{"p": 0.571, "barbin": 0, "corr": -0.01250899862498045, "timescale": 4.954203042572537, "rgb": "#000000", "zyx": [22, 71, 40]}