{"p": 0.0, "barbin": 2, "corr": 0.18679934740066528, "timescale": 7.140414806612291, "rgb": "#000000", "zyx": [22, 47, 69]}