{"p": 0.432, "barbin": 0, "corr": 0.013042202219367027, "timescale": 4.586113860393163, "rgb": "#000000", "zyx": [7, 50, 66]}