{"p": 0.499, "barbin": 0, "corr": -0.0021209614351391792, "timescale": 7.579992024362246, "rgb": "#000000", "zyx": [11, 64, 67]}