{"p": 0.805, "barbin": 0, "corr": -0.048701971769332886, "timescale": 6.422415090943723, "rgb": "#000000", "zyx": [14, 72, 34]}