{"p": 0.601, "barbin": 0, "corr": -0.013341354206204414, "timescale": 4.759827296213952, "rgb": "#000000", "zyx": [23, 69, 70]}