{"p": 0.551, "barbin": 0, "corr": -0.007383005227893591, "timescale": 3.6101878920889323, "rgb": "#000000", "zyx": [11, 35, 34]}