{"p": 0.725, "barbin": 0, "corr": -0.02616133540868759, "timescale": 7.584374212528563, "rgb": "#000000", "zyx": [23, 78, 57]}