{"p": 0.668, "barbin": 0, "corr": -0.023651115596294403, "timescale": 4.278894394920079, "rgb": "#000000", "zyx": [11, 78, 46]}