{"p": 0.088, "barbin": 0, "corr": 0.06901028752326965, "timescale": 6.028903263975249, "rgb": "#000000", "zyx": [26, 60, 59]}