{"p": 0.959, "barbin": 0, "corr": -0.08344466239213943, "timescale": 2.821951573263375, "rgb": "#000000", "zyx": [23, 32, 61]}