{"p": 0.483, "barbin": 0, "corr": 0.0050649624317884445, "timescale": 3.6329665134695643, "rgb": "#000000", "zyx": [4, 73, 58]}