{"p": 0.0, "barbin": 3, "corr": 0.2169286608695984, "timescale": 7.204151842139761, "rgb": "#000000", "zyx": [22, 31, 50]}