{"p": 0.806, "barbin": 0, "corr": -0.0489325225353241, "timescale": 2.715793195484216, "rgb": "#000000", "zyx": [17, 32, 58]}