{"p": 0.175, "barbin": 0, "corr": 0.05487856641411781, "timescale": 6.250965227794813, "rgb": "#000000", "zyx": [17, 75, 54]}