{"p": 0.36, "barbin": 0, "corr": 0.02208741568028927, "timescale": 2.677008775068641, "rgb": "#000000", "zyx": [4, 45, 68]}