{"p": 0.534, "barbin": 0, "corr": -0.002501973882317543, "timescale": 5.585572494461909, "rgb": "#000000", "zyx": [25, 50, 63]}