{"p": 1.0, "barbin": 0, "corr": -0.183832049369812, "timescale": 2.8675275220119727, "rgb": "#000000", "zyx": [15, 28, 67]}