{"p": 0.076, "barbin": 0, "corr": 0.08391516655683517, "timescale": 8.29706946229937, "rgb": "#000000", "zyx": [25, 74, 47]}