{"p": 0.212, "barbin": 0, "corr": 0.028932182118296623, "timescale": 7.069328823985933, "rgb": "#000000", "zyx": [14, 29, 32]}