{"p": 0.79, "barbin": 0, "corr": -0.04538702219724655, "timescale": 8.492554036853926, "rgb": "#000000", "zyx": [4, 57, 74]}