{"p": 0.84, "barbin": 0, "corr": -0.05673864111304283, "timescale": 7.491314712959557, "rgb": "#000000", "zyx": [7, 54, 72]}