{"p": 0.607, "barbin": 0, "corr": -0.001015256391838193, "timescale": 5.211090954409666, "rgb": "#000000", "zyx": [21, 56, 64]}