{"p": 0.46, "barbin": 0, "corr": 0.008731093257665634, "timescale": 6.587031372260545, "rgb": "#000000", "zyx": [14, 52, 80]}