{"p": 0.149, "barbin": 0, "corr": 0.0534302294254303, "timescale": 6.2388596295075125, "rgb": "#000000", "zyx": [4, 75, 31]}