{"p": 0.679, "barbin": 0, "corr": -0.02160320244729519, "timescale": 5.100473941569593, "rgb": "#000000", "zyx": [6, 51, 77]}