{"p": 0.0, "barbin": 4, "corr": 0.26143649220466614, "timescale": 6.59734804126493, "rgb": "#000000", "zyx": [16, 86, 65]}