{"p": 0.256, "barbin": 0, "corr": 0.032034989446401596, "timescale": 5.583464736312327, "rgb": "#000000", "zyx": [6, 79, 64]}