{"p": 0.963, "barbin": 0, "corr": -0.10596591979265213, "timescale": 8.584517416368755, "rgb": "#000000", "zyx": [19, 42, 44]}