{"p": 0.025, "barbin": 0, "corr": 0.09562854468822479, "timescale": 8.169079979730814, "rgb": "#000000", "zyx": [5, 44, 31]}