{"p": 0.234, "barbin": 0, "corr": 0.026890266686677933, "timescale": 3.458107084928966, "rgb": "#000000", "zyx": [0, 86, 64]}