{"p": 0.624, "barbin": 0, "corr": -0.01962818205356598, "timescale": 5.584962500721156, "rgb": "#000000", "zyx": [11, 60, 54]}