{"p": 0.177, "barbin": 0, "corr": 0.0575336255133152, "timescale": 7.515956558491079, "rgb": "#000000", "zyx": [5, 52, 74]}