{"p": 0.672, "barbin": 0, "corr": -0.023081710562109947, "timescale": 6.961122234282798, "rgb": "#000000", "zyx": [21, 57, 29]}