{"p": 0.191, "barbin": 0, "corr": 0.01793837733566761, "timescale": 4.293203238616032, "rgb": "#000000", "zyx": [2, 85, 42]}