{"p": 0.111, "barbin": 0, "corr": 0.07349863648414612, "timescale": 6.797710528015662, "rgb": "#000000", "zyx": [18, 50, 35]}