{"p": 0.119, "barbin": 0, "corr": 0.07018338143825531, "timescale": 8.031960435252193, "rgb": "#000000", "zyx": [17, 67, 71]}