{"p": 0.009, "barbin": 1, "corr": 0.13134357333183289, "timescale": 5.761854501606429, "rgb": "#000000", "zyx": [10, 63, 82]}