{"p": 0.236, "barbin": 0, "corr": 0.040764253586530685, "timescale": 5.873159498415801, "rgb": "#000000", "zyx": [5, 43, 39]}