{"p": 0.864, "barbin": 0, "corr": -0.05820775777101517, "timescale": 3.961176575376907, "rgb": "#000000", "zyx": [8, 44, 40]}