{"p": 0.0, "barbin": 4, "corr": 0.28390535712242126, "timescale": 4.909394277438663, "rgb": "#000000", "zyx": [12, 44, 74]}