{"p": 0.031, "barbin": 1, "corr": 0.1124110072851181, "timescale": 6.861189641790742, "rgb": "#000000", "zyx": [4, 46, 35]}