{"p": 0.074, "barbin": 0, "corr": 0.0164516381919384, "timescale": 2.1170468146430177, "rgb": "#000000", "zyx": [19, 67, 40]}