{"p": 0.095, "barbin": 0, "corr": 0.072910375893116, "timescale": 4.8405017705480455, "rgb": "#000000", "zyx": [19, 59, 46]}