{"p": 0.459, "barbin": 0, "corr": 0.006985986605286598, "timescale": 4.940961999541048, "rgb": "#000000", "zyx": [15, 59, 40]}