{"p": 0.653, "barbin": 0, "corr": -0.02046026661992073, "timescale": 4.584994539065545, "rgb": "#000000", "zyx": [9, 21, 48]}