{"p": 0.174, "barbin": 0, "corr": 0.016687098890542984, "timescale": 4.534365443991027, "rgb": "#000000", "zyx": [15, 30, 36]}