{"p": 0.487, "barbin": 0, "corr": -0.0037970151752233505, "timescale": 5.908224512083773, "rgb": "#000000", "zyx": [12, 74, 64]}