{"p": 0.255, "barbin": 0, "corr": 0.03954387828707695, "timescale": 4.523724181139036, "rgb": "#000000", "zyx": [11, 70, 48]}