{"p": 0.392, "barbin": 0, "corr": 0.011374834924936295, "timescale": 4.160963347050914, "rgb": "#000000", "zyx": [6, 85, 31]}