{"p": 0.142, "barbin": 0, "corr": 0.05612451583147049, "timescale": 7.38538301520851, "rgb": "#000000", "zyx": [8, 46, 24]}