{"p": 1.0, "barbin": 0, "corr": -0.18841509521007538, "timescale": 6.979086182658328, "rgb": "#000000", "zyx": [22, 25, 51]}