{"p": 0.103, "barbin": 0, "corr": 0.05734658241271973, "timescale": 6.002478796249691, "rgb": "#000000", "zyx": [19, 74, 67]}