{"p": 0.005, "barbin": 2, "corr": 0.16129405796527863, "timescale": 5.867943794386562, "rgb": "#000000", "zyx": [10, 57, 64]}