{"p": 0.052, "barbin": 0, "corr": 0.03444813936948776, "timescale": 8.12742837663951, "rgb": "#000000", "zyx": [17, 56, 76]}