{"p": 0.0, "barbin": 2, "corr": 0.15069270133972168, "timescale": 3.900841466231099, "rgb": "#000000", "zyx": [4, 89, 60]}