{"p": 0.339, "barbin": 0, "corr": 0.02710631862282753, "timescale": 7.963866893390342, "rgb": "#000000", "zyx": [7, 47, 38]}