{"p": 0.656, "barbin": 0, "corr": -0.0015432893997058272, "timescale": 7.584962500721156, "rgb": "#000000", "zyx": [13, 78, 41]}