{"p": 0.547, "barbin": 0, "corr": -0.009126458317041397, "timescale": 2.277349700563547, "rgb": "#000000", "zyx": [6, 74, 52]}