{"p": 0.694, "barbin": 0, "corr": -0.028043579310178757, "timescale": 4.925943029640603, "rgb": "#000000", "zyx": [8, 85, 48]}