{"p": 0.799, "barbin": 0, "corr": -0.0495893694460392, "timescale": 4.550266763730101, "rgb": "#000000", "zyx": [14, 33, 51]}