{"p": 0.004, "barbin": 1, "corr": 0.1360262781381607, "timescale": 7.440959190951587, "rgb": "#000000", "zyx": [7, 63, 64]}