{"p": 0.098, "barbin": 0, "corr": 0.07465109974145889, "timescale": 4.598992788222661, "rgb": "#000000", "zyx": [11, 56, 67]}