{"p": 0.05, "barbin": 0, "corr": 0.08711252361536026, "timescale": 6.933557981684049, "rgb": "#000000", "zyx": [12, 79, 71]}