{"p": 0.005, "barbin": 1, "corr": 0.12514863908290863, "timescale": 2.4431245156320838, "rgb": "#000000", "zyx": [20, 60, 72]}