{"p": 0.0, "barbin": 4, "corr": 0.3001106381416321, "timescale": 3.962051561977412, "rgb": "#000000", "zyx": [25, 60, 55]}