{"p": 0.836, "barbin": 0, "corr": -0.05665886402130127, "timescale": 7.2559468191678045, "rgb": "#000000", "zyx": [15, 33, 57]}