{"p": 0.0, "barbin": 4, "corr": 0.2587544620037079, "timescale": 7.494854265401607, "rgb": "#000000", "zyx": [22, 36, 56]}