{"p": 0.001, "barbin": 1, "corr": 0.12005716562271118, "timescale": 4.708624121712178, "rgb": "#000000", "zyx": [8, 88, 53]}