{"p": 0.553, "barbin": 0, "corr": -0.009015927091240883, "timescale": 5.591442911068217, "rgb": "#000000", "zyx": [25, 52, 37]}