{"p": 0.447, "barbin": 0, "corr": 0.00702695595100522, "timescale": 1.6106018694329571, "rgb": "#000000", "zyx": [3, 65, 38]}