{"p": 0.652, "barbin": 0, "corr": -0.02515104040503502, "timescale": 7.5392890133006905, "rgb": "#000000", "zyx": [4, 62, 78]}