{"p": 0.576, "barbin": 0, "corr": -0.009774493984878063, "timescale": 6.586136810013678, "rgb": "#000000", "zyx": [3, 58, 43]}