{"p": 0.68, "barbin": 0, "corr": -0.029164975509047508, "timescale": 7.573170461519778, "rgb": "#000000", "zyx": [9, 36, 69]}