{"p": 0.078, "barbin": 0, "corr": 0.07793857157230377, "timescale": 5.896044485886183, "rgb": "#000000", "zyx": [12, 53, 62]}