{"p": 0.2, "barbin": 0, "corr": 0.03565342351794243, "timescale": 8.229592878396849, "rgb": "#000000", "zyx": [17, 25, 59]}