{"p": 0.705, "barbin": 0, "corr": -0.03156917542219162, "timescale": 6.822119106447981, "rgb": "#000000", "zyx": [11, 56, 32]}