{"p": 0.016, "barbin": 1, "corr": 0.12623196840286255, "timescale": 6.9068284440580365, "rgb": "#000000", "zyx": [9, 51, 75]}