{"p": 0.444, "barbin": 0, "corr": 0.011339482851326466, "timescale": 6.580195310159173, "rgb": "#000000", "zyx": [15, 65, 77]}