{"p": 0.09, "barbin": 0, "corr": 0.05919903516769409, "timescale": 5.101735549614949, "rgb": "#000000", "zyx": [3, 86, 52]}