{"p": 0.769, "barbin": 0, "corr": -0.04035530611872673, "timescale": 3.2518764969042597, "rgb": "#000000", "zyx": [11, 34, 49]}