{"p": 0.643, "barbin": 0, "corr": -0.016125967726111412, "timescale": 2.588436122699489, "rgb": "#000000", "zyx": [19, 47, 44]}