{"p": 0.819, "barbin": 0, "corr": -0.05434402823448181, "timescale": 5.0122211372160645, "rgb": "#000000", "zyx": [1, 87, 35]}