{"p": 0.975, "barbin": 0, "corr": -0.1181202158331871, "timescale": 5.527524660453016, "rgb": "#000000", "zyx": [8, 85, 47]}