{"p": 0.68, "barbin": 0, "corr": -0.027615416795015335, "timescale": 3.549616591429899, "rgb": "#000000", "zyx": [6, 47, 41]}