{"p": 0.259, "barbin": 0, "corr": 0.015646420419216156, "timescale": 4.954400243751307, "rgb": "#000000", "zyx": [19, 68, 71]}