{"p": 0.32, "barbin": 0, "corr": 0.030603190883994102, "timescale": 2.8673036136198586, "rgb": "#000000", "zyx": [9, 77, 35]}