{"p": 0.0, "barbin": 4, "corr": 0.2524852156639099, "timescale": 6.814449455483468, "rgb": "#000000", "zyx": [23, 48, 63]}