{"p": 0.324, "barbin": 0, "corr": 0.030502114444971085, "timescale": 6.666746685864967, "rgb": "#000000", "zyx": [14, 73, 43]}