{"p": 0.573, "barbin": 0, "corr": -0.0052499668672680855, "timescale": 5.729047815818611, "rgb": "#000000", "zyx": [4, 77, 62]}