{"p": 0.416, "barbin": 0, "corr": 0.0007141812820918858, "timescale": 3.5849756109322244, "rgb": "#000000", "zyx": [3, 82, 73]}