{"p": 0.0, "barbin": 3, "corr": 0.24178406596183777, "timescale": 6.027449019051709, "rgb": "#000000", "zyx": [13, 50, 31]}