{"p": 0.671, "barbin": 0, "corr": -0.02698233164846897, "timescale": 5.483316943254569, "rgb": "#000000", "zyx": [9, 33, 59]}