{"p": 0.268, "barbin": 0, "corr": 0.032628171145915985, "timescale": 6.574680086285926, "rgb": "#000000", "zyx": [22, 43, 67]}