{"p": 0.462, "barbin": 0, "corr": 0.004138968884944916, "timescale": 5.701829196937916, "rgb": "#000000", "zyx": [2, 74, 73]}