{"p": 0.439, "barbin": 0, "corr": 0.010767849162220955, "timescale": 6.584958600003624, "rgb": "#000000", "zyx": [22, 41, 58]}