{"p": 0.043, "barbin": 0, "corr": 0.09483259916305542, "timescale": 6.064113013023512, "rgb": "#000000", "zyx": [11, 36, 51]}