{"p": 0.684, "barbin": 0, "corr": -0.012981454841792583, "timescale": 6.357238488626396, "rgb": "#000000", "zyx": [7, 76, 78]}