{"p": 0.01, "barbin": 1, "corr": 0.13122090697288513, "timescale": 4.5301548606324005, "rgb": "#000000", "zyx": [8, 86, 45]}