{"p": 0.334, "barbin": 0, "corr": 0.02650083415210247, "timescale": 5.256051237150004, "rgb": "#000000", "zyx": [6, 57, 43]}