{"p": 0.427, "barbin": 0, "corr": 0.013383361510932446, "timescale": 4.461749657185618, "rgb": "#000000", "zyx": [21, 35, 67]}