{"p": 0.143, "barbin": 0, "corr": 0.046805232763290405, "timescale": 3.620335073667836, "rgb": "#000000", "zyx": [12, 23, 69]}