{"p": 0.741, "barbin": 0, "corr": -0.02914408966898918, "timescale": 2.5850162801119083, "rgb": "#000000", "zyx": [14, 68, 61]}