{"p": 0.011, "barbin": 1, "corr": 0.1291118860244751, "timescale": 6.695856955960891, "rgb": "#000000", "zyx": [14, 69, 54]}