{"p": 0.592, "barbin": 0, "corr": -0.010668070055544376, "timescale": 7.66029671973948, "rgb": "#000000", "zyx": [4, 56, 23]}