{"p": 0.0, "barbin": 4, "corr": 0.2541114091873169, "timescale": 5.7021016574832935, "rgb": "#000000", "zyx": [10, 70, 73]}