{"p": 0.079, "barbin": 0, "corr": 0.07124688476324081, "timescale": 5.4067292694904125, "rgb": "#000000", "zyx": [2, 76, 70]}