{"p": 0.805, "barbin": 0, "corr": -0.006979678757488728, "timescale": 7.584884046020054, "rgb": "#000000", "zyx": [16, 46, 38]}