{"p": 0.878, "barbin": 0, "corr": -0.059009063988924026, "timescale": 4.672056738349255, "rgb": "#000000", "zyx": [23, 77, 50]}