{"p": 0.861, "barbin": 0, "corr": -0.06895890086889267, "timescale": 4.52017478195565, "rgb": "#000000", "zyx": [16, 87, 65]}