{"p": 0.0, "barbin": 2, "corr": 0.15139906108379364, "timescale": 4.814084842002527, "rgb": "#000000", "zyx": [8, 72, 28]}