{"p": 0.696, "barbin": 0, "corr": -0.03171185404062271, "timescale": 1.7884386309104603, "rgb": "#000000", "zyx": [12, 61, 40]}