{"p": 0.948, "barbin": 0, "corr": -0.0749676302075386, "timescale": 6.063866810702006, "rgb": "#000000", "zyx": [6, 86, 73]}