{"p": 0.0, "barbin": 3, "corr": 0.24237927794456482, "timescale": 6.497939053153739, "rgb": "#000000", "zyx": [8, 50, 73]}