{"p": 0.0, "barbin": 4, "corr": 0.3163395822048187, "timescale": 7.057223021225468, "rgb": "#000000", "zyx": [20, 43, 68]}