{"p": 0.325, "barbin": 0, "corr": 0.02567168138921261, "timescale": 7.52150124606842, "rgb": "#000000", "zyx": [20, 46, 60]}