{"p": 0.0, "barbin": 3, "corr": 0.202097088098526, "timescale": 6.637181692304316, "rgb": "#000000", "zyx": [14, 74, 53]}