{"p": 0.873, "barbin": 0, "corr": -0.06907624006271362, "timescale": 2.3903650621494865, "rgb": "#000000", "zyx": [8, 68, 39]}