{"p": 0.741, "barbin": 0, "corr": -0.02934851497411728, "timescale": 2.0864463141367673, "rgb": "#000000", "zyx": [3, 76, 52]}