{"p": 0.0, "barbin": 3, "corr": 0.21528838574886322, "timescale": 4.796979675713882, "rgb": "#000000", "zyx": [15, 37, 73]}