{"p": 0.01, "barbin": 1, "corr": 0.14017827808856964, "timescale": 5.111177281637334, "rgb": "#000000", "zyx": [13, 62, 78]}