{"p": 0.172, "barbin": 0, "corr": 0.053514376282691956, "timescale": 7.327578938808674, "rgb": "#000000", "zyx": [13, 23, 57]}