{"p": 0.0, "barbin": 0, "corr": 0.0982653945684433, "timescale": 3.0651143515579955, "rgb": "#000000", "zyx": [3, 87, 38]}