{"p": 0.356, "barbin": 0, "corr": 0.00820736400783062, "timescale": 7.170346206070378, "rgb": "#000000", "zyx": [2, 57, 71]}