{"p": 0.184, "barbin": 0, "corr": 0.03176933899521828, "timescale": 3.3371417258725886, "rgb": "#000000", "zyx": [6, 78, 62]}