{"p": 0.332, "barbin": 0, "corr": 0.018298327922821045, "timescale": 6.768626601598817, "rgb": "#000000", "zyx": [5, 79, 69]}