{"p": 0.525, "barbin": 0, "corr": -0.0006679893704131246, "timescale": 4.59587551303078, "rgb": "#000000", "zyx": [23, 77, 61]}