{"p": 0.031, "barbin": 1, "corr": 0.10487562417984009, "timescale": 7.308963035204327, "rgb": "#000000", "zyx": [11, 41, 75]}