{"p": 0.244, "barbin": 0, "corr": 0.034245993942022324, "timescale": 6.2428990658333126, "rgb": "#000000", "zyx": [13, 83, 63]}