{"p": 0.0, "barbin": 3, "corr": 0.21258215606212616, "timescale": 6.949491525884816, "rgb": "#000000", "zyx": [13, 41, 29]}