{"p": 0.023, "barbin": 1, "corr": 0.11420368403196335, "timescale": 4.99581889651528, "rgb": "#000000", "zyx": [6, 73, 28]}