{"p": 0.009, "barbin": 0, "corr": 0.07218854129314423, "timescale": 6.756794040684103, "rgb": "#000000", "zyx": [9, 75, 52]}