{"p": 0.961, "barbin": 0, "corr": -0.10485278069972992, "timescale": 5.584962500721188, "rgb": "#000000", "zyx": [18, 32, 42]}