{"p": 0.583, "barbin": 0, "corr": -0.014469684101641178, "timescale": 3.5852330186248085, "rgb": "#000000", "zyx": [11, 64, 74]}