{"p": 0.169, "barbin": 0, "corr": 0.05957535654306412, "timescale": 6.307133921925249, "rgb": "#000000", "zyx": [14, 67, 39]}