{"p": 0.021, "barbin": 1, "corr": 0.10790950059890747, "timescale": 3.8406089688224787, "rgb": "#000000", "zyx": [17, 67, 39]}