{"p": 0.106, "barbin": 0, "corr": 0.073655866086483, "timescale": 5.567993035396421, "rgb": "#000000", "zyx": [13, 49, 63]}