{"p": 0.496, "barbin": 0, "corr": -0.0010180782992392778, "timescale": 7.550281684430079, "rgb": "#000000", "zyx": [17, 56, 66]}