{"p": 0.007, "barbin": 1, "corr": 0.14188547432422638, "timescale": 6.941534000991951, "rgb": "#000000", "zyx": [3, 82, 29]}