{"p": 0.375, "barbin": 0, "corr": 0.01837926171720028, "timescale": 4.498225587723786, "rgb": "#000000", "zyx": [13, 48, 77]}