{"p": 0.576, "barbin": 0, "corr": -0.008727183565497398, "timescale": 8.469015813105575, "rgb": "#000000", "zyx": [16, 64, 48]}