{"p": 0.006, "barbin": 1, "corr": 0.13538382947444916, "timescale": 5.931408244714334, "rgb": "#000000", "zyx": [9, 70, 72]}