{"p": 0.645, "barbin": 0, "corr": -0.025162048637866974, "timescale": 2.899176060166359, "rgb": "#000000", "zyx": [6, 37, 54]}