{"p": 0.537, "barbin": 0, "corr": -0.0055672284215688705, "timescale": 5.285083436005572, "rgb": "#000000", "zyx": [24, 70, 65]}