{"p": 0.01, "barbin": 1, "corr": 0.13820233941078186, "timescale": 6.434454329849696, "rgb": "#000000", "zyx": [14, 75, 76]}