{"p": 0.493, "barbin": 0, "corr": -0.0012852889485657215, "timescale": 5.697238208907829, "rgb": "#000000", "zyx": [7, 81, 45]}