{"p": 0.842, "barbin": 0, "corr": -0.05826624110341072, "timescale": 5.225891927293302, "rgb": "#000000", "zyx": [11, 61, 70]}