{"p": 0.109, "barbin": 0, "corr": 0.0739424079656601, "timescale": 4.258463784348366, "rgb": "#000000", "zyx": [13, 87, 61]}