{"p": 0.344, "barbin": 0, "corr": 0.025607379153370857, "timescale": 2.524358946194334, "rgb": "#000000", "zyx": [11, 64, 54]}