{"p": 0.95, "barbin": 0, "corr": -0.09959938377141953, "timescale": 2.5640537282440854, "rgb": "#000000", "zyx": [15, 43, 41]}