{"p": 0.108, "barbin": 0, "corr": 0.0643049031496048, "timescale": 7.735081718352091, "rgb": "#000000", "zyx": [11, 22, 38]}