{"p": 0.0, "barbin": 4, "corr": 0.32602787017822266, "timescale": 5.681190969844071, "rgb": "#000000", "zyx": [10, 69, 35]}