{"p": 0.317, "barbin": 0, "corr": 0.02494250237941742, "timescale": 7.044240633802748, "rgb": "#000000", "zyx": [10, 43, 63]}