{"p": 0.119, "barbin": 0, "corr": 0.06955821812152863, "timescale": 7.010519777344527, "rgb": "#000000", "zyx": [3, 91, 61]}