{"p": 0.84, "barbin": 0, "corr": -0.03435549885034561, "timescale": 6.026398793994202, "rgb": "#000000", "zyx": [8, 49, 54]}