{"p": 0.789, "barbin": 0, "corr": -0.046130333095788956, "timescale": 2.0253165425115727, "rgb": "#000000", "zyx": [8, 68, 71]}