{"p": 0.502, "barbin": 0, "corr": -0.0017696445574983954, "timescale": 7.584962500721156, "rgb": "#000000", "zyx": [14, 30, 74]}