{"p": 0.003, "barbin": 2, "corr": 0.1708712875843048, "timescale": 6.863881979891207, "rgb": "#000000", "zyx": [19, 44, 69]}