{"p": 0.382, "barbin": 0, "corr": 0.01871281862258911, "timescale": 6.5898796879476444, "rgb": "#000000", "zyx": [15, 39, 66]}