{"p": 0.454, "barbin": 0, "corr": 0.00817579310387373, "timescale": 6.783205307042817, "rgb": "#000000", "zyx": [10, 17, 48]}