{"p": 0.678, "barbin": 0, "corr": -0.025345826521515846, "timescale": 1.5853922111231076, "rgb": "#000000", "zyx": [14, 58, 32]}