{"p": 0.823, "barbin": 0, "corr": -0.019236603751778603, "timescale": 8.33445155733706, "rgb": "#000000", "zyx": [7, 50, 58]}