{"p": 0.675, "barbin": 0, "corr": -0.026718292385339737, "timescale": 2.5849627029647433, "rgb": "#000000", "zyx": [1, 78, 51]}