{"p": 0.696, "barbin": 0, "corr": -0.02131512574851513, "timescale": 2.1261730775587493, "rgb": "#000000", "zyx": [9, 66, 82]}