{"p": 0.281, "barbin": 0, "corr": 0.022475864738225937, "timescale": 7.317363219372155, "rgb": "#000000", "zyx": [12, 64, 80]}