{"p": 0.51, "barbin": 0, "corr": 0.0004560239613056183, "timescale": 4.103812761135572, "rgb": "#000000", "zyx": [5, 60, 67]}