{"p": 0.035, "barbin": 1, "corr": 0.10621777176856995, "timescale": 1.5867293485949991, "rgb": "#000000", "zyx": [5, 39, 72]}