{"p": 0.224, "barbin": 0, "corr": 0.04487169533967972, "timescale": 7.122868633006691, "rgb": "#000000", "zyx": [8, 40, 67]}