{"p": 0.221, "barbin": 0, "corr": 0.02286170981824398, "timescale": 6.538256772339785, "rgb": "#000000", "zyx": [12, 51, 65]}