{"p": 0.382, "barbin": 0, "corr": 0.0071475631557404995, "timescale": 5.585001986653968, "rgb": "#000000", "zyx": [15, 70, 32]}