{"p": 0.638, "barbin": 0, "corr": -0.016204221174120903, "timescale": 6.580875250010622, "rgb": "#000000", "zyx": [9, 38, 33]}