{"p": 0.03, "barbin": 0, "corr": 0.0506870374083519, "timescale": 6.594728300790542, "rgb": "#000000", "zyx": [4, 56, 37]}