{"p": 0.439, "barbin": 0, "corr": 0.008277449756860733, "timescale": 8.579481945271738, "rgb": "#000000", "zyx": [8, 91, 66]}