{"p": 0.999, "barbin": 0, "corr": -0.1760273575782776, "timescale": 7.118371598096635, "rgb": "#000000", "zyx": [12, 39, 69]}