{"p": 0.116, "barbin": 0, "corr": 0.07386026531457901, "timescale": 6.587505366374503, "rgb": "#000000", "zyx": [18, 52, 61]}