{"p": 0.168, "barbin": 0, "corr": 0.0481271892786026, "timescale": 7.591210734571621, "rgb": "#000000", "zyx": [9, 50, 46]}