{"p": 0.87, "barbin": 0, "corr": -0.0068289050832390785, "timescale": 8.584962500721156, "rgb": "#000000", "zyx": [11, 38, 51]}