{"p": 0.0, "barbin": 4, "corr": 0.37798503041267395, "timescale": 6.359646563024741, "rgb": "#000000", "zyx": [9, 68, 26]}