{"p": 0.999, "barbin": 0, "corr": -0.1840001344680786, "timescale": 2.634336159240891, "rgb": "#000000", "zyx": [18, 37, 29]}