{"p": 0.002, "barbin": 2, "corr": 0.18927189707756042, "timescale": 7.475060981143294, "rgb": "#000000", "zyx": [13, 41, 30]}