{"p": 0.547, "barbin": 0, "corr": -0.005571084097027779, "timescale": 5.954073660370533, "rgb": "#000000", "zyx": [4, 39, 61]}