{"p": 0.939, "barbin": 0, "corr": -0.08475726842880249, "timescale": 4.529629553643402, "rgb": "#000000", "zyx": [12, 69, 30]}