{"p": 0.169, "barbin": 0, "corr": 0.04071515053510666, "timescale": 5.019536915331576, "rgb": "#000000", "zyx": [18, 52, 54]}