{"p": 0.692, "barbin": 0, "corr": -0.030124057084321976, "timescale": 8.012178522705772, "rgb": "#000000", "zyx": [7, 48, 53]}