{"p": 0.0, "barbin": 0, "corr": 0.06589482724666595, "timescale": 4.10453494131127, "rgb": "#000000", "zyx": [10, 91, 56]}