{"p": 0.309, "barbin": 0, "corr": 0.027389205992221832, "timescale": 5.227143440580219, "rgb": "#000000", "zyx": [17, 25, 55]}