{"p": 0.541, "barbin": 0, "corr": -0.007053488865494728, "timescale": 6.648189724174559, "rgb": "#000000", "zyx": [8, 65, 74]}