{"p": 0.0, "barbin": 4, "corr": 0.301480770111084, "timescale": 5.79199040986102, "rgb": "#000000", "zyx": [12, 62, 31]}