{"p": 0.044, "barbin": 0, "corr": 0.05144713073968887, "timescale": 2.7635041762125274, "rgb": "#000000", "zyx": [26, 62, 56]}