{"p": 0.861, "barbin": 0, "corr": -0.061726562678813934, "timescale": 1.660886645472051, "rgb": "#000000", "zyx": [17, 71, 62]}