{"p": 0.0, "barbin": 2, "corr": 0.1951180398464203, "timescale": 6.9846922940809755, "rgb": "#000000", "zyx": [12, 90, 47]}