{"p": 0.234, "barbin": 0, "corr": 0.01466614380478859, "timescale": 6.748265124282314, "rgb": "#000000", "zyx": [8, 33, 32]}