{"p": 0.173, "barbin": 0, "corr": 0.05403552204370499, "timescale": 6.993077141712872, "rgb": "#000000", "zyx": [12, 84, 65]}