{"p": 0.027, "barbin": 0, "corr": 0.06407853215932846, "timescale": 8.540584098572237, "rgb": "#000000", "zyx": [18, 66, 57]}