{"p": 0.435, "barbin": 0, "corr": 0.007705089636147022, "timescale": 1.5849627833620807, "rgb": "#000000", "zyx": [5, 34, 58]}