{"p": 0.425, "barbin": 0, "corr": 0.0073402030393481255, "timescale": 7.72301306186227, "rgb": "#000000", "zyx": [17, 25, 60]}