{"p": 0.836, "barbin": 0, "corr": -0.053953226655721664, "timescale": 6.0025775536667885, "rgb": "#000000", "zyx": [8, 45, 37]}