{"p": 0.129, "barbin": 0, "corr": 0.06799301505088806, "timescale": 6.682570457531033, "rgb": "#000000", "zyx": [21, 29, 56]}