{"p": 0.728, "barbin": 0, "corr": -0.04280080273747444, "timescale": 7.584912638278603, "rgb": "#000000", "zyx": [8, 39, 74]}