{"p": 0.434, "barbin": 0, "corr": 0.007677414454519749, "timescale": 4.584627450487083, "rgb": "#000000", "zyx": [14, 76, 37]}