{"p": 0.183, "barbin": 0, "corr": 0.05336993187665939, "timescale": 1.6016804162851312, "rgb": "#000000", "zyx": [18, 53, 63]}