{"p": 0.372, "barbin": 0, "corr": 0.019166717305779457, "timescale": 2.7534221785905704, "rgb": "#000000", "zyx": [4, 57, 75]}