{"p": 0.363, "barbin": 0, "corr": 0.016335291787981987, "timescale": 5.4827029287908715, "rgb": "#000000", "zyx": [24, 38, 40]}