{"p": 0.39, "barbin": 0, "corr": 0.020373666658997536, "timescale": 6.585404076733624, "rgb": "#000000", "zyx": [15, 23, 52]}