{"p": 0.0, "barbin": 3, "corr": 0.23744206130504608, "timescale": 6.8437605338546375, "rgb": "#000000", "zyx": [16, 87, 57]}