{"p": 0.089, "barbin": 0, "corr": 0.08000073581933975, "timescale": 4.719758000879997, "rgb": "#000000", "zyx": [26, 70, 44]}