{"p": 0.558, "barbin": 0, "corr": -0.010278887115418911, "timescale": 3.393599886077707, "rgb": "#000000", "zyx": [3, 75, 30]}