{"p": 0.336, "barbin": 0, "corr": 0.014799605123698711, "timescale": 1.585817815631834, "rgb": "#000000", "zyx": [5, 94, 62]}