{"p": 0.725, "barbin": 0, "corr": -0.02342921309173107, "timescale": 7.573130327308995, "rgb": "#000000", "zyx": [22, 69, 44]}