{"p": 0.0, "barbin": 4, "corr": 0.4000740945339203, "timescale": 7.340118395540537, "rgb": "#000000", "zyx": [20, 30, 59]}