{"p": 0.0, "barbin": 3, "corr": 0.20664532482624054, "timescale": 7.293357309570236, "rgb": "#000000", "zyx": [15, 78, 67]}