{"p": 0.978, "barbin": 0, "corr": -0.1047256737947464, "timescale": 1.584962500721156, "rgb": "#000000", "zyx": [8, 43, 54]}