{"p": 0.082, "barbin": 0, "corr": 0.08567583560943604, "timescale": 7.5507513531855865, "rgb": "#000000", "zyx": [24, 37, 61]}