{"p": 0.222, "barbin": 0, "corr": 0.029168449342250824, "timescale": 5.139895619831769, "rgb": "#000000", "zyx": [19, 60, 30]}