{"p": 0.761, "barbin": 0, "corr": -0.035374004393815994, "timescale": 6.57038893701126, "rgb": "#000000", "zyx": [8, 44, 48]}