{"p": 0.008, "barbin": 0, "corr": 0.07217422127723694, "timescale": 5.415922480077329, "rgb": "#000000", "zyx": [4, 69, 68]}