{"p": 0.428, "barbin": 0, "corr": 0.014025473967194557, "timescale": 7.5527879439767664, "rgb": "#000000", "zyx": [17, 61, 24]}