{"p": 0.644, "barbin": 0, "corr": -0.030165979638695717, "timescale": 8.461230214740846, "rgb": "#000000", "zyx": [14, 70, 37]}