{"p": 0.612, "barbin": 0, "corr": -0.012186434119939804, "timescale": 5.6100712320831825, "rgb": "#000000", "zyx": [5, 80, 27]}