{"p": 0.306, "barbin": 0, "corr": 0.015995092689990997, "timescale": 4.0320300817212145, "rgb": "#000000", "zyx": [15, 76, 42]}