{"p": 0.519, "barbin": 0, "corr": -0.002745189471170306, "timescale": 6.691185802061131, "rgb": "#000000", "zyx": [26, 56, 65]}