{"p": 0.175, "barbin": 0, "corr": 0.057118646800518036, "timescale": 5.183595541092727, "rgb": "#000000", "zyx": [17, 72, 73]}