{"p": 0.0, "barbin": 4, "corr": 0.2957303822040558, "timescale": 5.441971899064571, "rgb": "#000000", "zyx": [14, 48, 29]}