{"p": 0.093, "barbin": 0, "corr": 0.048554882407188416, "timescale": 5.975112521216771, "rgb": "#000000", "zyx": [19, 61, 66]}