{"p": 0.212, "barbin": 0, "corr": 0.04828200489282608, "timescale": 5.775199371712263, "rgb": "#000000", "zyx": [14, 51, 29]}