{"p": 0.005, "barbin": 1, "corr": 0.14978009462356567, "timescale": 8.192465348939256, "rgb": "#000000", "zyx": [23, 36, 53]}