{"p": 0.281, "barbin": 0, "corr": 0.0339464396238327, "timescale": 8.19068792352592, "rgb": "#000000", "zyx": [3, 85, 56]}