{"p": 0.853, "barbin": 0, "corr": -0.06505059450864792, "timescale": 5.579015190855667, "rgb": "#000000", "zyx": [14, 81, 32]}