{"p": 0.581, "barbin": 0, "corr": -0.011902408674359322, "timescale": 3.060062293997886, "rgb": "#000000", "zyx": [2, 62, 68]}