{"p": 0.825, "barbin": 0, "corr": -0.0350857637822628, "timescale": 4.909266391170847, "rgb": "#000000", "zyx": [7, 66, 30]}