{"p": 0.359, "barbin": 0, "corr": 0.018852120265364647, "timescale": 3.1282812649951643, "rgb": "#000000", "zyx": [8, 29, 56]}