{"p": 0.434, "barbin": 0, "corr": 0.009791003540158272, "timescale": 6.3894971569787105, "rgb": "#000000", "zyx": [17, 51, 63]}