{"p": 0.0, "barbin": 3, "corr": 0.2499680370092392, "timescale": 5.518676100939508, "rgb": "#000000", "zyx": [13, 68, 78]}