{"p": 0.068, "barbin": 0, "corr": 0.0701073482632637, "timescale": 5.539742329129599, "rgb": "#000000", "zyx": [19, 31, 50]}