{"p": 0.027, "barbin": 0, "corr": 0.09867798537015915, "timescale": 6.888507757077929, "rgb": "#000000", "zyx": [8, 65, 43]}