{"p": 0.756, "barbin": 0, "corr": -0.036226384341716766, "timescale": 2.6332780981828714, "rgb": "#000000", "zyx": [11, 32, 37]}