{"p": 0.001, "barbin": 3, "corr": 0.22402046620845795, "timescale": 6.753218439561611, "rgb": "#000000", "zyx": [5, 66, 79]}