{"p": 0.002, "barbin": 0, "corr": 0.04974764585494995, "timescale": 3.923311632418818, "rgb": "#000000", "zyx": [2, 83, 38]}