{"p": 0.007, "barbin": 0, "corr": 0.04468831047415733, "timescale": 2.7274302395980348, "rgb": "#000000", "zyx": [5, 73, 38]}