{"p": 0.05, "barbin": 1, "corr": 0.1087818294763565, "timescale": 6.585075282231309, "rgb": "#000000", "zyx": [26, 46, 40]}