{"p": 0.108, "barbin": 0, "corr": 0.07571938633918762, "timescale": 7.318725295583052, "rgb": "#000000", "zyx": [15, 82, 53]}