{"p": 0.159, "barbin": 0, "corr": 0.05514706298708916, "timescale": 6.406541376005254, "rgb": "#000000", "zyx": [21, 74, 42]}