{"p": 0.939, "barbin": 0, "corr": -0.0886373296380043, "timescale": 5.673893000722989, "rgb": "#000000", "zyx": [4, 50, 55]}