{"p": 0.253, "barbin": 0, "corr": 0.039941903203725815, "timescale": 2.5891827377638865, "rgb": "#000000", "zyx": [1, 90, 51]}