{"p": 0.002, "barbin": 1, "corr": 0.14592503011226654, "timescale": 7.070063089479727, "rgb": "#000000", "zyx": [23, 53, 39]}