{"p": 0.89, "barbin": 0, "corr": -0.022883502766489983, "timescale": 4.086890996633782, "rgb": "#000000", "zyx": [12, 28, 45]}