{"p": 0.366, "barbin": 0, "corr": 0.01845070719718933, "timescale": 7.432445831693382, "rgb": "#000000", "zyx": [4, 71, 28]}