{"p": 0.189, "barbin": 0, "corr": 0.0068778665736317635, "timescale": 1.6072906836147824, "rgb": "#000000", "zyx": [12, 47, 36]}