{"p": 0.572, "barbin": 0, "corr": -0.010615577921271324, "timescale": 2.994028368242104, "rgb": "#000000", "zyx": [9, 77, 44]}