{"p": 0.572, "barbin": 0, "corr": -0.012849787250161171, "timescale": 4.554455067179033, "rgb": "#000000", "zyx": [16, 66, 58]}