{"p": 0.044, "barbin": 0, "corr": 0.09396854788064957, "timescale": 6.5841064562549425, "rgb": "#000000", "zyx": [22, 43, 45]}