{"p": 0.997, "barbin": 0, "corr": -0.1573585867881775, "timescale": 3.8928258283517834, "rgb": "#000000", "zyx": [7, 78, 57]}