{"p": 0.13, "barbin": 0, "corr": 0.049775417894124985, "timescale": 4.602290532642449, "rgb": "#000000", "zyx": [7, 88, 68]}