{"p": 0.681, "barbin": 0, "corr": -0.02882843278348446, "timescale": 7.454235349309913, "rgb": "#000000", "zyx": [13, 18, 59]}