{"p": 0.77, "barbin": 0, "corr": -0.04560232535004616, "timescale": 6.4491430854449145, "rgb": "#000000", "zyx": [9, 36, 59]}