{"p": 0.496, "barbin": 0, "corr": 0.005808110814541578, "timescale": 7.457018047843649, "rgb": "#000000", "zyx": [3, 62, 72]}