{"p": 0.029, "barbin": 0, "corr": 0.06661312282085419, "timescale": 7.066628324262575, "rgb": "#000000", "zyx": [10, 47, 29]}