{"p": 0.827, "barbin": 0, "corr": -0.05312638357281685, "timescale": 4.049459816279001, "rgb": "#000000", "zyx": [8, 33, 68]}