{"p": 0.414, "barbin": 0, "corr": 0.006867917254567146, "timescale": 3.91281710349483, "rgb": "#000000", "zyx": [8, 87, 59]}