{"p": 0.001, "barbin": 2, "corr": 0.16255737841129303, "timescale": 6.788386953339791, "rgb": "#000000", "zyx": [11, 85, 52]}