{"p": 0.04, "barbin": 0, "corr": 0.07046177238225937, "timescale": 1.5888249930923328, "rgb": "#000000", "zyx": [16, 83, 62]}