{"p": 0.28, "barbin": 0, "corr": 0.009210102260112762, "timescale": 8.584776136917231, "rgb": "#000000", "zyx": [9, 76, 64]}