{"p": 0.475, "barbin": 0, "corr": -0.0011375881731510162, "timescale": 2.591060354005935, "rgb": "#000000", "zyx": [17, 63, 33]}