{"p": 0.002, "barbin": 0, "corr": 0.06845036894083023, "timescale": 5.493642507116178, "rgb": "#000000", "zyx": [5, 77, 33]}