{"p": 0.715, "barbin": 0, "corr": -0.007356447633355856, "timescale": 3.6696075965813755, "rgb": "#000000", "zyx": [25, 63, 41]}