{"p": 0.331, "barbin": 0, "corr": 0.021598845720291138, "timescale": 4.905455950813256, "rgb": "#000000", "zyx": [9, 47, 46]}