{"p": 0.012, "barbin": 1, "corr": 0.12534865736961365, "timescale": 6.440120004292565, "rgb": "#000000", "zyx": [9, 48, 70]}