{"p": 0.0, "barbin": 3, "corr": 0.21064668893814087, "timescale": 5.19003967208498, "rgb": "#000000", "zyx": [18, 51, 68]}