{"p": 0.62, "barbin": 0, "corr": -0.013908051885664463, "timescale": 4.643837672809866, "rgb": "#000000", "zyx": [17, 74, 48]}