{"p": 0.0, "barbin": 1, "corr": 0.14099813997745514, "timescale": 2.393463993962565, "rgb": "#000000", "zyx": [12, 63, 30]}