{"p": 0.714, "barbin": 0, "corr": -0.03588835522532463, "timescale": 7.541444424875184, "rgb": "#000000", "zyx": [20, 66, 49]}