{"p": 0.612, "barbin": 0, "corr": -0.0035173341166228056, "timescale": 7.495185671978931, "rgb": "#000000", "zyx": [17, 39, 43]}