{"p": 0.994, "barbin": 0, "corr": -0.11549990624189377, "timescale": 2.755922031440757, "rgb": "#000000", "zyx": [4, 46, 69]}