{"p": 0.491, "barbin": 0, "corr": 0.0014585256576538086, "timescale": 8.290701222795485, "rgb": "#000000", "zyx": [7, 36, 42]}