{"p": 0.039, "barbin": 0, "corr": 0.009642177261412144, "timescale": 3.760377946923367, "rgb": "#000000", "zyx": [19, 54, 51]}