{"p": 0.181, "barbin": 0, "corr": 0.04813544824719429, "timescale": 6.155060129982127, "rgb": "#000000", "zyx": [18, 70, 36]}