{"p": 0.984, "barbin": 0, "corr": -0.10605066269636154, "timescale": 1.584998445448951, "rgb": "#000000", "zyx": [4, 42, 29]}