{"p": 0.586, "barbin": 0, "corr": -0.010714336298406124, "timescale": 2.1531172516423944, "rgb": "#000000", "zyx": [20, 64, 59]}