{"p": 0.277, "barbin": 0, "corr": 0.03432460501790047, "timescale": 2.592094302453559, "rgb": "#000000", "zyx": [12, 62, 79]}