{"p": 0.502, "barbin": 0, "corr": -0.0002473356435075402, "timescale": 5.49255873605812, "rgb": "#000000", "zyx": [10, 45, 61]}