{"p": 0.697, "barbin": 0, "corr": -0.028917919844388962, "timescale": 5.583779004768534, "rgb": "#000000", "zyx": [21, 51, 73]}