{"p": 0.165, "barbin": 0, "corr": 0.061972685158252716, "timescale": 5.884572283193176, "rgb": "#000000", "zyx": [14, 31, 27]}