{"p": 0.097, "barbin": 0, "corr": 0.0747276321053505, "timescale": 7.305470366323218, "rgb": "#000000", "zyx": [8, 44, 60]}