{"p": 0.874, "barbin": 0, "corr": -0.06993774324655533, "timescale": 3.25337178499823, "rgb": "#000000", "zyx": [3, 57, 36]}