{"p": 0.825, "barbin": 0, "corr": -0.05763428658246994, "timescale": 2.6026235781663196, "rgb": "#000000", "zyx": [11, 66, 60]}