{"p": 0.185, "barbin": 0, "corr": 0.04359108954668045, "timescale": 7.631899273515233, "rgb": "#000000", "zyx": [1, 69, 29]}