{"p": 0.209, "barbin": 0, "corr": 0.04848025366663933, "timescale": 4.585338166543176, "rgb": "#000000", "zyx": [5, 38, 60]}