{"p": 0.589, "barbin": 0, "corr": -0.004425473045557737, "timescale": 5.32243011109617, "rgb": "#000000", "zyx": [14, 64, 48]}