{"p": 0.276, "barbin": 0, "corr": 0.0218911562114954, "timescale": 2.5897756701341947, "rgb": "#000000", "zyx": [8, 78, 55]}