{"p": 0.503, "barbin": 0, "corr": 0.0026139956898987293, "timescale": 5.194216517253355, "rgb": "#000000", "zyx": [18, 42, 40]}