{"p": 0.054, "barbin": 0, "corr": 0.0936487540602684, "timescale": 2.6121096033257465, "rgb": "#000000", "zyx": [10, 24, 54]}