{"p": 0.252, "barbin": 0, "corr": 0.031071661040186882, "timescale": 6.29596714071509, "rgb": "#000000", "zyx": [10, 45, 65]}