{"p": 0.516, "barbin": 0, "corr": -0.0069337873719632626, "timescale": 8.24352783044436, "rgb": "#000000", "zyx": [11, 61, 65]}