{"p": 0.406, "barbin": 0, "corr": 0.01151164248585701, "timescale": 7.4338478543551245, "rgb": "#000000", "zyx": [13, 20, 51]}