{"p": 0.24, "barbin": 0, "corr": 0.04367416724562645, "timescale": 1.589121176637489, "rgb": "#000000", "zyx": [6, 70, 64]}