{"p": 0.004, "barbin": 0, "corr": 0.07770276814699173, "timescale": 5.5809182487934805, "rgb": "#000000", "zyx": [13, 87, 38]}