{"p": 0.493, "barbin": 0, "corr": 0.00119596510194242, "timescale": 6.704677583421719, "rgb": "#000000", "zyx": [7, 55, 34]}