{"p": 0.059, "barbin": 0, "corr": 0.09777450561523438, "timescale": 5.078602380013681, "rgb": "#000000", "zyx": [7, 48, 60]}