{"p": 0.892, "barbin": 0, "corr": -0.03026575781404972, "timescale": 1.5879861434071076, "rgb": "#000000", "zyx": [1, 79, 61]}