{"p": 0.329, "barbin": 0, "corr": 0.02474556863307953, "timescale": 8.041560758703449, "rgb": "#000000", "zyx": [24, 73, 43]}