{"p": 0.472, "barbin": 0, "corr": 0.0011683441698551178, "timescale": 6.582910223819143, "rgb": "#000000", "zyx": [21, 26, 61]}