{"p": 0.567, "barbin": 0, "corr": -0.008931887336075306, "timescale": 7.20722731554614, "rgb": "#000000", "zyx": [15, 17, 41]}