{"p": 0.469, "barbin": 0, "corr": 0.001617623376660049, "timescale": 5.261907636582618, "rgb": "#000000", "zyx": [17, 77, 74]}