{"p": 0.0, "barbin": 4, "corr": 0.28097623586654663, "timescale": 5.983306270077032, "rgb": "#000000", "zyx": [26, 55, 49]}