{"p": 0.965, "barbin": 0, "corr": -0.08227074891328812, "timescale": 3.5855711628515734, "rgb": "#000000", "zyx": [24, 77, 57]}