{"p": 0.0, "barbin": 3, "corr": 0.2283978909254074, "timescale": 7.070740489987244, "rgb": "#000000", "zyx": [12, 74, 28]}