{"p": 0.065, "barbin": 0, "corr": 0.08747324347496033, "timescale": 1.7404182870994924, "rgb": "#000000", "zyx": [18, 66, 61]}