{"p": 0.807, "barbin": 0, "corr": -0.0413106232881546, "timescale": 6.502701719123256, "rgb": "#000000", "zyx": [23, 68, 58]}