{"p": 0.302, "barbin": 0, "corr": 0.028044715523719788, "timescale": 3.60627983527955, "rgb": "#000000", "zyx": [14, 86, 45]}