{"p": 0.007, "barbin": 1, "corr": 0.14237649738788605, "timescale": 7.597711385025677, "rgb": "#000000", "zyx": [11, 32, 34]}