{"p": 0.988, "barbin": 0, "corr": -0.1227666437625885, "timescale": 5.5904500646345765, "rgb": "#000000", "zyx": [16, 43, 27]}