{"p": 0.304, "barbin": 0, "corr": 0.002884489484131336, "timescale": 5.371546641951475, "rgb": "#000000", "zyx": [26, 38, 49]}