{"p": 0.841, "barbin": 0, "corr": -0.057281456887722015, "timescale": 3.6702724363720662, "rgb": "#000000", "zyx": [10, 32, 68]}