{"p": 0.048, "barbin": 0, "corr": 0.0813228115439415, "timescale": 3.8713772293121416, "rgb": "#000000", "zyx": [3, 56, 32]}