{"p": 0.0, "barbin": 2, "corr": 0.1586739718914032, "timescale": 3.330023329313827, "rgb": "#000000", "zyx": [23, 62, 65]}