{"p": 0.913, "barbin": 0, "corr": -0.05771368741989136, "timescale": 6.470885361008123, "rgb": "#000000", "zyx": [11, 27, 42]}