{"p": 0.748, "barbin": 0, "corr": -0.04292426258325577, "timescale": 3.610878329371393, "rgb": "#000000", "zyx": [14, 39, 65]}