{"p": 0.563, "barbin": 0, "corr": -0.0008451882749795914, "timescale": 5.584951367462111, "rgb": "#000000", "zyx": [14, 28, 71]}