{"p": 0.992, "barbin": 0, "corr": -0.1383834034204483, "timescale": 3.675720422999126, "rgb": "#000000", "zyx": [10, 39, 74]}