{"p": 0.117, "barbin": 0, "corr": 0.05183447152376175, "timescale": 6.590551017637098, "rgb": "#000000", "zyx": [14, 33, 28]}