{"p": 0.639, "barbin": 0, "corr": -0.023734107613563538, "timescale": 6.524043125253501, "rgb": "#000000", "zyx": [20, 60, 50]}