{"p": 0.998, "barbin": 0, "corr": -0.055973101407289505, "timescale": 7.584949298985087, "rgb": "#000000", "zyx": [10, 68, 44]}