{"p": 0.616, "barbin": 0, "corr": -0.012137182056903839, "timescale": 5.866529962260518, "rgb": "#000000", "zyx": [8, 71, 64]}