{"p": 0.512, "barbin": 0, "corr": -0.0014543170109391212, "timescale": 4.275500238052096, "rgb": "#000000", "zyx": [12, 36, 47]}