{"p": 0.068, "barbin": 0, "corr": 0.07824376225471497, "timescale": 6.944850256387382, "rgb": "#000000", "zyx": [23, 55, 39]}