{"p": 0.09, "barbin": 0, "corr": 0.08261235803365707, "timescale": 4.588358489860509, "rgb": "#000000", "zyx": [13, 54, 65]}