{"p": 0.118, "barbin": 0, "corr": 0.06914188712835312, "timescale": 4.023406063739643, "rgb": "#000000", "zyx": [8, 41, 43]}