{"p": 0.954, "barbin": 0, "corr": -0.006967578083276749, "timescale": 8.571091409996344, "rgb": "#000000", "zyx": [22, 71, 54]}