{"p": 0.168, "barbin": 0, "corr": 0.006285212468355894, "timescale": 2.6200516075929556, "rgb": "#000000", "zyx": [11, 59, 62]}