{"p": 0.389, "barbin": 0, "corr": 0.012868396006524563, "timescale": 4.9034111714819275, "rgb": "#000000", "zyx": [10, 78, 60]}