{"p": 0.792, "barbin": 0, "corr": -0.034952692687511444, "timescale": 6.889119210473448, "rgb": "#000000", "zyx": [7, 77, 49]}