{"p": 0.581, "barbin": 0, "corr": -0.009724331088364124, "timescale": 6.5844458107021255, "rgb": "#000000", "zyx": [17, 65, 64]}