{"p": 0.205, "barbin": 0, "corr": 0.05034618824720383, "timescale": 5.231197134873243, "rgb": "#000000", "zyx": [7, 69, 65]}