{"p": 0.247, "barbin": 0, "corr": 0.0117025813087821, "timescale": 4.374073414277581, "rgb": "#000000", "zyx": [3, 78, 36]}