{"p": 0.435, "barbin": 0, "corr": 0.00962609052658081, "timescale": 3.890329540588306, "rgb": "#000000", "zyx": [16, 76, 68]}