{"p": 0.264, "barbin": 0, "corr": 0.03692718967795372, "timescale": 8.087049908348375, "rgb": "#000000", "zyx": [14, 22, 63]}