{"p": 0.0, "barbin": 4, "corr": 0.34910377860069275, "timescale": 7.5645405887932755, "rgb": "#000000", "zyx": [11, 76, 34]}