{"p": 0.416, "barbin": 0, "corr": 0.011725682765245438, "timescale": 5.5849654524975865, "rgb": "#000000", "zyx": [6, 60, 23]}