{"p": 0.67, "barbin": 0, "corr": -0.02280683070421219, "timescale": 3.3541470774057913, "rgb": "#000000", "zyx": [16, 50, 52]}