{"p": 0.007, "barbin": 1, "corr": 0.14317522943019867, "timescale": 4.5575646247059, "rgb": "#000000", "zyx": [20, 59, 67]}