{"p": 0.967, "barbin": 0, "corr": -0.05695614591240883, "timescale": 5.584962500721156, "rgb": "#000000", "zyx": [10, 50, 81]}