{"p": 0.008, "barbin": 0, "corr": 0.08586914837360382, "timescale": 7.957663141193579, "rgb": "#000000", "zyx": [8, 46, 44]}