{"p": 0.099, "barbin": 0, "corr": 0.07865709066390991, "timescale": 6.6500113027307295, "rgb": "#000000", "zyx": [22, 49, 40]}