{"p": 0.988, "barbin": 0, "corr": -0.13041098415851593, "timescale": 2.757314925945716, "rgb": "#000000", "zyx": [6, 84, 56]}