{"p": 0.344, "barbin": 0, "corr": 0.019423026591539383, "timescale": 7.16763996569652, "rgb": "#000000", "zyx": [26, 46, 60]}