{"p": 0.079, "barbin": 0, "corr": 0.07943452149629593, "timescale": 7.0787159701933815, "rgb": "#000000", "zyx": [0, 83, 58]}