{"p": 0.102, "barbin": 0, "corr": 0.07645852863788605, "timescale": 6.7973334802790015, "rgb": "#000000", "zyx": [13, 76, 75]}