{"p": 0.248, "barbin": 0, "corr": 0.00721967127174139, "timescale": 2.3135688221684205, "rgb": "#000000", "zyx": [3, 76, 30]}