{"p": 0.011, "barbin": 1, "corr": 0.13791969418525696, "timescale": 6.591870866585361, "rgb": "#000000", "zyx": [16, 85, 54]}