{"p": 0.502, "barbin": 0, "corr": -0.0013796023558825254, "timescale": 6.030567351222116, "rgb": "#000000", "zyx": [3, 54, 37]}