{"p": 0.625, "barbin": 0, "corr": -0.01426619477570057, "timescale": 2.3456720238099114, "rgb": "#000000", "zyx": [19, 58, 34]}