{"p": 0.932, "barbin": 0, "corr": -0.049886927008628845, "timescale": 3.583479354746838, "rgb": "#000000", "zyx": [9, 66, 45]}