{"p": 0.495, "barbin": 0, "corr": 0.0009408779442310333, "timescale": 7.564689873006695, "rgb": "#000000", "zyx": [2, 67, 69]}