{"p": 0.351, "barbin": 0, "corr": 0.019866792485117912, "timescale": 7.596564367687033, "rgb": "#000000", "zyx": [6, 73, 64]}