{"p": 0.004, "barbin": 2, "corr": 0.15452933311462402, "timescale": 6.879663606554972, "rgb": "#000000", "zyx": [22, 37, 58]}