{"p": 0.999, "barbin": 0, "corr": -0.1622510552406311, "timescale": 2.5849625593305414, "rgb": "#000000", "zyx": [14, 19, 37]}