{"p": 0.606, "barbin": 0, "corr": -0.0018477143021300435, "timescale": 1.5910746107116929, "rgb": "#000000", "zyx": [14, 46, 63]}