{"p": 0.394, "barbin": 0, "corr": 0.010475093498826027, "timescale": 5.021354365893036, "rgb": "#000000", "zyx": [22, 75, 58]}