{"p": 0.471, "barbin": 0, "corr": 0.0012032066006213427, "timescale": 7.599601631394877, "rgb": "#000000", "zyx": [11, 80, 30]}