{"p": 0.797, "barbin": 0, "corr": -0.00902910903096199, "timescale": 2.5921683362269317, "rgb": "#000000", "zyx": [3, 75, 62]}