{"p": 0.112, "barbin": 0, "corr": 0.02439952827990055, "timescale": 5.143996868979476, "rgb": "#000000", "zyx": [20, 57, 51]}