{"p": 0.563, "barbin": 0, "corr": -0.0026657399721443653, "timescale": 1.5983760447587514, "rgb": "#000000", "zyx": [7, 42, 26]}