{"p": 0.288, "barbin": 0, "corr": 0.034336645156145096, "timescale": 5.48319120515184, "rgb": "#000000", "zyx": [6, 54, 67]}