{"p": 0.343, "barbin": 0, "corr": 0.028966635465621948, "timescale": 6.437497685170926, "rgb": "#000000", "zyx": [13, 33, 55]}