{"p": 0.521, "barbin": 0, "corr": -0.005880054086446762, "timescale": 1.9071214319046657, "rgb": "#000000", "zyx": [17, 57, 75]}