{"p": 0.088, "barbin": 0, "corr": 0.01960967294871807, "timescale": 5.209302183850986, "rgb": "#000000", "zyx": [1, 88, 58]}