{"p": 0.195, "barbin": 0, "corr": 0.045810531824827194, "timescale": 4.602521715429768, "rgb": "#000000", "zyx": [26, 70, 57]}