{"p": 0.111, "barbin": 0, "corr": 0.057515230029821396, "timescale": 4.283144585664167, "rgb": "#000000", "zyx": [12, 23, 55]}