{"p": 0.374, "barbin": 0, "corr": 0.005594789050519466, "timescale": 4.199896464670753, "rgb": "#000000", "zyx": [2, 84, 73]}