{"p": 0.624, "barbin": 0, "corr": -0.0014578643022105098, "timescale": 5.486550309749633, "rgb": "#000000", "zyx": [2, 80, 29]}