{"p": 0.0, "barbin": 4, "corr": 0.2741594612598419, "timescale": 7.345848594930897, "rgb": "#000000", "zyx": [12, 73, 38]}