{"p": 0.033, "barbin": 1, "corr": 0.10927111655473709, "timescale": 7.506907532595621, "rgb": "#000000", "zyx": [5, 45, 33]}