{"p": 0.001, "barbin": 1, "corr": 0.11887577176094055, "timescale": 7.624653328309308, "rgb": "#000000", "zyx": [24, 66, 50]}