{"p": 0.044, "barbin": 0, "corr": 0.09775987267494202, "timescale": 5.485876136070473, "rgb": "#000000", "zyx": [24, 53, 53]}