{"p": 0.018, "barbin": 1, "corr": 0.13025236129760742, "timescale": 6.3290636829894265, "rgb": "#000000", "zyx": [10, 81, 73]}