{"p": 0.613, "barbin": 0, "corr": -0.017944609746336937, "timescale": 7.724075971703789, "rgb": "#000000", "zyx": [9, 65, 66]}