{"p": 0.049, "barbin": 0, "corr": 0.09514817595481873, "timescale": 7.982947254749788, "rgb": "#000000", "zyx": [7, 82, 38]}