{"p": 0.408, "barbin": 0, "corr": 0.014902835711836815, "timescale": 6.4707488144548115, "rgb": "#000000", "zyx": [12, 55, 72]}