{"p": 0.585, "barbin": 0, "corr": -0.012547583319246769, "timescale": 3.806486114793473, "rgb": "#000000", "zyx": [11, 42, 62]}