{"p": 0.934, "barbin": 0, "corr": -0.005951013416051865, "timescale": 6.584962500721156, "rgb": "#000000", "zyx": [15, 52, 79]}