{"p": 0.0, "barbin": 1, "corr": 0.10735892504453659, "timescale": 2.900772735605754, "rgb": "#000000", "zyx": [10, 90, 49]}