{"p": 0.305, "barbin": 0, "corr": 0.02121070958673954, "timescale": 7.514419165744015, "rgb": "#000000", "zyx": [3, 58, 69]}