{"p": 0.001, "barbin": 2, "corr": 0.18196868896484375, "timescale": 6.394934167979945, "rgb": "#000000", "zyx": [26, 65, 53]}