{"p": 0.021, "barbin": 0, "corr": 0.08472669124603271, "timescale": 6.543817484368375, "rgb": "#000000", "zyx": [9, 81, 33]}