{"p": 0.119, "barbin": 0, "corr": 0.07006917893886566, "timescale": 5.781442838102809, "rgb": "#000000", "zyx": [9, 41, 74]}