{"p": 0.023, "barbin": 0, "corr": 0.08964276313781738, "timescale": 4.298465887231372, "rgb": "#000000", "zyx": [21, 65, 38]}