{"p": 0.016, "barbin": 1, "corr": 0.12609831988811493, "timescale": 6.595839029941374, "rgb": "#000000", "zyx": [24, 52, 41]}