{"p": 0.048, "barbin": 0, "corr": 0.06853115558624268, "timescale": 2.057871463394886, "rgb": "#000000", "zyx": [15, 31, 53]}