{"p": 0.438, "barbin": 0, "corr": 0.01103055477142334, "timescale": 5.092290637469593, "rgb": "#000000", "zyx": [19, 53, 65]}