{"p": 0.33, "barbin": 0, "corr": 0.02701384201645851, "timescale": 5.437280844202112, "rgb": "#000000", "zyx": [25, 49, 51]}