{"p": 0.759, "barbin": 0, "corr": -0.023557228967547417, "timescale": 4.545735266237381, "rgb": "#000000", "zyx": [21, 59, 48]}