{"p": 0.19, "barbin": 0, "corr": 0.04748911038041115, "timescale": 7.526658345557969, "rgb": "#000000", "zyx": [6, 58, 82]}