{"p": 0.026, "barbin": 1, "corr": 0.1095159649848938, "timescale": 6.3472324552165675, "rgb": "#000000", "zyx": [14, 81, 42]}