{"p": 0.919, "barbin": 0, "corr": -0.041678015142679214, "timescale": 3.7933380353604775, "rgb": "#000000", "zyx": [10, 32, 44]}