{"p": 0.853, "barbin": 0, "corr": -0.03851068764925003, "timescale": 4.535695710836768, "rgb": "#000000", "zyx": [8, 39, 53]}