{"p": 0.156, "barbin": 0, "corr": 0.057553134858608246, "timescale": 5.36378143715774, "rgb": "#000000", "zyx": [12, 25, 62]}