{"p": 0.28, "barbin": 0, "corr": 0.020861029624938965, "timescale": 8.070005061997964, "rgb": "#000000", "zyx": [17, 68, 79]}