{"p": 0.003, "barbin": 0, "corr": 0.08705472201108932, "timescale": 6.245080461852888, "rgb": "#000000", "zyx": [12, 55, 65]}