{"p": 0.225, "barbin": 0, "corr": 0.04694601520895958, "timescale": 7.649156109461978, "rgb": "#000000", "zyx": [10, 81, 38]}