{"p": 0.0, "barbin": 4, "corr": 0.31231245398521423, "timescale": 6.872349256148041, "rgb": "#000000", "zyx": [10, 37, 41]}