{"p": 0.022, "barbin": 1, "corr": 0.1256587654352188, "timescale": 6.05171260247757, "rgb": "#000000", "zyx": [15, 28, 37]}