{"p": 0.524, "barbin": 0, "corr": -0.0022277291864156723, "timescale": 7.584959225778027, "rgb": "#000000", "zyx": [7, 70, 44]}