{"p": 0.539, "barbin": 0, "corr": -0.005695197265595198, "timescale": 5.44422973299273, "rgb": "#000000", "zyx": [6, 42, 41]}