{"p": 0.277, "barbin": 0, "corr": 0.036793388426303864, "timescale": 2.805239584089383, "rgb": "#000000", "zyx": [2, 44, 63]}