{"p": 0.674, "barbin": 0, "corr": -0.023411599919199944, "timescale": 7.531038932628177, "rgb": "#000000", "zyx": [14, 67, 64]}