{"p": 0.262, "barbin": 0, "corr": 0.02533852681517601, "timescale": 8.57762484333669, "rgb": "#000000", "zyx": [2, 91, 56]}