{"p": 0.546, "barbin": 0, "corr": -0.0026840628124773502, "timescale": 7.558008388638272, "rgb": "#000000", "zyx": [9, 57, 82]}