{"p": 0.0, "barbin": 4, "corr": 0.2972975969314575, "timescale": 6.687014322211337, "rgb": "#000000", "zyx": [15, 45, 27]}