{"p": 0.707, "barbin": 0, "corr": -0.012642763555049896, "timescale": 5.593775163950542, "rgb": "#000000", "zyx": [19, 41, 73]}