{"p": 0.812, "barbin": 0, "corr": -0.048904068768024445, "timescale": 8.10788016865427, "rgb": "#000000", "zyx": [10, 80, 57]}