{"p": 0.297, "barbin": 0, "corr": 0.01690046489238739, "timescale": 3.8689902554037316, "rgb": "#000000", "zyx": [8, 91, 51]}