{"p": 0.623, "barbin": 0, "corr": -0.011272285133600235, "timescale": 7.584103521008296, "rgb": "#000000", "zyx": [5, 81, 76]}