{"p": 0.707, "barbin": 0, "corr": -0.038042470812797546, "timescale": 1.7880192638569878, "rgb": "#000000", "zyx": [11, 80, 65]}