{"p": 0.548, "barbin": 0, "corr": -0.006982572376728058, "timescale": 2.6029847800027746, "rgb": "#000000", "zyx": [7, 49, 39]}