{"p": 0.17, "barbin": 0, "corr": 0.053183116018772125, "timescale": 5.805158727319894, "rgb": "#000000", "zyx": [21, 47, 50]}