{"p": 0.401, "barbin": 0, "corr": 0.012085584923624992, "timescale": 6.973156329272761, "rgb": "#000000", "zyx": [8, 38, 57]}