{"p": 0.898, "barbin": 0, "corr": -0.037669066339731216, "timescale": 3.5189340249597425, "rgb": "#000000", "zyx": [23, 50, 56]}