{"p": 0.563, "barbin": 0, "corr": -0.010432366281747818, "timescale": 8.584725279313613, "rgb": "#000000", "zyx": [7, 92, 38]}