{"p": 0.008, "barbin": 1, "corr": 0.14516477286815643, "timescale": 7.151592862626228, "rgb": "#000000", "zyx": [18, 77, 69]}