{"p": 0.424, "barbin": 0, "corr": 0.015115262940526009, "timescale": 6.3558360241369645, "rgb": "#000000", "zyx": [9, 37, 69]}