{"p": 0.645, "barbin": 0, "corr": -0.015767324715852737, "timescale": 4.585070563792212, "rgb": "#000000", "zyx": [19, 77, 40]}