{"p": 0.774, "barbin": 0, "corr": -0.04471958801150322, "timescale": 4.584962500721163, "rgb": "#000000", "zyx": [17, 76, 62]}