{"p": 0.191, "barbin": 0, "corr": 0.056264594197273254, "timescale": 3.56580795398665, "rgb": "#000000", "zyx": [21, 39, 69]}