{"p": 0.008, "barbin": 1, "corr": 0.10665535926818848, "timescale": 6.854870676668352, "rgb": "#000000", "zyx": [23, 38, 41]}