{"p": 0.174, "barbin": 0, "corr": 0.05280519649386406, "timescale": 7.598035695841442, "rgb": "#000000", "zyx": [11, 53, 35]}