{"p": 0.707, "barbin": 0, "corr": -0.03103756718337536, "timescale": 1.913307911782642, "rgb": "#000000", "zyx": [12, 58, 26]}