{"p": 0.077, "barbin": 0, "corr": 0.08562101423740387, "timescale": 5.585171719509847, "rgb": "#000000", "zyx": [10, 66, 21]}