{"p": 0.836, "barbin": 0, "corr": -0.0521581657230854, "timescale": 5.2843663511251435, "rgb": "#000000", "zyx": [10, 30, 49]}