{"p": 0.249, "barbin": 0, "corr": 0.03570196032524109, "timescale": 5.612537384488608, "rgb": "#000000", "zyx": [16, 88, 51]}