{"p": 0.001, "barbin": 2, "corr": 0.17407488822937012, "timescale": 7.005753123681513, "rgb": "#000000", "zyx": [5, 68, 31]}