{"p": 0.053, "barbin": 0, "corr": 0.05745043605566025, "timescale": 8.21543669403943, "rgb": "#000000", "zyx": [8, 35, 64]}