{"p": 0.038, "barbin": 1, "corr": 0.10190659016370773, "timescale": 6.278607177016697, "rgb": "#000000", "zyx": [9, 67, 60]}