{"p": 0.086, "barbin": 0, "corr": 0.08225901424884796, "timescale": 7.584962500721156, "rgb": "#000000", "zyx": [8, 63, 57]}