{"p": 0.478, "barbin": 0, "corr": 0.00159560760948807, "timescale": 5.5836347714689065, "rgb": "#000000", "zyx": [13, 68, 41]}