{"p": 0.226, "barbin": 0, "corr": 0.042391337454319, "timescale": 6.9654926890640265, "rgb": "#000000", "zyx": [1, 82, 50]}