{"p": 0.057, "barbin": 0, "corr": 0.09563155472278595, "timescale": 5.2031962953323525, "rgb": "#000000", "zyx": [18, 75, 50]}