{"p": 0.051, "barbin": 1, "corr": 0.10111988335847855, "timescale": 4.447682516203738, "rgb": "#000000", "zyx": [19, 27, 61]}