{"p": 0.188, "barbin": 0, "corr": 0.05240115895867348, "timescale": 3.5021788391597783, "rgb": "#000000", "zyx": [10, 67, 72]}