{"p": 0.0, "barbin": 3, "corr": 0.21166180074214935, "timescale": 7.210729524565754, "rgb": "#000000", "zyx": [12, 80, 73]}