{"p": 0.399, "barbin": 0, "corr": 0.014949187636375427, "timescale": 8.453578184720556, "rgb": "#000000", "zyx": [12, 89, 37]}