{"p": 0.279, "barbin": 0, "corr": 0.022351723164319992, "timescale": 8.584962501357806, "rgb": "#000000", "zyx": [3, 89, 52]}