{"p": 0.857, "barbin": 0, "corr": -0.036836884915828705, "timescale": 4.134611625504318, "rgb": "#000000", "zyx": [5, 80, 35]}