{"p": 0.109, "barbin": 0, "corr": 0.054242849349975586, "timescale": 7.4211739133738375, "rgb": "#000000", "zyx": [4, 70, 79]}