{"p": 0.089, "barbin": 0, "corr": 0.0634050965309143, "timescale": 6.202928073265777, "rgb": "#000000", "zyx": [18, 75, 38]}