{"p": 0.075, "barbin": 0, "corr": 0.07823443412780762, "timescale": 1.7984388906454427, "rgb": "#000000", "zyx": [10, 26, 62]}