{"p": 0.867, "barbin": 0, "corr": -0.017275655642151833, "timescale": 7.865263025298815, "rgb": "#000000", "zyx": [8, 60, 44]}