{"p": 0.0, "barbin": 4, "corr": 0.30913424491882324, "timescale": 7.095965733512801, "rgb": "#000000", "zyx": [11, 84, 71]}