{"p": 0.001, "barbin": 2, "corr": 0.1657530814409256, "timescale": 8.199248403733222, "rgb": "#000000", "zyx": [18, 30, 36]}