{"p": 0.001, "barbin": 2, "corr": 0.1639156937599182, "timescale": 7.028022914313679, "rgb": "#000000", "zyx": [8, 40, 31]}