{"p": 0.524, "barbin": 0, "corr": -0.002799883484840393, "timescale": 2.748476049752929, "rgb": "#000000", "zyx": [17, 46, 53]}