{"p": 0.004, "barbin": 2, "corr": 0.16565507650375366, "timescale": 7.741748819477168, "rgb": "#000000", "zyx": [21, 51, 34]}