{"p": 0.163, "barbin": 0, "corr": 0.05759117752313614, "timescale": 6.9767826965487, "rgb": "#000000", "zyx": [14, 76, 35]}