{"p": 0.919, "barbin": 0, "corr": -0.07647376507520676, "timescale": 3.081263733929429, "rgb": "#000000", "zyx": [19, 51, 66]}