{"p": 0.286, "barbin": 0, "corr": 0.032285161316394806, "timescale": 3.5031194712313964, "rgb": "#000000", "zyx": [12, 61, 65]}