{"p": 0.088, "barbin": 0, "corr": 0.08183477818965912, "timescale": 5.484798423458249, "rgb": "#000000", "zyx": [18, 47, 49]}