{"p": 0.697, "barbin": 0, "corr": -0.027203354984521866, "timescale": 6.315064021482561, "rgb": "#000000", "zyx": [20, 78, 65]}