{"p": 0.452, "barbin": 0, "corr": 0.005113289691507816, "timescale": 7.626817297012225, "rgb": "#000000", "zyx": [6, 33, 56]}