{"p": 0.5, "barbin": 0, "corr": -0.004258778411895037, "timescale": 5.232495861659533, "rgb": "#000000", "zyx": [23, 47, 33]}