{"p": 0.0, "barbin": 3, "corr": 0.24779517948627472, "timescale": 7.114325523387047, "rgb": "#000000", "zyx": [0, 82, 62]}