{"p": 0.223, "barbin": 0, "corr": 0.04348796606063843, "timescale": 6.301533106553602, "rgb": "#000000", "zyx": [11, 57, 28]}