{"p": 0.69, "barbin": 0, "corr": -0.03277304396033287, "timescale": 5.186450948487488, "rgb": "#000000", "zyx": [3, 44, 57]}