{"p": 1.0, "barbin": 0, "corr": -0.20961183309555054, "timescale": 5.491028482040274, "rgb": "#000000", "zyx": [18, 34, 38]}