{"p": 0.584, "barbin": 0, "corr": -0.010095013305544853, "timescale": 5.743437620546509, "rgb": "#000000", "zyx": [14, 33, 27]}