{"p": 0.294, "barbin": 0, "corr": 0.029370112344622612, "timescale": 7.263813585143161, "rgb": "#000000", "zyx": [14, 23, 63]}