{"p": 0.996, "barbin": 0, "corr": -0.16335070133209229, "timescale": 6.434979495616872, "rgb": "#000000", "zyx": [6, 71, 82]}