{"p": 0.7, "barbin": 0, "corr": -0.03477676585316658, "timescale": 4.584358642507011, "rgb": "#000000", "zyx": [19, 21, 52]}