{"p": 0.622, "barbin": 0, "corr": -0.014142345637083054, "timescale": 4.580343056408256, "rgb": "#000000", "zyx": [11, 71, 56]}