{"p": 0.002, "barbin": 1, "corr": 0.11318720877170563, "timescale": 7.831219441515524, "rgb": "#000000", "zyx": [26, 52, 50]}