{"p": 0.537, "barbin": 0, "corr": -0.00509785208851099, "timescale": 3.3787077923792066, "rgb": "#000000", "zyx": [18, 56, 58]}