{"p": 0.0, "barbin": 4, "corr": 0.3760766386985779, "timescale": 6.65138768016655, "rgb": "#000000", "zyx": [16, 71, 55]}