{"p": 0.673, "barbin": 0, "corr": -0.0029999117832630873, "timescale": 8.377344368560365, "rgb": "#000000", "zyx": [12, 40, 28]}