{"p": 0.003, "barbin": 2, "corr": 0.155683696269989, "timescale": 7.111824048381116, "rgb": "#000000", "zyx": [15, 45, 55]}