{"p": 0.191, "barbin": 0, "corr": 0.04914267733693123, "timescale": 6.579526689025938, "rgb": "#000000", "zyx": [13, 92, 55]}