{"p": 0.559, "barbin": 0, "corr": -0.004163350909948349, "timescale": 5.0365344448572475, "rgb": "#000000", "zyx": [13, 32, 49]}