{"p": 0.0, "barbin": 1, "corr": 0.10227274149656296, "timescale": 2.821249838710888, "rgb": "#000000", "zyx": [5, 72, 37]}