{"p": 0.008, "barbin": 1, "corr": 0.13574525713920593, "timescale": 6.08902524292119, "rgb": "#000000", "zyx": [19, 52, 33]}