{"p": 0.722, "barbin": 0, "corr": -0.028844652697443962, "timescale": 1.584991203187826, "rgb": "#000000", "zyx": [20, 57, 46]}