{"p": 0.815, "barbin": 0, "corr": -0.04848190024495125, "timescale": 7.478745104656878, "rgb": "#000000", "zyx": [9, 20, 54]}