{"p": 0.68, "barbin": 0, "corr": -0.026901738718152046, "timescale": 6.395611798842134, "rgb": "#000000", "zyx": [23, 56, 38]}