{"p": 0.647, "barbin": 0, "corr": -0.02420957013964653, "timescale": 5.078679870046336, "rgb": "#000000", "zyx": [25, 36, 54]}