{"p": 0.045, "barbin": 1, "corr": 0.1041097342967987, "timescale": 6.606453999573959, "rgb": "#000000", "zyx": [11, 60, 79]}