{"p": 0.029, "barbin": 0, "corr": 0.05907147377729416, "timescale": 3.2092753882101492, "rgb": "#000000", "zyx": [7, 89, 59]}