{"p": 0.0, "barbin": 2, "corr": 0.17547360062599182, "timescale": 6.770832796967867, "rgb": "#000000", "zyx": [12, 83, 51]}