{"p": 0.452, "barbin": 0, "corr": 0.010247336700558662, "timescale": 6.582237058635183, "rgb": "#000000", "zyx": [9, 59, 55]}