{"p": 0.022, "barbin": 0, "corr": 0.08073993027210236, "timescale": 5.874970262034867, "rgb": "#000000", "zyx": [0, 81, 68]}