{"p": 0.496, "barbin": 0, "corr": 0.00011784679372794926, "timescale": 3.412811239025095, "rgb": "#000000", "zyx": [9, 84, 55]}