{"p": 0.006, "barbin": 1, "corr": 0.14421036839485168, "timescale": 7.152482440147339, "rgb": "#000000", "zyx": [18, 76, 37]}