{"p": 0.274, "barbin": 0, "corr": 0.0324072428047657, "timescale": 7.5849610563711325, "rgb": "#000000", "zyx": [14, 63, 63]}