{"p": 0.472, "barbin": 0, "corr": 0.0008578747510910034, "timescale": 7.584548486952532, "rgb": "#000000", "zyx": [10, 32, 73]}