{"p": 0.461, "barbin": 0, "corr": 0.0026802867650985718, "timescale": 5.902690742499107, "rgb": "#000000", "zyx": [18, 38, 57]}