{"p": 0.035, "barbin": 0, "corr": 0.09443946927785873, "timescale": 4.689266646632407, "rgb": "#000000", "zyx": [5, 80, 45]}