{"p": 0.869, "barbin": 0, "corr": -0.06604006886482239, "timescale": 5.51186365137223, "rgb": "#000000", "zyx": [4, 94, 43]}