{"p": 0.743, "barbin": 0, "corr": -0.03314010798931122, "timescale": 7.592699072759706, "rgb": "#000000", "zyx": [15, 41, 50]}