{"p": 0.031, "barbin": 0, "corr": 0.0648985356092453, "timescale": 5.498108203165106, "rgb": "#000000", "zyx": [6, 92, 50]}