{"p": 0.834, "barbin": 0, "corr": -0.049600258469581604, "timescale": 1.7787723026427313, "rgb": "#000000", "zyx": [8, 24, 50]}