{"p": 0.356, "barbin": 0, "corr": 0.020885363221168518, "timescale": 7.584180391712695, "rgb": "#000000", "zyx": [13, 52, 37]}