{"p": 0.128, "barbin": 0, "corr": 0.06890539079904556, "timescale": 4.646128057450484, "rgb": "#000000", "zyx": [13, 47, 77]}