{"p": 0.22, "barbin": 0, "corr": 0.0032205795869231224, "timescale": 5.422903162423187, "rgb": "#000000", "zyx": [16, 21, 41]}