{"p": 0.26, "barbin": 0, "corr": 0.02605530433356762, "timescale": 5.394802719991737, "rgb": "#000000", "zyx": [18, 65, 64]}