{"p": 0.378, "barbin": 0, "corr": 0.005477441940456629, "timescale": 3.50178174098603, "rgb": "#000000", "zyx": [8, 84, 62]}