{"p": 0.114, "barbin": 0, "corr": 0.028364555910229683, "timescale": 5.215625045705657, "rgb": "#000000", "zyx": [17, 41, 38]}