{"p": 0.23, "barbin": 0, "corr": 0.03439965844154358, "timescale": 5.585995865501296, "rgb": "#000000", "zyx": [17, 90, 48]}