{"p": 0.845, "barbin": 0, "corr": -0.06013903021812439, "timescale": 4.701022041133488, "rgb": "#000000", "zyx": [24, 31, 49]}