{"p": 0.646, "barbin": 0, "corr": -0.006006993819028139, "timescale": 7.584962500721156, "rgb": "#000000", "zyx": [10, 47, 55]}