{"p": 0.051, "barbin": 0, "corr": 0.07122883945703506, "timescale": 6.908671700822556, "rgb": "#000000", "zyx": [8, 33, 39]}