{"p": 0.0, "barbin": 1, "corr": 0.11689286679029465, "timescale": 8.574092561167285, "rgb": "#000000", "zyx": [11, 75, 61]}