{"p": 0.111, "barbin": 0, "corr": 0.0691043958067894, "timescale": 5.578269614310181, "rgb": "#000000", "zyx": [9, 83, 31]}