{"p": 0.851, "barbin": 0, "corr": -0.03407067432999611, "timescale": 3.584962500721156, "rgb": "#000000", "zyx": [8, 71, 23]}