{"p": 0.743, "barbin": 0, "corr": -0.014022131450474262, "timescale": 6.790246427333647, "rgb": "#000000", "zyx": [4, 76, 42]}