{"p": 0.027, "barbin": 1, "corr": 0.11495168507099152, "timescale": 7.000440966689589, "rgb": "#000000", "zyx": [17, 31, 51]}