{"p": 0.054, "barbin": 0, "corr": 0.09381837397813797, "timescale": 2.2380973916220714, "rgb": "#000000", "zyx": [15, 47, 52]}