{"p": 0.0, "barbin": 4, "corr": 0.43924590945243835, "timescale": 6.231762656094211, "rgb": "#000000", "zyx": [14, 38, 29]}