{"p": 0.008, "barbin": 2, "corr": 0.15525338053703308, "timescale": 6.586818903965333, "rgb": "#000000", "zyx": [10, 85, 33]}