{"p": 0.002, "barbin": 2, "corr": 0.16065502166748047, "timescale": 8.225323106669293, "rgb": "#000000", "zyx": [16, 83, 34]}