{"p": 0.912, "barbin": 0, "corr": -0.07614675164222717, "timescale": 5.912297476158382, "rgb": "#000000", "zyx": [23, 30, 54]}