{"p": 0.0, "barbin": 4, "corr": 0.32556819915771484, "timescale": 5.92154063458324, "rgb": "#000000", "zyx": [12, 48, 29]}