{"p": 0.747, "barbin": 0, "corr": -0.03759818151593208, "timescale": 7.186805967483898, "rgb": "#000000", "zyx": [6, 74, 47]}