{"p": 0.771, "barbin": 0, "corr": -0.043749623000621796, "timescale": 7.087274804013973, "rgb": "#000000", "zyx": [7, 75, 79]}