{"p": 0.0, "barbin": 0, "corr": 0.08160975575447083, "timescale": 4.467680804349573, "rgb": "#000000", "zyx": [6, 88, 40]}