{"p": 0.389, "barbin": 0, "corr": 0.01808900013566017, "timescale": 5.655066325926116, "rgb": "#000000", "zyx": [4, 47, 55]}