{"p": 0.453, "barbin": 0, "corr": 0.007557717151939869, "timescale": 6.571157170800365, "rgb": "#000000", "zyx": [11, 32, 57]}