{"p": 0.794, "barbin": 0, "corr": -0.046772025525569916, "timescale": 5.404987301469907, "rgb": "#000000", "zyx": [20, 88, 61]}