{"p": 0.509, "barbin": 0, "corr": -0.005347277969121933, "timescale": 7.314327851436134, "rgb": "#000000", "zyx": [3, 67, 44]}