{"p": 0.67, "barbin": 0, "corr": -0.021446378901600838, "timescale": 5.849748986936767, "rgb": "#000000", "zyx": [21, 43, 43]}