{"p": 0.16, "barbin": 0, "corr": 0.03043389692902565, "timescale": 5.452420177015596, "rgb": "#000000", "zyx": [4, 35, 35]}