{"p": 0.286, "barbin": 0, "corr": 0.028996363282203674, "timescale": 7.218360110140948, "rgb": "#000000", "zyx": [24, 72, 39]}