{"p": 0.32, "barbin": 0, "corr": 0.026218749582767487, "timescale": 6.064848642677958, "rgb": "#000000", "zyx": [5, 49, 67]}