{"p": 0.059, "barbin": 0, "corr": 0.09214267134666443, "timescale": 4.603367710536458, "rgb": "#000000", "zyx": [2, 64, 78]}