{"p": 0.002, "barbin": 2, "corr": 0.17394666373729706, "timescale": 6.967809656468161, "rgb": "#000000", "zyx": [19, 63, 46]}