{"p": 0.887, "barbin": 0, "corr": -0.06548446416854858, "timescale": 8.546381491647852, "rgb": "#000000", "zyx": [14, 54, 51]}