{"p": 0.134, "barbin": 0, "corr": 0.07138881087303162, "timescale": 6.584962521808953, "rgb": "#000000", "zyx": [25, 47, 40]}