{"p": 0.577, "barbin": 0, "corr": -0.010215776041150093, "timescale": 3.5229124783367425, "rgb": "#000000", "zyx": [14, 91, 61]}