{"p": 0.919, "barbin": 0, "corr": -0.05227291211485863, "timescale": 7.584962893908535, "rgb": "#000000", "zyx": [25, 53, 67]}