{"p": 0.655, "barbin": 0, "corr": -0.02199886552989483, "timescale": 6.6026707156328, "rgb": "#000000", "zyx": [18, 51, 49]}