{"p": 1.0, "barbin": 0, "corr": -0.23205725848674774, "timescale": 6.584962500721156, "rgb": "#000000", "zyx": [25, 33, 48]}