{"p": 0.217, "barbin": 0, "corr": 2.5807483325479552e-05, "timescale": 4.240954472341658, "rgb": "#000000", "zyx": [25, 75, 59]}