{"p": 0.109, "barbin": 0, "corr": 0.011690733954310417, "timescale": 6.713239799264569, "rgb": "#000000", "zyx": [5, 94, 50]}