{"p": 0.361, "barbin": 0, "corr": 0.014116640202701092, "timescale": 3.924858729556428, "rgb": "#000000", "zyx": [12, 65, 79]}