{"p": 0.794, "barbin": 0, "corr": -0.051167797297239304, "timescale": 3.160145375776187, "rgb": "#000000", "zyx": [22, 70, 57]}