{"p": 0.001, "barbin": 2, "corr": 0.1502985656261444, "timescale": 2.64346037581176, "rgb": "#000000", "zyx": [14, 54, 30]}