{"p": 0.116, "barbin": 0, "corr": 0.05405908077955246, "timescale": 5.991484709514483, "rgb": "#000000", "zyx": [21, 67, 56]}