{"p": 0.491, "barbin": 0, "corr": 0.0010629876051098108, "timescale": 6.057280513736259, "rgb": "#000000", "zyx": [3, 77, 42]}