{"p": 0.158, "barbin": 0, "corr": 0.057341236621141434, "timescale": 6.098230976222238, "rgb": "#000000", "zyx": [13, 37, 34]}