{"p": 0.0, "barbin": 4, "corr": 0.3088670074939728, "timescale": 7.260301940820002, "rgb": "#000000", "zyx": [21, 37, 57]}