{"p": 0.376, "barbin": 0, "corr": 0.016279593110084534, "timescale": 2.6118093489890946, "rgb": "#000000", "zyx": [13, 90, 54]}