{"p": 0.656, "barbin": 0, "corr": -0.002411358989775181, "timescale": 1.5968276775110146, "rgb": "#000000", "zyx": [6, 73, 59]}