{"p": 0.954, "barbin": 0, "corr": -0.03585295379161835, "timescale": 6.610861318700086, "rgb": "#000000", "zyx": [22, 54, 31]}