{"p": 0.713, "barbin": 0, "corr": -0.010024835355579853, "timescale": 4.584940499890595, "rgb": "#000000", "zyx": [9, 19, 51]}