{"p": 0.101, "barbin": 0, "corr": 0.03375887870788574, "timescale": 3.266399882279799, "rgb": "#000000", "zyx": [6, 92, 59]}