{"p": 0.769, "barbin": 0, "corr": -0.04269370436668396, "timescale": 3.859284557827595, "rgb": "#000000", "zyx": [14, 91, 57]}