{"p": 0.562, "barbin": 0, "corr": -0.007268785033375025, "timescale": 3.7386430055115563, "rgb": "#000000", "zyx": [12, 82, 58]}