{"p": 0.996, "barbin": 0, "corr": -0.13192032277584076, "timescale": 1.6235494926181815, "rgb": "#000000", "zyx": [22, 39, 35]}