{"p": 0.245, "barbin": 0, "corr": 0.04287420213222504, "timescale": 2.585109554567049, "rgb": "#000000", "zyx": [19, 50, 58]}