{"p": 0.764, "barbin": 0, "corr": -0.04205434024333954, "timescale": 8.412203081554821, "rgb": "#000000", "zyx": [7, 44, 45]}