{"p": 0.158, "barbin": 0, "corr": 0.044912341982126236, "timescale": 2.9297065692001034, "rgb": "#000000", "zyx": [8, 79, 52]}