{"p": 0.085, "barbin": 0, "corr": 0.07675576210021973, "timescale": 7.582632312914293, "rgb": "#000000", "zyx": [6, 61, 49]}