{"p": 0.792, "barbin": 0, "corr": -0.049060385674238205, "timescale": 4.75821589594468, "rgb": "#000000", "zyx": [6, 41, 61]}