{"p": 0.279, "barbin": 0, "corr": 0.03043913096189499, "timescale": 7.56188708567997, "rgb": "#000000", "zyx": [9, 61, 54]}