{"p": 0.063, "barbin": 0, "corr": 0.06555832922458649, "timescale": 4.3519283837446805, "rgb": "#000000", "zyx": [7, 78, 36]}