{"p": 0.74, "barbin": 0, "corr": -0.03688518702983856, "timescale": 4.7989481293522696, "rgb": "#000000", "zyx": [17, 49, 75]}