{"p": 0.647, "barbin": 0, "corr": -0.020244043320417404, "timescale": 7.765095082574935, "rgb": "#000000", "zyx": [24, 44, 53]}