{"p": 0.005, "barbin": 1, "corr": 0.12986567616462708, "timescale": 7.327109977976798, "rgb": "#000000", "zyx": [17, 82, 67]}