{"p": 0.27, "barbin": 0, "corr": 0.03626146912574768, "timescale": 5.632465053751913, "rgb": "#000000", "zyx": [7, 85, 44]}