{"p": 0.677, "barbin": 0, "corr": -0.018824057653546333, "timescale": 6.424518776253365, "rgb": "#000000", "zyx": [8, 44, 51]}