{"p": 0.813, "barbin": 0, "corr": -0.04885002598166466, "timescale": 7.584260897719211, "rgb": "#000000", "zyx": [15, 62, 60]}