{"p": 0.018, "barbin": 0, "corr": 0.08820345997810364, "timescale": 5.34164354815575, "rgb": "#000000", "zyx": [5, 93, 55]}