{"p": 0.179, "barbin": 0, "corr": 0.002555920509621501, "timescale": 3.801734711672569, "rgb": "#000000", "zyx": [22, 48, 71]}