{"p": 0.278, "barbin": 0, "corr": 0.031424105167388916, "timescale": 4.084927307821892, "rgb": "#000000", "zyx": [5, 85, 49]}