{"p": 0.486, "barbin": 0, "corr": -0.0004809245001524687, "timescale": 1.584962500721156, "rgb": "#000000", "zyx": [8, 87, 31]}