{"p": 0.451, "barbin": 0, "corr": 0.0004938659258186817, "timescale": 4.595639557973373, "rgb": "#000000", "zyx": [2, 76, 54]}