{"p": 0.39, "barbin": 0, "corr": 0.005410672631114721, "timescale": 2.2818015863797863, "rgb": "#000000", "zyx": [12, 52, 54]}