{"p": 0.138, "barbin": 0, "corr": 0.0629030391573906, "timescale": 6.5849118569130765, "rgb": "#000000", "zyx": [6, 42, 26]}