{"p": 0.097, "barbin": 0, "corr": 0.06659294664859772, "timescale": 4.577965317452876, "rgb": "#000000", "zyx": [11, 32, 45]}