{"p": 0.08, "barbin": 0, "corr": 0.0795571431517601, "timescale": 7.695038331642856, "rgb": "#000000", "zyx": [0, 78, 62]}