{"p": 0.0, "barbin": 2, "corr": 0.15107953548431396, "timescale": 7.45678414405372, "rgb": "#000000", "zyx": [15, 59, 71]}