{"p": 0.833, "barbin": 0, "corr": -0.0138033302500844, "timescale": 4.877774424605375, "rgb": "#000000", "zyx": [2, 75, 52]}