{"p": 0.193, "barbin": 0, "corr": 0.04287400096654892, "timescale": 6.588153033863407, "rgb": "#000000", "zyx": [18, 64, 59]}