{"p": 0.04, "barbin": 1, "corr": 0.10611280053853989, "timescale": 4.80134975782066, "rgb": "#000000", "zyx": [12, 64, 67]}