{"p": 0.066, "barbin": 0, "corr": 0.08303335309028625, "timescale": 6.8336773753415425, "rgb": "#000000", "zyx": [13, 58, 53]}