{"p": 0.121, "barbin": 0, "corr": 0.07043195515871048, "timescale": 6.516526110014522, "rgb": "#000000", "zyx": [10, 84, 55]}