{"p": 0.004, "barbin": 0, "corr": 0.05146433040499687, "timescale": 6.425945767348691, "rgb": "#000000", "zyx": [8, 61, 50]}