{"p": 0.016, "barbin": 0, "corr": 0.02408609911799431, "timescale": 3.3784762160304806, "rgb": "#000000", "zyx": [8, 88, 48]}