{"p": 0.0, "barbin": 2, "corr": 0.1599760502576828, "timescale": 2.801792041698326, "rgb": "#000000", "zyx": [15, 55, 30]}