{"p": 0.255, "barbin": 0, "corr": 0.014593773521482944, "timescale": 4.951766233336376, "rgb": "#000000", "zyx": [5, 61, 27]}