{"p": 0.904, "barbin": 0, "corr": -0.07367974519729614, "timescale": 6.003864211966945, "rgb": "#000000", "zyx": [13, 47, 71]}