{"p": 0.767, "barbin": 0, "corr": -0.03873255103826523, "timescale": 4.753516875504539, "rgb": "#000000", "zyx": [25, 53, 64]}