{"p": 0.145, "barbin": 0, "corr": 0.04801235720515251, "timescale": 2.423019870318024, "rgb": "#000000", "zyx": [11, 52, 28]}