{"p": 0.001, "barbin": 2, "corr": 0.18651385605335236, "timescale": 6.070492432278162, "rgb": "#000000", "zyx": [9, 72, 48]}