{"p": 0.828, "barbin": 0, "corr": -0.05829939246177673, "timescale": 5.584962500721156, "rgb": "#000000", "zyx": [7, 50, 50]}