{"p": 0.447, "barbin": 0, "corr": 0.009216077625751495, "timescale": 4.40133031442439, "rgb": "#000000", "zyx": [3, 84, 56]}