{"p": 0.144, "barbin": 0, "corr": 0.05217798054218292, "timescale": 6.951085116299415, "rgb": "#000000", "zyx": [10, 82, 56]}