{"p": 0.559, "barbin": 0, "corr": -0.002298342064023018, "timescale": 8.375160432533647, "rgb": "#000000", "zyx": [21, 77, 55]}