{"p": 0.137, "barbin": 0, "corr": 0.06274013221263885, "timescale": 4.2460330830548, "rgb": "#000000", "zyx": [7, 78, 53]}