{"p": 0.418, "barbin": 0, "corr": 0.0013008852256461978, "timescale": 8.584932777324275, "rgb": "#000000", "zyx": [9, 49, 66]}