{"p": 0.0, "barbin": 3, "corr": 0.2054556906223297, "timescale": 7.022860132633789, "rgb": "#000000", "zyx": [13, 71, 52]}