{"p": 0.058, "barbin": 0, "corr": 0.010393508709967136, "timescale": 2.4564684902924663, "rgb": "#000000", "zyx": [14, 68, 35]}