{"p": 0.547, "barbin": 0, "corr": -0.0004925535758957267, "timescale": 4.467127778941018, "rgb": "#000000", "zyx": [18, 63, 29]}