{"p": 0.267, "barbin": 0, "corr": 0.031066827476024628, "timescale": 8.564351897220078, "rgb": "#000000", "zyx": [5, 63, 48]}