{"p": 0.556, "barbin": 0, "corr": -0.0007756994455121458, "timescale": 4.590672429588268, "rgb": "#000000", "zyx": [7, 30, 57]}