{"p": 0.366, "barbin": 0, "corr": 0.020917342975735664, "timescale": 4.8838349472582765, "rgb": "#000000", "zyx": [4, 55, 78]}