{"p": 0.478, "barbin": 0, "corr": 0.002158482326194644, "timescale": 3.57458382782202, "rgb": "#000000", "zyx": [20, 78, 63]}