{"p": 0.137, "barbin": 0, "corr": 0.05902984365820885, "timescale": 3.4041743302832517, "rgb": "#000000", "zyx": [2, 73, 35]}