{"p": 0.533, "barbin": 0, "corr": -0.008165080100297928, "timescale": 6.555023411879272, "rgb": "#000000", "zyx": [16, 71, 69]}