{"p": 0.056, "barbin": 0, "corr": 0.0930718332529068, "timescale": 6.361862794581992, "rgb": "#000000", "zyx": [18, 22, 46]}