{"p": 0.026, "barbin": 0, "corr": 0.0708753764629364, "timescale": 7.466912315049116, "rgb": "#000000", "zyx": [18, 57, 76]}