{"p": 0.001, "barbin": 1, "corr": 0.14306874573230743, "timescale": 3.379984771868945, "rgb": "#000000", "zyx": [4, 77, 34]}