{"p": 0.666, "barbin": 0, "corr": -0.01489298976957798, "timescale": 8.013659888675114, "rgb": "#000000", "zyx": [27, 57, 61]}