{"p": 0.726, "barbin": 0, "corr": -0.03754100948572159, "timescale": 7.973341846528509, "rgb": "#000000", "zyx": [24, 74, 55]}