{"p": 0.809, "barbin": 0, "corr": -0.04928357154130936, "timescale": 5.52721176108324, "rgb": "#000000", "zyx": [6, 64, 73]}