{"p": 1.0, "barbin": 0, "corr": -0.13112162053585052, "timescale": 4.433585289097983, "rgb": "#000000", "zyx": [11, 49, 30]}