{"p": 0.099, "barbin": 0, "corr": 0.07120362669229507, "timescale": 4.97305120936697, "rgb": "#000000", "zyx": [7, 56, 74]}