{"p": 0.775, "barbin": 0, "corr": -0.04538791999220848, "timescale": 5.904170519763078, "rgb": "#000000", "zyx": [7, 80, 78]}