{"p": 0.515, "barbin": 0, "corr": -0.0015791419427841902, "timescale": 6.650208749881218, "rgb": "#000000", "zyx": [13, 56, 69]}