{"p": 0.504, "barbin": 0, "corr": -0.004139017313718796, "timescale": 3.650531775503703, "rgb": "#000000", "zyx": [3, 85, 71]}