{"p": 0.044, "barbin": 0, "corr": 0.013063324615359306, "timescale": 2.0614845622809783, "rgb": "#000000", "zyx": [11, 62, 65]}