{"p": 0.607, "barbin": 0, "corr": -0.016870157793164253, "timescale": 2.5755046526593786, "rgb": "#000000", "zyx": [12, 29, 70]}