{"p": 0.798, "barbin": 0, "corr": -0.04306299239397049, "timescale": 1.700869647822861, "rgb": "#000000", "zyx": [10, 73, 44]}