{"p": 0.241, "barbin": 0, "corr": 0.04339258372783661, "timescale": 3.7653072378365273, "rgb": "#000000", "zyx": [19, 27, 35]}