{"p": 0.56, "barbin": 0, "corr": -0.0034118432085961103, "timescale": 6.428529322933501, "rgb": "#000000", "zyx": [5, 91, 51]}