{"p": 0.042, "barbin": 0, "corr": 0.09457596391439438, "timescale": 6.594644506444101, "rgb": "#000000", "zyx": [11, 82, 39]}