{"p": 0.626, "barbin": 0, "corr": -0.01883404515683651, "timescale": 6.565090136642101, "rgb": "#000000", "zyx": [12, 90, 66]}