{"p": 0.084, "barbin": 0, "corr": 0.07503076642751694, "timescale": 7.592210212675222, "rgb": "#000000", "zyx": [16, 76, 44]}