{"p": 0.0, "barbin": 3, "corr": 0.21090386807918549, "timescale": 5.370422451489117, "rgb": "#000000", "zyx": [16, 37, 71]}