{"p": 0.066, "barbin": 0, "corr": 0.010608051903545856, "timescale": 3.522885338149999, "rgb": "#000000", "zyx": [22, 40, 51]}