{"p": 0.498, "barbin": 0, "corr": -0.00273842248134315, "timescale": 3.47733884119617, "rgb": "#000000", "zyx": [22, 62, 59]}