{"p": 0.273, "barbin": 0, "corr": 0.03764662519097328, "timescale": 7.115052620445692, "rgb": "#000000", "zyx": [22, 26, 57]}