{"p": 0.792, "barbin": 0, "corr": -0.047279343008995056, "timescale": 3.5849633941880845, "rgb": "#000000", "zyx": [2, 47, 71]}