{"p": 0.502, "barbin": 0, "corr": 0.0016483123181387782, "timescale": 5.028022964226302, "rgb": "#000000", "zyx": [21, 68, 61]}