{"p": 0.383, "barbin": 0, "corr": 0.0178800281137228, "timescale": 2.6486613244993196, "rgb": "#000000", "zyx": [14, 64, 79]}