{"p": 0.344, "barbin": 0, "corr": 0.02650262787938118, "timescale": 5.961643437860088, "rgb": "#000000", "zyx": [22, 54, 36]}