{"p": 0.02, "barbin": 1, "corr": 0.11658504605293274, "timescale": 5.439276304348047, "rgb": "#000000", "zyx": [18, 72, 55]}