{"p": 0.397, "barbin": 0, "corr": 0.011864574626088142, "timescale": 5.42530820760358, "rgb": "#000000", "zyx": [12, 31, 75]}