{"p": 0.0, "barbin": 1, "corr": 0.1464461237192154, "timescale": 6.5823144549860935, "rgb": "#000000", "zyx": [19, 27, 45]}