{"p": 0.381, "barbin": 0, "corr": 0.01760406605899334, "timescale": 2.6680230375145486, "rgb": "#000000", "zyx": [10, 61, 80]}