{"p": 0.01, "barbin": 0, "corr": 0.06871408224105835, "timescale": 3.062562085564985, "rgb": "#000000", "zyx": [8, 92, 51]}