{"p": 0.711, "barbin": 0, "corr": -0.027860622853040695, "timescale": 2.7590591644810294, "rgb": "#000000", "zyx": [19, 54, 77]}