{"p": 0.952, "barbin": 0, "corr": -0.05282999575138092, "timescale": 5.4832644633105705, "rgb": "#000000", "zyx": [7, 94, 46]}