{"p": 0.424, "barbin": 0, "corr": 0.00774920079857111, "timescale": 6.57677867637054, "rgb": "#000000", "zyx": [10, 68, 22]}