{"p": 0.633, "barbin": 0, "corr": -0.021826399490237236, "timescale": 3.4520528508637804, "rgb": "#000000", "zyx": [4, 59, 69]}