{"p": 0.132, "barbin": 0, "corr": 0.06952080130577087, "timescale": 5.493104069352329, "rgb": "#000000", "zyx": [19, 70, 59]}