{"p": 0.027, "barbin": 1, "corr": 0.11627043783664703, "timescale": 7.06532009704887, "rgb": "#000000", "zyx": [21, 34, 63]}