{"p": 0.62, "barbin": 0, "corr": -0.010917839594185352, "timescale": 4.586679010810038, "rgb": "#000000", "zyx": [6, 78, 26]}