{"p": 0.041, "barbin": 1, "corr": 0.10556869208812714, "timescale": 7.7764673113596015, "rgb": "#000000", "zyx": [24, 53, 57]}