{"p": 0.721, "barbin": 0, "corr": -0.033172909170389175, "timescale": 3.1714185842746225, "rgb": "#000000", "zyx": [23, 28, 53]}