{"p": 0.966, "barbin": 0, "corr": -0.10234948247671127, "timescale": 5.584962511865699, "rgb": "#000000", "zyx": [14, 84, 75]}