{"p": 0.0, "barbin": 3, "corr": 0.20886006951332092, "timescale": 6.89208513881498, "rgb": "#000000", "zyx": [6, 41, 33]}