{"p": 0.062, "barbin": 0, "corr": 0.08908925205469131, "timescale": 7.872423469757057, "rgb": "#000000", "zyx": [20, 40, 47]}