{"p": 0.189, "barbin": 0, "corr": 0.051542364060878754, "timescale": 5.891537387107212, "rgb": "#000000", "zyx": [12, 70, 53]}