{"p": 0.001, "barbin": 1, "corr": 0.14465492963790894, "timescale": 4.782999996203713, "rgb": "#000000", "zyx": [10, 49, 26]}