{"p": 0.0, "barbin": 0, "corr": 0.07268144935369492, "timescale": 4.715412357363546, "rgb": "#000000", "zyx": [5, 79, 42]}