{"p": 0.058, "barbin": 0, "corr": 0.03962896391749382, "timescale": 6.008018261169873, "rgb": "#000000", "zyx": [4, 52, 41]}