{"p": 0.0, "barbin": 3, "corr": 0.2261316478252411, "timescale": 7.172504865674007, "rgb": "#000000", "zyx": [16, 43, 32]}