{"p": 0.376, "barbin": 0, "corr": 0.017747117206454277, "timescale": 2.7357180143266513, "rgb": "#000000", "zyx": [4, 72, 43]}