{"p": 0.986, "barbin": 0, "corr": -0.13308085501194, "timescale": 7.584961234855273, "rgb": "#000000", "zyx": [15, 65, 46]}