{"p": 0.937, "barbin": 0, "corr": -0.09308851510286331, "timescale": 7.310218920321771, "rgb": "#000000", "zyx": [7, 28, 55]}