{"p": 0.797, "barbin": 0, "corr": -0.047436706721782684, "timescale": 6.860102508729006, "rgb": "#000000", "zyx": [18, 40, 72]}