{"p": 0.0, "barbin": 2, "corr": 0.19240988790988922, "timescale": 6.760704963678855, "rgb": "#000000", "zyx": [20, 32, 55]}