{"p": 0.844, "barbin": 0, "corr": -0.02157844789326191, "timescale": 6.585350881928745, "rgb": "#000000", "zyx": [5, 77, 59]}