{"p": 0.009, "barbin": 1, "corr": 0.12675023078918457, "timescale": 6.38287973061955, "rgb": "#000000", "zyx": [24, 41, 51]}