{"p": 0.0, "barbin": 4, "corr": 0.25198739767074585, "timescale": 5.828622828590344, "rgb": "#000000", "zyx": [15, 43, 72]}