{"p": 0.319, "barbin": 0, "corr": 0.02677009254693985, "timescale": 6.90581381944421, "rgb": "#000000", "zyx": [1, 73, 75]}