{"p": 0.664, "barbin": 0, "corr": -0.025797110050916672, "timescale": 5.585409723113353, "rgb": "#000000", "zyx": [7, 45, 58]}