{"p": 0.492, "barbin": 0, "corr": -8.5015082731843e-05, "timescale": 3.492216036017731, "rgb": "#000000", "zyx": [16, 59, 28]}