{"p": 0.0, "barbin": 4, "corr": 0.25721317529678345, "timescale": 7.004059274731701, "rgb": "#000000", "zyx": [16, 81, 65]}