{"p": 0.037, "barbin": 1, "corr": 0.10983802378177643, "timescale": 6.419755300781262, "rgb": "#000000", "zyx": [12, 77, 28]}