{"p": 0.905, "barbin": 0, "corr": -0.04407069459557533, "timescale": 1.7974930079559155, "rgb": "#000000", "zyx": [16, 23, 67]}