{"p": 0.683, "barbin": 0, "corr": -0.028640320524573326, "timescale": 3.030831482121795, "rgb": "#000000", "zyx": [19, 77, 43]}