{"p": 0.948, "barbin": 0, "corr": -0.09391028434038162, "timescale": 6.806353331037643, "rgb": "#000000", "zyx": [18, 19, 57]}