{"p": 0.66, "barbin": 0, "corr": -0.02486705780029297, "timescale": 8.543740147426176, "rgb": "#000000", "zyx": [7, 52, 47]}