{"p": 0.426, "barbin": 0, "corr": 0.013585574924945831, "timescale": 4.584962500721156, "rgb": "#000000", "zyx": [19, 71, 44]}