{"p": 0.0, "barbin": 4, "corr": 0.30182594060897827, "timescale": 6.5081419329623795, "rgb": "#000000", "zyx": [16, 48, 32]}