{"p": 0.087, "barbin": 0, "corr": 0.07725480198860168, "timescale": 7.468631010591392, "rgb": "#000000", "zyx": [5, 67, 27]}