{"p": 0.582, "barbin": 0, "corr": -0.01268121786415577, "timescale": 2.0768310387018394, "rgb": "#000000", "zyx": [2, 43, 40]}