{"p": 0.564, "barbin": 0, "corr": -0.007485376205295324, "timescale": 7.339568063112174, "rgb": "#000000", "zyx": [4, 91, 65]}