{"p": 0.001, "barbin": 2, "corr": 0.16195698082447052, "timescale": 5.9727521157008425, "rgb": "#000000", "zyx": [16, 50, 37]}