{"p": 0.004, "barbin": 1, "corr": 0.13946178555488586, "timescale": 8.11462395275171, "rgb": "#000000", "zyx": [6, 70, 61]}