{"p": 0.392, "barbin": 0, "corr": 0.013576210476458073, "timescale": 6.894455571011506, "rgb": "#000000", "zyx": [22, 56, 49]}