{"p": 0.005, "barbin": 1, "corr": 0.13681375980377197, "timescale": 6.8152320576226675, "rgb": "#000000", "zyx": [5, 48, 36]}