{"p": 1.0, "barbin": 0, "corr": -0.22242885828018188, "timescale": 3.1916932340263804, "rgb": "#000000", "zyx": [9, 61, 83]}