{"p": 0.001, "barbin": 2, "corr": 0.1794104278087616, "timescale": 7.053798412327211, "rgb": "#000000", "zyx": [14, 42, 29]}