{"p": 0.0, "barbin": 4, "corr": 0.26295697689056396, "timescale": 7.323478860001, "rgb": "#000000", "zyx": [6, 71, 27]}