{"p": 0.11, "barbin": 0, "corr": 0.06673599034547806, "timescale": 6.008875054975437, "rgb": "#000000", "zyx": [22, 73, 66]}