{"p": 0.717, "barbin": 0, "corr": -0.025970298796892166, "timescale": 2.8251853295173697, "rgb": "#000000", "zyx": [5, 73, 67]}