{"p": 0.078, "barbin": 0, "corr": 0.07698893547058105, "timescale": 6.722370407741465, "rgb": "#000000", "zyx": [23, 58, 37]}