{"p": 0.277, "barbin": 0, "corr": 0.034495651721954346, "timescale": 5.23249154773597, "rgb": "#000000", "zyx": [0, 82, 34]}