{"p": 0.604, "barbin": 0, "corr": -0.01844015344977379, "timescale": 8.584962500721156, "rgb": "#000000", "zyx": [7, 36, 51]}