{"p": 0.681, "barbin": 0, "corr": -0.023910855874419212, "timescale": 4.439774770507874, "rgb": "#000000", "zyx": [9, 41, 73]}