{"p": 0.001, "barbin": 1, "corr": 0.10221559554338455, "timescale": 7.410915842992348, "rgb": "#000000", "zyx": [13, 35, 55]}