{"p": 0.169, "barbin": 0, "corr": 0.013829562813043594, "timescale": 6.663412191172859, "rgb": "#000000", "zyx": [14, 91, 66]}