{"p": 0.711, "barbin": 0, "corr": -0.022701513022184372, "timescale": 6.669918637655219, "rgb": "#000000", "zyx": [13, 29, 70]}