{"p": 0.0, "barbin": 2, "corr": 0.18956691026687622, "timescale": 4.19141862019238, "rgb": "#000000", "zyx": [19, 58, 37]}