{"p": 0.611, "barbin": 0, "corr": -0.004010957665741444, "timescale": 6.557878925366622, "rgb": "#000000", "zyx": [16, 85, 46]}