{"p": 0.474, "barbin": 0, "corr": 0.003853337839245796, "timescale": 5.73059399321199, "rgb": "#000000", "zyx": [12, 43, 69]}