{"p": 0.611, "barbin": 0, "corr": -0.017987338826060295, "timescale": 7.550654375765361, "rgb": "#000000", "zyx": [8, 27, 50]}