{"p": 0.087, "barbin": 0, "corr": 0.07962945848703384, "timescale": 8.516836068090258, "rgb": "#000000", "zyx": [24, 28, 55]}