{"p": 0.691, "barbin": 0, "corr": -0.027324426919221878, "timescale": 8.575301148941978, "rgb": "#000000", "zyx": [3, 43, 33]}