{"p": 0.924, "barbin": 0, "corr": -0.03643589839339256, "timescale": 5.1303097712895465, "rgb": "#000000", "zyx": [4, 82, 50]}