{"p": 0.334, "barbin": 0, "corr": 0.022921036928892136, "timescale": 3.3034102553372833, "rgb": "#000000", "zyx": [8, 31, 64]}