{"p": 0.066, "barbin": 0, "corr": 0.06324663758277893, "timescale": 6.039605108536218, "rgb": "#000000", "zyx": [7, 39, 49]}