{"p": 0.583, "barbin": 0, "corr": -0.006228944752365351, "timescale": 1.7356651778534404, "rgb": "#000000", "zyx": [4, 45, 30]}