{"p": 0.311, "barbin": 0, "corr": 0.026866409927606583, "timescale": 2.715227740424651, "rgb": "#000000", "zyx": [19, 52, 55]}