{"p": 0.793, "barbin": 0, "corr": -0.015590719878673553, "timescale": 5.801811239404555, "rgb": "#000000", "zyx": [8, 38, 37]}