{"p": 0.042, "barbin": 1, "corr": 0.10506883263587952, "timescale": 7.55013895246935, "rgb": "#000000", "zyx": [7, 29, 44]}