{"p": 0.492, "barbin": 0, "corr": 0.005990269128233194, "timescale": 7.584613343569666, "rgb": "#000000", "zyx": [8, 70, 60]}