{"p": 0.394, "barbin": 0, "corr": 0.015720900148153305, "timescale": 5.429284695653268, "rgb": "#000000", "zyx": [5, 51, 37]}