{"p": 0.048, "barbin": 0, "corr": 0.06764117628335953, "timescale": 7.9829900803454725, "rgb": "#000000", "zyx": [25, 56, 38]}