{"p": 0.002, "barbin": 2, "corr": 0.16349011659622192, "timescale": 7.433476064992694, "rgb": "#000000", "zyx": [22, 60, 34]}