{"p": 0.361, "barbin": 0, "corr": 0.02171272598206997, "timescale": 5.645925446166577, "rgb": "#000000", "zyx": [14, 53, 32]}