{"p": 0.698, "barbin": 0, "corr": -0.025453846901655197, "timescale": 4.215861334021131, "rgb": "#000000", "zyx": [7, 49, 25]}