{"p": 0.011, "barbin": 1, "corr": 0.13167567551136017, "timescale": 6.775975319836713, "rgb": "#000000", "zyx": [17, 36, 54]}