{"p": 0.001, "barbin": 0, "corr": 0.0736786350607872, "timescale": 4.604197113345185, "rgb": "#000000", "zyx": [10, 90, 43]}