{"p": 0.32, "barbin": 0, "corr": 0.028386086225509644, "timescale": 5.674193708485338, "rgb": "#000000", "zyx": [18, 43, 51]}