{"p": 0.706, "barbin": 0, "corr": -0.030302178114652634, "timescale": 6.584962542483603, "rgb": "#000000", "zyx": [6, 34, 32]}