{"p": 0.531, "barbin": 0, "corr": -0.0017168442718684673, "timescale": 4.585565090253383, "rgb": "#000000", "zyx": [6, 84, 34]}