{"p": 0.092, "barbin": 0, "corr": 0.07835321128368378, "timescale": 6.743106319951958, "rgb": "#000000", "zyx": [1, 44, 32]}