{"p": 0.802, "barbin": 0, "corr": -0.041449397802352905, "timescale": 7.092779156926357, "rgb": "#000000", "zyx": [27, 54, 58]}