{"p": 0.066, "barbin": 0, "corr": 0.05205432325601578, "timescale": 4.181323055221825, "rgb": "#000000", "zyx": [20, 61, 42]}