{"p": 0.388, "barbin": 0, "corr": 0.018000807613134384, "timescale": 7.37990426534871, "rgb": "#000000", "zyx": [7, 56, 58]}