{"p": 0.051, "barbin": 0, "corr": 0.0823906734585762, "timescale": 6.099807852162605, "rgb": "#000000", "zyx": [13, 74, 71]}