{"p": 0.702, "barbin": 0, "corr": -0.027721455320715904, "timescale": 8.408834035671907, "rgb": "#000000", "zyx": [7, 57, 46]}