{"p": 0.657, "barbin": 0, "corr": -0.017536969855427742, "timescale": 3.5812672213613386, "rgb": "#000000", "zyx": [9, 89, 39]}