{"p": 0.255, "barbin": 0, "corr": 0.036627888679504395, "timescale": 2.595782798323396, "rgb": "#000000", "zyx": [12, 23, 34]}