{"p": 0.894, "barbin": 0, "corr": -0.06010245904326439, "timescale": 3.5518059184727804, "rgb": "#000000", "zyx": [20, 79, 34]}