{"p": 0.257, "barbin": 0, "corr": 0.023470403626561165, "timescale": 2.1290476509442944, "rgb": "#000000", "zyx": [10, 89, 56]}