{"p": 0.43, "barbin": 0, "corr": 0.00986416544765234, "timescale": 4.147586993209003, "rgb": "#000000", "zyx": [1, 43, 44]}