{"p": 0.925, "barbin": 0, "corr": -4.54787295893766e-05, "timescale": 1.9815216839945766, "rgb": "#000000", "zyx": [17, 26, 34]}