{"p": 0.368, "barbin": 0, "corr": 0.0180647149682045, "timescale": 5.497250672190776, "rgb": "#000000", "zyx": [8, 55, 37]}