{"p": 0.842, "barbin": 0, "corr": -0.010652261786162853, "timescale": 3.6597749001680393, "rgb": "#000000", "zyx": [22, 73, 41]}