{"p": 0.515, "barbin": 0, "corr": -0.0024154912680387497, "timescale": 4.971966122186116, "rgb": "#000000", "zyx": [17, 53, 51]}