{"p": 0.0, "barbin": 4, "corr": 0.2791421413421631, "timescale": 6.021732982773546, "rgb": "#000000", "zyx": [25, 60, 44]}