{"p": 0.982, "barbin": 0, "corr": -0.12121029198169708, "timescale": 5.508560630303962, "rgb": "#000000", "zyx": [24, 73, 47]}