{"p": 0.195, "barbin": 0, "corr": 0.001598955481313169, "timescale": 2.723900131046457, "rgb": "#000000", "zyx": [6, 34, 31]}