{"p": 0.507, "barbin": 0, "corr": -0.0018939319998025894, "timescale": 7.581965547102876, "rgb": "#000000", "zyx": [14, 37, 47]}