{"p": 0.031, "barbin": 1, "corr": 0.10906268656253815, "timescale": 7.6172336804556044, "rgb": "#000000", "zyx": [11, 76, 52]}