{"p": 0.197, "barbin": 0, "corr": 0.05598874017596245, "timescale": 8.519228762261006, "rgb": "#000000", "zyx": [17, 73, 60]}