{"p": 0.99, "barbin": 0, "corr": -0.11939059942960739, "timescale": 8.584962500721156, "rgb": "#000000", "zyx": [12, 74, 44]}