{"p": 0.074, "barbin": 0, "corr": 0.08138952404260635, "timescale": 7.41163339496919, "rgb": "#000000", "zyx": [22, 60, 41]}