{"p": 0.828, "barbin": 0, "corr": -0.022253885865211487, "timescale": 3.862666755755629, "rgb": "#000000", "zyx": [11, 92, 57]}