{"p": 0.529, "barbin": 0, "corr": -0.002332906238734722, "timescale": 6.592844170697896, "rgb": "#000000", "zyx": [22, 35, 64]}