{"p": 0.76, "barbin": 0, "corr": -0.03981589898467064, "timescale": 6.265874327558652, "rgb": "#000000", "zyx": [11, 36, 58]}