{"p": 0.022, "barbin": 0, "corr": 0.09481121599674225, "timescale": 7.268089402149344, "rgb": "#000000", "zyx": [6, 40, 33]}