{"p": 0.0, "barbin": 0, "corr": 0.08698661625385284, "timescale": 1.9611289674186334, "rgb": "#000000", "zyx": [5, 75, 75]}