{"p": 0.446, "barbin": 0, "corr": 0.007164452690631151, "timescale": 4.58364837214494, "rgb": "#000000", "zyx": [10, 83, 46]}