{"p": 0.455, "barbin": 0, "corr": 0.005739830434322357, "timescale": 7.507519854694591, "rgb": "#000000", "zyx": [16, 34, 64]}