{"p": 0.0, "barbin": 4, "corr": 0.2626761198043823, "timescale": 7.346197785758586, "rgb": "#000000", "zyx": [17, 21, 39]}