{"p": 0.369, "barbin": 0, "corr": 0.021670600399374962, "timescale": 4.406173297947737, "rgb": "#000000", "zyx": [19, 36, 36]}