{"p": 0.459, "barbin": 0, "corr": 0.006196956150233746, "timescale": 6.8647030718779, "rgb": "#000000", "zyx": [18, 39, 74]}