{"p": 0.314, "barbin": 0, "corr": 0.03113378770649433, "timescale": 7.8853400167835135, "rgb": "#000000", "zyx": [19, 31, 52]}