{"p": 0.007, "barbin": 1, "corr": 0.14970721304416656, "timescale": 4.775471973600089, "rgb": "#000000", "zyx": [23, 62, 71]}