{"p": 0.172, "barbin": 0, "corr": 0.02943400666117668, "timescale": 7.584172083395025, "rgb": "#000000", "zyx": [22, 74, 58]}