{"p": 0.485, "barbin": 0, "corr": 0.00296667474322021, "timescale": 6.708761945514679, "rgb": "#000000", "zyx": [17, 69, 30]}