{"p": 0.787, "barbin": 0, "corr": -0.04022261127829552, "timescale": 3.0631956277198027, "rgb": "#000000", "zyx": [21, 70, 40]}