{"p": 0.403, "barbin": 0, "corr": 0.009943992830812931, "timescale": 3.244176674918909, "rgb": "#000000", "zyx": [21, 44, 42]}