{"p": 0.872, "barbin": 0, "corr": -0.0034590596333146095, "timescale": 6.862096423488796, "rgb": "#000000", "zyx": [22, 67, 74]}