{"p": 0.007, "barbin": 1, "corr": 0.1482553631067276, "timescale": 2.738050581828131, "rgb": "#000000", "zyx": [14, 58, 35]}