{"p": 0.888, "barbin": 0, "corr": -0.06900445371866226, "timescale": 7.562202087161194, "rgb": "#000000", "zyx": [4, 64, 76]}