{"p": 0.0, "barbin": 2, "corr": 0.15895216166973114, "timescale": 3.566887444327307, "rgb": "#000000", "zyx": [6, 87, 61]}