{"p": 0.007, "barbin": 0, "corr": 0.04254071041941643, "timescale": 3.874149128899964, "rgb": "#000000", "zyx": [7, 79, 75]}