{"p": 0.412, "barbin": 0, "corr": 0.016094014048576355, "timescale": 3.5519782283495824, "rgb": "#000000", "zyx": [9, 50, 71]}