{"p": 0.302, "barbin": 0, "corr": 0.03012837842106819, "timescale": 5.779941217736017, "rgb": "#000000", "zyx": [21, 70, 67]}