{"p": 0.69, "barbin": 0, "corr": -0.029866786673665047, "timescale": 7.567099916993106, "rgb": "#000000", "zyx": [2, 86, 34]}