{"p": 0.448, "barbin": 0, "corr": 0.00780632346868515, "timescale": 6.961739317059958, "rgb": "#000000", "zyx": [16, 43, 41]}