{"p": 0.069, "barbin": 0, "corr": 0.08187586814165115, "timescale": 2.004143589406051, "rgb": "#000000", "zyx": [21, 59, 51]}