{"p": 0.0, "barbin": 3, "corr": 0.23586581647396088, "timescale": 7.8447735784810595, "rgb": "#000000", "zyx": [19, 35, 54]}