{"p": 0.568, "barbin": 0, "corr": -0.010641283355653286, "timescale": 3.644792995570435, "rgb": "#000000", "zyx": [8, 64, 70]}