{"p": 0.992, "barbin": 0, "corr": -0.14849752187728882, "timescale": 5.284942404909765, "rgb": "#000000", "zyx": [9, 29, 56]}