{"p": 0.409, "barbin": 0, "corr": 0.013552755117416382, "timescale": 6.415506868144296, "rgb": "#000000", "zyx": [10, 63, 39]}