{"p": 0.0, "barbin": 2, "corr": 0.15665942430496216, "timescale": 6.23855445863842, "rgb": "#000000", "zyx": [10, 65, 75]}