{"p": 0.316, "barbin": 0, "corr": 0.014196066185832024, "timescale": 4.557811669470051, "rgb": "#000000", "zyx": [8, 26, 57]}