{"p": 0.286, "barbin": 0, "corr": 0.019206903874874115, "timescale": 5.2824745684461085, "rgb": "#000000", "zyx": [13, 45, 69]}