{"p": 0.092, "barbin": 0, "corr": 0.07557874917984009, "timescale": 6.278433145501861, "rgb": "#000000", "zyx": [4, 43, 37]}