{"p": 0.0, "barbin": 2, "corr": 0.15808889269828796, "timescale": 6.3870520436086595, "rgb": "#000000", "zyx": [8, 72, 32]}