{"p": 0.854, "barbin": 0, "corr": -0.05643901973962784, "timescale": 7.7293220805351055, "rgb": "#000000", "zyx": [19, 67, 44]}