{"p": 0.063, "barbin": 0, "corr": 0.0490623377263546, "timescale": 3.525127320562192, "rgb": "#000000", "zyx": [19, 64, 28]}