{"p": 0.014, "barbin": 1, "corr": 0.11520981788635254, "timescale": 6.3059860160028745, "rgb": "#000000", "zyx": [14, 83, 52]}