{"p": 0.819, "barbin": 0, "corr": -0.01813587173819542, "timescale": 5.984256326158411, "rgb": "#000000", "zyx": [17, 44, 59]}