{"p": 0.287, "barbin": 0, "corr": 0.031922902911901474, "timescale": 2.47961603701788, "rgb": "#000000", "zyx": [10, 21, 41]}