{"p": 0.468, "barbin": 0, "corr": 0.005631169769912958, "timescale": 4.584964867132567, "rgb": "#000000", "zyx": [16, 71, 62]}