{"p": 0.992, "barbin": 0, "corr": -0.12831728160381317, "timescale": 5.179110409071183, "rgb": "#000000", "zyx": [8, 23, 50]}