{"p": 0.442, "barbin": 0, "corr": 0.006388919427990913, "timescale": 6.220334894501114, "rgb": "#000000", "zyx": [5, 39, 59]}