{"p": 0.931, "barbin": 0, "corr": -0.008341982029378414, "timescale": 5.586062457294536, "rgb": "#000000", "zyx": [8, 50, 52]}