{"p": 0.36, "barbin": 0, "corr": 0.0027755543123930693, "timescale": 4.778909579976638, "rgb": "#000000", "zyx": [12, 79, 44]}