{"p": 0.0, "barbin": 3, "corr": 0.20033757388591766, "timescale": 7.202253776602074, "rgb": "#000000", "zyx": [15, 77, 50]}