{"p": 0.071, "barbin": 0, "corr": 0.09201560169458389, "timescale": 6.1236146011251975, "rgb": "#000000", "zyx": [10, 68, 53]}