{"p": 0.567, "barbin": 0, "corr": -0.01196534838527441, "timescale": 4.594531305613344, "rgb": "#000000", "zyx": [7, 86, 34]}