{"p": 0.16, "barbin": 0, "corr": 0.05807344242930412, "timescale": 7.925888572459668, "rgb": "#000000", "zyx": [17, 49, 59]}