{"p": 0.548, "barbin": 0, "corr": -0.003762314561754465, "timescale": 7.741764412687354, "rgb": "#000000", "zyx": [24, 66, 60]}