{"p": 0.153, "barbin": 0, "corr": 0.06247486174106598, "timescale": 4.263799587373608, "rgb": "#000000", "zyx": [11, 52, 71]}