{"p": 0.101, "barbin": 0, "corr": 0.04012388736009598, "timescale": 4.678443442134419, "rgb": "#000000", "zyx": [20, 48, 39]}