{"p": 0.665, "barbin": 0, "corr": -0.012841321527957916, "timescale": 7.673921104313, "rgb": "#000000", "zyx": [27, 50, 53]}