{"p": 0.0, "barbin": 4, "corr": 0.2702518105506897, "timescale": 6.3602986565249, "rgb": "#000000", "zyx": [9, 74, 32]}