{"p": 0.999, "barbin": 0, "corr": -0.17081613838672638, "timescale": 5.941886908703644, "rgb": "#000000", "zyx": [17, 47, 52]}