{"p": 0.03, "barbin": 0, "corr": 0.028514061123132706, "timescale": 2.858924050530244, "rgb": "#000000", "zyx": [2, 85, 64]}