{"p": 0.279, "barbin": 0, "corr": 0.03263145685195923, "timescale": 7.9515341185786745, "rgb": "#000000", "zyx": [12, 64, 49]}