{"p": 0.68, "barbin": 0, "corr": -0.026673968881368637, "timescale": 6.585041237120147, "rgb": "#000000", "zyx": [13, 61, 81]}