{"p": 0.116, "barbin": 0, "corr": 0.028085952624678612, "timescale": 6.671714227483936, "rgb": "#000000", "zyx": [21, 82, 47]}