{"p": 0.025, "barbin": 1, "corr": 0.12290630489587784, "timescale": 6.671714189488759, "rgb": "#000000", "zyx": [22, 47, 44]}