{"p": 0.141, "barbin": 0, "corr": 0.06721118837594986, "timescale": 1.5990650249483978, "rgb": "#000000", "zyx": [10, 58, 35]}