{"p": 0.02, "barbin": 0, "corr": 0.09996664524078369, "timescale": 4.885238690563064, "rgb": "#000000", "zyx": [7, 89, 54]}