{"p": 0.943, "barbin": 0, "corr": -0.0903344675898552, "timescale": 6.529291263590442, "rgb": "#000000", "zyx": [3, 68, 24]}