{"p": 0.009, "barbin": 1, "corr": 0.14514575898647308, "timescale": 6.6269096244879915, "rgb": "#000000", "zyx": [14, 72, 56]}