{"p": 0.008, "barbin": 0, "corr": 0.0592120923101902, "timescale": 3.4884133936904287, "rgb": "#000000", "zyx": [18, 57, 40]}