{"p": 0.582, "barbin": 0, "corr": -0.015510302037000656, "timescale": 2.3014140409474066, "rgb": "#000000", "zyx": [25, 71, 39]}