{"p": 0.514, "barbin": 0, "corr": -0.0010395962744951248, "timescale": 8.511297303777628, "rgb": "#000000", "zyx": [14, 67, 60]}