{"p": 0.247, "barbin": 0, "corr": 0.022520847618579865, "timescale": 4.64180047721012, "rgb": "#000000", "zyx": [2, 44, 32]}