{"p": 0.018, "barbin": 1, "corr": 0.12373898178339005, "timescale": 6.682561466458307, "rgb": "#000000", "zyx": [20, 85, 54]}