{"p": 0.426, "barbin": 0, "corr": 0.01143933180719614, "timescale": 7.584960729058338, "rgb": "#000000", "zyx": [9, 71, 36]}