{"p": 0.581, "barbin": 0, "corr": -0.01226713228970766, "timescale": 1.584962500721156, "rgb": "#000000", "zyx": [22, 75, 56]}