{"p": 0.117, "barbin": 0, "corr": 0.06187066435813904, "timescale": 7.474419931575389, "rgb": "#000000", "zyx": [13, 54, 37]}