{"p": 0.426, "barbin": 0, "corr": 0.005718820262700319, "timescale": 3.989762488747348, "rgb": "#000000", "zyx": [21, 76, 65]}