{"p": 0.173, "barbin": 0, "corr": 0.03680333495140076, "timescale": 3.54693765403354, "rgb": "#000000", "zyx": [10, 74, 42]}