{"p": 0.014, "barbin": 1, "corr": 0.1322326958179474, "timescale": 5.073797015158555, "rgb": "#000000", "zyx": [22, 76, 47]}