{"p": 0.154, "barbin": 0, "corr": 0.0312613844871521, "timescale": 6.670067493295131, "rgb": "#000000", "zyx": [17, 53, 48]}