{"p": 0.803, "barbin": 0, "corr": -0.04715955629944801, "timescale": 4.246396083177194, "rgb": "#000000", "zyx": [15, 82, 33]}