{"p": 0.092, "barbin": 0, "corr": 0.07303518801927567, "timescale": 8.47748572715579, "rgb": "#000000", "zyx": [4, 37, 63]}