{"p": 0.178, "barbin": 0, "corr": 0.05467265471816063, "timescale": 4.658124379928234, "rgb": "#000000", "zyx": [23, 61, 70]}