{"p": 0.0, "barbin": 3, "corr": 0.21320803463459015, "timescale": 7.298689724870332, "rgb": "#000000", "zyx": [23, 42, 55]}