{"p": 0.406, "barbin": 0, "corr": 0.01076539233326912, "timescale": 7.276831467334763, "rgb": "#000000", "zyx": [14, 85, 31]}