{"p": 0.035, "barbin": 1, "corr": 0.10685080289840698, "timescale": 8.069726761055156, "rgb": "#000000", "zyx": [15, 55, 24]}