{"p": 0.0, "barbin": 0, "corr": 0.07387538254261017, "timescale": 4.3258346194220465, "rgb": "#000000", "zyx": [3, 90, 57]}