{"p": 0.0, "barbin": 3, "corr": 0.23649892210960388, "timescale": 4.974442962226633, "rgb": "#000000", "zyx": [9, 75, 30]}