{"p": 0.153, "barbin": 0, "corr": 0.061769768595695496, "timescale": 8.584768867198578, "rgb": "#000000", "zyx": [14, 41, 48]}