{"p": 0.337, "barbin": 0, "corr": 0.02583293616771698, "timescale": 5.561946686263306, "rgb": "#000000", "zyx": [10, 62, 77]}