{"p": 0.438, "barbin": 0, "corr": 0.008838804438710213, "timescale": 5.2541790568366755, "rgb": "#000000", "zyx": [18, 25, 45]}