{"p": 0.008, "barbin": 1, "corr": 0.1354389637708664, "timescale": 5.912017777096537, "rgb": "#000000", "zyx": [10, 44, 70]}