{"p": 0.568, "barbin": 0, "corr": -0.005416779778897762, "timescale": 3.7416558852835378, "rgb": "#000000", "zyx": [19, 68, 49]}