{"p": 0.314, "barbin": 0, "corr": 0.01479317806661129, "timescale": 7.152315152208633, "rgb": "#000000", "zyx": [10, 79, 67]}