{"p": 0.683, "barbin": 0, "corr": -0.017173554748296738, "timescale": 4.38880646981102, "rgb": "#000000", "zyx": [6, 74, 43]}