{"p": 0.713, "barbin": 0, "corr": -0.024737969040870667, "timescale": 5.050339808163499, "rgb": "#000000", "zyx": [10, 40, 52]}