{"p": 0.209, "barbin": 0, "corr": 0.043695464730262756, "timescale": 5.872569817630793, "rgb": "#000000", "zyx": [7, 58, 35]}