{"p": 0.01, "barbin": 0, "corr": 0.049178577959537506, "timescale": 3.5583942868022698, "rgb": "#000000", "zyx": [4, 82, 68]}