{"p": 0.361, "barbin": 0, "corr": 0.01956993341445923, "timescale": 6.199506466911155, "rgb": "#000000", "zyx": [5, 54, 26]}