{"p": 0.011, "barbin": 1, "corr": 0.1255515068769455, "timescale": 6.893170048847368, "rgb": "#000000", "zyx": [15, 46, 31]}