{"p": 0.872, "barbin": 0, "corr": -0.06378097087144852, "timescale": 8.583971254698575, "rgb": "#000000", "zyx": [11, 15, 53]}