{"p": 0.923, "barbin": 0, "corr": -0.06872617453336716, "timescale": 3.9672447302088707, "rgb": "#000000", "zyx": [5, 36, 70]}