{"p": 0.568, "barbin": 0, "corr": -0.010929783806204796, "timescale": 4.834490597673538, "rgb": "#000000", "zyx": [6, 82, 74]}