{"p": 0.169, "barbin": 0, "corr": 0.02577926404774189, "timescale": 4.629205005038955, "rgb": "#000000", "zyx": [21, 29, 47]}