{"p": 0.475, "barbin": 0, "corr": 0.0011247619986534119, "timescale": 8.3717631230296, "rgb": "#000000", "zyx": [23, 50, 63]}