{"p": 0.994, "barbin": 0, "corr": -0.12083686143159866, "timescale": 4.584962500721156, "rgb": "#000000", "zyx": [19, 79, 40]}