{"p": 0.273, "barbin": 0, "corr": 0.03653417527675629, "timescale": 7.75643437351107, "rgb": "#000000", "zyx": [3, 57, 31]}