{"p": 0.859, "barbin": 0, "corr": -0.06395690143108368, "timescale": 5.268504553989442, "rgb": "#000000", "zyx": [25, 46, 42]}