{"p": 0.761, "barbin": 0, "corr": -0.02767317369580269, "timescale": 4.585057580613943, "rgb": "#000000", "zyx": [12, 30, 42]}