{"p": 0.485, "barbin": 0, "corr": 0.0009362492710351944, "timescale": 5.837766885350932, "rgb": "#000000", "zyx": [4, 88, 55]}