{"p": 0.611, "barbin": 0, "corr": -0.01655663549900055, "timescale": 4.777998633897286, "rgb": "#000000", "zyx": [16, 66, 48]}