{"p": 0.853, "barbin": 0, "corr": -0.05993407592177391, "timescale": 5.584929448012584, "rgb": "#000000", "zyx": [18, 70, 68]}