{"p": 0.447, "barbin": 0, "corr": 0.006156127899885178, "timescale": 7.790948689990581, "rgb": "#000000", "zyx": [16, 58, 26]}