{"p": 0.314, "barbin": 0, "corr": 0.027979662641882896, "timescale": 3.5639208383727845, "rgb": "#000000", "zyx": [14, 77, 73]}