{"p": 0.929, "barbin": 0, "corr": -0.08502409607172012, "timescale": 1.5903121464067969, "rgb": "#000000", "zyx": [2, 45, 73]}