{"p": 0.946, "barbin": 0, "corr": -0.03651982918381691, "timescale": 5.347777601684104, "rgb": "#000000", "zyx": [16, 61, 65]}