{"p": 0.468, "barbin": 0, "corr": 0.0071431295946240425, "timescale": 5.753869578048707, "rgb": "#000000", "zyx": [19, 47, 69]}