{"p": 0.35, "barbin": 0, "corr": 0.018631506711244583, "timescale": 7.579181098553274, "rgb": "#000000", "zyx": [14, 41, 69]}