{"p": 0.021, "barbin": 1, "corr": 0.11414198577404022, "timescale": 8.116456556583191, "rgb": "#000000", "zyx": [5, 74, 56]}