{"p": 0.497, "barbin": 0, "corr": 0.0006221681833267212, "timescale": 5.09575409554985, "rgb": "#000000", "zyx": [13, 31, 48]}