{"p": 0.997, "barbin": 0, "corr": -0.16686595976352692, "timescale": 3.6778069652250194, "rgb": "#000000", "zyx": [7, 81, 50]}