{"p": 0.933, "barbin": 0, "corr": -0.08837682008743286, "timescale": 1.634073917974787, "rgb": "#000000", "zyx": [12, 54, 33]}