{"p": 0.859, "barbin": 0, "corr": -0.05511556938290596, "timescale": 3.584962500721156, "rgb": "#000000", "zyx": [16, 77, 60]}