{"p": 0.135, "barbin": 0, "corr": 0.06619919836521149, "timescale": 3.135323117848289, "rgb": "#000000", "zyx": [4, 50, 39]}