{"p": 0.227, "barbin": 0, "corr": 0.03949928283691406, "timescale": 6.060389852288939, "rgb": "#000000", "zyx": [12, 73, 54]}