{"p": 0.193, "barbin": 0, "corr": 0.040808986872434616, "timescale": 7.499911501895636, "rgb": "#000000", "zyx": [2, 69, 29]}