{"p": 0.144, "barbin": 0, "corr": 0.0577067993581295, "timescale": 3.584991712449771, "rgb": "#000000", "zyx": [11, 36, 57]}