{"p": 0.328, "barbin": 0, "corr": 0.02450103685259819, "timescale": 7.584962500721156, "rgb": "#000000", "zyx": [10, 36, 52]}