{"p": 0.843, "barbin": 0, "corr": -0.032604873180389404, "timescale": 5.986822423755639, "rgb": "#000000", "zyx": [10, 48, 34]}