{"p": 0.505, "barbin": 0, "corr": 0.0014284084318205714, "timescale": 7.575442010228748, "rgb": "#000000", "zyx": [13, 64, 81]}