{"p": 0.021, "barbin": 1, "corr": 0.11859049648046494, "timescale": 6.58601254222393, "rgb": "#000000", "zyx": [15, 51, 40]}