{"p": 0.14, "barbin": 0, "corr": 0.06936907768249512, "timescale": 5.585442679410986, "rgb": "#000000", "zyx": [14, 91, 50]}