{"p": 0.173, "barbin": 0, "corr": 0.05909350514411926, "timescale": 2.617699236809052, "rgb": "#000000", "zyx": [15, 69, 62]}