{"p": 0.316, "barbin": 0, "corr": 0.0269185658544302, "timescale": 7.44696007820939, "rgb": "#000000", "zyx": [24, 68, 68]}