{"p": 0.992, "barbin": 0, "corr": -0.13378280401229858, "timescale": 3.5137371480735173, "rgb": "#000000", "zyx": [21, 35, 39]}