{"p": 0.06, "barbin": 0, "corr": 0.0690978616476059, "timescale": 6.837105909055716, "rgb": "#000000", "zyx": [17, 86, 64]}