{"p": 0.294, "barbin": 0, "corr": 0.02208583801984787, "timescale": 4.57848088162855, "rgb": "#000000", "zyx": [10, 36, 60]}