{"p": 0.254, "barbin": 0, "corr": 0.03943828493356705, "timescale": 6.793260074593749, "rgb": "#000000", "zyx": [17, 37, 63]}