{"p": 0.011, "barbin": 1, "corr": 0.13933517038822174, "timescale": 6.835219961606776, "rgb": "#000000", "zyx": [8, 60, 73]}