{"p": 0.116, "barbin": 0, "corr": 0.07152973115444183, "timescale": 5.7079397165781725, "rgb": "#000000", "zyx": [25, 35, 57]}