{"p": 0.335, "barbin": 0, "corr": 0.022993654012680054, "timescale": 8.311723541489101, "rgb": "#000000", "zyx": [8, 41, 42]}