{"p": 0.013, "barbin": 1, "corr": 0.13320483267307281, "timescale": 7.27816860524694, "rgb": "#000000", "zyx": [7, 46, 69]}