{"p": 0.0, "barbin": 4, "corr": 0.2660990357398987, "timescale": 7.206307531536537, "rgb": "#000000", "zyx": [6, 70, 28]}