{"p": 0.193, "barbin": 0, "corr": 0.0487629733979702, "timescale": 7.514151520028795, "rgb": "#000000", "zyx": [10, 55, 74]}