{"p": 0.162, "barbin": 0, "corr": 0.04833376407623291, "timescale": 5.574352223063806, "rgb": "#000000", "zyx": [7, 86, 55]}