{"p": 0.4, "barbin": 0, "corr": 0.01233381126075983, "timescale": 7.005891178945095, "rgb": "#000000", "zyx": [23, 70, 55]}