{"p": 0.534, "barbin": 0, "corr": -0.004561231937259436, "timescale": 1.6001184063351577, "rgb": "#000000", "zyx": [19, 71, 59]}