{"p": 0.632, "barbin": 0, "corr": -0.022730525583028793, "timescale": 6.821425460077041, "rgb": "#000000", "zyx": [11, 61, 69]}