{"p": 0.545, "barbin": 0, "corr": -0.0024386125151067972, "timescale": 5.068484649871047, "rgb": "#000000", "zyx": [3, 89, 44]}