{"p": 0.526, "barbin": 0, "corr": -0.0010424433276057243, "timescale": 7.213205923723463, "rgb": "#000000", "zyx": [4, 63, 36]}