{"p": 0.017, "barbin": 1, "corr": 0.10060544312000275, "timescale": 6.897741454496342, "rgb": "#000000", "zyx": [19, 28, 48]}