{"p": 0.187, "barbin": 0, "corr": 0.044487517327070236, "timescale": 7.98324508806767, "rgb": "#000000", "zyx": [7, 90, 64]}