{"p": 0.904, "barbin": 0, "corr": -0.038514189422130585, "timescale": 7.504980632309222, "rgb": "#000000", "zyx": [21, 79, 38]}