{"p": 0.966, "barbin": 0, "corr": -0.10612984001636505, "timescale": 3.553228146948789, "rgb": "#000000", "zyx": [3, 54, 33]}