{"p": 0.204, "barbin": 0, "corr": 0.050085555762052536, "timescale": 2.138677118783606, "rgb": "#000000", "zyx": [9, 83, 43]}