{"p": 0.001, "barbin": 2, "corr": 0.17731228470802307, "timescale": 7.903729161490091, "rgb": "#000000", "zyx": [21, 34, 51]}