{"p": 0.335, "barbin": 0, "corr": 0.021117063239216805, "timescale": 4.801548191848251, "rgb": "#000000", "zyx": [5, 68, 66]}