{"p": 0.315, "barbin": 0, "corr": 0.02796364389359951, "timescale": 1.5916802120290847, "rgb": "#000000", "zyx": [13, 66, 78]}