{"p": 0.0, "barbin": 3, "corr": 0.21361692249774933, "timescale": 4.506066634779396, "rgb": "#000000", "zyx": [17, 51, 65]}