{"p": 0.038, "barbin": 0, "corr": 0.09628208726644516, "timescale": 6.505112022406079, "rgb": "#000000", "zyx": [15, 64, 55]}