{"p": 0.627, "barbin": 0, "corr": -0.022238072007894516, "timescale": 5.584962004185171, "rgb": "#000000", "zyx": [22, 55, 43]}