{"p": 0.399, "barbin": 0, "corr": 0.005451064556837082, "timescale": 3.626569508587655, "rgb": "#000000", "zyx": [17, 63, 48]}