{"p": 0.207, "barbin": 0, "corr": 0.04633359611034393, "timescale": 1.989868883310736, "rgb": "#000000", "zyx": [7, 61, 26]}