{"p": 0.182, "barbin": 0, "corr": 0.05514783039689064, "timescale": 6.460594301351549, "rgb": "#000000", "zyx": [8, 60, 69]}