{"p": 0.82, "barbin": 0, "corr": -0.05345448479056358, "timescale": 3.586223183440388, "rgb": "#000000", "zyx": [7, 75, 55]}