{"p": 0.794, "barbin": 0, "corr": -0.04340095445513725, "timescale": 3.600381217116291, "rgb": "#000000", "zyx": [13, 69, 48]}