{"p": 0.0, "barbin": 3, "corr": 0.22399215400218964, "timescale": 6.550055914857275, "rgb": "#000000", "zyx": [9, 40, 40]}