{"p": 0.638, "barbin": 0, "corr": -0.015785010531544685, "timescale": 6.897821681583044, "rgb": "#000000", "zyx": [9, 77, 57]}