{"p": 0.462, "barbin": 0, "corr": 0.0003326727310195565, "timescale": 2.622079138199993, "rgb": "#000000", "zyx": [7, 50, 36]}