{"p": 0.065, "barbin": 0, "corr": 0.07871656119823456, "timescale": 6.668368103987723, "rgb": "#000000", "zyx": [20, 50, 48]}