{"p": 0.003, "barbin": 0, "corr": 0.04195326194167137, "timescale": 4.678350999273917, "rgb": "#000000", "zyx": [6, 77, 75]}