{"p": 0.451, "barbin": 0, "corr": 0.010695175267755985, "timescale": 7.884808191593758, "rgb": "#000000", "zyx": [3, 33, 62]}