{"p": 0.003, "barbin": 2, "corr": 0.15739788115024567, "timescale": 7.665197350230149, "rgb": "#000000", "zyx": [8, 69, 56]}