{"p": 0.024, "barbin": 1, "corr": 0.10737399756908417, "timescale": 6.129454842322623, "rgb": "#000000", "zyx": [3, 59, 75]}