{"p": 0.073, "barbin": 0, "corr": 0.006155856419354677, "timescale": 1.6209144920457677, "rgb": "#000000", "zyx": [11, 60, 55]}