{"p": 0.0, "barbin": 4, "corr": 0.37009018659591675, "timescale": 7.233165289055193, "rgb": "#000000", "zyx": [10, 74, 38]}