{"p": 0.445, "barbin": 0, "corr": 0.01158788800239563, "timescale": 6.28139292868908, "rgb": "#000000", "zyx": [16, 59, 71]}