{"p": 0.011, "barbin": 1, "corr": 0.14500534534454346, "timescale": 6.552035294096631, "rgb": "#000000", "zyx": [8, 45, 67]}