{"p": 0.538, "barbin": 0, "corr": -0.005074068438261747, "timescale": 7.205751286981818, "rgb": "#000000", "zyx": [23, 71, 42]}