{"p": 0.496, "barbin": 0, "corr": -0.001981908455491066, "timescale": 8.073149515882369, "rgb": "#000000", "zyx": [19, 55, 26]}