{"p": 0.024, "barbin": 1, "corr": 0.1096932590007782, "timescale": 7.117541236643389, "rgb": "#000000", "zyx": [21, 33, 41]}