{"p": 0.019, "barbin": 0, "corr": 0.0911497101187706, "timescale": 2.6987766980119567, "rgb": "#000000", "zyx": [12, 58, 34]}