{"p": 0.007, "barbin": 1, "corr": 0.13256151974201202, "timescale": 2.161497564196879, "rgb": "#000000", "zyx": [15, 68, 74]}