{"p": 0.889, "barbin": 0, "corr": -0.07598337531089783, "timescale": 4.695667601215436, "rgb": "#000000", "zyx": [22, 43, 33]}