{"p": 0.183, "barbin": 0, "corr": 0.010734706185758114, "timescale": 8.584945471001777, "rgb": "#000000", "zyx": [13, 70, 48]}