{"p": 0.852, "barbin": 0, "corr": -0.060067012906074524, "timescale": 6.584962500721156, "rgb": "#000000", "zyx": [10, 23, 59]}