{"p": 0.006, "barbin": 2, "corr": 0.15973198413848877, "timescale": 6.781502493880067, "rgb": "#000000", "zyx": [23, 47, 41]}