{"p": 0.034, "barbin": 0, "corr": 0.08816064894199371, "timescale": 6.764000563123904, "rgb": "#000000", "zyx": [19, 43, 46]}