{"p": 0.592, "barbin": 0, "corr": -0.011657585389912128, "timescale": 1.5860443330346004, "rgb": "#000000", "zyx": [15, 43, 38]}