{"p": 0.02, "barbin": 1, "corr": 0.12052582204341888, "timescale": 6.221116158896898, "rgb": "#000000", "zyx": [9, 67, 30]}