{"p": 0.472, "barbin": 0, "corr": 0.0019250729819759727, "timescale": 2.779022436135929, "rgb": "#000000", "zyx": [9, 47, 55]}