{"p": 0.549, "barbin": 0, "corr": -0.007878481410443783, "timescale": 3.384338038607955, "rgb": "#000000", "zyx": [12, 26, 51]}