{"p": 0.0, "barbin": 1, "corr": 0.1037396714091301, "timescale": 4.608414503990847, "rgb": "#000000", "zyx": [5, 74, 37]}