{"p": 0.281, "barbin": 0, "corr": 0.03621907904744148, "timescale": 5.927872966032625, "rgb": "#000000", "zyx": [17, 20, 44]}