{"p": 0.784, "barbin": 0, "corr": -0.03393136337399483, "timescale": 5.59928033288848, "rgb": "#000000", "zyx": [7, 38, 74]}