{"p": 0.671, "barbin": 0, "corr": -0.02750425785779953, "timescale": 7.584945546830399, "rgb": "#000000", "zyx": [10, 87, 73]}