{"p": 0.637, "barbin": 0, "corr": -0.016297226771712303, "timescale": 3.9468790775918032, "rgb": "#000000", "zyx": [17, 40, 52]}