{"p": 0.011, "barbin": 1, "corr": 0.14105281233787537, "timescale": 7.905595568059375, "rgb": "#000000", "zyx": [11, 41, 38]}