{"p": 0.456, "barbin": 0, "corr": 0.001495684147812426, "timescale": 6.584478545710164, "rgb": "#000000", "zyx": [9, 43, 76]}