{"p": 0.09, "barbin": 0, "corr": 0.07676561921834946, "timescale": 4.125195625806836, "rgb": "#000000", "zyx": [12, 34, 45]}