{"p": 0.859, "barbin": 0, "corr": -0.061774082481861115, "timescale": 6.085736992298883, "rgb": "#000000", "zyx": [10, 64, 36]}