{"p": 0.175, "barbin": 0, "corr": 0.03527221083641052, "timescale": 5.570045178849667, "rgb": "#000000", "zyx": [6, 86, 52]}