{"p": 0.823, "barbin": 0, "corr": -0.047546837478876114, "timescale": 7.42830932312265, "rgb": "#000000", "zyx": [7, 65, 40]}