{"p": 0.0, "barbin": 3, "corr": 0.2004752904176712, "timescale": 4.045318630723967, "rgb": "#000000", "zyx": [19, 59, 74]}