{"p": 0.386, "barbin": 0, "corr": 0.012562560848891735, "timescale": 5.201962664835152, "rgb": "#000000", "zyx": [1, 87, 38]}