{"p": 0.065, "barbin": 0, "corr": 0.06419458985328674, "timescale": 8.265860071058519, "rgb": "#000000", "zyx": [26, 64, 63]}