{"p": 0.391, "barbin": 0, "corr": 0.020114589482545853, "timescale": 4.083973179405535, "rgb": "#000000", "zyx": [21, 81, 44]}