{"p": 0.175, "barbin": 0, "corr": 0.03853877633810043, "timescale": 1.955471158389312, "rgb": "#000000", "zyx": [15, 77, 33]}