{"p": 0.211, "barbin": 0, "corr": 0.04684017226099968, "timescale": 2.9854955446806675, "rgb": "#000000", "zyx": [25, 55, 61]}