{"p": 0.425, "barbin": 0, "corr": 0.015989989042282104, "timescale": 3.4544108990297913, "rgb": "#000000", "zyx": [9, 31, 58]}