{"p": 0.054, "barbin": 0, "corr": 0.03957211971282959, "timescale": 3.4816695201458594, "rgb": "#000000", "zyx": [12, 57, 76]}