{"p": 0.959, "barbin": 0, "corr": -0.10145489126443863, "timescale": 6.114512406519969, "rgb": "#000000", "zyx": [13, 24, 54]}