{"p": 0.052, "barbin": 0, "corr": 0.09698565304279327, "timescale": 1.5852986075692068, "rgb": "#000000", "zyx": [6, 65, 66]}