{"p": 0.514, "barbin": 0, "corr": -0.0005629380466416478, "timescale": 5.581651872198051, "rgb": "#000000", "zyx": [15, 56, 69]}