{"p": 0.002, "barbin": 2, "corr": 0.1514631062746048, "timescale": 6.537763233194323, "rgb": "#000000", "zyx": [10, 85, 35]}