{"p": 0.014, "barbin": 1, "corr": 0.11907339841127396, "timescale": 3.3667938518191196, "rgb": "#000000", "zyx": [23, 81, 55]}