{"p": 0.682, "barbin": 0, "corr": -0.030872179195284843, "timescale": 4.584962500721156, "rgb": "#000000", "zyx": [14, 39, 76]}