{"p": 0.233, "barbin": 0, "corr": 0.004030453506857157, "timescale": 2.894387421663607, "rgb": "#000000", "zyx": [9, 31, 49]}