{"p": 0.838, "barbin": 0, "corr": -0.054243750870227814, "timescale": 5.492497805827953, "rgb": "#000000", "zyx": [4, 46, 31]}