{"p": 0.299, "barbin": 0, "corr": 0.031127596274018288, "timescale": 5.595497713838386, "rgb": "#000000", "zyx": [10, 84, 67]}