{"p": 0.544, "barbin": 0, "corr": -0.0061512296088039875, "timescale": 4.586163283398012, "rgb": "#000000", "zyx": [8, 52, 53]}