{"p": 0.132, "barbin": 0, "corr": 0.06405021995306015, "timescale": 8.08057962431777, "rgb": "#000000", "zyx": [15, 28, 53]}