{"p": 0.831, "barbin": 0, "corr": -0.029901249334216118, "timescale": 7.21415800478066, "rgb": "#000000", "zyx": [10, 40, 51]}