{"p": 0.414, "barbin": 0, "corr": 0.007898564450442791, "timescale": 4.922189716278236, "rgb": "#000000", "zyx": [5, 89, 51]}