{"p": 0.709, "barbin": 0, "corr": -0.0236765518784523, "timescale": 1.5961418067929365, "rgb": "#000000", "zyx": [4, 44, 33]}