{"p": 0.025, "barbin": 1, "corr": 0.10212387889623642, "timescale": 6.125370192103839, "rgb": "#000000", "zyx": [10, 63, 77]}