{"p": 0.861, "barbin": 0, "corr": -0.061950087547302246, "timescale": 7.650897792176654, "rgb": "#000000", "zyx": [12, 31, 32]}