{"p": 0.0, "barbin": 4, "corr": 0.32356956601142883, "timescale": 7.158582856056626, "rgb": "#000000", "zyx": [9, 79, 36]}