{"p": 0.002, "barbin": 2, "corr": 0.16647538542747498, "timescale": 6.481638962932865, "rgb": "#000000", "zyx": [9, 54, 29]}