{"p": 0.28, "barbin": 0, "corr": 0.022210054099559784, "timescale": 3.799992296779683, "rgb": "#000000", "zyx": [6, 78, 50]}