{"p": 0.392, "barbin": 0, "corr": 0.0018343573901802301, "timescale": 3.328075756059235, "rgb": "#000000", "zyx": [24, 34, 55]}