{"p": 0.199, "barbin": 0, "corr": 0.01673327200114727, "timescale": 7.021446851251097, "rgb": "#000000", "zyx": [7, 81, 75]}