{"p": 0.065, "barbin": 0, "corr": 0.0829758495092392, "timescale": 6.925329041003212, "rgb": "#000000", "zyx": [1, 77, 71]}