{"p": 0.211, "barbin": 0, "corr": 0.052420102059841156, "timescale": 8.234076730149019, "rgb": "#000000", "zyx": [3, 71, 29]}