{"p": 0.021, "barbin": 1, "corr": 0.1226041167974472, "timescale": 6.362881099098514, "rgb": "#000000", "zyx": [20, 43, 62]}