{"p": 0.66, "barbin": 0, "corr": -0.026352746412158012, "timescale": 6.586622232240442, "rgb": "#000000", "zyx": [2, 42, 33]}