{"p": 0.0, "barbin": 2, "corr": 0.16319343447685242, "timescale": 5.557066435457618, "rgb": "#000000", "zyx": [11, 82, 40]}