{"p": 0.428, "barbin": 0, "corr": 0.004977497737854719, "timescale": 5.23560692243851, "rgb": "#000000", "zyx": [12, 15, 43]}