{"p": 0.083, "barbin": 0, "corr": 0.08492863923311234, "timescale": 8.491409409954102, "rgb": "#000000", "zyx": [18, 69, 61]}