{"p": 0.056, "barbin": 0, "corr": 0.08931697905063629, "timescale": 2.9337005850833595, "rgb": "#000000", "zyx": [20, 26, 62]}