{"p": 0.459, "barbin": 0, "corr": 0.007227676920592785, "timescale": 6.855186293720633, "rgb": "#000000", "zyx": [12, 59, 25]}