{"p": 0.57, "barbin": 0, "corr": -0.0013751034857705235, "timescale": 3.585503053697614, "rgb": "#000000", "zyx": [3, 75, 40]}