{"p": 0.233, "barbin": 0, "corr": 0.04364924132823944, "timescale": 6.40881855497851, "rgb": "#000000", "zyx": [12, 25, 54]}