{"p": 0.005, "barbin": 1, "corr": 0.11304708570241928, "timescale": 5.168456725532068, "rgb": "#000000", "zyx": [3, 73, 36]}