{"p": 0.047, "barbin": 0, "corr": 0.009911255910992622, "timescale": 3.0764063474593373, "rgb": "#000000", "zyx": [2, 85, 33]}