{"p": 0.06, "barbin": 0, "corr": 0.09194112569093704, "timescale": 4.79076068688547, "rgb": "#000000", "zyx": [7, 88, 32]}