{"p": 0.824, "barbin": 0, "corr": -0.05038314312696457, "timescale": 2.163793826952177, "rgb": "#000000", "zyx": [6, 73, 23]}