{"p": 0.303, "barbin": 0, "corr": 0.0330016054213047, "timescale": 1.9200567372145472, "rgb": "#000000", "zyx": [2, 75, 29]}