{"p": 0.001, "barbin": 2, "corr": 0.17064636945724487, "timescale": 7.732254215461419, "rgb": "#000000", "zyx": [6, 37, 68]}