{"p": 0.747, "barbin": 0, "corr": -0.009217608720064163, "timescale": 4.584962941817051, "rgb": "#000000", "zyx": [27, 55, 60]}