{"p": 0.0, "barbin": 3, "corr": 0.22735939919948578, "timescale": 6.964625347998325, "rgb": "#000000", "zyx": [3, 51, 28]}