{"p": 0.036, "barbin": 1, "corr": 0.10097407549619675, "timescale": 5.842731684212868, "rgb": "#000000", "zyx": [14, 72, 75]}