{"p": 0.016, "barbin": 1, "corr": 0.128022700548172, "timescale": 6.6396134252050025, "rgb": "#000000", "zyx": [9, 40, 60]}