{"p": 0.743, "barbin": 0, "corr": -0.0129019133746624, "timescale": 4.832538561724346, "rgb": "#000000", "zyx": [22, 78, 41]}