{"p": 0.002, "barbin": 2, "corr": 0.15945389866828918, "timescale": 6.195340189528297, "rgb": "#000000", "zyx": [5, 82, 51]}