{"p": 0.412, "barbin": 0, "corr": 0.012262887321412563, "timescale": 1.584964297153847, "rgb": "#000000", "zyx": [9, 32, 39]}