{"p": 0.316, "barbin": 0, "corr": 0.02670332044363022, "timescale": 3.590680738675925, "rgb": "#000000", "zyx": [11, 19, 58]}