{"p": 0.353, "barbin": 0, "corr": 0.022664755582809448, "timescale": 8.387330116324332, "rgb": "#000000", "zyx": [14, 19, 39]}