{"p": 0.154, "barbin": 0, "corr": 0.02958882413804531, "timescale": 7.557906107729297, "rgb": "#000000", "zyx": [17, 65, 56]}