{"p": 0.21, "barbin": 0, "corr": 0.04749968647956848, "timescale": 5.467355126539534, "rgb": "#000000", "zyx": [26, 58, 61]}