{"p": 0.001, "barbin": 2, "corr": 0.15848644077777863, "timescale": 5.883369825044423, "rgb": "#000000", "zyx": [14, 48, 39]}