{"p": 0.958, "barbin": 0, "corr": -0.0847468450665474, "timescale": 2.6688676328038357, "rgb": "#000000", "zyx": [13, 62, 69]}