{"p": 0.878, "barbin": 0, "corr": -0.003285222453996539, "timescale": 6.440630727208729, "rgb": "#000000", "zyx": [9, 81, 77]}