{"p": 0.669, "barbin": 0, "corr": -0.007866907864809036, "timescale": 1.589181111089745, "rgb": "#000000", "zyx": [20, 61, 33]}