{"p": 0.684, "barbin": 0, "corr": -0.02458682470023632, "timescale": 6.486651026137951, "rgb": "#000000", "zyx": [2, 42, 39]}