{"p": 0.954, "barbin": 0, "corr": -0.09599930793046951, "timescale": 4.583756388333883, "rgb": "#000000", "zyx": [23, 33, 59]}