{"p": 0.721, "barbin": 0, "corr": -0.026478439569473267, "timescale": 6.412177758607581, "rgb": "#000000", "zyx": [27, 63, 49]}