{"p": 0.0, "barbin": 2, "corr": 0.19144755601882935, "timescale": 6.147129840186352, "rgb": "#000000", "zyx": [7, 69, 80]}