{"p": 0.126, "barbin": 0, "corr": 0.06614614278078079, "timescale": 6.463091542693868, "rgb": "#000000", "zyx": [17, 29, 62]}