{"p": 0.1, "barbin": 0, "corr": 0.01760026253759861, "timescale": 5.549785534789641, "rgb": "#000000", "zyx": [7, 40, 27]}