{"p": 0.768, "barbin": 0, "corr": -0.04343239590525627, "timescale": 4.573535173426485, "rgb": "#000000", "zyx": [9, 80, 27]}