{"p": 0.006, "barbin": 1, "corr": 0.13875430822372437, "timescale": 6.097562385183406, "rgb": "#000000", "zyx": [24, 39, 46]}