{"p": 0.295, "barbin": 0, "corr": 0.015252117067575455, "timescale": 4.808088597991405, "rgb": "#000000", "zyx": [25, 64, 56]}