{"p": 0.003, "barbin": 0, "corr": 0.07944250106811523, "timescale": 4.54160911683564, "rgb": "#000000", "zyx": [14, 75, 64]}