{"p": 0.937, "barbin": 0, "corr": -0.08123844861984253, "timescale": 6.523609523228402, "rgb": "#000000", "zyx": [8, 49, 45]}