{"p": 0.121, "barbin": 0, "corr": 0.04997396469116211, "timescale": 6.301674858223588, "rgb": "#000000", "zyx": [19, 28, 64]}