{"p": 0.083, "barbin": 0, "corr": 0.08315759152173996, "timescale": 5.532298822426741, "rgb": "#000000", "zyx": [20, 60, 53]}