{"p": 0.052, "barbin": 0, "corr": 0.09184739738702774, "timescale": 8.565794680941544, "rgb": "#000000", "zyx": [21, 41, 57]}