{"p": 0.027, "barbin": 1, "corr": 0.10592518746852875, "timescale": 2.581798880884955, "rgb": "#000000", "zyx": [15, 48, 38]}