{"p": 0.0, "barbin": 4, "corr": 0.30504244565963745, "timescale": 7.434217339891986, "rgb": "#000000", "zyx": [22, 32, 56]}