{"p": 0.108, "barbin": 0, "corr": 0.06808294355869293, "timescale": 5.958859054758599, "rgb": "#000000", "zyx": [24, 60, 43]}