{"p": 0.178, "barbin": 0, "corr": 0.050844449549913406, "timescale": 2.506608638786817, "rgb": "#000000", "zyx": [13, 62, 50]}