{"p": 0.641, "barbin": 0, "corr": -0.026160316541790962, "timescale": 8.584885448795948, "rgb": "#000000", "zyx": [14, 53, 52]}