{"p": 0.98, "barbin": 0, "corr": -0.07509462535381317, "timescale": 5.5850125269559285, "rgb": "#000000", "zyx": [24, 73, 55]}