{"p": 0.478, "barbin": 0, "corr": 0.006676298100501299, "timescale": 5.4882708144140295, "rgb": "#000000", "zyx": [2, 64, 72]}