{"p": 0.02, "barbin": 1, "corr": 0.1251840442419052, "timescale": 7.099773727954475, "rgb": "#000000", "zyx": [17, 31, 49]}