{"p": 0.96, "barbin": 0, "corr": -0.08913934975862503, "timescale": 3.1510812687538556, "rgb": "#000000", "zyx": [5, 64, 27]}