{"p": 0.727, "barbin": 0, "corr": -0.034210193902254105, "timescale": 4.086765623348656, "rgb": "#000000", "zyx": [19, 83, 64]}