{"p": 0.339, "barbin": 0, "corr": 0.023694686591625214, "timescale": 3.1708705928678595, "rgb": "#000000", "zyx": [11, 18, 63]}