{"p": 0.99, "barbin": 0, "corr": -0.1389114409685135, "timescale": 3.584962500721156, "rgb": "#000000", "zyx": [8, 48, 23]}