{"p": 0.884, "barbin": 0, "corr": -0.05755200237035751, "timescale": 6.280099707606305, "rgb": "#000000", "zyx": [9, 38, 72]}