{"p": 0.006, "barbin": 1, "corr": 0.13875168561935425, "timescale": 6.438394923529235, "rgb": "#000000", "zyx": [18, 77, 54]}