{"p": 0.404, "barbin": 0, "corr": 0.01427031122148037, "timescale": 7.742803599914126, "rgb": "#000000", "zyx": [14, 69, 41]}