{"p": 0.0, "barbin": 3, "corr": 0.24437792599201202, "timescale": 6.88255362568296, "rgb": "#000000", "zyx": [16, 81, 69]}