{"p": 0.554, "barbin": 0, "corr": -0.008275428786873817, "timescale": 7.287098337670402, "rgb": "#000000", "zyx": [4, 34, 58]}