{"p": 0.123, "barbin": 0, "corr": 0.067695751786232, "timescale": 6.5216461216593835, "rgb": "#000000", "zyx": [16, 88, 53]}