{"p": 0.081, "barbin": 0, "corr": 0.06386134028434753, "timescale": 8.331217330116916, "rgb": "#000000", "zyx": [4, 91, 54]}