{"p": 0.827, "barbin": 0, "corr": -0.050984080880880356, "timescale": 4.037623758633346, "rgb": "#000000", "zyx": [13, 50, 65]}