{"p": 0.298, "barbin": 0, "corr": 0.022794092074036598, "timescale": 7.735598564398091, "rgb": "#000000", "zyx": [11, 43, 47]}