{"p": 0.999, "barbin": 0, "corr": -0.15405112504959106, "timescale": 3.5849513795197168, "rgb": "#000000", "zyx": [10, 72, 47]}