{"p": 0.374, "barbin": 0, "corr": 0.021408893167972565, "timescale": 1.591419293401815, "rgb": "#000000", "zyx": [2, 91, 64]}