{"p": 0.001, "barbin": 1, "corr": 0.14261232316493988, "timescale": 6.844652691700539, "rgb": "#000000", "zyx": [13, 74, 28]}