{"p": 0.758, "barbin": 0, "corr": -0.004143748432397842, "timescale": 4.808315404490746, "rgb": "#000000", "zyx": [17, 65, 66]}