{"p": 0.403, "barbin": 0, "corr": 0.01433561835438013, "timescale": 5.24570327867733, "rgb": "#000000", "zyx": [2, 63, 37]}