{"p": 0.368, "barbin": 0, "corr": 0.018556931987404823, "timescale": 4.343387493381827, "rgb": "#000000", "zyx": [16, 88, 65]}