{"p": 0.882, "barbin": 0, "corr": -0.07281329482793808, "timescale": 5.584962500721156, "rgb": "#000000", "zyx": [12, 21, 45]}