{"p": 0.107, "barbin": 0, "corr": 0.07511326670646667, "timescale": 1.7083135777048373, "rgb": "#000000", "zyx": [20, 73, 48]}