{"p": 0.451, "barbin": 0, "corr": 0.005693876650184393, "timescale": 4.6626842629317675, "rgb": "#000000", "zyx": [21, 74, 52]}