{"p": 0.908, "barbin": 0, "corr": -0.04285978898406029, "timescale": 5.811143581310669, "rgb": "#000000", "zyx": [7, 21, 48]}