{"p": 0.145, "barbin": 0, "corr": 0.01998128741979599, "timescale": 6.66559993976525, "rgb": "#000000", "zyx": [23, 61, 63]}