{"p": 0.227, "barbin": 0, "corr": 0.04629940167069435, "timescale": 3.013331054553569, "rgb": "#000000", "zyx": [6, 47, 29]}