{"p": 0.222, "barbin": 0, "corr": 0.04357456788420677, "timescale": 6.1291756023441435, "rgb": "#000000", "zyx": [16, 28, 41]}