{"p": 0.004, "barbin": 0, "corr": 0.09259697049856186, "timescale": 4.04264886275548, "rgb": "#000000", "zyx": [10, 89, 60]}