{"p": 0.903, "barbin": 0, "corr": -0.07114575803279877, "timescale": 1.5850015856186201, "rgb": "#000000", "zyx": [14, 25, 70]}