{"p": 0.04, "barbin": 1, "corr": 0.10758723318576813, "timescale": 7.28346822605215, "rgb": "#000000", "zyx": [17, 67, 51]}