{"p": 0.169, "barbin": 0, "corr": 0.04880063235759735, "timescale": 6.95195856958406, "rgb": "#000000", "zyx": [15, 20, 51]}