{"p": 0.472, "barbin": 0, "corr": 0.002459533279761672, "timescale": 3.6235429417618414, "rgb": "#000000", "zyx": [1, 89, 54]}