{"p": 0.431, "barbin": 0, "corr": 0.011607762426137924, "timescale": 1.959165272167811, "rgb": "#000000", "zyx": [18, 20, 45]}