{"p": 0.998, "barbin": 0, "corr": -0.16077342629432678, "timescale": 4.8798014184247105, "rgb": "#000000", "zyx": [15, 44, 50]}