{"p": 0.992, "barbin": 0, "corr": -0.14150680601596832, "timescale": 3.519765545181045, "rgb": "#000000", "zyx": [15, 61, 74]}