{"p": 0.022, "barbin": 1, "corr": 0.10542363673448563, "timescale": 5.244949392031126, "rgb": "#000000", "zyx": [6, 83, 49]}