{"p": 0.019, "barbin": 1, "corr": 0.12267475575208664, "timescale": 6.816343723563349, "rgb": "#000000", "zyx": [19, 38, 66]}