{"p": 0.0, "barbin": 2, "corr": 0.18008895218372345, "timescale": 7.436727258537192, "rgb": "#000000", "zyx": [23, 36, 43]}