{"p": 0.018, "barbin": 1, "corr": 0.11595934629440308, "timescale": 5.356971658342438, "rgb": "#000000", "zyx": [13, 60, 64]}