{"p": 0.232, "barbin": 0, "corr": 0.03749151527881622, "timescale": 6.947518319359699, "rgb": "#000000", "zyx": [2, 79, 50]}