{"p": 0.21, "barbin": 0, "corr": 0.04234016314148903, "timescale": 3.763933314276147, "rgb": "#000000", "zyx": [4, 64, 43]}