{"p": 0.01, "barbin": 1, "corr": 0.10375246405601501, "timescale": 6.56248056566546, "rgb": "#000000", "zyx": [17, 39, 48]}