{"p": 0.518, "barbin": 0, "corr": -0.0009090967359952629, "timescale": 6.585595439154775, "rgb": "#000000", "zyx": [14, 60, 23]}