{"p": 0.386, "barbin": 0, "corr": 0.0017989029875025153, "timescale": 7.280041731759287, "rgb": "#000000", "zyx": [16, 85, 38]}