{"p": 0.056, "barbin": 0, "corr": 0.09137222915887833, "timescale": 2.47968197569823, "rgb": "#000000", "zyx": [12, 61, 71]}