{"p": 0.31, "barbin": 0, "corr": 0.02542692795395851, "timescale": 8.584827979337124, "rgb": "#000000", "zyx": [22, 79, 40]}