{"p": 0.184, "barbin": 0, "corr": 0.04684697836637497, "timescale": 6.256977480160543, "rgb": "#000000", "zyx": [15, 43, 64]}