{"p": 0.266, "barbin": 0, "corr": 0.039281465113162994, "timescale": 6.57785881017116, "rgb": "#000000", "zyx": [16, 75, 47]}