{"p": 0.428, "barbin": 0, "corr": 0.002388003980740905, "timescale": 7.582429713823737, "rgb": "#000000", "zyx": [5, 55, 42]}