{"p": 0.387, "barbin": 0, "corr": 0.01753809303045273, "timescale": 5.978130167407307, "rgb": "#000000", "zyx": [13, 82, 44]}