{"p": 0.51, "barbin": 0, "corr": -6.324239075183868e-05, "timescale": 3.765764040476575, "rgb": "#000000", "zyx": [17, 43, 38]}