{"p": 0.648, "barbin": 0, "corr": -0.010339342057704926, "timescale": 2.5849625044686486, "rgb": "#000000", "zyx": [5, 65, 59]}