{"p": 0.646, "barbin": 0, "corr": -0.0014675792772322893, "timescale": 4.5849452951444, "rgb": "#000000", "zyx": [22, 57, 45]}