{"p": 0.677, "barbin": 0, "corr": -0.012977929785847664, "timescale": 6.213696465177131, "rgb": "#000000", "zyx": [20, 69, 33]}