{"p": 0.501, "barbin": 0, "corr": -0.004248824901878834, "timescale": 4.662925247041076, "rgb": "#000000", "zyx": [13, 29, 43]}