{"p": 0.016, "barbin": 1, "corr": 0.129194438457489, "timescale": 8.168990951694667, "rgb": "#000000", "zyx": [16, 32, 67]}