{"p": 0.159, "barbin": 0, "corr": 0.05621250346302986, "timescale": 8.58496259923653, "rgb": "#000000", "zyx": [9, 18, 45]}