{"p": 0.194, "barbin": 0, "corr": 0.05122433230280876, "timescale": 5.554537971554531, "rgb": "#000000", "zyx": [11, 55, 83]}