{"p": 0.002, "barbin": 0, "corr": 0.07828183472156525, "timescale": 4.525183673971572, "rgb": "#000000", "zyx": [3, 89, 46]}