{"p": 0.291, "barbin": 0, "corr": 0.03287055715918541, "timescale": 6.430349195485883, "rgb": "#000000", "zyx": [20, 73, 69]}