{"p": 0.065, "barbin": 0, "corr": 0.08918929845094681, "timescale": 1.5853753140272964, "rgb": "#000000", "zyx": [7, 49, 78]}