{"p": 0.018, "barbin": 1, "corr": 0.13159459829330444, "timescale": 4.618313067636917, "rgb": "#000000", "zyx": [9, 40, 35]}