{"p": 0.994, "barbin": 0, "corr": -0.14238782227039337, "timescale": 2.6061155285137207, "rgb": "#000000", "zyx": [17, 77, 40]}