{"p": 0.046, "barbin": 0, "corr": 0.09497874975204468, "timescale": 7.470637209161602, "rgb": "#000000", "zyx": [11, 36, 63]}