{"p": 0.0, "barbin": 4, "corr": 0.387542724609375, "timescale": 4.3106609168940295, "rgb": "#000000", "zyx": [8, 62, 35]}