{"p": 0.598, "barbin": 0, "corr": -0.012225478887557983, "timescale": 7.053634699226484, "rgb": "#000000", "zyx": [14, 88, 69]}