{"p": 0.001, "barbin": 2, "corr": 0.17911078035831451, "timescale": 7.569068240764107, "rgb": "#000000", "zyx": [15, 91, 54]}