{"p": 0.572, "barbin": 0, "corr": -0.008358024060726166, "timescale": 6.378933671908522, "rgb": "#000000", "zyx": [19, 69, 33]}