{"p": 0.655, "barbin": 0, "corr": -0.0014810174470767379, "timescale": 2.584972984492456, "rgb": "#000000", "zyx": [4, 94, 59]}