{"p": 0.035, "barbin": 1, "corr": 0.10225756466388702, "timescale": 5.463838261823321, "rgb": "#000000", "zyx": [3, 79, 31]}