{"p": 0.38, "barbin": 0, "corr": 0.0017414691392332315, "timescale": 2.8675495928566743, "rgb": "#000000", "zyx": [6, 48, 66]}