{"p": 0.689, "barbin": 0, "corr": -0.026261206716299057, "timescale": 4.093200397248273, "rgb": "#000000", "zyx": [19, 71, 33]}