{"p": 0.873, "barbin": 0, "corr": -0.026333212852478027, "timescale": 2.6298520794991034, "rgb": "#000000", "zyx": [5, 61, 33]}