{"p": 0.704, "barbin": 0, "corr": -0.0023159838747233152, "timescale": 6.2427036411948365, "rgb": "#000000", "zyx": [13, 22, 66]}