{"p": 0.855, "barbin": 0, "corr": -0.059515248984098434, "timescale": 7.194364352574785, "rgb": "#000000", "zyx": [19, 51, 54]}