{"p": 0.046, "barbin": 0, "corr": 0.05358879268169403, "timescale": 5.280155548657261, "rgb": "#000000", "zyx": [18, 47, 46]}