{"p": 0.442, "barbin": 0, "corr": 0.0023665931075811386, "timescale": 5.9405561012458215, "rgb": "#000000", "zyx": [9, 92, 55]}