{"p": 0.402, "barbin": 0, "corr": 0.013458508998155594, "timescale": 4.598613982082128, "rgb": "#000000", "zyx": [6, 42, 55]}