{"p": 0.22, "barbin": 0, "corr": 0.0071677579544484615, "timescale": 2.1180371723055256, "rgb": "#000000", "zyx": [2, 87, 61]}