{"p": 0.307, "barbin": 0, "corr": 0.03500472754240036, "timescale": 5.31199939495625, "rgb": "#000000", "zyx": [9, 59, 52]}