{"p": 0.674, "barbin": 0, "corr": -0.027370354160666466, "timescale": 2.5852939444788956, "rgb": "#000000", "zyx": [8, 80, 46]}