{"p": 0.062, "barbin": 0, "corr": 0.09118679165840149, "timescale": 7.584962519702706, "rgb": "#000000", "zyx": [8, 35, 51]}