{"p": 0.764, "barbin": 0, "corr": -0.01806165836751461, "timescale": 3.585868338918701, "rgb": "#000000", "zyx": [21, 26, 43]}