{"p": 0.531, "barbin": 0, "corr": -0.002274827565997839, "timescale": 2.585508767079826, "rgb": "#000000", "zyx": [15, 57, 76]}