{"p": 0.465, "barbin": 0, "corr": 0.007918152958154678, "timescale": 7.8367839773811, "rgb": "#000000", "zyx": [15, 64, 40]}