{"p": 0.0, "barbin": 4, "corr": 0.33147791028022766, "timescale": 5.551545181846841, "rgb": "#000000", "zyx": [26, 58, 48]}