{"p": 0.341, "barbin": 0, "corr": 0.02051485888659954, "timescale": 5.852759920043015, "rgb": "#000000", "zyx": [13, 66, 52]}