{"p": 0.216, "barbin": 0, "corr": 0.041429176926612854, "timescale": 5.552242407661968, "rgb": "#000000", "zyx": [4, 86, 44]}