{"p": 0.005, "barbin": 1, "corr": 0.11131318658590317, "timescale": 5.621581287589527, "rgb": "#000000", "zyx": [18, 86, 54]}