{"p": 0.141, "barbin": 0, "corr": 0.0615287721157074, "timescale": 8.158212556680626, "rgb": "#000000", "zyx": [15, 36, 36]}