{"p": 0.019, "barbin": 1, "corr": 0.12765146791934967, "timescale": 7.474898005535195, "rgb": "#000000", "zyx": [16, 71, 73]}