{"p": 0.116, "barbin": 0, "corr": 0.06312918663024902, "timescale": 5.4096332021514595, "rgb": "#000000", "zyx": [2, 88, 61]}