{"p": 0.976, "barbin": 0, "corr": -0.05950275808572769, "timescale": 5.876929806255786, "rgb": "#000000", "zyx": [19, 81, 57]}