{"p": 0.946, "barbin": 0, "corr": -0.08899617940187454, "timescale": 3.8535900113485333, "rgb": "#000000", "zyx": [21, 86, 60]}