{"p": 0.99, "barbin": 0, "corr": -0.12631019949913025, "timescale": 3.5849625007211747, "rgb": "#000000", "zyx": [4, 36, 41]}