{"p": 0.58, "barbin": 0, "corr": -4.133609309064923e-06, "timescale": 6.891266983203513, "rgb": "#000000", "zyx": [10, 25, 60]}