{"p": 0.002, "barbin": 3, "corr": 0.2095063179731369, "timescale": 6.727431804754422, "rgb": "#000000", "zyx": [18, 31, 37]}