{"p": 0.025, "barbin": 1, "corr": 0.11515775322914124, "timescale": 2.511835594466019, "rgb": "#000000", "zyx": [14, 60, 32]}