{"p": 0.0, "barbin": 3, "corr": 0.20878545939922333, "timescale": 7.231483090681476, "rgb": "#000000", "zyx": [22, 45, 52]}