{"p": 0.678, "barbin": 0, "corr": -0.026251129806041718, "timescale": 3.587267764183034, "rgb": "#000000", "zyx": [27, 65, 54]}