{"p": 0.074, "barbin": 0, "corr": 0.09141913056373596, "timescale": 7.2637808837046265, "rgb": "#000000", "zyx": [15, 78, 36]}