{"p": 0.004, "barbin": 1, "corr": 0.12382147461175919, "timescale": 5.561677739550618, "rgb": "#000000", "zyx": [16, 33, 54]}