{"p": 0.079, "barbin": 0, "corr": 0.038668401539325714, "timescale": 7.483885982602419, "rgb": "#000000", "zyx": [20, 49, 37]}