{"p": 0.067, "barbin": 0, "corr": 0.08908507972955704, "timescale": 6.511132884534913, "rgb": "#000000", "zyx": [3, 44, 60]}