{"p": 0.141, "barbin": 0, "corr": 0.053610216826200485, "timescale": 7.236733004170411, "rgb": "#000000", "zyx": [26, 62, 61]}