{"p": 0.0, "barbin": 3, "corr": 0.22806261479854584, "timescale": 7.176106292813346, "rgb": "#000000", "zyx": [22, 46, 57]}