{"p": 0.027, "barbin": 0, "corr": 0.0406409315764904, "timescale": 8.055811516156608, "rgb": "#000000", "zyx": [9, 37, 35]}