{"p": 0.723, "barbin": 0, "corr": -0.03175356611609459, "timescale": 5.584962510761479, "rgb": "#000000", "zyx": [17, 22, 37]}