{"p": 0.029, "barbin": 0, "corr": 0.039996422827243805, "timescale": 1.586099658413575, "rgb": "#000000", "zyx": [6, 89, 64]}