{"p": 0.179, "barbin": 0, "corr": 0.0357198566198349, "timescale": 5.593932698542994, "rgb": "#000000", "zyx": [14, 60, 25]}