{"p": 0.291, "barbin": 0, "corr": 0.017010705545544624, "timescale": 3.351764560027604, "rgb": "#000000", "zyx": [12, 63, 80]}