{"p": 0.993, "barbin": 0, "corr": -0.12032103538513184, "timescale": 6.577279011237421, "rgb": "#000000", "zyx": [18, 62, 37]}