{"p": 0.762, "barbin": 0, "corr": -0.04400699958205223, "timescale": 8.584771411248456, "rgb": "#000000", "zyx": [12, 46, 62]}