{"p": 0.543, "barbin": 0, "corr": -0.004000734072178602, "timescale": 4.5849983787090896, "rgb": "#000000", "zyx": [7, 71, 34]}