{"p": 0.478, "barbin": 0, "corr": 0.0024156570434570312, "timescale": 6.002124417750786, "rgb": "#000000", "zyx": [9, 29, 46]}