{"p": 0.105, "barbin": 0, "corr": 0.07516907155513763, "timescale": 5.47915883038554, "rgb": "#000000", "zyx": [8, 60, 36]}