{"p": 1.0, "barbin": 0, "corr": -0.20092511177062988, "timescale": 3.6176159938780543, "rgb": "#000000", "zyx": [16, 36, 45]}