{"p": 0.437, "barbin": 0, "corr": 0.010840993374586105, "timescale": 2.556169244161071, "rgb": "#000000", "zyx": [6, 61, 21]}