{"p": 0.91, "barbin": 0, "corr": -0.07349032908678055, "timescale": 5.7290245898005425, "rgb": "#000000", "zyx": [17, 89, 45]}