{"p": 0.596, "barbin": 0, "corr": -0.0007299028220586479, "timescale": 7.599941130526885, "rgb": "#000000", "zyx": [2, 50, 64]}