{"p": 0.559, "barbin": 0, "corr": -0.005452147219330072, "timescale": 3.6561646413167015, "rgb": "#000000", "zyx": [6, 75, 34]}