{"p": 0.986, "barbin": 0, "corr": -0.1041475236415863, "timescale": 3.2189807603916267, "rgb": "#000000", "zyx": [18, 41, 50]}