{"p": 0.029, "barbin": 0, "corr": 0.09324327856302261, "timescale": 6.329198326511879, "rgb": "#000000", "zyx": [2, 88, 67]}