{"p": 0.051, "barbin": 0, "corr": 0.0794057622551918, "timescale": 5.640182721996892, "rgb": "#000000", "zyx": [19, 46, 73]}