{"p": 0.345, "barbin": 0, "corr": 0.019582124426960945, "timescale": 8.486486987982454, "rgb": "#000000", "zyx": [9, 53, 21]}