{"p": 0.894, "barbin": 0, "corr": -0.0614263080060482, "timescale": 3.5851073370243074, "rgb": "#000000", "zyx": [4, 61, 60]}