{"p": 0.401, "barbin": 0, "corr": 0.01674526557326317, "timescale": 5.428590072249127, "rgb": "#000000", "zyx": [12, 66, 34]}