{"p": 0.61, "barbin": 0, "corr": -0.003938126843422651, "timescale": 7.369999887228526, "rgb": "#000000", "zyx": [27, 50, 57]}