{"p": 0.686, "barbin": 0, "corr": -0.02583349496126175, "timescale": 4.431205362439282, "rgb": "#000000", "zyx": [11, 24, 33]}