{"p": 0.295, "barbin": 0, "corr": 0.004823901224881411, "timescale": 2.3401866815094343, "rgb": "#000000", "zyx": [10, 59, 80]}