{"p": 0.255, "barbin": 0, "corr": 0.02547386661171913, "timescale": 7.88162134719636, "rgb": "#000000", "zyx": [15, 22, 39]}