{"p": 0.632, "barbin": 0, "corr": -0.02138315886259079, "timescale": 4.584962500721156, "rgb": "#000000", "zyx": [23, 70, 57]}