{"p": 0.202, "barbin": 0, "corr": 0.010458283126354218, "timescale": 8.564519141066798, "rgb": "#000000", "zyx": [17, 60, 48]}