{"p": 0.664, "barbin": 0, "corr": -0.02874678000807762, "timescale": 1.585581104494164, "rgb": "#000000", "zyx": [21, 62, 46]}