{"p": 0.678, "barbin": 0, "corr": -0.012564665637910366, "timescale": 6.444234346362466, "rgb": "#000000", "zyx": [6, 58, 33]}