{"p": 0.666, "barbin": 0, "corr": -0.024450650438666344, "timescale": 5.538468516051109, "rgb": "#000000", "zyx": [14, 76, 64]}