{"p": 0.042, "barbin": 0, "corr": 0.08668386191129684, "timescale": 5.569795555495089, "rgb": "#000000", "zyx": [15, 89, 58]}