{"p": 0.304, "barbin": 0, "corr": 0.027302099391818047, "timescale": 2.316437557746362, "rgb": "#000000", "zyx": [19, 64, 47]}