{"p": 0.212, "barbin": 0, "corr": 0.021762510761618614, "timescale": 5.562181499459405, "rgb": "#000000", "zyx": [15, 55, 36]}