{"p": 0.375, "barbin": 0, "corr": 0.02060963585972786, "timescale": 3.508566800183394, "rgb": "#000000", "zyx": [11, 17, 45]}