{"p": 0.813, "barbin": 0, "corr": -0.048589691519737244, "timescale": 4.223494730440662, "rgb": "#000000", "zyx": [18, 28, 66]}