{"p": 0.948, "barbin": 0, "corr": -0.07725341618061066, "timescale": 4.239334584413781, "rgb": "#000000", "zyx": [16, 69, 38]}