{"p": 0.087, "barbin": 0, "corr": 0.05533440411090851, "timescale": 6.940560672878503, "rgb": "#000000", "zyx": [8, 95, 45]}