{"p": 0.008, "barbin": 1, "corr": 0.12481776624917984, "timescale": 4.7351499429895005, "rgb": "#000000", "zyx": [12, 65, 38]}