{"p": 0.012, "barbin": 1, "corr": 0.12998037040233612, "timescale": 7.601001045383574, "rgb": "#000000", "zyx": [18, 65, 59]}