{"p": 0.244, "barbin": 0, "corr": 0.0380052775144577, "timescale": 3.585029612259716, "rgb": "#000000", "zyx": [22, 30, 40]}