{"p": 0.037, "barbin": 0, "corr": 0.08671572804450989, "timescale": 6.390867749497417, "rgb": "#000000", "zyx": [22, 62, 49]}