{"p": 0.21, "barbin": 0, "corr": 0.05313089117407799, "timescale": 3.4996170831118585, "rgb": "#000000", "zyx": [14, 58, 36]}