{"p": 0.72, "barbin": 0, "corr": -0.03666038066148758, "timescale": 3.1938835651509416, "rgb": "#000000", "zyx": [16, 72, 27]}