{"p": 0.79, "barbin": 0, "corr": -0.042437147349119186, "timescale": 5.541572353294513, "rgb": "#000000", "zyx": [2, 70, 25]}