{"p": 0.0, "barbin": 2, "corr": 0.19594091176986694, "timescale": 5.061265864631019, "rgb": "#000000", "zyx": [21, 55, 51]}