{"p": 0.528, "barbin": 0, "corr": -1.5803889255039394e-05, "timescale": 5.42288219047188, "rgb": "#000000", "zyx": [8, 83, 63]}