{"p": 0.367, "barbin": 0, "corr": 0.022221047431230545, "timescale": 8.043698739178575, "rgb": "#000000", "zyx": [22, 75, 68]}