{"p": 0.217, "barbin": 0, "corr": 0.016917278990149498, "timescale": 6.604296252622012, "rgb": "#000000", "zyx": [10, 93, 63]}