{"p": 0.441, "barbin": 0, "corr": 0.002632902702316642, "timescale": 6.350660311732916, "rgb": "#000000", "zyx": [6, 93, 62]}