{"p": 0.002, "barbin": 0, "corr": 0.05089813843369484, "timescale": 2.5525498701626446, "rgb": "#000000", "zyx": [12, 31, 47]}