{"p": 0.865, "barbin": 0, "corr": -0.06458614766597748, "timescale": 1.614406533933361, "rgb": "#000000", "zyx": [9, 61, 38]}