{"p": 0.335, "barbin": 0, "corr": 0.015280093997716904, "timescale": 4.607987372566543, "rgb": "#000000", "zyx": [7, 90, 62]}