{"p": 0.995, "barbin": 0, "corr": -0.10757918655872345, "timescale": 6.584962500721156, "rgb": "#000000", "zyx": [20, 68, 75]}