{"p": 0.607, "barbin": 0, "corr": -0.0051595172844827175, "timescale": 4.269087791007033, "rgb": "#000000", "zyx": [2, 86, 55]}