{"p": 0.006, "barbin": 1, "corr": 0.1447441428899765, "timescale": 6.291950258288157, "rgb": "#000000", "zyx": [7, 68, 79]}