{"p": 0.336, "barbin": 0, "corr": 0.024843355640769005, "timescale": 5.435281449217841, "rgb": "#000000", "zyx": [10, 31, 41]}