{"p": 0.109, "barbin": 0, "corr": 0.06569713354110718, "timescale": 4.841147533975168, "rgb": "#000000", "zyx": [17, 83, 72]}