{"p": 0.012, "barbin": 1, "corr": 0.12276626378297806, "timescale": 5.91001002945847, "rgb": "#000000", "zyx": [11, 23, 32]}