{"p": 0.457, "barbin": 0, "corr": 0.0035805620718747377, "timescale": 5.473352626391533, "rgb": "#000000", "zyx": [14, 21, 46]}