{"p": 0.176, "barbin": 0, "corr": 0.041816700249910355, "timescale": 4.584980645441554, "rgb": "#000000", "zyx": [25, 73, 49]}