{"p": 0.131, "barbin": 0, "corr": 0.04663851112127304, "timescale": 5.653130783582931, "rgb": "#000000", "zyx": [4, 90, 66]}