{"p": 0.971, "barbin": 0, "corr": -0.10983287543058395, "timescale": 3.232083230865908, "rgb": "#000000", "zyx": [13, 78, 43]}