{"p": 0.262, "barbin": 0, "corr": 0.03652369603514671, "timescale": 7.5787844469813095, "rgb": "#000000", "zyx": [10, 35, 56]}