{"p": 0.728, "barbin": 0, "corr": -0.033577702939510345, "timescale": 5.46962340383714, "rgb": "#000000", "zyx": [9, 67, 38]}