{"p": 0.357, "barbin": 0, "corr": 0.021960634738206863, "timescale": 3.11258139689216, "rgb": "#000000", "zyx": [17, 52, 71]}