{"p": 0.55, "barbin": 0, "corr": -0.0047072856687009335, "timescale": 5.643605097150498, "rgb": "#000000", "zyx": [25, 41, 51]}