{"p": 0.892, "barbin": 0, "corr": -0.06798271089792252, "timescale": 2.584962500721156, "rgb": "#000000", "zyx": [20, 53, 65]}