{"p": 0.082, "barbin": 0, "corr": 0.08262934535741806, "timescale": 4.5875113432515136, "rgb": "#000000", "zyx": [21, 45, 59]}