{"p": 0.595, "barbin": 0, "corr": -0.00844726525247097, "timescale": 2.594146169294834, "rgb": "#000000", "zyx": [24, 66, 59]}