{"p": 0.364, "barbin": 0, "corr": 0.01863900013267994, "timescale": 2.6995733710613257, "rgb": "#000000", "zyx": [13, 39, 43]}