{"p": 0.347, "barbin": 0, "corr": 0.021104900166392326, "timescale": 7.584933812993827, "rgb": "#000000", "zyx": [15, 19, 54]}