{"p": 0.0, "barbin": 2, "corr": 0.18636614084243774, "timescale": 4.980856147305616, "rgb": "#000000", "zyx": [6, 62, 69]}