{"p": 0.488, "barbin": 0, "corr": -0.0001425705850124359, "timescale": 4.861949599786065, "rgb": "#000000", "zyx": [2, 86, 42]}