{"p": 0.168, "barbin": 0, "corr": 0.01963990181684494, "timescale": 5.601906751500529, "rgb": "#000000", "zyx": [6, 73, 44]}