{"p": 0.567, "barbin": 0, "corr": -0.006567034870386124, "timescale": 4.744167539154094, "rgb": "#000000", "zyx": [15, 26, 34]}