{"p": 0.659, "barbin": 0, "corr": -0.02500193566083908, "timescale": 6.581104627263823, "rgb": "#000000", "zyx": [24, 73, 49]}