{"p": 0.764, "barbin": 0, "corr": -0.02976938895881176, "timescale": 7.892412256597725, "rgb": "#000000", "zyx": [14, 38, 63]}