{"p": 0.455, "barbin": 0, "corr": 0.0007974063046276569, "timescale": 4.3544565418068695, "rgb": "#000000", "zyx": [15, 42, 46]}