{"p": 0.663, "barbin": 0, "corr": -0.026223303750157356, "timescale": 6.561457100477616, "rgb": "#000000", "zyx": [16, 75, 72]}