{"p": 0.583, "barbin": 0, "corr": -0.00815341342240572, "timescale": 3.5849662104847675, "rgb": "#000000", "zyx": [9, 49, 52]}