{"p": 0.036, "barbin": 0, "corr": 0.05454019829630852, "timescale": 4.507438215058467, "rgb": "#000000", "zyx": [8, 58, 67]}