{"p": 0.0, "barbin": 3, "corr": 0.21190685033798218, "timescale": 6.38594783185444, "rgb": "#000000", "zyx": [8, 59, 59]}