{"p": 0.027, "barbin": 1, "corr": 0.106510691344738, "timescale": 5.751470715461871, "rgb": "#000000", "zyx": [10, 26, 45]}