{"p": 0.0, "barbin": 4, "corr": 0.3365038335323334, "timescale": 6.189048492723276, "rgb": "#000000", "zyx": [21, 63, 37]}