{"p": 0.008, "barbin": 0, "corr": 0.08655589073896408, "timescale": 5.802927095838705, "rgb": "#000000", "zyx": [18, 75, 57]}