{"p": 0.214, "barbin": 0, "corr": 0.04703870043158531, "timescale": 8.247083016261703, "rgb": "#000000", "zyx": [15, 54, 81]}