{"p": 0.463, "barbin": 0, "corr": 0.0010956177720800042, "timescale": 5.5407394540090085, "rgb": "#000000", "zyx": [3, 81, 42]}