{"p": 0.253, "barbin": 0, "corr": 0.006020957138389349, "timescale": 1.6849073681605606, "rgb": "#000000", "zyx": [13, 59, 80]}