{"p": 0.0, "barbin": 0, "corr": 0.08015984296798706, "timescale": 4.002629258435773, "rgb": "#000000", "zyx": [3, 86, 62]}