{"p": 0.622, "barbin": 0, "corr": -0.015236180275678635, "timescale": 4.591053982119639, "rgb": "#000000", "zyx": [13, 34, 48]}