{"p": 0.427, "barbin": 0, "corr": 0.009332790039479733, "timescale": 2.5929282604236854, "rgb": "#000000", "zyx": [13, 41, 60]}