{"p": 0.895, "barbin": 0, "corr": -0.07416005432605743, "timescale": 6.162283345588366, "rgb": "#000000", "zyx": [11, 65, 65]}