{"p": 0.172, "barbin": 0, "corr": 0.050751857459545135, "timescale": 6.264306176707387, "rgb": "#000000", "zyx": [14, 87, 66]}