{"p": 0.899, "barbin": 0, "corr": -0.07354243099689484, "timescale": 7.269928549819918, "rgb": "#000000", "zyx": [6, 66, 24]}