{"p": 0.0, "barbin": 4, "corr": 0.3112971782684326, "timescale": 7.110469782845658, "rgb": "#000000", "zyx": [11, 73, 38]}