{"p": 0.08, "barbin": 0, "corr": 0.006220156326889992, "timescale": 7.44101845342917, "rgb": "#000000", "zyx": [17, 59, 35]}