{"p": 0.586, "barbin": 0, "corr": -0.007659411057829857, "timescale": 5.229870408518266, "rgb": "#000000", "zyx": [21, 59, 34]}