{"p": 0.936, "barbin": 0, "corr": -0.053456295281648636, "timescale": 5.588348711388893, "rgb": "#000000", "zyx": [8, 43, 55]}