{"p": 0.762, "barbin": 0, "corr": -0.03750000521540642, "timescale": 6.223242462527022, "rgb": "#000000", "zyx": [13, 52, 62]}