{"p": 0.786, "barbin": 0, "corr": -0.05394333600997925, "timescale": 6.584939864526863, "rgb": "#000000", "zyx": [13, 88, 34]}