{"p": 0.892, "barbin": 0, "corr": -0.06946510076522827, "timescale": 4.582537095974914, "rgb": "#000000", "zyx": [12, 68, 47]}