{"p": 0.836, "barbin": 0, "corr": -0.04501265287399292, "timescale": 4.2709091092071825, "rgb": "#000000", "zyx": [12, 89, 39]}