{"p": 0.925, "barbin": 0, "corr": -0.08086731284856796, "timescale": 5.36250977287969, "rgb": "#000000", "zyx": [8, 89, 72]}