{"p": 0.061, "barbin": 0, "corr": 0.08169612288475037, "timescale": 2.5562191356939623, "rgb": "#000000", "zyx": [25, 45, 64]}