{"p": 0.0, "barbin": 4, "corr": 0.2712244987487793, "timescale": 7.349426056337154, "rgb": "#000000", "zyx": [9, 54, 75]}