{"p": 0.981, "barbin": 0, "corr": -0.11198335886001587, "timescale": 6.727447999699836, "rgb": "#000000", "zyx": [19, 73, 43]}