{"p": 0.657, "barbin": 0, "corr": -0.002144869416952133, "timescale": 5.584962571756442, "rgb": "#000000", "zyx": [13, 15, 51]}