{"p": 0.238, "barbin": 0, "corr": 0.03287571296095848, "timescale": 2.583549589759714, "rgb": "#000000", "zyx": [15, 42, 56]}