{"p": 0.0, "barbin": 2, "corr": 0.18336667120456696, "timescale": 4.617968298760399, "rgb": "#000000", "zyx": [11, 47, 73]}