{"p": 0.182, "barbin": 0, "corr": 0.05337390676140785, "timescale": 1.6328461084827324, "rgb": "#000000", "zyx": [6, 58, 63]}