{"p": 0.099, "barbin": 0, "corr": 0.058915965259075165, "timescale": 7.233188122354824, "rgb": "#000000", "zyx": [5, 86, 54]}