{"p": 0.582, "barbin": 0, "corr": -0.013761593028903008, "timescale": 6.077749231664707, "rgb": "#000000", "zyx": [9, 70, 68]}