{"p": 0.291, "barbin": 0, "corr": 0.026821091771125793, "timescale": 5.664677548844694, "rgb": "#000000", "zyx": [11, 45, 74]}