{"p": 0.038, "barbin": 1, "corr": 0.10028533637523651, "timescale": 8.071337667596348, "rgb": "#000000", "zyx": [21, 38, 36]}