{"p": 0.75, "barbin": 0, "corr": -0.0397099032998085, "timescale": 8.584954963849272, "rgb": "#000000", "zyx": [16, 65, 65]}