{"p": 0.542, "barbin": 0, "corr": -0.005364512093365192, "timescale": 6.584962313374869, "rgb": "#000000", "zyx": [14, 76, 49]}