{"p": 0.118, "barbin": 0, "corr": 0.037016499787569046, "timescale": 5.339636028172361, "rgb": "#000000", "zyx": [16, 47, 76]}