{"p": 0.1, "barbin": 0, "corr": 0.04544290155172348, "timescale": 7.167161211018044, "rgb": "#000000", "zyx": [13, 19, 37]}