{"p": 0.791, "barbin": 0, "corr": -0.045570626854896545, "timescale": 4.2820018551374845, "rgb": "#000000", "zyx": [7, 82, 36]}