{"p": 0.492, "barbin": 0, "corr": 0.00014241429744288325, "timescale": 3.7361606201964683, "rgb": "#000000", "zyx": [10, 62, 76]}