{"p": 0.997, "barbin": 0, "corr": -0.1783834844827652, "timescale": 5.181355250640576, "rgb": "#000000", "zyx": [19, 73, 75]}