{"p": 0.018, "barbin": 0, "corr": 0.08310562372207642, "timescale": 3.791837381261532, "rgb": "#000000", "zyx": [12, 28, 35]}