{"p": 0.796, "barbin": 0, "corr": -0.027999216690659523, "timescale": 4.584960673906122, "rgb": "#000000", "zyx": [9, 76, 51]}