{"p": 0.576, "barbin": 0, "corr": -0.01351114735007286, "timescale": 3.769563777218536, "rgb": "#000000", "zyx": [6, 64, 46]}