{"p": 0.6, "barbin": 0, "corr": -0.015105894766747952, "timescale": 3.696112194338643, "rgb": "#000000", "zyx": [7, 66, 63]}