{"p": 0.427, "barbin": 0, "corr": 0.01084114983677864, "timescale": 7.367238040818769, "rgb": "#000000", "zyx": [1, 85, 51]}