{"p": 0.703, "barbin": 0, "corr": -0.020107094198465347, "timescale": 4.354478472672622, "rgb": "#000000", "zyx": [5, 61, 23]}