{"p": 0.301, "barbin": 0, "corr": 0.022321440279483795, "timescale": 7.236016499149311, "rgb": "#000000", "zyx": [21, 72, 69]}