{"p": 0.032, "barbin": 1, "corr": 0.11126390099525452, "timescale": 7.58451180669278, "rgb": "#000000", "zyx": [13, 23, 52]}