{"p": 0.494, "barbin": 0, "corr": 0.0005918792448937893, "timescale": 5.156166055341926, "rgb": "#000000", "zyx": [19, 56, 29]}