{"p": 0.002, "barbin": 2, "corr": 0.1798555701971054, "timescale": 6.405382047710905, "rgb": "#000000", "zyx": [17, 47, 31]}