{"p": 0.614, "barbin": 0, "corr": -0.019277703016996384, "timescale": 1.7244144308607199, "rgb": "#000000", "zyx": [25, 34, 53]}