{"p": 0.192, "barbin": 0, "corr": 0.05081005394458771, "timescale": 1.680367740619785, "rgb": "#000000", "zyx": [12, 23, 58]}