{"p": 0.56, "barbin": 0, "corr": -0.004972819238901138, "timescale": 4.754205205839466, "rgb": "#000000", "zyx": [12, 56, 36]}