{"p": 0.777, "barbin": 0, "corr": -0.008626307360827923, "timescale": 7.584260672985715, "rgb": "#000000", "zyx": [5, 75, 29]}