{"p": 0.147, "barbin": 0, "corr": 0.05980714410543442, "timescale": 6.307321696780033, "rgb": "#000000", "zyx": [2, 78, 43]}