{"p": 0.002, "barbin": 0, "corr": 0.0932883694767952, "timescale": 7.770241407136314, "rgb": "#000000", "zyx": [8, 87, 63]}