{"p": 0.53, "barbin": 0, "corr": -0.0013632189948111773, "timescale": 3.4941815385567825, "rgb": "#000000", "zyx": [9, 79, 57]}