{"p": 0.0, "barbin": 4, "corr": 0.3755110502243042, "timescale": 7.162631995330416, "rgb": "#000000", "zyx": [12, 35, 30]}