{"p": 0.108, "barbin": 0, "corr": 0.0481577031314373, "timescale": 3.213675420038572, "rgb": "#000000", "zyx": [12, 89, 69]}