{"p": 0.844, "barbin": 0, "corr": -0.01666635274887085, "timescale": 3.354548734674636, "rgb": "#000000", "zyx": [14, 49, 75]}