{"p": 0.208, "barbin": 0, "corr": 0.04376761615276337, "timescale": 6.542624653164097, "rgb": "#000000", "zyx": [6, 67, 31]}