{"p": 0.991, "barbin": 0, "corr": -0.006362525280565023, "timescale": 6.493085951619686, "rgb": "#000000", "zyx": [9, 22, 54]}