{"p": 0.811, "barbin": 0, "corr": -0.048826124519109726, "timescale": 1.584962500721156, "rgb": "#000000", "zyx": [9, 22, 48]}