{"p": 0.987, "barbin": 0, "corr": -0.12123490869998932, "timescale": 8.107041708722297, "rgb": "#000000", "zyx": [18, 33, 49]}