{"p": 0.027, "barbin": 0, "corr": 0.07131651043891907, "timescale": 2.334618215088754, "rgb": "#000000", "zyx": [5, 77, 76]}