{"p": 0.179, "barbin": 0, "corr": 0.060052014887332916, "timescale": 4.569742856192861, "rgb": "#000000", "zyx": [18, 64, 38]}