{"p": 0.019, "barbin": 1, "corr": 0.11693011224269867, "timescale": 6.589030111306518, "rgb": "#000000", "zyx": [22, 74, 68]}