{"p": 0.296, "barbin": 0, "corr": 0.029281625524163246, "timescale": 5.975840474839248, "rgb": "#000000", "zyx": [15, 24, 60]}