{"p": 0.179, "barbin": 0, "corr": 0.0572546124458313, "timescale": 6.908802542836562, "rgb": "#000000", "zyx": [9, 27, 44]}