{"p": 0.834, "barbin": 0, "corr": -0.053918953984975815, "timescale": 6.92368894928576, "rgb": "#000000", "zyx": [15, 50, 54]}