{"p": 0.002, "barbin": 0, "corr": 0.03688468784093857, "timescale": 4.660215368413709, "rgb": "#000000", "zyx": [6, 87, 40]}