{"p": 0.712, "barbin": 0, "corr": -0.038541682064533234, "timescale": 7.580092941592363, "rgb": "#000000", "zyx": [7, 47, 66]}