{"p": 0.243, "barbin": 0, "corr": 0.033896733075380325, "timescale": 5.288940256640476, "rgb": "#000000", "zyx": [15, 52, 77]}