{"p": 0.0, "barbin": 3, "corr": 0.21260268986225128, "timescale": 7.106919811412416, "rgb": "#000000", "zyx": [7, 65, 75]}