{"p": 0.834, "barbin": 0, "corr": -0.04934732988476753, "timescale": 6.710020858656915, "rgb": "#000000", "zyx": [15, 53, 48]}