{"p": 0.961, "barbin": 0, "corr": -0.09390300512313843, "timescale": 6.584962500721156, "rgb": "#000000", "zyx": [16, 42, 25]}