{"p": 0.577, "barbin": 0, "corr": -0.0037250807508826256, "timescale": 4.580684777854528, "rgb": "#000000", "zyx": [12, 21, 54]}