{"p": 0.663, "barbin": 0, "corr": -0.0253647118806839, "timescale": 8.584962505220508, "rgb": "#000000", "zyx": [5, 38, 29]}