{"p": 0.903, "barbin": 0, "corr": -0.06616391241550446, "timescale": 5.072993570767562, "rgb": "#000000", "zyx": [27, 50, 58]}