{"p": 0.227, "barbin": 0, "corr": 0.04234691336750984, "timescale": 5.5848216764256815, "rgb": "#000000", "zyx": [16, 62, 69]}