{"p": 0.643, "barbin": 0, "corr": -0.022622626274824142, "timescale": 2.584962500721156, "rgb": "#000000", "zyx": [1, 81, 32]}