{"p": 0.266, "barbin": 0, "corr": 0.040069401264190674, "timescale": 7.577007517835837, "rgb": "#000000", "zyx": [23, 70, 62]}