{"p": 0.651, "barbin": 0, "corr": -0.023173028603196144, "timescale": 6.584962500721156, "rgb": "#000000", "zyx": [7, 75, 30]}