{"p": 0.007, "barbin": 2, "corr": 0.15031757950782776, "timescale": 5.392428171519519, "rgb": "#000000", "zyx": [9, 55, 30]}