{"p": 0.69, "barbin": 0, "corr": -0.019713815301656723, "timescale": 7.115469688290262, "rgb": "#000000", "zyx": [20, 65, 64]}