{"p": 0.518, "barbin": 0, "corr": -0.005567741580307484, "timescale": 3.584962938577855, "rgb": "#000000", "zyx": [20, 49, 65]}