{"p": 0.104, "barbin": 0, "corr": 0.050148557871580124, "timescale": 3.575440943016382, "rgb": "#000000", "zyx": [9, 47, 49]}