{"p": 0.011, "barbin": 0, "corr": 0.06443969905376434, "timescale": 5.690946026945451, "rgb": "#000000", "zyx": [0, 80, 43]}