{"p": 0.869, "barbin": 0, "corr": -0.06765438616275787, "timescale": 5.584962500721156, "rgb": "#000000", "zyx": [4, 45, 59]}