{"p": 0.503, "barbin": 0, "corr": -0.007705943658947945, "timescale": 5.623323645708222, "rgb": "#000000", "zyx": [25, 48, 66]}