{"p": 0.392, "barbin": 0, "corr": 0.004091598559170961, "timescale": 8.584451181778654, "rgb": "#000000", "zyx": [20, 76, 68]}