{"p": 0.706, "barbin": 0, "corr": -0.007517644204199314, "timescale": 5.610549576505595, "rgb": "#000000", "zyx": [4, 67, 63]}