{"p": 0.124, "barbin": 0, "corr": 0.06375796347856522, "timescale": 2.5505157334857547, "rgb": "#000000", "zyx": [15, 73, 45]}