{"p": 0.865, "barbin": 0, "corr": -0.06746756285429001, "timescale": 7.583596117166812, "rgb": "#000000", "zyx": [5, 70, 47]}