{"p": 0.148, "barbin": 0, "corr": 0.04273863881826401, "timescale": 5.344325834054271, "rgb": "#000000", "zyx": [16, 41, 75]}