{"p": 0.039, "barbin": 1, "corr": 0.1001150906085968, "timescale": 7.254470992502194, "rgb": "#000000", "zyx": [10, 80, 31]}