{"p": 0.0, "barbin": 2, "corr": 0.161387637257576, "timescale": 6.761808917144579, "rgb": "#000000", "zyx": [9, 44, 76]}