{"p": 0.554, "barbin": 0, "corr": -0.006732646841555834, "timescale": 1.8720987904459, "rgb": "#000000", "zyx": [16, 78, 77]}