{"p": 0.456, "barbin": 0, "corr": 0.011810317635536194, "timescale": 6.041191379767923, "rgb": "#000000", "zyx": [12, 34, 48]}