{"p": 0.971, "barbin": 0, "corr": -0.01152815856039524, "timescale": 6.5654327319974115, "rgb": "#000000", "zyx": [17, 38, 49]}