{"p": 0.334, "barbin": 0, "corr": 0.018370913341641426, "timescale": 2.6246939457051988, "rgb": "#000000", "zyx": [18, 77, 62]}