{"p": 0.306, "barbin": 0, "corr": 0.02762436680495739, "timescale": 6.18252617964366, "rgb": "#000000", "zyx": [8, 39, 60]}