{"p": 0.14, "barbin": 0, "corr": 0.05972735956311226, "timescale": 4.948708497979927, "rgb": "#000000", "zyx": [7, 87, 45]}