{"p": 0.672, "barbin": 0, "corr": -0.02821156568825245, "timescale": 6.545114868463794, "rgb": "#000000", "zyx": [10, 33, 54]}