{"p": 0.003, "barbin": 1, "corr": 0.1452932506799698, "timescale": 7.1685611071627955, "rgb": "#000000", "zyx": [15, 39, 36]}