{"p": 0.004, "barbin": 1, "corr": 0.11205458641052246, "timescale": 6.861439770562372, "rgb": "#000000", "zyx": [5, 45, 29]}