{"p": 0.011, "barbin": 1, "corr": 0.11963504552841187, "timescale": 6.116692544653717, "rgb": "#000000", "zyx": [15, 86, 65]}