{"p": 0.673, "barbin": 0, "corr": -0.026007335633039474, "timescale": 6.182761871857069, "rgb": "#000000", "zyx": [13, 73, 41]}