{"p": 0.339, "barbin": 0, "corr": 0.025716079398989677, "timescale": 2.258103341478882, "rgb": "#000000", "zyx": [5, 56, 32]}