{"p": 0.578, "barbin": 0, "corr": -0.009504290297627449, "timescale": 6.617936564392488, "rgb": "#000000", "zyx": [13, 84, 49]}