{"p": 0.752, "barbin": 0, "corr": -0.032325923442840576, "timescale": 5.538220523849244, "rgb": "#000000", "zyx": [20, 68, 69]}