{"p": 0.722, "barbin": 0, "corr": -0.035526931285858154, "timescale": 2.6788805185569315, "rgb": "#000000", "zyx": [10, 35, 60]}