{"p": 0.555, "barbin": 0, "corr": -0.013740894384682178, "timescale": 7.026983577937165, "rgb": "#000000", "zyx": [9, 17, 49]}