{"p": 0.754, "barbin": 0, "corr": -0.018885554745793343, "timescale": 2.001927063026056, "rgb": "#000000", "zyx": [16, 18, 46]}