{"p": 0.324, "barbin": 0, "corr": 0.029137877747416496, "timescale": 7.584849568496986, "rgb": "#000000", "zyx": [8, 80, 27]}