{"p": 0.911, "barbin": 0, "corr": -0.07757233083248138, "timescale": 7.33867865597308, "rgb": "#000000", "zyx": [11, 49, 23]}