{"p": 0.721, "barbin": 0, "corr": -0.033493783324956894, "timescale": 1.602091719244249, "rgb": "#000000", "zyx": [16, 87, 36]}