{"p": 0.229, "barbin": 0, "corr": 0.038382772356271744, "timescale": 6.075953886802884, "rgb": "#000000", "zyx": [11, 72, 48]}