{"p": 0.216, "barbin": 0, "corr": 0.03336820378899574, "timescale": 6.126016246969705, "rgb": "#000000", "zyx": [4, 78, 75]}