{"p": 0.834, "barbin": 0, "corr": -0.06629560142755508, "timescale": 8.484958167078867, "rgb": "#000000", "zyx": [7, 63, 36]}