{"p": 0.581, "barbin": 0, "corr": -0.011233641766011715, "timescale": 8.584962500721156, "rgb": "#000000", "zyx": [18, 59, 38]}