{"p": 0.256, "barbin": 0, "corr": 0.03794937580823898, "timescale": 5.4076051745343765, "rgb": "#000000", "zyx": [20, 37, 62]}