{"p": 0.003, "barbin": 2, "corr": 0.15569500625133514, "timescale": 7.136035291939914, "rgb": "#000000", "zyx": [22, 54, 44]}