{"p": 0.153, "barbin": 0, "corr": 0.0615106076002121, "timescale": 4.338078045478422, "rgb": "#000000", "zyx": [4, 73, 45]}