{"p": 0.476, "barbin": 0, "corr": 0.004212030675262213, "timescale": 7.5849581835255675, "rgb": "#000000", "zyx": [14, 55, 63]}