{"p": 0.428, "barbin": 0, "corr": 0.009031452238559723, "timescale": 5.358948778127346, "rgb": "#000000", "zyx": [8, 40, 35]}