{"p": 0.038, "barbin": 0, "corr": 0.09983626753091812, "timescale": 6.504343885229883, "rgb": "#000000", "zyx": [19, 27, 41]}