{"p": 0.524, "barbin": 0, "corr": -0.0031465543434023857, "timescale": 3.7608473575818215, "rgb": "#000000", "zyx": [23, 55, 46]}