{"p": 0.117, "barbin": 0, "corr": 0.05917976796627045, "timescale": 4.368144909226434, "rgb": "#000000", "zyx": [11, 84, 57]}