{"p": 0.089, "barbin": 0, "corr": 0.06048576906323433, "timescale": 7.082167426996501, "rgb": "#000000", "zyx": [17, 81, 66]}