{"p": 0.29, "barbin": 0, "corr": 0.03554130345582962, "timescale": 7.196472284158306, "rgb": "#000000", "zyx": [20, 40, 70]}