{"p": 0.583, "barbin": 0, "corr": -0.008447736501693726, "timescale": 5.599776221461365, "rgb": "#000000", "zyx": [4, 43, 68]}