{"p": 0.296, "barbin": 0, "corr": 0.0036772273015230894, "timescale": 2.585042877406662, "rgb": "#000000", "zyx": [5, 43, 55]}