{"p": 0.624, "barbin": 0, "corr": -0.020972969010472298, "timescale": 7.482042184254942, "rgb": "#000000", "zyx": [3, 52, 75]}