{"p": 0.301, "barbin": 0, "corr": 0.030195066705346107, "timescale": 7.619451674442339, "rgb": "#000000", "zyx": [6, 67, 50]}