{"p": 0.709, "barbin": 0, "corr": -0.034226324409246445, "timescale": 7.554335531117845, "rgb": "#000000", "zyx": [5, 66, 67]}