{"p": 0.172, "barbin": 0, "corr": 0.05021711811423302, "timescale": 4.3130911313501805, "rgb": "#000000", "zyx": [11, 58, 33]}