{"p": 0.0, "barbin": 0, "corr": 0.07172948122024536, "timescale": 6.5236412237128185, "rgb": "#000000", "zyx": [3, 81, 69]}