{"p": 0.657, "barbin": 0, "corr": -0.026131443679332733, "timescale": 6.550362424293821, "rgb": "#000000", "zyx": [14, 72, 54]}