{"p": 0.124, "barbin": 0, "corr": 0.06947097927331924, "timescale": 5.308333393699753, "rgb": "#000000", "zyx": [10, 51, 59]}