{"p": 0.705, "barbin": 0, "corr": -0.02251429110765457, "timescale": 3.4785447062798225, "rgb": "#000000", "zyx": [18, 74, 42]}