{"p": 0.804, "barbin": 0, "corr": -0.0343131422996521, "timescale": 6.582011575030673, "rgb": "#000000", "zyx": [23, 64, 33]}