{"p": 0.117, "barbin": 0, "corr": 0.03586139902472496, "timescale": 5.57807370047659, "rgb": "#000000", "zyx": [16, 18, 41]}