{"p": 0.995, "barbin": 0, "corr": -0.020085835829377174, "timescale": 6.585072955805569, "rgb": "#000000", "zyx": [24, 33, 43]}