{"p": 0.654, "barbin": 0, "corr": -0.02146521769464016, "timescale": 3.5849634434135162, "rgb": "#000000", "zyx": [8, 64, 81]}