{"p": 0.57, "barbin": 0, "corr": -0.009952697902917862, "timescale": 5.741280189806069, "rgb": "#000000", "zyx": [8, 63, 21]}