{"p": 0.967, "barbin": 0, "corr": -0.10081586241722107, "timescale": 1.812542925076191, "rgb": "#000000", "zyx": [16, 30, 30]}