{"p": 0.0, "barbin": 2, "corr": 0.15100955963134766, "timescale": 3.4149437978734882, "rgb": "#000000", "zyx": [9, 84, 43]}