{"p": 0.733, "barbin": 0, "corr": -0.03302355110645294, "timescale": 6.273911584927449, "rgb": "#000000", "zyx": [16, 90, 52]}