{"p": 0.72, "barbin": 0, "corr": -0.002699984237551689, "timescale": 8.584962500721156, "rgb": "#000000", "zyx": [4, 48, 45]}