{"p": 0.077, "barbin": 0, "corr": 0.08569777011871338, "timescale": 6.561355109364997, "rgb": "#000000", "zyx": [24, 55, 36]}