{"p": 0.752, "barbin": 0, "corr": -0.03834402561187744, "timescale": 8.514079390979434, "rgb": "#000000", "zyx": [17, 46, 65]}