{"p": 0.145, "barbin": 0, "corr": 0.05811567232012749, "timescale": 6.866799745508159, "rgb": "#000000", "zyx": [7, 47, 73]}