{"p": 0.322, "barbin": 0, "corr": 0.02524814009666443, "timescale": 5.846021626761973, "rgb": "#000000", "zyx": [11, 86, 65]}