{"p": 0.252, "barbin": 0, "corr": 0.03697033226490021, "timescale": 7.35763407238639, "rgb": "#000000", "zyx": [3, 68, 41]}