{"p": 0.141, "barbin": 0, "corr": 0.05824548751115799, "timescale": 7.7639090800417385, "rgb": "#000000", "zyx": [27, 65, 46]}