{"p": 0.472, "barbin": 0, "corr": 0.006048901006579399, "timescale": 7.400884457943592, "rgb": "#000000", "zyx": [1, 82, 47]}