{"p": 0.66, "barbin": 0, "corr": -0.020763294771313667, "timescale": 5.531517661806238, "rgb": "#000000", "zyx": [17, 35, 41]}