{"p": 0.011, "barbin": 1, "corr": 0.12589848041534424, "timescale": 6.953314845857475, "rgb": "#000000", "zyx": [22, 56, 61]}