{"p": 0.018, "barbin": 1, "corr": 0.11301099509000778, "timescale": 7.58495427060163, "rgb": "#000000", "zyx": [17, 43, 65]}