{"p": 0.048, "barbin": 0, "corr": 0.09770402312278748, "timescale": 4.556109174657786, "rgb": "#000000", "zyx": [18, 80, 43]}