{"p": 0.557, "barbin": 0, "corr": -0.0018374621868133545, "timescale": 8.584962500853766, "rgb": "#000000", "zyx": [12, 42, 54]}