{"p": 0.216, "barbin": 0, "corr": 0.039977893233299255, "timescale": 1.5862677061756467, "rgb": "#000000", "zyx": [10, 70, 70]}