{"p": 0.941, "barbin": 0, "corr": -0.08926582336425781, "timescale": 3.585062783459632, "rgb": "#000000", "zyx": [14, 39, 46]}