{"p": 0.527, "barbin": 0, "corr": -0.0007360279560089111, "timescale": 2.2286225865986804, "rgb": "#000000", "zyx": [24, 66, 68]}