{"p": 0.955, "barbin": 0, "corr": -0.10678047686815262, "timescale": 7.594413983745172, "rgb": "#000000", "zyx": [4, 43, 73]}