{"p": 0.06, "barbin": 0, "corr": 0.09145265817642212, "timescale": 6.936726274203374, "rgb": "#000000", "zyx": [5, 69, 28]}