{"p": 0.357, "barbin": 0, "corr": 0.0023472208995372057, "timescale": 3.6026211187470953, "rgb": "#000000", "zyx": [19, 61, 51]}