{"p": 0.629, "barbin": 0, "corr": -0.021333511918783188, "timescale": 5.584960409642882, "rgb": "#000000", "zyx": [4, 43, 75]}