{"p": 0.098, "barbin": 0, "corr": 0.06266303360462189, "timescale": 6.3496232601545035, "rgb": "#000000", "zyx": [11, 82, 45]}