{"p": 0.0, "barbin": 2, "corr": 0.18298114836215973, "timescale": 4.249171025246881, "rgb": "#000000", "zyx": [20, 58, 75]}