{"p": 0.485, "barbin": 0, "corr": 0.0005884096026420593, "timescale": 7.859367388817094, "rgb": "#000000", "zyx": [19, 65, 36]}