{"p": 0.263, "barbin": 0, "corr": 0.012538591399788857, "timescale": 3.584962500721156, "rgb": "#000000", "zyx": [23, 79, 42]}