{"p": 0.509, "barbin": 0, "corr": 0.0003568106621969491, "timescale": 5.256328907741548, "rgb": "#000000", "zyx": [16, 78, 47]}