{"p": 0.136, "barbin": 0, "corr": 0.04114477336406708, "timescale": 4.4175235698388855, "rgb": "#000000", "zyx": [6, 82, 58]}