{"p": 0.675, "barbin": 0, "corr": -0.02387375570833683, "timescale": 6.677370058761663, "rgb": "#000000", "zyx": [14, 56, 25]}