{"p": 0.763, "barbin": 0, "corr": -0.044178787618875504, "timescale": 8.568592528814479, "rgb": "#000000", "zyx": [0, 40, 41]}