{"p": 0.763, "barbin": 0, "corr": -0.040803465992212296, "timescale": 2.5849132004597317, "rgb": "#000000", "zyx": [15, 58, 75]}