{"p": 0.756, "barbin": 0, "corr": -0.04635588079690933, "timescale": 2.4709287883735978, "rgb": "#000000", "zyx": [23, 51, 32]}