{"p": 0.004, "barbin": 1, "corr": 0.13850101828575134, "timescale": 5.755479476277048, "rgb": "#000000", "zyx": [22, 63, 36]}