{"p": 0.32, "barbin": 0, "corr": 0.028622973710298538, "timescale": 6.4916539104275826, "rgb": "#000000", "zyx": [27, 64, 54]}