{"p": 0.216, "barbin": 0, "corr": 0.0460510328412056, "timescale": 7.512164145952808, "rgb": "#000000", "zyx": [16, 69, 68]}