{"p": 0.0, "barbin": 3, "corr": 0.20614619553089142, "timescale": 7.598512385243156, "rgb": "#000000", "zyx": [14, 82, 36]}