{"p": 0.0, "barbin": 3, "corr": 0.2325732707977295, "timescale": 7.207963204961779, "rgb": "#000000", "zyx": [24, 42, 46]}