{"p": 0.0, "barbin": 4, "corr": 0.306671142578125, "timescale": 4.526028576750667, "rgb": "#000000", "zyx": [15, 45, 70]}