{"p": 0.567, "barbin": 0, "corr": -0.004459811374545097, "timescale": 6.980028285175502, "rgb": "#000000", "zyx": [11, 23, 66]}