{"p": 0.482, "barbin": 0, "corr": -0.0033084526658058167, "timescale": 8.406703240328874, "rgb": "#000000", "zyx": [7, 58, 27]}