{"p": 0.06, "barbin": 0, "corr": 0.09137389808893204, "timescale": 4.656666947319502, "rgb": "#000000", "zyx": [12, 64, 27]}