{"p": 0.127, "barbin": 0, "corr": 0.06536491215229034, "timescale": 5.287471595228209, "rgb": "#000000", "zyx": [12, 83, 58]}