{"p": 0.935, "barbin": 0, "corr": -0.08610715717077255, "timescale": 4.585550866199063, "rgb": "#000000", "zyx": [25, 36, 49]}