{"p": 0.66, "barbin": 0, "corr": -0.022654760628938675, "timescale": 7.028028767465338, "rgb": "#000000", "zyx": [20, 62, 45]}