{"p": 0.035, "barbin": 0, "corr": 0.06685295701026917, "timescale": 6.729341613870753, "rgb": "#000000", "zyx": [0, 80, 42]}