{"p": 0.725, "barbin": 0, "corr": -0.02941025048494339, "timescale": 1.974879737735852, "rgb": "#000000", "zyx": [11, 23, 46]}