{"p": 0.275, "barbin": 0, "corr": 0.036708664149045944, "timescale": 7.1297978722130395, "rgb": "#000000", "zyx": [13, 78, 33]}