{"p": 0.02, "barbin": 0, "corr": 0.03920760005712509, "timescale": 6.3706972082265105, "rgb": "#000000", "zyx": [6, 64, 26]}