{"p": 0.046, "barbin": 0, "corr": 0.08711142838001251, "timescale": 5.585027194715491, "rgb": "#000000", "zyx": [8, 65, 24]}