{"p": 0.664, "barbin": 0, "corr": -0.022411325946450233, "timescale": 6.258982165247142, "rgb": "#000000", "zyx": [1, 78, 30]}