{"p": 0.291, "barbin": 0, "corr": 0.02986079454421997, "timescale": 7.478058843921663, "rgb": "#000000", "zyx": [7, 77, 79]}