{"p": 0.767, "barbin": 0, "corr": -0.03673602640628815, "timescale": 3.395657103291179, "rgb": "#000000", "zyx": [15, 83, 49]}