{"p": 0.002, "barbin": 2, "corr": 0.16766518354415894, "timescale": 7.000701994005777, "rgb": "#000000", "zyx": [24, 51, 65]}