{"p": 0.743, "barbin": 0, "corr": -0.03603783994913101, "timescale": 2.6373060218347715, "rgb": "#000000", "zyx": [15, 36, 68]}