{"p": 0.227, "barbin": 0, "corr": 0.021875420585274696, "timescale": 5.904823508998447, "rgb": "#000000", "zyx": [14, 64, 35]}