{"p": 0.746, "barbin": 0, "corr": -0.04044419527053833, "timescale": 4.8868718571846, "rgb": "#000000", "zyx": [4, 71, 61]}