{"p": 0.071, "barbin": 0, "corr": 0.0850752666592598, "timescale": 5.142690644502256, "rgb": "#000000", "zyx": [13, 77, 63]}