{"p": 0.569, "barbin": 0, "corr": -0.0025945864617824554, "timescale": 6.10388230218601, "rgb": "#000000", "zyx": [16, 78, 40]}