{"p": 0.14, "barbin": 0, "corr": 0.06778635084629059, "timescale": 6.221017260318721, "rgb": "#000000", "zyx": [19, 88, 58]}