{"p": 0.842, "barbin": 0, "corr": -0.03558703884482384, "timescale": 6.728219985266994, "rgb": "#000000", "zyx": [2, 48, 29]}