{"p": 0.02, "barbin": 0, "corr": 0.09856962412595749, "timescale": 6.520535227601461, "rgb": "#000000", "zyx": [14, 89, 59]}