{"p": 0.532, "barbin": 0, "corr": -0.0021183406934142113, "timescale": 7.583388656241356, "rgb": "#000000", "zyx": [16, 67, 35]}