{"p": 0.622, "barbin": 0, "corr": -0.020128170028328896, "timescale": 6.585282759957878, "rgb": "#000000", "zyx": [4, 41, 55]}