{"p": 0.236, "barbin": 0, "corr": 0.039829906076192856, "timescale": 6.112194481738418, "rgb": "#000000", "zyx": [18, 78, 54]}