{"p": 0.284, "barbin": 0, "corr": 0.03258639574050903, "timescale": 7.077023856058, "rgb": "#000000", "zyx": [19, 39, 39]}