{"p": 0.494, "barbin": 0, "corr": -0.0017673135735094547, "timescale": 2.016110955973934, "rgb": "#000000", "zyx": [15, 26, 71]}