{"p": 0.392, "barbin": 0, "corr": 0.016320282593369484, "timescale": 6.064677899784516, "rgb": "#000000", "zyx": [11, 64, 24]}