{"p": 0.776, "barbin": 0, "corr": -0.043117888271808624, "timescale": 5.051613447553633, "rgb": "#000000", "zyx": [4, 90, 39]}