{"p": 0.695, "barbin": 0, "corr": -0.025182612240314484, "timescale": 3.6617055911401395, "rgb": "#000000", "zyx": [18, 78, 50]}