{"p": 0.102, "barbin": 0, "corr": 0.059231240302324295, "timescale": 5.950620603989576, "rgb": "#000000", "zyx": [3, 80, 60]}