{"p": 0.323, "barbin": 0, "corr": 0.026430640369653702, "timescale": 5.735933966689752, "rgb": "#000000", "zyx": [17, 40, 38]}