{"p": 0.0, "barbin": 3, "corr": 0.20444358885288239, "timescale": 3.8043934312599204, "rgb": "#000000", "zyx": [20, 58, 68]}