{"p": 0.878, "barbin": 0, "corr": -0.06151958554983139, "timescale": 2.8033898040747482, "rgb": "#000000", "zyx": [14, 87, 48]}