{"p": 0.044, "barbin": 0, "corr": 0.09114868938922882, "timescale": 7.318043978153481, "rgb": "#000000", "zyx": [4, 55, 73]}