{"p": 0.015, "barbin": 1, "corr": 0.13431932032108307, "timescale": 7.240119752601288, "rgb": "#000000", "zyx": [10, 59, 81]}