{"p": 0.0, "barbin": 2, "corr": 0.19112440943717957, "timescale": 4.678661290135756, "rgb": "#000000", "zyx": [11, 79, 47]}