{"p": 0.0, "barbin": 4, "corr": 0.3310448229312897, "timescale": 7.404600482660416, "rgb": "#000000", "zyx": [22, 34, 45]}