{"p": 0.972, "barbin": 0, "corr": -0.11545084416866302, "timescale": 7.5824823894449285, "rgb": "#000000", "zyx": [13, 91, 43]}