{"p": 0.328, "barbin": 0, "corr": 0.025633353739976883, "timescale": 6.321333545954276, "rgb": "#000000", "zyx": [9, 75, 38]}