{"p": 0.416, "barbin": 0, "corr": 0.010996547527611256, "timescale": 6.956017294021636, "rgb": "#000000", "zyx": [5, 33, 40]}