{"p": 0.383, "barbin": 0, "corr": 0.004270710051059723, "timescale": 8.088328611589553, "rgb": "#000000", "zyx": [2, 43, 30]}