{"p": 0.057, "barbin": 0, "corr": 0.08642423897981644, "timescale": 3.9445202123570824, "rgb": "#000000", "zyx": [6, 62, 34]}