{"p": 0.218, "barbin": 0, "corr": 0.020517870783805847, "timescale": 5.382616320052634, "rgb": "#000000", "zyx": [5, 91, 40]}