{"p": 0.224, "barbin": 0, "corr": 0.03755245357751846, "timescale": 6.914480673133193, "rgb": "#000000", "zyx": [7, 46, 67]}