{"p": 0.416, "barbin": 0, "corr": 0.016395583748817444, "timescale": 4.51125721021744, "rgb": "#000000", "zyx": [4, 65, 28]}