{"p": 0.378, "barbin": 0, "corr": 0.01763543300330639, "timescale": 3.8718609169963027, "rgb": "#000000", "zyx": [5, 68, 44]}