{"p": 0.0, "barbin": 2, "corr": 0.1697556972503662, "timescale": 6.678346517888366, "rgb": "#000000", "zyx": [8, 68, 79]}