{"p": 0.344, "barbin": 0, "corr": 0.014804511331021786, "timescale": 5.20669176999457, "rgb": "#000000", "zyx": [9, 27, 50]}