{"p": 0.003, "barbin": 1, "corr": 0.1433664709329605, "timescale": 6.345341724650375, "rgb": "#000000", "zyx": [9, 75, 58]}