{"p": 0.09, "barbin": 0, "corr": 0.0691925436258316, "timescale": 3.102572115512451, "rgb": "#000000", "zyx": [16, 61, 60]}