{"p": 0.331, "barbin": 0, "corr": 0.024439465254545212, "timescale": 8.530460227774151, "rgb": "#000000", "zyx": [12, 33, 26]}