{"p": 0.967, "barbin": 0, "corr": -0.005907311569899321, "timescale": 5.539490381084602, "rgb": "#000000", "zyx": [22, 52, 46]}