{"p": 0.265, "barbin": 0, "corr": 0.03359505161643028, "timescale": 4.99625207413628, "rgb": "#000000", "zyx": [13, 29, 58]}