{"p": 0.82, "barbin": 0, "corr": -0.0533440038561821, "timescale": 8.584949825358471, "rgb": "#000000", "zyx": [25, 70, 63]}