{"p": 0.911, "barbin": 0, "corr": -0.06409250944852829, "timescale": 7.586102272935251, "rgb": "#000000", "zyx": [23, 42, 58]}