{"p": 0.011, "barbin": 0, "corr": 0.09955118596553802, "timescale": 8.56278500228644, "rgb": "#000000", "zyx": [17, 26, 69]}