{"p": 0.996, "barbin": 0, "corr": -0.155916228890419, "timescale": 2.3880043760835523, "rgb": "#000000", "zyx": [16, 63, 74]}