{"p": 0.102, "barbin": 0, "corr": 0.06355127692222595, "timescale": 4.585205025288754, "rgb": "#000000", "zyx": [2, 39, 64]}