{"p": 0.521, "barbin": 0, "corr": 0.0002467446029186249, "timescale": 8.257413650714831, "rgb": "#000000", "zyx": [11, 82, 50]}