{"p": 0.0, "barbin": 4, "corr": 0.31843453645706177, "timescale": 5.8451597432827125, "rgb": "#000000", "zyx": [8, 65, 31]}