{"p": 0.159, "barbin": 0, "corr": 0.05427171289920807, "timescale": 4.582364048201157, "rgb": "#000000", "zyx": [16, 91, 59]}