{"p": 0.001, "barbin": 1, "corr": 0.13529753684997559, "timescale": 4.43945927099939, "rgb": "#000000", "zyx": [6, 73, 72]}