{"p": 0.014, "barbin": 1, "corr": 0.12004266679286957, "timescale": 7.050887491725298, "rgb": "#000000", "zyx": [12, 81, 71]}