{"p": 0.002, "barbin": 2, "corr": 0.16091620922088623, "timescale": 5.820433372625327, "rgb": "#000000", "zyx": [11, 69, 53]}