{"p": 0.013, "barbin": 1, "corr": 0.1321537047624588, "timescale": 6.068006645775751, "rgb": "#000000", "zyx": [18, 50, 40]}