{"p": 0.039, "barbin": 0, "corr": 0.031153887510299683, "timescale": 5.066581963092029, "rgb": "#000000", "zyx": [5, 87, 56]}