{"p": 0.614, "barbin": 0, "corr": -0.016758723184466362, "timescale": 3.5968982757001586, "rgb": "#000000", "zyx": [10, 24, 60]}