{"p": 0.001, "barbin": 2, "corr": 0.1705663502216339, "timescale": 6.7789926676252055, "rgb": "#000000", "zyx": [10, 89, 41]}