{"p": 0.939, "barbin": 0, "corr": -0.0918964296579361, "timescale": 7.566945140546287, "rgb": "#000000", "zyx": [9, 50, 80]}