{"p": 0.017, "barbin": 1, "corr": 0.1304122358560562, "timescale": 6.385812811685547, "rgb": "#000000", "zyx": [6, 64, 71]}