{"p": 0.601, "barbin": 0, "corr": -0.005204794462770224, "timescale": 2.7295949060140066, "rgb": "#000000", "zyx": [13, 22, 41]}