{"p": 0.0, "barbin": 3, "corr": 0.2132605016231537, "timescale": 7.09737702785224, "rgb": "#000000", "zyx": [22, 48, 35]}