{"p": 0.727, "barbin": 0, "corr": -0.03791635110974312, "timescale": 7.494788122438029, "rgb": "#000000", "zyx": [23, 58, 42]}