{"p": 0.352, "barbin": 0, "corr": 0.02306937798857689, "timescale": 7.036523713260829, "rgb": "#000000", "zyx": [8, 34, 52]}