{"p": 0.093, "barbin": 0, "corr": 0.07558050751686096, "timescale": 3.933521547804496, "rgb": "#000000", "zyx": [9, 88, 41]}