{"p": 0.085, "barbin": 0, "corr": 0.08060918748378754, "timescale": 6.583943446803469, "rgb": "#000000", "zyx": [12, 31, 62]}