{"p": 0.012, "barbin": 1, "corr": 0.13718178868293762, "timescale": 4.809969873770901, "rgb": "#000000", "zyx": [14, 82, 63]}