{"p": 0.788, "barbin": 0, "corr": -0.045109380036592484, "timescale": 3.4345468411102877, "rgb": "#000000", "zyx": [12, 82, 57]}