{"p": 0.701, "barbin": 0, "corr": -0.026682160794734955, "timescale": 2.5899967201024956, "rgb": "#000000", "zyx": [16, 76, 69]}