{"p": 0.116, "barbin": 0, "corr": 0.028269393369555473, "timescale": 2.3695808802001634, "rgb": "#000000", "zyx": [5, 87, 61]}