{"p": 0.033, "barbin": 0, "corr": 0.09953455626964569, "timescale": 7.504663941056598, "rgb": "#000000", "zyx": [23, 35, 57]}