{"p": 0.358, "barbin": 0, "corr": 0.017897479236125946, "timescale": 8.127814026940609, "rgb": "#000000", "zyx": [16, 25, 43]}