{"p": 0.543, "barbin": 0, "corr": -0.002593941055238247, "timescale": 5.5849625181170905, "rgb": "#000000", "zyx": [4, 92, 39]}