{"p": 0.043, "barbin": 0, "corr": 0.08424616605043411, "timescale": 6.714724223532291, "rgb": "#000000", "zyx": [22, 63, 67]}