{"p": 0.433, "barbin": 0, "corr": 0.006581236142665148, "timescale": 4.177714871406826, "rgb": "#000000", "zyx": [17, 71, 56]}