{"p": 0.338, "barbin": 0, "corr": 0.020768551155924797, "timescale": 7.118645629993029, "rgb": "#000000", "zyx": [25, 34, 45]}