{"p": 0.723, "barbin": 0, "corr": -0.03942584991455078, "timescale": 6.065472824369879, "rgb": "#000000", "zyx": [16, 31, 54]}