{"p": 0.43, "barbin": 0, "corr": 0.00045452523045241833, "timescale": 2.1835186685762813, "rgb": "#000000", "zyx": [10, 64, 49]}