{"p": 0.891, "barbin": 0, "corr": -0.06906715780496597, "timescale": 3.7522544855963305, "rgb": "#000000", "zyx": [10, 17, 45]}