{"p": 0.997, "barbin": 0, "corr": -0.14526866376399994, "timescale": 3.544424550996847, "rgb": "#000000", "zyx": [11, 75, 41]}