{"p": 0.637, "barbin": 0, "corr": -0.007112090475857258, "timescale": 6.980055405288875, "rgb": "#000000", "zyx": [4, 87, 63]}