{"p": 0.133, "barbin": 0, "corr": 0.06915362179279327, "timescale": 6.137694273003622, "rgb": "#000000", "zyx": [11, 58, 28]}