{"p": 0.001, "barbin": 2, "corr": 0.16748422384262085, "timescale": 3.179121456402777, "rgb": "#000000", "zyx": [10, 58, 31]}