{"p": 0.862, "barbin": 0, "corr": -0.06598811596632004, "timescale": 4.585101012843385, "rgb": "#000000", "zyx": [2, 75, 77]}