{"p": 0.653, "barbin": 0, "corr": -0.014569328166544437, "timescale": 3.6098992844802598, "rgb": "#000000", "zyx": [15, 47, 38]}