{"p": 0.0, "barbin": 2, "corr": 0.1942254602909088, "timescale": 7.95946886401076, "rgb": "#000000", "zyx": [7, 34, 41]}