{"p": 0.441, "barbin": 0, "corr": 0.004316661506891251, "timescale": 8.534626896268769, "rgb": "#000000", "zyx": [9, 53, 51]}