{"p": 0.197, "barbin": 0, "corr": 0.050230879336595535, "timescale": 6.7086093218689715, "rgb": "#000000", "zyx": [2, 41, 42]}