{"p": 0.467, "barbin": 0, "corr": 0.0027819741517305374, "timescale": 5.044576860299608, "rgb": "#000000", "zyx": [12, 62, 25]}