{"p": 0.452, "barbin": 0, "corr": 0.003762032836675644, "timescale": 7.584788678012826, "rgb": "#000000", "zyx": [3, 64, 70]}