{"p": 0.581, "barbin": 0, "corr": -0.006867142394185066, "timescale": 1.735838112706386, "rgb": "#000000", "zyx": [24, 65, 37]}