{"p": 0.834, "barbin": 0, "corr": -0.05351156368851662, "timescale": 4.4607899870364305, "rgb": "#000000", "zyx": [25, 57, 44]}