{"p": 0.574, "barbin": 0, "corr": -0.009762787260115147, "timescale": 4.077600151572011, "rgb": "#000000", "zyx": [11, 66, 32]}