{"p": 0.171, "barbin": 0, "corr": 0.052390895783901215, "timescale": 6.851684973890509, "rgb": "#000000", "zyx": [3, 72, 77]}