{"p": 0.76, "barbin": 0, "corr": -0.03750338405370712, "timescale": 1.9512391987274156, "rgb": "#000000", "zyx": [7, 60, 82]}