{"p": 0.907, "barbin": 0, "corr": -0.07630123198032379, "timescale": 8.557809753576878, "rgb": "#000000", "zyx": [7, 77, 63]}