{"p": 0.359, "barbin": 0, "corr": 0.02171555906534195, "timescale": 6.393091976965318, "rgb": "#000000", "zyx": [10, 54, 66]}