{"p": 0.89, "barbin": 0, "corr": -0.05201406031847, "timescale": 7.584962500721156, "rgb": "#000000", "zyx": [2, 69, 77]}