{"p": 0.109, "barbin": 0, "corr": 0.05293208360671997, "timescale": 4.137766794112789, "rgb": "#000000", "zyx": [12, 85, 61]}