{"p": 0.274, "barbin": 0, "corr": 0.03247039020061493, "timescale": 4.376836536924602, "rgb": "#000000", "zyx": [1, 74, 73]}