{"p": 0.226, "barbin": 0, "corr": 0.0039667091332376, "timescale": 1.6832986530653296, "rgb": "#000000", "zyx": [3, 70, 66]}