{"p": 0.413, "barbin": 0, "corr": 0.0042439913377165794, "timescale": 5.5851281648738915, "rgb": "#000000", "zyx": [18, 80, 66]}