{"p": 0.011, "barbin": 1, "corr": 0.13130676746368408, "timescale": 6.976011222362501, "rgb": "#000000", "zyx": [4, 45, 36]}