{"p": 0.209, "barbin": 0, "corr": 0.04491693899035454, "timescale": 2.74460408260602, "rgb": "#000000", "zyx": [3, 55, 42]}