{"p": 0.095, "barbin": 0, "corr": 0.07570948451757431, "timescale": 7.584084938857524, "rgb": "#000000", "zyx": [22, 68, 45]}