{"p": 0.63, "barbin": 0, "corr": -0.019612016156315804, "timescale": 2.732034721537531, "rgb": "#000000", "zyx": [18, 35, 73]}