{"p": 0.0, "barbin": 1, "corr": 0.10624320805072784, "timescale": 3.5303687753550426, "rgb": "#000000", "zyx": [4, 72, 67]}