{"p": 0.157, "barbin": 0, "corr": 0.05326060205698013, "timescale": 5.29895284603105, "rgb": "#000000", "zyx": [20, 67, 57]}