{"p": 0.407, "barbin": 0, "corr": 0.006521385628730059, "timescale": 5.33456435278149, "rgb": "#000000", "zyx": [9, 84, 33]}