{"p": 0.609, "barbin": 0, "corr": -0.010150473564863205, "timescale": 5.301259801855429, "rgb": "#000000", "zyx": [5, 43, 27]}