{"p": 0.056, "barbin": 0, "corr": 0.09381802380084991, "timescale": 6.8885597922276585, "rgb": "#000000", "zyx": [7, 83, 32]}