{"p": 0.2, "barbin": 0, "corr": 0.048404306173324585, "timescale": 4.326928334482104, "rgb": "#000000", "zyx": [12, 74, 60]}