{"p": 0.128, "barbin": 0, "corr": 0.05197510868310928, "timescale": 8.556668581673062, "rgb": "#000000", "zyx": [5, 52, 37]}