{"p": 0.731, "barbin": 0, "corr": -0.0264371819794178, "timescale": 3.643949995367483, "rgb": "#000000", "zyx": [19, 38, 45]}