{"p": 0.125, "barbin": 0, "corr": 0.042886290699243546, "timescale": 4.765757185181217, "rgb": "#000000", "zyx": [5, 51, 49]}