{"p": 0.658, "barbin": 0, "corr": -0.02014910988509655, "timescale": 5.40976901500829, "rgb": "#000000", "zyx": [8, 82, 64]}