{"p": 0.118, "barbin": 0, "corr": 0.06949885934591293, "timescale": 4.123181870501485, "rgb": "#000000", "zyx": [17, 71, 33]}