{"p": 0.95, "barbin": 0, "corr": -0.09460201859474182, "timescale": 3.9262097292675824, "rgb": "#000000", "zyx": [13, 49, 68]}