{"p": 0.0, "barbin": 4, "corr": 0.34514033794403076, "timescale": 7.205550114713543, "rgb": "#000000", "zyx": [19, 54, 36]}