{"p": 0.593, "barbin": 0, "corr": -0.0015084703918546438, "timescale": 3.586413144978354, "rgb": "#000000", "zyx": [21, 37, 43]}