{"p": 0.1, "barbin": 0, "corr": 0.07137016952037811, "timescale": 5.24140000148767, "rgb": "#000000", "zyx": [15, 76, 76]}