{"p": 0.188, "barbin": 0, "corr": 0.053856827318668365, "timescale": 3.7695995281043198, "rgb": "#000000", "zyx": [9, 60, 50]}