{"p": 0.385, "barbin": 0, "corr": 0.016016831621527672, "timescale": 4.569366606487242, "rgb": "#000000", "zyx": [5, 32, 35]}