{"p": 0.431, "barbin": 0, "corr": 0.0124568622559309, "timescale": 5.0904998441945155, "rgb": "#000000", "zyx": [4, 42, 44]}