{"p": 0.762, "barbin": 0, "corr": -0.03907347843050957, "timescale": 8.504138343336386, "rgb": "#000000", "zyx": [22, 78, 57]}