{"p": 0.216, "barbin": 0, "corr": 0.005127777811139822, "timescale": 3.022766474772076, "rgb": "#000000", "zyx": [18, 70, 58]}