{"p": 0.712, "barbin": 0, "corr": -0.0019472700078040361, "timescale": 7.44456592603257, "rgb": "#000000", "zyx": [17, 55, 55]}