{"p": 0.249, "barbin": 0, "corr": 0.0348874107003212, "timescale": 6.835443257797934, "rgb": "#000000", "zyx": [1, 80, 69]}