{"p": 0.179, "barbin": 0, "corr": 0.04747931659221649, "timescale": 7.624693990890631, "rgb": "#000000", "zyx": [7, 45, 27]}