{"p": 0.089, "barbin": 0, "corr": 0.07855789363384247, "timescale": 7.420042787726596, "rgb": "#000000", "zyx": [20, 51, 30]}