{"p": 0.019, "barbin": 0, "corr": 0.0217925775796175, "timescale": 1.6519888742756375, "rgb": "#000000", "zyx": [13, 36, 64]}