{"p": 0.2, "barbin": 0, "corr": 0.040814585983753204, "timescale": 3.591257993776515, "rgb": "#000000", "zyx": [14, 68, 48]}