{"p": 0.567, "barbin": 0, "corr": -0.009133724495768547, "timescale": 1.5861742984644165, "rgb": "#000000", "zyx": [2, 50, 41]}