{"p": 0.025, "barbin": 1, "corr": 0.113583043217659, "timescale": 5.104752537081357, "rgb": "#000000", "zyx": [10, 67, 78]}