{"p": 0.21, "barbin": 0, "corr": 0.04659256339073181, "timescale": 6.483834152443471, "rgb": "#000000", "zyx": [10, 38, 48]}