{"p": 0.045, "barbin": 0, "corr": 0.09576286375522614, "timescale": 5.80315242530359, "rgb": "#000000", "zyx": [3, 64, 76]}