{"p": 0.037, "barbin": 1, "corr": 0.1070113331079483, "timescale": 8.152789414991167, "rgb": "#000000", "zyx": [7, 67, 70]}