{"p": 0.655, "barbin": 0, "corr": -0.023820843547582626, "timescale": 4.661346540280464, "rgb": "#000000", "zyx": [17, 53, 37]}