{"p": 0.91, "barbin": 0, "corr": -0.07841888070106506, "timescale": 3.5849625720340743, "rgb": "#000000", "zyx": [7, 48, 55]}