{"p": 0.739, "barbin": 0, "corr": -0.03709876164793968, "timescale": 8.584962638978617, "rgb": "#000000", "zyx": [7, 76, 55]}