{"p": 0.012, "barbin": 1, "corr": 0.14495128393173218, "timescale": 5.849947054500225, "rgb": "#000000", "zyx": [23, 61, 37]}