{"p": 0.286, "barbin": 0, "corr": 0.03328537195920944, "timescale": 8.374118135489582, "rgb": "#000000", "zyx": [18, 51, 59]}