{"p": 0.578, "barbin": 0, "corr": -0.00270822667516768, "timescale": 5.591666451084346, "rgb": "#000000", "zyx": [20, 81, 47]}