{"p": 0.259, "barbin": 0, "corr": 0.03695521503686905, "timescale": 2.59096586457394, "rgb": "#000000", "zyx": [8, 43, 62]}