{"p": 0.627, "barbin": 0, "corr": -0.02162615954875946, "timescale": 7.618199638302736, "rgb": "#000000", "zyx": [7, 72, 70]}