{"p": 0.011, "barbin": 1, "corr": 0.13414417207241058, "timescale": 1.6594763153907184, "rgb": "#000000", "zyx": [6, 34, 37]}