{"p": 0.0, "barbin": 2, "corr": 0.1526341736316681, "timescale": 5.751978598179578, "rgb": "#000000", "zyx": [11, 85, 63]}