{"p": 0.007, "barbin": 0, "corr": 0.08758633583784103, "timescale": 7.582932836708157, "rgb": "#000000", "zyx": [15, 34, 37]}