{"p": 0.688, "barbin": 0, "corr": -0.022990241646766663, "timescale": 5.445874584527557, "rgb": "#000000", "zyx": [19, 74, 51]}