{"p": 0.135, "barbin": 0, "corr": 0.0622861310839653, "timescale": 6.214874602873872, "rgb": "#000000", "zyx": [20, 29, 52]}