{"p": 0.93, "barbin": 0, "corr": -0.0864526703953743, "timescale": 2.5849623712129532, "rgb": "#000000", "zyx": [4, 47, 42]}