{"p": 0.003, "barbin": 1, "corr": 0.14293906092643738, "timescale": 5.364189664218142, "rgb": "#000000", "zyx": [9, 73, 76]}