{"p": 0.011, "barbin": 1, "corr": 0.12670829892158508, "timescale": 5.482482788547747, "rgb": "#000000", "zyx": [11, 40, 71]}