{"p": 0.605, "barbin": 0, "corr": -0.0056551359593868256, "timescale": 4.027256333850089, "rgb": "#000000", "zyx": [3, 81, 64]}