{"p": 0.957, "barbin": 0, "corr": -0.11079316586256027, "timescale": 7.5472934007902035, "rgb": "#000000", "zyx": [10, 47, 38]}