{"p": 0.935, "barbin": 0, "corr": -0.053287822753190994, "timescale": 5.501267896775794, "rgb": "#000000", "zyx": [16, 24, 41]}