{"p": 0.991, "barbin": 0, "corr": -0.11648912727832794, "timescale": 6.582372444203716, "rgb": "#000000", "zyx": [24, 68, 37]}