{"p": 0.109, "barbin": 0, "corr": 0.05076460540294647, "timescale": 3.5939643742034426, "rgb": "#000000", "zyx": [11, 54, 73]}