{"p": 0.628, "barbin": 0, "corr": -0.018083568662405014, "timescale": 6.584626120776928, "rgb": "#000000", "zyx": [21, 73, 44]}