{"p": 0.071, "barbin": 0, "corr": 0.08632072061300278, "timescale": 6.895970481055543, "rgb": "#000000", "zyx": [15, 78, 54]}