{"p": 0.259, "barbin": 0, "corr": 0.03810796141624451, "timescale": 7.208267167638919, "rgb": "#000000", "zyx": [25, 45, 47]}