{"p": 0.242, "barbin": 0, "corr": 0.030029315501451492, "timescale": 8.261387898819413, "rgb": "#000000", "zyx": [19, 38, 62]}