{"p": 0.02, "barbin": 1, "corr": 0.12113206833600998, "timescale": 6.133761271366898, "rgb": "#000000", "zyx": [2, 63, 28]}