{"p": 0.528, "barbin": 0, "corr": -0.007373332045972347, "timescale": 2.616309878626114, "rgb": "#000000", "zyx": [10, 25, 48]}