{"p": 0.217, "barbin": 0, "corr": 0.05088496580719948, "timescale": 5.210593086244517, "rgb": "#000000", "zyx": [8, 43, 74]}