{"p": 0.719, "barbin": 0, "corr": -0.033283960074186325, "timescale": 5.123893180656806, "rgb": "#000000", "zyx": [1, 78, 66]}