{"p": 0.036, "barbin": 0, "corr": 0.08230170607566833, "timescale": 7.584999308214629, "rgb": "#000000", "zyx": [16, 30, 53]}