{"p": 0.929, "barbin": 0, "corr": -0.05600553750991821, "timescale": 7.2035827200363265, "rgb": "#000000", "zyx": [21, 55, 31]}