{"p": 0.828, "barbin": 0, "corr": -0.05638108775019646, "timescale": 7.563479905631598, "rgb": "#000000", "zyx": [12, 78, 43]}