{"p": 0.0, "barbin": 2, "corr": 0.1987755000591278, "timescale": 6.788150671086843, "rgb": "#000000", "zyx": [17, 51, 67]}