{"p": 0.007, "barbin": 1, "corr": 0.12207907438278198, "timescale": 4.880165347217519, "rgb": "#000000", "zyx": [16, 42, 42]}