{"p": 0.047, "barbin": 1, "corr": 0.10092733800411224, "timescale": 6.150714379505012, "rgb": "#000000", "zyx": [9, 27, 65]}