{"p": 0.412, "barbin": 0, "corr": 0.009426560252904892, "timescale": 4.5718611050871765, "rgb": "#000000", "zyx": [19, 42, 42]}