{"p": 0.0, "barbin": 4, "corr": 0.3542746901512146, "timescale": 6.899919711199947, "rgb": "#000000", "zyx": [11, 87, 37]}