{"p": 0.619, "barbin": 0, "corr": -0.02253442257642746, "timescale": 2.584962500721649, "rgb": "#000000", "zyx": [12, 19, 38]}