{"p": 0.735, "barbin": 0, "corr": -0.02788516879081726, "timescale": 3.584938208038226, "rgb": "#000000", "zyx": [10, 34, 72]}