{"p": 0.179, "barbin": 0, "corr": 0.04620169848203659, "timescale": 6.53317354410787, "rgb": "#000000", "zyx": [7, 72, 42]}