{"p": 0.024, "barbin": 1, "corr": 0.12282290309667587, "timescale": 6.360564291730411, "rgb": "#000000", "zyx": [22, 47, 72]}