{"p": 0.408, "barbin": 0, "corr": 0.01890227384865284, "timescale": 7.111623375924168, "rgb": "#000000", "zyx": [16, 68, 52]}