{"p": 0.951, "barbin": 0, "corr": -0.08922646939754486, "timescale": 6.279850308840678, "rgb": "#000000", "zyx": [17, 32, 64]}