{"p": 0.43, "barbin": 0, "corr": 0.006261969916522503, "timescale": 7.575011388524825, "rgb": "#000000", "zyx": [12, 20, 41]}