{"p": 0.582, "barbin": 0, "corr": -0.009197525680065155, "timescale": 5.585074669343673, "rgb": "#000000", "zyx": [17, 71, 76]}