{"p": 0.821, "barbin": 0, "corr": -0.05033785477280617, "timescale": 2.588530130012791, "rgb": "#000000", "zyx": [5, 82, 47]}