{"p": 0.244, "barbin": 0, "corr": 0.03388669714331627, "timescale": 8.06975904739479, "rgb": "#000000", "zyx": [4, 75, 58]}