{"p": 0.301, "barbin": 0, "corr": 0.025734178721904755, "timescale": 4.584962500721156, "rgb": "#000000", "zyx": [16, 36, 41]}