{"p": 0.0, "barbin": 3, "corr": 0.2229192554950714, "timescale": 6.704763519006688, "rgb": "#000000", "zyx": [6, 39, 32]}