{"p": 0.03, "barbin": 1, "corr": 0.10519199073314667, "timescale": 4.933028697478125, "rgb": "#000000", "zyx": [11, 69, 34]}