{"p": 0.012, "barbin": 1, "corr": 0.13818670809268951, "timescale": 7.2333903353923645, "rgb": "#000000", "zyx": [5, 47, 29]}