{"p": 0.908, "barbin": 0, "corr": -0.047801993787288666, "timescale": 5.560370156557136, "rgb": "#000000", "zyx": [22, 77, 37]}