{"p": 0.734, "barbin": 0, "corr": -0.03555998206138611, "timescale": 7.583864818678055, "rgb": "#000000", "zyx": [5, 93, 62]}