{"p": 0.003, "barbin": 2, "corr": 0.16883385181427002, "timescale": 7.0982901522290565, "rgb": "#000000", "zyx": [13, 27, 58]}