{"p": 0.451, "barbin": 0, "corr": 0.008192572742700577, "timescale": 6.584940946704563, "rgb": "#000000", "zyx": [16, 49, 48]}