{"p": 0.717, "barbin": 0, "corr": -0.03295215964317322, "timescale": 1.6300404338438803, "rgb": "#000000", "zyx": [23, 47, 68]}