{"p": 0.603, "barbin": 0, "corr": -0.015371542423963547, "timescale": 4.931157995620112, "rgb": "#000000", "zyx": [3, 50, 63]}