{"p": 0.474, "barbin": 0, "corr": 0.0005663130432367325, "timescale": 7.569025507945902, "rgb": "#000000", "zyx": [8, 36, 44]}