{"p": 0.025, "barbin": 0, "corr": 0.09821464121341705, "timescale": 4.722261003525018, "rgb": "#000000", "zyx": [20, 61, 71]}