{"p": 0.664, "barbin": 0, "corr": -0.0269422996789217, "timescale": 3.1525598303377027, "rgb": "#000000", "zyx": [9, 54, 41]}