{"p": 0.578, "barbin": 0, "corr": -0.005092335864901543, "timescale": 5.983170222636392, "rgb": "#000000", "zyx": [10, 49, 41]}