{"p": 0.941, "barbin": 0, "corr": -0.08853404968976974, "timescale": 4.485105277799289, "rgb": "#000000", "zyx": [15, 78, 78]}