{"p": 0.003, "barbin": 1, "corr": 0.1296476423740387, "timescale": 6.726225070416984, "rgb": "#000000", "zyx": [26, 41, 48]}