{"p": 0.748, "barbin": 0, "corr": -0.03287483751773834, "timescale": 2.6083069458357677, "rgb": "#000000", "zyx": [23, 59, 52]}