{"p": 0.834, "barbin": 0, "corr": -0.052789799869060516, "timescale": 4.164591492088606, "rgb": "#000000", "zyx": [11, 49, 50]}