{"p": 0.447, "barbin": 0, "corr": 0.00932009331882, "timescale": 6.625316743285262, "rgb": "#000000", "zyx": [18, 40, 47]}