{"p": 0.86, "barbin": 0, "corr": -0.04633558541536331, "timescale": 5.263508519848623, "rgb": "#000000", "zyx": [18, 82, 45]}