{"p": 0.148, "barbin": 0, "corr": 0.06030566990375519, "timescale": 5.1972943782047345, "rgb": "#000000", "zyx": [11, 41, 41]}