{"p": 0.449, "barbin": 0, "corr": 0.006155858747661114, "timescale": 7.177838109933278, "rgb": "#000000", "zyx": [10, 56, 74]}