{"p": 0.192, "barbin": 0, "corr": 0.05278686434030533, "timescale": 6.5697921244859305, "rgb": "#000000", "zyx": [17, 24, 47]}