{"p": 0.004, "barbin": 1, "corr": 0.14619554579257965, "timescale": 7.603097237719479, "rgb": "#000000", "zyx": [11, 91, 38]}