{"p": 0.041, "barbin": 0, "corr": 0.09866253286600113, "timescale": 6.898489483832273, "rgb": "#000000", "zyx": [7, 43, 29]}