{"p": 0.0, "barbin": 4, "corr": 0.3642311692237854, "timescale": 8.43839349107883, "rgb": "#000000", "zyx": [17, 64, 33]}