{"p": 0.934, "barbin": 0, "corr": -0.08487677574157715, "timescale": 6.464155902781825, "rgb": "#000000", "zyx": [7, 77, 44]}