{"p": 0.0, "barbin": 2, "corr": 0.15942777693271637, "timescale": 4.585028910153451, "rgb": "#000000", "zyx": [17, 40, 51]}