{"p": 0.969, "barbin": 0, "corr": -0.07829517126083374, "timescale": 5.184993265555618, "rgb": "#000000", "zyx": [17, 43, 70]}