{"p": 0.009, "barbin": 1, "corr": 0.13505464792251587, "timescale": 7.567452225890903, "rgb": "#000000", "zyx": [23, 55, 60]}