{"p": 0.807, "barbin": 0, "corr": -0.02462056092917919, "timescale": 4.494251601823452, "rgb": "#000000", "zyx": [6, 40, 48]}