{"p": 0.206, "barbin": 0, "corr": 0.04637261852622032, "timescale": 6.058785543727745, "rgb": "#000000", "zyx": [17, 25, 40]}