{"p": 0.469, "barbin": 0, "corr": 0.006836090236902237, "timescale": 3.585135491688651, "rgb": "#000000", "zyx": [10, 16, 46]}