{"p": 0.822, "barbin": 0, "corr": -0.02673625387251377, "timescale": 6.37905291308782, "rgb": "#000000", "zyx": [17, 53, 24]}