{"p": 0.857, "barbin": 0, "corr": -0.05116111785173416, "timescale": 7.231840560321682, "rgb": "#000000", "zyx": [9, 56, 54]}