{"p": 0.009, "barbin": 1, "corr": 0.1332497000694275, "timescale": 6.228941774405638, "rgb": "#000000", "zyx": [16, 33, 67]}