{"p": 0.0, "barbin": 1, "corr": 0.14227862656116486, "timescale": 5.623945816046496, "rgb": "#000000", "zyx": [11, 87, 41]}