{"p": 0.708, "barbin": 0, "corr": -0.03456156328320503, "timescale": 8.584962500845583, "rgb": "#000000", "zyx": [13, 21, 33]}