{"p": 0.931, "barbin": 0, "corr": -0.0893717035651207, "timescale": 7.584962500721156, "rgb": "#000000", "zyx": [5, 67, 72]}