{"p": 0.441, "barbin": 0, "corr": 0.011120760813355446, "timescale": 5.267791655681801, "rgb": "#000000", "zyx": [3, 43, 44]}