{"p": 0.012, "barbin": 1, "corr": 0.11264392733573914, "timescale": 6.300578563604083, "rgb": "#000000", "zyx": [11, 63, 79]}