{"p": 0.039, "barbin": 1, "corr": 0.1066514104604721, "timescale": 6.95658234644927, "rgb": "#000000", "zyx": [16, 76, 55]}