{"p": 0.917, "barbin": 0, "corr": -0.066957987844944, "timescale": 3.5851320245594054, "rgb": "#000000", "zyx": [7, 54, 31]}