{"p": 0.418, "barbin": 0, "corr": 0.0014408447314053774, "timescale": 2.609198983750223, "rgb": "#000000", "zyx": [11, 50, 36]}