{"p": 0.963, "barbin": 0, "corr": -0.04042758792638779, "timescale": 3.626312332682836, "rgb": "#000000", "zyx": [8, 76, 66]}