{"p": 0.39, "barbin": 0, "corr": 0.016703100875020027, "timescale": 7.584993687578851, "rgb": "#000000", "zyx": [18, 52, 44]}