{"p": 0.083, "barbin": 0, "corr": 4.239548070472665e-05, "timescale": 6.015718771606624, "rgb": "#000000", "zyx": [19, 72, 62]}