{"p": 0.014, "barbin": 1, "corr": 0.1235101968050003, "timescale": 7.350228250739995, "rgb": "#000000", "zyx": [17, 19, 56]}