{"p": 0.2, "barbin": 0, "corr": 0.0057913316413760185, "timescale": 2.7357325224889495, "rgb": "#000000", "zyx": [24, 60, 65]}