{"p": 0.653, "barbin": 0, "corr": -0.01830044388771057, "timescale": 2.991376882659097, "rgb": "#000000", "zyx": [25, 40, 42]}