{"p": 0.708, "barbin": 0, "corr": -0.0368458554148674, "timescale": 3.347708301551184, "rgb": "#000000", "zyx": [13, 79, 74]}