{"p": 0.846, "barbin": 0, "corr": -0.04382023960351944, "timescale": 2.4773251969827625, "rgb": "#000000", "zyx": [13, 40, 59]}