{"p": 0.0, "barbin": 2, "corr": 0.1750410497188568, "timescale": 7.213933538828531, "rgb": "#000000", "zyx": [15, 76, 65]}