{"p": 0.229, "barbin": 0, "corr": 0.0386030450463295, "timescale": 8.584962545132544, "rgb": "#000000", "zyx": [15, 83, 35]}