{"p": 0.0, "barbin": 2, "corr": 0.1833271086215973, "timescale": 3.6129121290441275, "rgb": "#000000", "zyx": [9, 47, 28]}