{"p": 0.748, "barbin": 0, "corr": -0.03685135394334793, "timescale": 3.5849008236875126, "rgb": "#000000", "zyx": [13, 72, 29]}