{"p": 0.879, "barbin": 0, "corr": -0.0722750648856163, "timescale": 4.584962206700046, "rgb": "#000000", "zyx": [4, 48, 66]}