{"p": 0.037, "barbin": 0, "corr": 0.05697546899318695, "timescale": 5.848561930773789, "rgb": "#000000", "zyx": [9, 69, 42]}