{"p": 0.482, "barbin": 0, "corr": 0.004626201465725899, "timescale": 5.80415237794105, "rgb": "#000000", "zyx": [17, 23, 52]}