{"p": 0.001, "barbin": 0, "corr": 0.05007093399763107, "timescale": 6.5703789523107785, "rgb": "#000000", "zyx": [19, 33, 61]}