{"p": 1.0, "barbin": 0, "corr": -0.12538310885429382, "timescale": 2.920744333330125, "rgb": "#000000", "zyx": [21, 72, 40]}