{"p": 0.098, "barbin": 0, "corr": 0.07956033200025558, "timescale": 4.981242033071206, "rgb": "#000000", "zyx": [18, 47, 56]}