{"p": 0.869, "barbin": 0, "corr": -0.06615005433559418, "timescale": 4.383429321805148, "rgb": "#000000", "zyx": [24, 79, 47]}