{"p": 0.098, "barbin": 0, "corr": 0.05356518179178238, "timescale": 6.917625742266716, "rgb": "#000000", "zyx": [2, 48, 34]}