{"p": 0.138, "barbin": 0, "corr": 0.057169556617736816, "timescale": 7.243196624311416, "rgb": "#000000", "zyx": [12, 79, 68]}