{"p": 0.18, "barbin": 0, "corr": 0.04524601623415947, "timescale": 3.56638482725333, "rgb": "#000000", "zyx": [14, 57, 67]}