{"p": 0.9, "barbin": 0, "corr": -0.05930652469396591, "timescale": 7.261060550358369, "rgb": "#000000", "zyx": [13, 42, 73]}