{"p": 0.512, "barbin": 0, "corr": 0.002607902279123664, "timescale": 2.4928239713535705, "rgb": "#000000", "zyx": [7, 32, 49]}