{"p": 0.147, "barbin": 0, "corr": 0.060293927788734436, "timescale": 6.452962126492055, "rgb": "#000000", "zyx": [5, 49, 56]}