{"p": 0.355, "barbin": 0, "corr": 0.007594200316816568, "timescale": 4.584975538845321, "rgb": "#000000", "zyx": [16, 62, 48]}