{"p": 0.24, "barbin": 0, "corr": 0.040881019085645676, "timescale": 7.215012605416032, "rgb": "#000000", "zyx": [7, 36, 32]}