{"p": 0.554, "barbin": 0, "corr": -0.003611678257584572, "timescale": 6.481369349508626, "rgb": "#000000", "zyx": [9, 91, 70]}