{"p": 0.052, "barbin": 0, "corr": 0.03631508722901344, "timescale": 7.770104811641568, "rgb": "#000000", "zyx": [8, 74, 30]}