{"p": 0.062, "barbin": 0, "corr": 0.0868719294667244, "timescale": 6.163227150594942, "rgb": "#000000", "zyx": [11, 26, 54]}