{"p": 0.076, "barbin": 0, "corr": 0.08191230148077011, "timescale": 6.335057322239909, "rgb": "#000000", "zyx": [15, 22, 43]}