{"p": 0.004, "barbin": 2, "corr": 0.16114898025989532, "timescale": 6.276383192481498, "rgb": "#000000", "zyx": [17, 46, 67]}