{"p": 0.164, "barbin": 0, "corr": 0.04591066390275955, "timescale": 7.7705784592004274, "rgb": "#000000", "zyx": [19, 36, 53]}