{"p": 0.444, "barbin": 0, "corr": 0.011313770897686481, "timescale": 2.584970822120718, "rgb": "#000000", "zyx": [18, 26, 59]}