{"p": 0.475, "barbin": 0, "corr": 0.002089014044031501, "timescale": 2.5271100943260785, "rgb": "#000000", "zyx": [25, 50, 43]}