{"p": 0.019, "barbin": 1, "corr": 0.11996976286172867, "timescale": 6.594219976687341, "rgb": "#000000", "zyx": [17, 41, 35]}