{"p": 0.382, "barbin": 0, "corr": 0.02071116305887699, "timescale": 4.366344926365638, "rgb": "#000000", "zyx": [17, 88, 52]}