{"p": 0.577, "barbin": 0, "corr": -0.010027995333075523, "timescale": 7.3633630122072695, "rgb": "#000000", "zyx": [13, 72, 31]}