{"p": 0.057, "barbin": 0, "corr": 0.05711788311600685, "timescale": 3.584962500721156, "rgb": "#000000", "zyx": [16, 21, 35]}