{"p": 0.316, "barbin": 0, "corr": 0.026904728263616562, "timescale": 7.44988654435101, "rgb": "#000000", "zyx": [25, 48, 55]}