{"p": 0.016, "barbin": 1, "corr": 0.13076117634773254, "timescale": 8.137964844893066, "rgb": "#000000", "zyx": [20, 79, 56]}