{"p": 0.105, "barbin": 0, "corr": 0.05405206233263016, "timescale": 8.566265336943056, "rgb": "#000000", "zyx": [16, 54, 34]}