{"p": 0.108, "barbin": 0, "corr": 0.06169358268380165, "timescale": 6.447775844274561, "rgb": "#000000", "zyx": [19, 44, 35]}