{"p": 0.442, "barbin": 0, "corr": 0.008054503239691257, "timescale": 1.5849625021365328, "rgb": "#000000", "zyx": [14, 67, 66]}