{"p": 0.033, "barbin": 1, "corr": 0.10650202631950378, "timescale": 6.787996022297204, "rgb": "#000000", "zyx": [12, 29, 60]}