{"p": 0.69, "barbin": 0, "corr": -0.01777026802301407, "timescale": 2.6082514813538364, "rgb": "#000000", "zyx": [3, 44, 34]}