{"p": 0.301, "barbin": 0, "corr": 0.02638298273086548, "timescale": 7.02228681372688, "rgb": "#000000", "zyx": [7, 62, 47]}