{"p": 0.151, "barbin": 0, "corr": 0.04807822406291962, "timescale": 7.585134116996927, "rgb": "#000000", "zyx": [15, 29, 55]}