{"p": 0.606, "barbin": 0, "corr": -0.012845765799283981, "timescale": 1.777915384703493, "rgb": "#000000", "zyx": [19, 26, 65]}