{"p": 0.222, "barbin": 0, "corr": 0.04528282582759857, "timescale": 5.6245103186905085, "rgb": "#000000", "zyx": [25, 40, 49]}