{"p": 0.344, "barbin": 0, "corr": 0.024356326088309288, "timescale": 5.503092829581198, "rgb": "#000000", "zyx": [5, 60, 33]}