{"p": 0.061, "barbin": 0, "corr": 0.03565916791558266, "timescale": 4.298587199589784, "rgb": "#000000", "zyx": [8, 90, 65]}