{"p": 0.788, "barbin": 0, "corr": -0.04690299183130264, "timescale": 5.524678371359022, "rgb": "#000000", "zyx": [19, 48, 41]}