{"p": 0.074, "barbin": 0, "corr": 0.08373154699802399, "timescale": 6.703068270031686, "rgb": "#000000", "zyx": [1, 38, 38]}