{"p": 0.806, "barbin": 0, "corr": -0.006722197402268648, "timescale": 4.586530622750381, "rgb": "#000000", "zyx": [14, 52, 81]}