{"p": 0.028, "barbin": 1, "corr": 0.11386989057064056, "timescale": 5.1800979789811645, "rgb": "#000000", "zyx": [26, 41, 44]}