{"p": 0.613, "barbin": 0, "corr": -0.0009609762346372008, "timescale": 4.573817975396291, "rgb": "#000000", "zyx": [17, 57, 40]}