{"p": 0.194, "barbin": 0, "corr": 0.049742575734853745, "timescale": 8.403276194631264, "rgb": "#000000", "zyx": [7, 82, 42]}