{"p": 0.0, "barbin": 1, "corr": 0.10950703173875809, "timescale": 3.4694901734411365, "rgb": "#000000", "zyx": [3, 74, 66]}