{"p": 0.147, "barbin": 0, "corr": 0.04333346337080002, "timescale": 8.35700344994384, "rgb": "#000000", "zyx": [11, 76, 63]}