{"p": 0.649, "barbin": 0, "corr": -0.014298614114522934, "timescale": 6.648858654792873, "rgb": "#000000", "zyx": [19, 60, 70]}