{"p": 0.001, "barbin": 2, "corr": 0.17248867452144623, "timescale": 6.870702304152665, "rgb": "#000000", "zyx": [16, 76, 38]}