{"p": 0.408, "barbin": 0, "corr": 0.012348173186182976, "timescale": 5.340231405747987, "rgb": "#000000", "zyx": [24, 35, 55]}