{"p": 0.121, "barbin": 0, "corr": 0.0673491507768631, "timescale": 5.556588264387656, "rgb": "#000000", "zyx": [2, 72, 68]}