{"p": 0.005, "barbin": 1, "corr": 0.1306629627943039, "timescale": 6.472333397052167, "rgb": "#000000", "zyx": [5, 51, 65]}