{"p": 0.015, "barbin": 1, "corr": 0.1065707877278328, "timescale": 5.915111809446241, "rgb": "#000000", "zyx": [4, 67, 68]}