{"p": 0.441, "barbin": 0, "corr": 0.008149020373821259, "timescale": 6.898890929758489, "rgb": "#000000", "zyx": [12, 38, 36]}