{"p": 0.849, "barbin": 0, "corr": -0.033999618142843246, "timescale": 1.5887858655633473, "rgb": "#000000", "zyx": [13, 48, 42]}