{"p": 0.0, "barbin": 2, "corr": 0.18425700068473816, "timescale": 7.24848365906876, "rgb": "#000000", "zyx": [15, 34, 49]}