{"p": 0.772, "barbin": 0, "corr": -0.039345644414424896, "timescale": 7.58497995250008, "rgb": "#000000", "zyx": [19, 64, 66]}