{"p": 0.921, "barbin": 0, "corr": -0.05999886989593506, "timescale": 6.584962500721156, "rgb": "#000000", "zyx": [9, 57, 42]}