{"p": 0.008, "barbin": 1, "corr": 0.14249761402606964, "timescale": 7.32354749485448, "rgb": "#000000", "zyx": [20, 23, 53]}