{"p": 0.212, "barbin": 0, "corr": 0.041109807789325714, "timescale": 6.440366090189629, "rgb": "#000000", "zyx": [12, 91, 58]}