{"p": 0.478, "barbin": 0, "corr": -0.0004144629929214716, "timescale": 4.942830846844926, "rgb": "#000000", "zyx": [14, 42, 60]}