{"p": 0.941, "barbin": 0, "corr": -0.010444151237607002, "timescale": 5.591754242827259, "rgb": "#000000", "zyx": [7, 47, 49]}