{"p": 0.0, "barbin": 3, "corr": 0.23638835549354553, "timescale": 5.913291568934169, "rgb": "#000000", "zyx": [21, 41, 60]}