{"p": 0.0, "barbin": 4, "corr": 0.49919208884239197, "timescale": 6.643247266960493, "rgb": "#000000", "zyx": [8, 64, 27]}