{"p": 0.792, "barbin": 0, "corr": -0.047932736575603485, "timescale": 7.953861798883542, "rgb": "#000000", "zyx": [20, 55, 41]}