{"p": 0.603, "barbin": 0, "corr": -0.001946758828125894, "timescale": 2.844833215465392, "rgb": "#000000", "zyx": [9, 49, 49]}