{"p": 0.0, "barbin": 2, "corr": 0.18927524983882904, "timescale": 5.113211588297472, "rgb": "#000000", "zyx": [14, 25, 34]}