{"p": 0.508, "barbin": 0, "corr": 0.0013738060370087624, "timescale": 4.395905958760493, "rgb": "#000000", "zyx": [12, 33, 44]}