{"p": 0.011, "barbin": 0, "corr": 0.04298335313796997, "timescale": 5.5791925790688826, "rgb": "#000000", "zyx": [7, 88, 69]}