{"p": 0.194, "barbin": 0, "corr": 0.05249442532658577, "timescale": 5.257606311770828, "rgb": "#000000", "zyx": [5, 92, 62]}