{"p": 0.183, "barbin": 0, "corr": 0.05075160413980484, "timescale": 6.020592299134788, "rgb": "#000000", "zyx": [20, 49, 35]}