{"p": 0.592, "barbin": 0, "corr": -0.005765224806964397, "timescale": 4.2946282303495815, "rgb": "#000000", "zyx": [19, 76, 74]}