{"p": 0.362, "barbin": 0, "corr": 0.023017194122076035, "timescale": 5.590010364756845, "rgb": "#000000", "zyx": [5, 82, 30]}