{"p": 0.608, "barbin": 0, "corr": -0.018676359206438065, "timescale": 2.584759074619585, "rgb": "#000000", "zyx": [17, 65, 62]}