{"p": 0.38, "barbin": 0, "corr": 0.022320546209812164, "timescale": 8.5545828703452, "rgb": "#000000", "zyx": [18, 64, 46]}