{"p": 0.717, "barbin": 0, "corr": -0.021752217784523964, "timescale": 8.004268689823045, "rgb": "#000000", "zyx": [20, 68, 72]}