{"p": 0.091, "barbin": 0, "corr": 0.07675176858901978, "timescale": 6.551367554642949, "rgb": "#000000", "zyx": [22, 67, 39]}