{"p": 0.871, "barbin": 0, "corr": -0.0688537061214447, "timescale": 2.542311306952963, "rgb": "#000000", "zyx": [6, 57, 47]}