{"p": 0.196, "barbin": 0, "corr": 0.014477074146270752, "timescale": 6.644084743089146, "rgb": "#000000", "zyx": [8, 68, 53]}