{"p": 0.254, "barbin": 0, "corr": 0.03694945201277733, "timescale": 7.031076970610869, "rgb": "#000000", "zyx": [5, 49, 66]}