{"p": 0.609, "barbin": 0, "corr": -0.015137109905481339, "timescale": 6.3062500341971734, "rgb": "#000000", "zyx": [16, 72, 75]}