{"p": 0.623, "barbin": 0, "corr": -0.018466901034116745, "timescale": 4.617820446250722, "rgb": "#000000", "zyx": [18, 46, 58]}