{"p": 0.575, "barbin": 0, "corr": -0.008359840139746666, "timescale": 6.41384986546219, "rgb": "#000000", "zyx": [9, 59, 51]}