{"p": 0.974, "barbin": 0, "corr": -0.10791396349668503, "timescale": 3.584962500721156, "rgb": "#000000", "zyx": [15, 19, 57]}