{"p": 0.952, "barbin": 0, "corr": -0.09171472489833832, "timescale": 4.566418371184029, "rgb": "#000000", "zyx": [18, 56, 48]}