{"p": 0.0, "barbin": 4, "corr": 0.2557674050331116, "timescale": 4.314379224929699, "rgb": "#000000", "zyx": [11, 68, 31]}