{"p": 0.144, "barbin": 0, "corr": 0.05984199419617653, "timescale": 6.312330869697728, "rgb": "#000000", "zyx": [18, 83, 57]}