{"p": 0.001, "barbin": 2, "corr": 0.16624361276626587, "timescale": 7.584334301220006, "rgb": "#000000", "zyx": [17, 33, 47]}