{"p": 0.597, "barbin": 0, "corr": -0.01605474017560482, "timescale": 6.494676483072717, "rgb": "#000000", "zyx": [4, 57, 44]}