{"p": 0.949, "barbin": 0, "corr": -0.09182468801736832, "timescale": 3.127735545133488, "rgb": "#000000", "zyx": [13, 33, 43]}