{"p": 0.54, "barbin": 0, "corr": -0.007030704524368048, "timescale": 6.584704052721041, "rgb": "#000000", "zyx": [5, 72, 71]}