{"p": 0.048, "barbin": 0, "corr": 0.01750931143760681, "timescale": 2.30055399264135, "rgb": "#000000", "zyx": [22, 70, 59]}