{"p": 0.588, "barbin": 0, "corr": -0.014370547607541084, "timescale": 6.584963581756513, "rgb": "#000000", "zyx": [11, 64, 66]}