{"p": 0.698, "barbin": 0, "corr": -0.004389437381178141, "timescale": 8.584962500721156, "rgb": "#000000", "zyx": [6, 72, 39]}