{"p": 0.026, "barbin": 1, "corr": 0.11286979913711548, "timescale": 7.583764350577787, "rgb": "#000000", "zyx": [9, 56, 64]}