{"p": 0.496, "barbin": 0, "corr": 0.0004742062301374972, "timescale": 8.583197227375575, "rgb": "#000000", "zyx": [8, 85, 58]}