{"p": 0.23, "barbin": 0, "corr": 0.0357724092900753, "timescale": 5.911499040140802, "rgb": "#000000", "zyx": [15, 88, 52]}