{"p": 0.281, "barbin": 0, "corr": 0.03906868025660515, "timescale": 8.52247621868254, "rgb": "#000000", "zyx": [14, 38, 39]}