{"p": 0.831, "barbin": 0, "corr": -0.052592817693948746, "timescale": 2.5880008386237687, "rgb": "#000000", "zyx": [16, 47, 24]}