{"p": 0.107, "barbin": 0, "corr": 0.019203700125217438, "timescale": 6.353750603176386, "rgb": "#000000", "zyx": [7, 89, 44]}