{"p": 0.397, "barbin": 0, "corr": 0.015838131308555603, "timescale": 6.408064195589068, "rgb": "#000000", "zyx": [19, 30, 49]}