{"p": 0.002, "barbin": 1, "corr": 0.12147393077611923, "timescale": 6.8703760164449275, "rgb": "#000000", "zyx": [16, 71, 39]}