{"p": 0.787, "barbin": 0, "corr": -0.045457758009433746, "timescale": 5.5849614606861975, "rgb": "#000000", "zyx": [25, 37, 45]}