{"p": 0.0, "barbin": 2, "corr": 0.19680434465408325, "timescale": 6.095373685002267, "rgb": "#000000", "zyx": [13, 73, 70]}