{"p": 0.016, "barbin": 0, "corr": 0.0626019835472107, "timescale": 6.562788399115365, "rgb": "#000000", "zyx": [3, 54, 39]}