{"p": 0.537, "barbin": 0, "corr": -0.006523670628666878, "timescale": 4.5544583942809655, "rgb": "#000000", "zyx": [3, 47, 59]}