{"p": 0.763, "barbin": 0, "corr": -0.010249722748994827, "timescale": 3.152095395303923, "rgb": "#000000", "zyx": [21, 64, 73]}