{"p": 0.472, "barbin": 0, "corr": 0.001248631626367569, "timescale": 6.527249865771753, "rgb": "#000000", "zyx": [1, 49, 39]}