{"p": 0.405, "barbin": 0, "corr": 0.013042994774878025, "timescale": 3.739101576426778, "rgb": "#000000", "zyx": [6, 78, 54]}