{"p": 0.504, "barbin": 0, "corr": -0.004739329684525728, "timescale": 6.317671956839382, "rgb": "#000000", "zyx": [9, 24, 45]}