{"p": 0.988, "barbin": 0, "corr": -0.14063598215579987, "timescale": 8.439255381436716, "rgb": "#000000", "zyx": [7, 37, 72]}