{"p": 0.023, "barbin": 1, "corr": 0.11074463278055191, "timescale": 3.7368628712354095, "rgb": "#000000", "zyx": [23, 63, 69]}