{"p": 0.003, "barbin": 2, "corr": 0.17447465658187866, "timescale": 6.5615503629125795, "rgb": "#000000", "zyx": [18, 24, 42]}