{"p": 0.0, "barbin": 4, "corr": 0.43464940786361694, "timescale": 7.3194688776634695, "rgb": "#000000", "zyx": [13, 81, 49]}