{"p": 0.131, "barbin": 0, "corr": 0.06803959608078003, "timescale": 7.155003465330706, "rgb": "#000000", "zyx": [3, 70, 29]}