{"p": 0.02, "barbin": 1, "corr": 0.11541883647441864, "timescale": 5.702002805438196, "rgb": "#000000", "zyx": [9, 66, 76]}