{"p": 0.377, "barbin": 0, "corr": 0.01845802366733551, "timescale": 4.550704912345246, "rgb": "#000000", "zyx": [11, 58, 24]}