{"p": 0.079, "barbin": 0, "corr": 0.056220874190330505, "timescale": 5.795523244024472, "rgb": "#000000", "zyx": [10, 92, 67]}