{"p": 0.487, "barbin": 0, "corr": 0.0020987950265407562, "timescale": 7.331713161599814, "rgb": "#000000", "zyx": [1, 80, 36]}