{"p": 0.03, "barbin": 0, "corr": 0.022402243688702583, "timescale": 1.8539251017342069, "rgb": "#000000", "zyx": [4, 61, 27]}