{"p": 0.987, "barbin": 0, "corr": -0.11257649958133698, "timescale": 5.066782995436359, "rgb": "#000000", "zyx": [9, 59, 67]}