{"p": 0.456, "barbin": 0, "corr": 0.004913873039186001, "timescale": 2.75277987630353, "rgb": "#000000", "zyx": [12, 61, 66]}