{"p": 0.607, "barbin": 0, "corr": -0.00885371770709753, "timescale": 2.6046460900901494, "rgb": "#000000", "zyx": [7, 77, 55]}