{"p": 0.443, "barbin": 0, "corr": 0.002835996448993683, "timescale": 5.683137456690116, "rgb": "#000000", "zyx": [5, 51, 56]}