{"p": 0.0, "barbin": 4, "corr": 0.3302914798259735, "timescale": 6.961342195069949, "rgb": "#000000", "zyx": [17, 49, 30]}