{"p": 0.215, "barbin": 0, "corr": 0.017891796305775642, "timescale": 7.517519410653456, "rgb": "#000000", "zyx": [4, 51, 66]}