{"p": 0.451, "barbin": 0, "corr": 0.007784403394907713, "timescale": 2.5936910378908773, "rgb": "#000000", "zyx": [10, 20, 50]}