{"p": 0.695, "barbin": 0, "corr": -0.025866037234663963, "timescale": 5.748625957513203, "rgb": "#000000", "zyx": [24, 72, 57]}