{"p": 0.695, "barbin": 0, "corr": -0.030676908791065216, "timescale": 2.5601051084087794, "rgb": "#000000", "zyx": [18, 34, 59]}