{"p": 0.83, "barbin": 0, "corr": -0.003930950537323952, "timescale": 4.901240427171285, "rgb": "#000000", "zyx": [14, 70, 75]}