{"p": 0.35, "barbin": 0, "corr": 0.006888978183269501, "timescale": 5.452536222535414, "rgb": "#000000", "zyx": [19, 57, 67]}