{"p": 0.125, "barbin": 0, "corr": 0.06439158320426941, "timescale": 4.933509422265098, "rgb": "#000000", "zyx": [11, 67, 58]}