{"p": 0.931, "barbin": 0, "corr": -0.08684452623128891, "timescale": 4.588082521531154, "rgb": "#000000", "zyx": [22, 30, 53]}