{"p": 0.108, "barbin": 0, "corr": 0.07021741569042206, "timescale": 1.6334246769943688, "rgb": "#000000", "zyx": [5, 48, 46]}