{"p": 0.784, "barbin": 0, "corr": -0.048207838088274, "timescale": 7.038805926932107, "rgb": "#000000", "zyx": [16, 64, 67]}