{"p": 0.246, "barbin": 0, "corr": 0.03634967282414436, "timescale": 1.988428970795921, "rgb": "#000000", "zyx": [7, 64, 49]}