{"p": 0.968, "barbin": 0, "corr": -0.11040792614221573, "timescale": 1.6017342754586825, "rgb": "#000000", "zyx": [7, 67, 34]}