{"p": 0.235, "barbin": 0, "corr": 0.03997373953461647, "timescale": 4.483181760510658, "rgb": "#000000", "zyx": [5, 94, 53]}