{"p": 0.011, "barbin": 0, "corr": 0.05560179799795151, "timescale": 6.245836479474591, "rgb": "#000000", "zyx": [5, 89, 43]}