{"p": 0.911, "barbin": 0, "corr": -0.02077329345047474, "timescale": 4.751590336904897, "rgb": "#000000", "zyx": [20, 36, 32]}