{"p": 0.831, "barbin": 0, "corr": -0.057472944259643555, "timescale": 3.640384855556672, "rgb": "#000000", "zyx": [2, 73, 60]}