{"p": 0.711, "barbin": 0, "corr": -0.03051210567355156, "timescale": 3.579282985286659, "rgb": "#000000", "zyx": [16, 43, 38]}