{"p": 0.258, "barbin": 0, "corr": 0.02920718491077423, "timescale": 6.1836681532541125, "rgb": "#000000", "zyx": [19, 77, 34]}