{"p": 0.088, "barbin": 0, "corr": 0.062389302998781204, "timescale": 7.421109822921252, "rgb": "#000000", "zyx": [23, 71, 47]}