{"p": 0.058, "barbin": 0, "corr": 0.07480014860630035, "timescale": 8.558511748465802, "rgb": "#000000", "zyx": [14, 73, 79]}