{"p": 0.828, "barbin": 0, "corr": -0.054901957511901855, "timescale": 7.534043430126756, "rgb": "#000000", "zyx": [16, 77, 40]}