{"p": 0.976, "barbin": 0, "corr": -0.07746169716119766, "timescale": 5.5849615552433995, "rgb": "#000000", "zyx": [15, 50, 25]}