{"p": 0.146, "barbin": 0, "corr": 0.06418738514184952, "timescale": 7.151256062284773, "rgb": "#000000", "zyx": [6, 73, 56]}