{"p": 0.006, "barbin": 1, "corr": 0.13404886424541473, "timescale": 6.571779637009805, "rgb": "#000000", "zyx": [11, 52, 67]}