{"p": 0.48, "barbin": 0, "corr": 0.0017679724842309952, "timescale": 6.993783562014091, "rgb": "#000000", "zyx": [21, 62, 31]}