{"p": 0.071, "barbin": 0, "corr": 0.08669934421777725, "timescale": 4.526536031104476, "rgb": "#000000", "zyx": [8, 24, 51]}