{"p": 0.156, "barbin": 0, "corr": 0.05895082280039787, "timescale": 7.499757174044198, "rgb": "#000000", "zyx": [14, 75, 68]}