{"p": 0.878, "barbin": 0, "corr": -0.06983006000518799, "timescale": 4.630201945701048, "rgb": "#000000", "zyx": [15, 58, 50]}