{"p": 0.313, "barbin": 0, "corr": 0.024083144962787628, "timescale": 8.3982535093695, "rgb": "#000000", "zyx": [6, 59, 82]}