{"p": 0.812, "barbin": 0, "corr": -0.030747372657060623, "timescale": 7.49859779596803, "rgb": "#000000", "zyx": [23, 57, 59]}