{"p": 0.08, "barbin": 0, "corr": 0.051785245537757874, "timescale": 5.112362351836014, "rgb": "#000000", "zyx": [3, 42, 69]}