{"p": 0.112, "barbin": 0, "corr": 0.05969974771142006, "timescale": 7.036141760070484, "rgb": "#000000", "zyx": [21, 52, 35]}