{"p": 0.819, "barbin": 0, "corr": -0.050267092883586884, "timescale": 8.558991982651339, "rgb": "#000000", "zyx": [20, 22, 55]}