{"p": 0.983, "barbin": 0, "corr": -0.09052658826112747, "timescale": 4.584984776789061, "rgb": "#000000", "zyx": [9, 30, 42]}