{"p": 0.314, "barbin": 0, "corr": 0.028510989621281624, "timescale": 6.682056206430801, "rgb": "#000000", "zyx": [8, 51, 46]}