{"p": 0.055, "barbin": 0, "corr": 0.0933896079659462, "timescale": 6.527425432622718, "rgb": "#000000", "zyx": [5, 75, 48]}