{"p": 0.437, "barbin": 0, "corr": 0.013402484357357025, "timescale": 6.838969096118334, "rgb": "#000000", "zyx": [5, 76, 52]}