{"p": 0.893, "barbin": 0, "corr": -0.07480314373970032, "timescale": 6.109443158771432, "rgb": "#000000", "zyx": [6, 75, 47]}