{"p": 0.0, "barbin": 2, "corr": 0.1660228818655014, "timescale": 8.162646771044207, "rgb": "#000000", "zyx": [0, 79, 63]}