{"p": 0.139, "barbin": 0, "corr": 0.05039426311850548, "timescale": 5.324122348201604, "rgb": "#000000", "zyx": [18, 69, 52]}