{"p": 0.003, "barbin": 1, "corr": 0.14589419960975647, "timescale": 6.444296496798155, "rgb": "#000000", "zyx": [23, 49, 43]}