{"p": 0.552, "barbin": 0, "corr": -0.004506652243435383, "timescale": 4.5688766978288475, "rgb": "#000000", "zyx": [9, 33, 70]}