{"p": 0.031, "barbin": 0, "corr": 0.08737360686063766, "timescale": 3.7817635419134867, "rgb": "#000000", "zyx": [10, 65, 76]}