{"p": 0.465, "barbin": 0, "corr": 0.00348312477581203, "timescale": 2.573945517678388, "rgb": "#000000", "zyx": [17, 31, 61]}