{"p": 0.244, "barbin": 0, "corr": 0.043126147240400314, "timescale": 6.058917291327692, "rgb": "#000000", "zyx": [3, 63, 31]}