{"p": 0.747, "barbin": 0, "corr": -0.03548155725002289, "timescale": 5.9294034676141845, "rgb": "#000000", "zyx": [20, 34, 69]}