{"p": 0.0, "barbin": 4, "corr": 0.27688589692115784, "timescale": 7.155508571617961, "rgb": "#000000", "zyx": [10, 58, 23]}