{"p": 0.0, "barbin": 3, "corr": 0.2096441239118576, "timescale": 5.146035808943263, "rgb": "#000000", "zyx": [26, 54, 52]}