{"p": 0.999, "barbin": 0, "corr": -0.17740105092525482, "timescale": 4.585306178581337, "rgb": "#000000", "zyx": [23, 30, 49]}