{"p": 0.418, "barbin": 0, "corr": 0.005910562351346016, "timescale": 3.141754640728175, "rgb": "#000000", "zyx": [1, 82, 57]}