{"p": 0.031, "barbin": 1, "corr": 0.10749457776546478, "timescale": 6.484765712524426, "rgb": "#000000", "zyx": [17, 30, 51]}