{"p": 0.233, "barbin": 0, "corr": 0.042906753718853, "timescale": 6.534318039959029, "rgb": "#000000", "zyx": [13, 71, 68]}