{"p": 0.484, "barbin": 0, "corr": 0.0023819245398044586, "timescale": 8.580625622542078, "rgb": "#000000", "zyx": [3, 63, 76]}