{"p": 0.053, "barbin": 0, "corr": 0.08216851204633713, "timescale": 4.59401521664012, "rgb": "#000000", "zyx": [10, 60, 29]}