{"p": 0.909, "barbin": 0, "corr": -0.07566005736589432, "timescale": 8.571468258206973, "rgb": "#000000", "zyx": [15, 63, 31]}