{"p": 0.768, "barbin": 0, "corr": -0.0428965762257576, "timescale": 4.739956892548451, "rgb": "#000000", "zyx": [21, 80, 45]}