{"p": 0.049, "barbin": 0, "corr": 0.09577547758817673, "timescale": 6.174776361502868, "rgb": "#000000", "zyx": [21, 44, 51]}