{"p": 0.001, "barbin": 2, "corr": 0.1568244844675064, "timescale": 6.139762251116612, "rgb": "#000000", "zyx": [11, 74, 76]}