{"p": 0.945, "barbin": 0, "corr": -0.08848913758993149, "timescale": 3.5849640061737698, "rgb": "#000000", "zyx": [18, 19, 44]}