{"p": 0.006, "barbin": 2, "corr": 0.1606953889131546, "timescale": 5.688683860432179, "rgb": "#000000", "zyx": [23, 70, 46]}