{"p": 0.077, "barbin": 0, "corr": 0.08210266381502151, "timescale": 5.080098978267995, "rgb": "#000000", "zyx": [4, 74, 78]}