{"p": 0.023, "barbin": 1, "corr": 0.11749539524316788, "timescale": 2.783456502534714, "rgb": "#000000", "zyx": [19, 53, 53]}