{"p": 0.377, "barbin": 0, "corr": 0.013400784693658352, "timescale": 4.501671189610926, "rgb": "#000000", "zyx": [14, 78, 64]}