{"p": 0.142, "barbin": 0, "corr": 0.0037321795243769884, "timescale": 3.8894155773510177, "rgb": "#000000", "zyx": [4, 84, 48]}