{"p": 0.898, "barbin": 0, "corr": -0.060541048645973206, "timescale": 3.6400406714836, "rgb": "#000000", "zyx": [5, 54, 69]}