{"p": 0.943, "barbin": 0, "corr": -0.09765644371509552, "timescale": 6.3114141958304915, "rgb": "#000000", "zyx": [1, 81, 73]}