{"p": 0.011, "barbin": 1, "corr": 0.1412889063358307, "timescale": 6.669182619365261, "rgb": "#000000", "zyx": [18, 35, 49]}