{"p": 0.647, "barbin": 0, "corr": -0.02064788155257702, "timescale": 4.415516271608997, "rgb": "#000000", "zyx": [24, 68, 44]}