{"p": 0.003, "barbin": 0, "corr": 0.08338841795921326, "timescale": 4.025295913299424, "rgb": "#000000", "zyx": [4, 84, 34]}