{"p": 0.028, "barbin": 1, "corr": 0.11539429426193237, "timescale": 6.351262877545619, "rgb": "#000000", "zyx": [18, 38, 48]}