{"p": 0.001, "barbin": 2, "corr": 0.16883035004138947, "timescale": 6.967242935801783, "rgb": "#000000", "zyx": [1, 74, 60]}