{"p": 0.788, "barbin": 0, "corr": -0.04011434316635132, "timescale": 3.8055467127219202, "rgb": "#000000", "zyx": [16, 35, 52]}