{"p": 0.0, "barbin": 0, "corr": 0.056800808757543564, "timescale": 4.952051627693879, "rgb": "#000000", "zyx": [2, 83, 41]}