{"p": 0.0, "barbin": 2, "corr": 0.19839558005332947, "timescale": 7.584961893557193, "rgb": "#000000", "zyx": [10, 65, 27]}