{"p": 0.592, "barbin": 0, "corr": -0.004582168534398079, "timescale": 6.032850143746663, "rgb": "#000000", "zyx": [7, 60, 48]}