{"p": 0.846, "barbin": 0, "corr": -0.024203069508075714, "timescale": 2.5878037822236077, "rgb": "#000000", "zyx": [7, 67, 69]}