{"p": 0.858, "barbin": 0, "corr": -0.05690019205212593, "timescale": 1.731577530242361, "rgb": "#000000", "zyx": [16, 59, 81]}