{"p": 0.685, "barbin": 0, "corr": -0.025920316576957703, "timescale": 6.404804017187223, "rgb": "#000000", "zyx": [5, 53, 71]}