{"p": 0.711, "barbin": 0, "corr": -0.03211468458175659, "timescale": 5.596817192207389, "rgb": "#000000", "zyx": [13, 41, 40]}