{"p": 0.125, "barbin": 0, "corr": 0.05297922343015671, "timescale": 6.267130574450321, "rgb": "#000000", "zyx": [17, 87, 42]}