{"p": 0.345, "barbin": 0, "corr": 0.03450329974293709, "timescale": 1.5849626179494614, "rgb": "#000000", "zyx": [20, 52, 41]}