{"p": 0.532, "barbin": 0, "corr": -0.0036752421874552965, "timescale": 4.591388759612186, "rgb": "#000000", "zyx": [10, 83, 60]}