{"p": 0.063, "barbin": 0, "corr": 0.008304357528686523, "timescale": 2.770906469321886, "rgb": "#000000", "zyx": [21, 59, 53]}