{"p": 0.185, "barbin": 0, "corr": 0.03187855705618858, "timescale": 6.654376219663224, "rgb": "#000000", "zyx": [9, 40, 70]}