{"p": 0.178, "barbin": 0, "corr": 0.03829636424779892, "timescale": 3.924362953544721, "rgb": "#000000", "zyx": [5, 57, 38]}