{"p": 0.22, "barbin": 0, "corr": 0.028952686116099358, "timescale": 4.924505636314196, "rgb": "#000000", "zyx": [6, 75, 78]}