{"p": 0.523, "barbin": 0, "corr": -0.004057871177792549, "timescale": 5.268040289633126, "rgb": "#000000", "zyx": [2, 75, 64]}