{"p": 0.012, "barbin": 0, "corr": 0.06433352828025818, "timescale": 5.5266473711131034, "rgb": "#000000", "zyx": [4, 80, 69]}