{"p": 0.072, "barbin": 0, "corr": 0.08588259667158127, "timescale": 4.585003052062503, "rgb": "#000000", "zyx": [21, 70, 72]}