{"p": 0.031, "barbin": 1, "corr": 0.11133402585983276, "timescale": 5.5904041094437735, "rgb": "#000000", "zyx": [10, 61, 35]}