{"p": 0.823, "barbin": 0, "corr": -0.04064638167619705, "timescale": 5.525746796421509, "rgb": "#000000", "zyx": [14, 64, 47]}