{"p": 0.988, "barbin": 0, "corr": -0.12087343633174896, "timescale": 2.002333366688537, "rgb": "#000000", "zyx": [23, 57, 64]}