{"p": 0.382, "barbin": 0, "corr": 0.009580228477716446, "timescale": 2.8672321387494604, "rgb": "#000000", "zyx": [5, 81, 48]}