{"p": 0.76, "barbin": 0, "corr": -0.043278973549604416, "timescale": 3.9839688023675563, "rgb": "#000000", "zyx": [13, 79, 71]}