{"p": 0.165, "barbin": 0, "corr": 0.03496239334344864, "timescale": 2.374526567308044, "rgb": "#000000", "zyx": [13, 67, 33]}