{"p": 0.14, "barbin": 0, "corr": 0.03880489617586136, "timescale": 3.22615329732255, "rgb": "#000000", "zyx": [14, 67, 31]}