{"p": 0.858, "barbin": 0, "corr": -0.058373916894197464, "timescale": 3.406513720686103, "rgb": "#000000", "zyx": [9, 77, 50]}