{"p": 0.526, "barbin": 0, "corr": -0.007164168171584606, "timescale": 4.585391039232853, "rgb": "#000000", "zyx": [15, 69, 59]}