{"p": 0.479, "barbin": 0, "corr": 0.002735399641096592, "timescale": 7.333938078463311, "rgb": "#000000", "zyx": [13, 80, 55]}