{"p": 0.847, "barbin": 0, "corr": -0.010122143663465977, "timescale": 5.699767746373768, "rgb": "#000000", "zyx": [18, 28, 46]}