{"p": 0.649, "barbin": 0, "corr": -0.02131037786602974, "timescale": 5.1488100194263, "rgb": "#000000", "zyx": [1, 78, 65]}