{"p": 0.13, "barbin": 0, "corr": 0.07221224904060364, "timescale": 1.6103122555802638, "rgb": "#000000", "zyx": [24, 77, 43]}