{"p": 0.051, "barbin": 0, "corr": 0.09120918810367584, "timescale": 6.22838896805231, "rgb": "#000000", "zyx": [5, 52, 78]}