{"p": 0.0, "barbin": 1, "corr": 0.13507680594921112, "timescale": 6.137334122719995, "rgb": "#000000", "zyx": [10, 63, 78]}