{"p": 0.974, "barbin": 0, "corr": -0.12893757224082947, "timescale": 3.1908739784316325, "rgb": "#000000", "zyx": [20, 57, 77]}