{"p": 0.817, "barbin": 0, "corr": -0.029175475239753723, "timescale": 2.767589519596728, "rgb": "#000000", "zyx": [13, 35, 60]}