{"p": 0.059, "barbin": 0, "corr": 0.0021658579353243113, "timescale": 3.708528451934836, "rgb": "#000000", "zyx": [5, 89, 46]}