{"p": 0.0, "barbin": 3, "corr": 0.2135237455368042, "timescale": 6.1484736321660565, "rgb": "#000000", "zyx": [8, 48, 30]}