{"p": 0.679, "barbin": 0, "corr": -0.006158678326755762, "timescale": 4.58065192150383, "rgb": "#000000", "zyx": [22, 75, 38]}