{"p": 0.668, "barbin": 0, "corr": -0.02097953110933304, "timescale": 6.522507005978947, "rgb": "#000000", "zyx": [20, 23, 43]}