{"p": 0.059, "barbin": 0, "corr": 0.07374501973390579, "timescale": 6.727752022293886, "rgb": "#000000", "zyx": [5, 92, 52]}