{"p": 0.029, "barbin": 1, "corr": 0.10767358541488647, "timescale": 5.54153919121675, "rgb": "#000000", "zyx": [17, 51, 48]}