{"p": 0.605, "barbin": 0, "corr": -0.008484085090458393, "timescale": 7.5690465422666495, "rgb": "#000000", "zyx": [10, 47, 47]}