{"p": 0.912, "barbin": 0, "corr": -0.06074075028300285, "timescale": 1.6150490293269435, "rgb": "#000000", "zyx": [3, 45, 45]}