{"p": 0.048, "barbin": 0, "corr": 0.09283378720283508, "timescale": 6.576992565069191, "rgb": "#000000", "zyx": [9, 63, 52]}