{"p": 0.01, "barbin": 1, "corr": 0.13151492178440094, "timescale": 4.510438366984497, "rgb": "#000000", "zyx": [15, 71, 38]}