{"p": 0.001, "barbin": 3, "corr": 0.2111561894416809, "timescale": 6.562157096933787, "rgb": "#000000", "zyx": [0, 73, 70]}