{"p": 0.566, "barbin": 0, "corr": -0.01089015044271946, "timescale": 4.2147112828343944, "rgb": "#000000", "zyx": [10, 70, 39]}