{"p": 0.0, "barbin": 3, "corr": 0.21795280277729034, "timescale": 6.331008192922087, "rgb": "#000000", "zyx": [3, 39, 67]}