{"p": 0.418, "barbin": 0, "corr": 0.011322209611535072, "timescale": 1.7361677160995184, "rgb": "#000000", "zyx": [11, 52, 48]}