{"p": 0.186, "barbin": 0, "corr": 0.05125522240996361, "timescale": 4.57550807683298, "rgb": "#000000", "zyx": [18, 73, 54]}