{"p": 0.074, "barbin": 0, "corr": 0.07833005487918854, "timescale": 5.305242404706708, "rgb": "#000000", "zyx": [15, 19, 49]}