{"p": 0.135, "barbin": 0, "corr": 0.036126796156167984, "timescale": 7.0049353853168945, "rgb": "#000000", "zyx": [14, 50, 55]}