{"p": 0.0, "barbin": 2, "corr": 0.1722773313522339, "timescale": 5.440190778377653, "rgb": "#000000", "zyx": [4, 70, 40]}