{"p": 0.121, "barbin": 0, "corr": 0.05549798160791397, "timescale": 7.788383963364584, "rgb": "#000000", "zyx": [1, 71, 78]}