{"p": 0.782, "barbin": 0, "corr": -0.03789745271205902, "timescale": 5.506575629960709, "rgb": "#000000", "zyx": [16, 84, 57]}