{"p": 0.454, "barbin": 0, "corr": 0.0012355985818430781, "timescale": 3.9119410204490803, "rgb": "#000000", "zyx": [19, 35, 57]}