{"p": 0.253, "barbin": 0, "corr": 0.0392381027340889, "timescale": 4.865995781503843, "rgb": "#000000", "zyx": [15, 66, 63]}