{"p": 0.8, "barbin": 0, "corr": -0.04802688956260681, "timescale": 4.280050737836117, "rgb": "#000000", "zyx": [14, 18, 58]}