{"p": 0.0, "barbin": 2, "corr": 0.17420805990695953, "timescale": 2.0186445385015888, "rgb": "#000000", "zyx": [3, 73, 40]}