{"p": 0.064, "barbin": 0, "corr": 0.04212580621242523, "timescale": 7.799811061636672, "rgb": "#000000", "zyx": [10, 73, 64]}