{"p": 0.579, "barbin": 0, "corr": -0.01214215625077486, "timescale": 1.5934245127467481, "rgb": "#000000", "zyx": [9, 30, 48]}