{"p": 0.067, "barbin": 0, "corr": 0.08457969129085541, "timescale": 7.587606048495158, "rgb": "#000000", "zyx": [10, 81, 76]}