{"p": 0.003, "barbin": 2, "corr": 0.15371617674827576, "timescale": 5.073081894801448, "rgb": "#000000", "zyx": [23, 69, 41]}