{"p": 0.785, "barbin": 0, "corr": -0.044424429535865784, "timescale": 6.581995692001218, "rgb": "#000000", "zyx": [14, 33, 50]}