{"p": 0.831, "barbin": 0, "corr": -0.015677940100431442, "timescale": 8.584961420046325, "rgb": "#000000", "zyx": [17, 58, 65]}