{"p": 0.026, "barbin": 1, "corr": 0.11718007922172546, "timescale": 7.136513196890874, "rgb": "#000000", "zyx": [17, 38, 61]}