{"p": 0.047, "barbin": 0, "corr": 0.07980668544769287, "timescale": 8.581624043065965, "rgb": "#000000", "zyx": [17, 53, 36]}