{"p": 0.384, "barbin": 0, "corr": 0.01865305006504059, "timescale": 7.539551002933051, "rgb": "#000000", "zyx": [10, 26, 70]}