{"p": 0.397, "barbin": 0, "corr": 0.008425196632742882, "timescale": 8.534384430311617, "rgb": "#000000", "zyx": [16, 81, 74]}