{"p": 0.197, "barbin": 0, "corr": 0.04968373104929924, "timescale": 2.293276499443284, "rgb": "#000000", "zyx": [11, 86, 45]}