{"p": 0.033, "barbin": 1, "corr": 0.11046146601438522, "timescale": 6.341519848624647, "rgb": "#000000", "zyx": [15, 72, 77]}