{"p": 0.161, "barbin": 0, "corr": 0.05894232541322708, "timescale": 4.963286758180185, "rgb": "#000000", "zyx": [18, 48, 58]}