{"p": 0.468, "barbin": 0, "corr": 0.0020308541133999825, "timescale": 6.477628545384375, "rgb": "#000000", "zyx": [3, 56, 62]}