{"p": 0.62, "barbin": 0, "corr": -0.015049736946821213, "timescale": 4.1575486500096925, "rgb": "#000000", "zyx": [18, 60, 47]}