{"p": 0.632, "barbin": 0, "corr": -0.00197178334929049, "timescale": 4.93624207537416, "rgb": "#000000", "zyx": [11, 39, 63]}