{"p": 0.359, "barbin": 0, "corr": 0.01611807942390442, "timescale": 5.529973294047797, "rgb": "#000000", "zyx": [9, 43, 33]}