{"p": 0.004, "barbin": 2, "corr": 0.15926283597946167, "timescale": 7.122855253198033, "rgb": "#000000", "zyx": [18, 41, 34]}