{"p": 0.267, "barbin": 0, "corr": 0.03671310842037201, "timescale": 8.506459222136145, "rgb": "#000000", "zyx": [15, 22, 58]}