{"p": 0.0, "barbin": 2, "corr": 0.1544877588748932, "timescale": 6.481827293399688, "rgb": "#000000", "zyx": [16, 88, 44]}