{"p": 0.0, "barbin": 3, "corr": 0.2419547140598297, "timescale": 6.844799459395621, "rgb": "#000000", "zyx": [14, 74, 55]}