{"p": 0.942, "barbin": 0, "corr": -0.09599140286445618, "timescale": 4.607249403061215, "rgb": "#000000", "zyx": [21, 56, 31]}