{"p": 0.0, "barbin": 3, "corr": 0.2268223762512207, "timescale": 6.944482526271255, "rgb": "#000000", "zyx": [8, 69, 25]}