{"p": 0.14, "barbin": 0, "corr": 0.06738762557506561, "timescale": 4.826006865904455, "rgb": "#000000", "zyx": [11, 57, 39]}