{"p": 0.333, "barbin": 0, "corr": 0.009720385074615479, "timescale": 7.291845812127663, "rgb": "#000000", "zyx": [13, 67, 32]}