{"p": 0.04, "barbin": 0, "corr": 0.09584106504917145, "timescale": 7.574712192777095, "rgb": "#000000", "zyx": [7, 52, 24]}