{"p": 0.16, "barbin": 0, "corr": 0.05762479081749916, "timescale": 6.506511845586565, "rgb": "#000000", "zyx": [8, 76, 71]}