{"p": 0.759, "barbin": 0, "corr": -0.04154101759195328, "timescale": 5.116330440879926, "rgb": "#000000", "zyx": [17, 72, 27]}