{"p": 0.179, "barbin": 0, "corr": 0.058654654771089554, "timescale": 1.5855159505783711, "rgb": "#000000", "zyx": [26, 51, 40]}