{"p": 0.046, "barbin": 1, "corr": 0.10024924576282501, "timescale": 7.625521642896481, "rgb": "#000000", "zyx": [16, 72, 74]}