{"p": 0.084, "barbin": 0, "corr": 0.08528780192136765, "timescale": 5.485307030440235, "rgb": "#000000", "zyx": [7, 71, 57]}