{"p": 0.356, "barbin": 0, "corr": 0.0038921029772609472, "timescale": 2.081053681760678, "rgb": "#000000", "zyx": [16, 33, 38]}