{"p": 0.422, "barbin": 0, "corr": 0.005307444371283054, "timescale": 7.252757763373739, "rgb": "#000000", "zyx": [3, 37, 32]}