{"p": 0.917, "barbin": 0, "corr": -0.07984132319688797, "timescale": 1.584962500721156, "rgb": "#000000", "zyx": [7, 65, 43]}