{"p": 0.101, "barbin": 0, "corr": 0.04819486662745476, "timescale": 2.3712913348294493, "rgb": "#000000", "zyx": [17, 82, 64]}