{"p": 0.825, "barbin": 0, "corr": -0.030500516295433044, "timescale": 5.688712189810331, "rgb": "#000000", "zyx": [21, 70, 41]}