{"p": 0.138, "barbin": 0, "corr": 0.06511138379573822, "timescale": 3.5849538027549297, "rgb": "#000000", "zyx": [7, 75, 50]}