{"p": 0.002, "barbin": 2, "corr": 0.19257596135139465, "timescale": 7.221459506676465, "rgb": "#000000", "zyx": [19, 77, 69]}