{"p": 0.641, "barbin": 0, "corr": -0.013035171665251255, "timescale": 1.600731725133392, "rgb": "#000000", "zyx": [8, 63, 53]}