{"p": 0.994, "barbin": 0, "corr": -0.165248841047287, "timescale": 7.541814012938381, "rgb": "#000000", "zyx": [17, 36, 74]}