{"p": 0.534, "barbin": 0, "corr": -0.0059877075254917145, "timescale": 5.58404205181242, "rgb": "#000000", "zyx": [25, 38, 59]}