{"p": 0.001, "barbin": 2, "corr": 0.18362192809581757, "timescale": 7.432803782839438, "rgb": "#000000", "zyx": [26, 48, 47]}