{"p": 0.243, "barbin": 0, "corr": 0.024759549647569656, "timescale": 5.801302576266448, "rgb": "#000000", "zyx": [5, 83, 60]}