{"p": 0.516, "barbin": 0, "corr": -0.0007811759132891893, "timescale": 4.584310350398125, "rgb": "#000000", "zyx": [17, 68, 28]}