{"p": 0.204, "barbin": 0, "corr": 0.048350974917411804, "timescale": 5.848908456110251, "rgb": "#000000", "zyx": [20, 44, 48]}