{"p": 0.728, "barbin": 0, "corr": -0.02915225923061371, "timescale": 5.585764155765282, "rgb": "#000000", "zyx": [19, 30, 52]}