{"p": 0.276, "barbin": 0, "corr": 0.0019106086110696197, "timescale": 3.9089127275663724, "rgb": "#000000", "zyx": [17, 58, 37]}