{"p": 0.517, "barbin": 0, "corr": -0.000871588010340929, "timescale": 7.096446111040692, "rgb": "#000000", "zyx": [24, 59, 43]}