{"p": 0.147, "barbin": 0, "corr": 0.044919583946466446, "timescale": 8.579369654936148, "rgb": "#000000", "zyx": [18, 66, 56]}