{"p": 0.378, "barbin": 0, "corr": 0.020337175577878952, "timescale": 4.918357300792298, "rgb": "#000000", "zyx": [4, 67, 66]}