{"p": 0.029, "barbin": 1, "corr": 0.11190668493509293, "timescale": 4.5119497421278, "rgb": "#000000", "zyx": [15, 79, 54]}