{"p": 0.922, "barbin": 0, "corr": -0.07069867849349976, "timescale": 6.492391401111052, "rgb": "#000000", "zyx": [2, 62, 31]}