{"p": 0.174, "barbin": 0, "corr": 0.017557181417942047, "timescale": 2.746225606327094, "rgb": "#000000", "zyx": [15, 44, 64]}