{"p": 0.174, "barbin": 0, "corr": 0.02997589483857155, "timescale": 2.6552053631252424, "rgb": "#000000", "zyx": [9, 87, 59]}