{"p": 0.016, "barbin": 1, "corr": 0.11112674325704575, "timescale": 8.176094132317894, "rgb": "#000000", "zyx": [14, 52, 33]}