{"p": 0.158, "barbin": 0, "corr": 0.05815839767456055, "timescale": 8.24848716361577, "rgb": "#000000", "zyx": [13, 76, 63]}