{"p": 0.427, "barbin": 0, "corr": 0.007248719688504934, "timescale": 5.528935778716494, "rgb": "#000000", "zyx": [9, 87, 69]}