{"p": 0.455, "barbin": 0, "corr": 0.0040864842012524605, "timescale": 5.55834081230615, "rgb": "#000000", "zyx": [8, 23, 48]}