{"p": 0.065, "barbin": 0, "corr": 0.08000457286834717, "timescale": 7.96195651853737, "rgb": "#000000", "zyx": [14, 66, 69]}