{"p": 0.787, "barbin": 0, "corr": -0.04598301276564598, "timescale": 3.6795471904818045, "rgb": "#000000", "zyx": [18, 52, 43]}