{"p": 0.625, "barbin": 0, "corr": -0.018529493361711502, "timescale": 4.5684784638102105, "rgb": "#000000", "zyx": [8, 83, 56]}