{"p": 0.005, "barbin": 2, "corr": 0.16075144708156586, "timescale": 6.773569125354653, "rgb": "#000000", "zyx": [22, 52, 43]}