{"p": 0.103, "barbin": 0, "corr": 0.0001234296360053122, "timescale": 2.6079957991117806, "rgb": "#000000", "zyx": [6, 88, 67]}