{"p": 0.085, "barbin": 0, "corr": 0.0631633847951889, "timescale": 2.574523933183159, "rgb": "#000000", "zyx": [3, 44, 46]}