{"p": 0.261, "barbin": 0, "corr": 0.04169921204447746, "timescale": 6.533082726817757, "rgb": "#000000", "zyx": [5, 43, 65]}