{"p": 0.328, "barbin": 0, "corr": 0.003945622127503157, "timescale": 7.738930229737556, "rgb": "#000000", "zyx": [2, 71, 63]}