{"p": 0.559, "barbin": 0, "corr": -0.0061480323784053326, "timescale": 2.586515751346978, "rgb": "#000000", "zyx": [23, 74, 57]}