{"p": 0.079, "barbin": 0, "corr": 0.07836329191923141, "timescale": 5.864930657719403, "rgb": "#000000", "zyx": [9, 59, 57]}