{"p": 0.7, "barbin": 0, "corr": -0.03009573370218277, "timescale": 6.289541537403389, "rgb": "#000000", "zyx": [20, 27, 46]}