{"p": 0.453, "barbin": 0, "corr": 0.011938894167542458, "timescale": 7.1896327946155365, "rgb": "#000000", "zyx": [13, 49, 32]}