{"p": 0.658, "barbin": 0, "corr": -0.012401952408254147, "timescale": 7.454603300358175, "rgb": "#000000", "zyx": [18, 48, 40]}