{"p": 0.028, "barbin": 1, "corr": 0.11476564407348633, "timescale": 6.649899277553605, "rgb": "#000000", "zyx": [12, 86, 37]}