{"p": 0.718, "barbin": 0, "corr": -0.0028339854907244444, "timescale": 5.558833857800874, "rgb": "#000000", "zyx": [10, 26, 39]}