{"p": 0.84, "barbin": 0, "corr": -0.0557156577706337, "timescale": 4.977175870544476, "rgb": "#000000", "zyx": [19, 61, 67]}