{"p": 0.271, "barbin": 0, "corr": 0.03467322885990143, "timescale": 1.5905476918952266, "rgb": "#000000", "zyx": [0, 89, 48]}