{"p": 0.202, "barbin": 0, "corr": 0.04870673269033432, "timescale": 2.2576613168599224, "rgb": "#000000", "zyx": [20, 80, 53]}