{"p": 0.888, "barbin": 0, "corr": -0.031201407313346863, "timescale": 4.587530436938195, "rgb": "#000000", "zyx": [24, 69, 70]}