{"p": 0.49, "barbin": 0, "corr": 0.0030296696349978447, "timescale": 7.588375879913508, "rgb": "#000000", "zyx": [11, 88, 54]}