{"p": 0.014, "barbin": 1, "corr": 0.11906082183122635, "timescale": 7.644435414867671, "rgb": "#000000", "zyx": [14, 73, 54]}