{"p": 0.064, "barbin": 0, "corr": 0.0044380552135407925, "timescale": 1.600588307586206, "rgb": "#000000", "zyx": [3, 87, 49]}