{"p": 0.448, "barbin": 0, "corr": 0.010075386613607407, "timescale": 5.986768940544254, "rgb": "#000000", "zyx": [7, 73, 54]}