{"p": 0.0, "barbin": 0, "corr": 0.08980405330657959, "timescale": 3.9610045946636236, "rgb": "#000000", "zyx": [6, 87, 48]}