{"p": 0.265, "barbin": 0, "corr": 0.03224732726812363, "timescale": 7.584911114772946, "rgb": "#000000", "zyx": [15, 18, 56]}