{"p": 0.811, "barbin": 0, "corr": -0.05302905663847923, "timescale": 5.584962500721262, "rgb": "#000000", "zyx": [17, 41, 29]}