{"p": 0.01, "barbin": 0, "corr": 0.052588123828172684, "timescale": 4.426704225393957, "rgb": "#000000", "zyx": [3, 76, 36]}