{"p": 0.747, "barbin": 0, "corr": -0.03369490057229996, "timescale": 5.577059194983358, "rgb": "#000000", "zyx": [12, 70, 47]}