{"p": 0.768, "barbin": 0, "corr": -0.04694003611803055, "timescale": 6.54380238281352, "rgb": "#000000", "zyx": [11, 27, 48]}