{"p": 0.438, "barbin": 0, "corr": 0.0006115019205026329, "timescale": 7.948801546226361, "rgb": "#000000", "zyx": [14, 83, 31]}