{"p": 0.121, "barbin": 0, "corr": 0.06314224004745483, "timescale": 6.309789586157965, "rgb": "#000000", "zyx": [15, 39, 28]}