{"p": 0.872, "barbin": 0, "corr": -0.06641920655965805, "timescale": 1.5849629244161658, "rgb": "#000000", "zyx": [5, 85, 31]}