{"p": 0.0, "barbin": 3, "corr": 0.20614705979824066, "timescale": 7.291861290007693, "rgb": "#000000", "zyx": [11, 43, 75]}