{"p": 0.476, "barbin": 0, "corr": 0.004058674909174442, "timescale": 6.591740805076026, "rgb": "#000000", "zyx": [18, 34, 69]}