{"p": 0.782, "barbin": 0, "corr": -0.0067349886521697044, "timescale": 5.597162216074513, "rgb": "#000000", "zyx": [5, 78, 41]}