{"p": 0.0, "barbin": 2, "corr": 0.19919238984584808, "timescale": 6.925975455168639, "rgb": "#000000", "zyx": [11, 33, 38]}