{"p": 0.375, "barbin": 0, "corr": 0.017451059073209763, "timescale": 7.41523290397536, "rgb": "#000000", "zyx": [17, 65, 35]}