{"p": 0.539, "barbin": 0, "corr": -0.0028849614318460226, "timescale": 4.58515255839826, "rgb": "#000000", "zyx": [16, 17, 44]}