{"p": 0.884, "barbin": 0, "corr": -0.04684962332248688, "timescale": 4.310297472023342, "rgb": "#000000", "zyx": [17, 81, 50]}