{"p": 0.295, "barbin": 0, "corr": 0.03571399673819542, "timescale": 5.575392172887961, "rgb": "#000000", "zyx": [16, 22, 55]}