{"p": 0.606, "barbin": 0, "corr": -0.0019713188521564007, "timescale": 4.671935733945491, "rgb": "#000000", "zyx": [20, 53, 53]}