{"p": 0.0, "barbin": 2, "corr": 0.19809354841709137, "timescale": 6.681993364343562, "rgb": "#000000", "zyx": [12, 67, 31]}