{"p": 0.809, "barbin": 0, "corr": -0.048708803951740265, "timescale": 3.7262804534983687, "rgb": "#000000", "zyx": [6, 34, 46]}