{"p": 0.131, "barbin": 0, "corr": 0.00620223255828023, "timescale": 3.0886056381225204, "rgb": "#000000", "zyx": [11, 54, 65]}