{"p": 0.392, "barbin": 0, "corr": 0.01358687411993742, "timescale": 6.729924077042354, "rgb": "#000000", "zyx": [12, 22, 65]}