{"p": 0.0, "barbin": 4, "corr": 0.48988574743270874, "timescale": 6.580665943412821, "rgb": "#000000", "zyx": [25, 56, 48]}