{"p": 0.631, "barbin": 0, "corr": -0.018725965172052383, "timescale": 5.25185173556251, "rgb": "#000000", "zyx": [2, 75, 76]}