{"p": 0.788, "barbin": 0, "corr": -0.016925111413002014, "timescale": 5.58649848862653, "rgb": "#000000", "zyx": [4, 59, 62]}