{"p": 0.029, "barbin": 0, "corr": 0.008880562148988247, "timescale": 3.6738518404990055, "rgb": "#000000", "zyx": [9, 86, 50]}