{"p": 0.63, "barbin": 0, "corr": -0.017498590052127838, "timescale": 4.584962500721156, "rgb": "#000000", "zyx": [17, 17, 57]}