{"p": 0.568, "barbin": 0, "corr": -0.01047726720571518, "timescale": 5.178106621202301, "rgb": "#000000", "zyx": [14, 35, 34]}