{"p": 0.08, "barbin": 0, "corr": 0.0822250247001648, "timescale": 4.579131627061507, "rgb": "#000000", "zyx": [3, 47, 60]}