{"p": 0.966, "barbin": 0, "corr": -0.10129860043525696, "timescale": 7.03535073404006, "rgb": "#000000", "zyx": [6, 60, 51]}