{"p": 0.262, "barbin": 0, "corr": 0.04146389663219452, "timescale": 5.008746293608248, "rgb": "#000000", "zyx": [18, 37, 49]}