{"p": 0.605, "barbin": 0, "corr": -0.012229018844664097, "timescale": 4.014863542144911, "rgb": "#000000", "zyx": [16, 68, 42]}