{"p": 0.935, "barbin": 0, "corr": -0.08449506759643555, "timescale": 2.0708966066175702, "rgb": "#000000", "zyx": [23, 44, 66]}