{"p": 0.728, "barbin": 0, "corr": -0.034369390457868576, "timescale": 4.584962500721156, "rgb": "#000000", "zyx": [20, 51, 28]}