{"p": 0.015, "barbin": 1, "corr": 0.11285680532455444, "timescale": 7.5371240234391035, "rgb": "#000000", "zyx": [4, 40, 70]}