{"p": 0.0, "barbin": 3, "corr": 0.2383098602294922, "timescale": 6.399927768850397, "rgb": "#000000", "zyx": [9, 57, 74]}