{"p": 0.099, "barbin": 0, "corr": 0.0783519297838211, "timescale": 4.669036995059912, "rgb": "#000000", "zyx": [11, 80, 48]}