{"p": 0.463, "barbin": 0, "corr": 0.0032431650906801224, "timescale": 2.780792719623223, "rgb": "#000000", "zyx": [14, 22, 38]}