{"p": 0.385, "barbin": 0, "corr": 0.009453165344893932, "timescale": 4.584974805732744, "rgb": "#000000", "zyx": [7, 77, 57]}