{"p": 0.285, "barbin": 0, "corr": 0.0310591422021389, "timescale": 2.490898193252497, "rgb": "#000000", "zyx": [5, 44, 76]}