{"p": 0.005, "barbin": 2, "corr": 0.15190930664539337, "timescale": 7.661857842902991, "rgb": "#000000", "zyx": [21, 42, 42]}