{"p": 0.202, "barbin": 0, "corr": 0.018842650577425957, "timescale": 5.815556640189412, "rgb": "#000000", "zyx": [16, 69, 29]}