{"p": 0.021, "barbin": 1, "corr": 0.1070539578795433, "timescale": 8.46517815145913, "rgb": "#000000", "zyx": [23, 29, 58]}