{"p": 0.32, "barbin": 0, "corr": 0.02483096905052662, "timescale": 7.579529461121392, "rgb": "#000000", "zyx": [16, 57, 47]}