{"p": 0.0, "barbin": 3, "corr": 0.24407529830932617, "timescale": 6.431306174497424, "rgb": "#000000", "zyx": [23, 40, 62]}