{"p": 0.182, "barbin": 0, "corr": 0.05478113144636154, "timescale": 6.431344682605184, "rgb": "#000000", "zyx": [10, 46, 52]}