{"p": 0.966, "barbin": 0, "corr": -0.06390552967786789, "timescale": 3.9482692294852844, "rgb": "#000000", "zyx": [19, 36, 61]}