{"p": 0.948, "barbin": 0, "corr": -0.08861207216978073, "timescale": 6.5222460997701255, "rgb": "#000000", "zyx": [17, 90, 61]}