{"p": 0.054, "barbin": 0, "corr": 0.09793847799301147, "timescale": 7.116047678136905, "rgb": "#000000", "zyx": [17, 77, 32]}