{"p": 0.42, "barbin": 0, "corr": 0.013328870758414268, "timescale": 3.597498164540995, "rgb": "#000000", "zyx": [4, 69, 37]}