{"p": 0.081, "barbin": 0, "corr": 0.0413157120347023, "timescale": 5.130587225053789, "rgb": "#000000", "zyx": [24, 72, 45]}