{"p": 0.172, "barbin": 0, "corr": 0.0036839230451732874, "timescale": 3.7302014848900664, "rgb": "#000000", "zyx": [8, 81, 52]}