{"p": 0.192, "barbin": 0, "corr": 0.0025249512400478125, "timescale": 2.794014863397894, "rgb": "#000000", "zyx": [20, 29, 38]}