{"p": 0.102, "barbin": 0, "corr": 0.07365710288286209, "timescale": 7.82225829284172, "rgb": "#000000", "zyx": [7, 63, 47]}