{"p": 0.194, "barbin": 0, "corr": 0.04928763955831528, "timescale": 8.423555890913013, "rgb": "#000000", "zyx": [2, 76, 42]}