{"p": 0.348, "barbin": 0, "corr": 0.025259315967559814, "timescale": 5.502492798954381, "rgb": "#000000", "zyx": [12, 19, 47]}