{"p": 0.681, "barbin": 0, "corr": -0.021134287118911743, "timescale": 5.110886656954394, "rgb": "#000000", "zyx": [6, 82, 44]}