{"p": 0.985, "barbin": 0, "corr": -0.13144755363464355, "timescale": 6.584962500721156, "rgb": "#000000", "zyx": [16, 21, 62]}