{"p": 0.017, "barbin": 1, "corr": 0.11402319371700287, "timescale": 7.249013699205468, "rgb": "#000000", "zyx": [13, 80, 33]}