{"p": 1.0, "barbin": 0, "corr": -0.17648020386695862, "timescale": 4.203351727952938, "rgb": "#000000", "zyx": [10, 61, 83]}