{"p": 0.209, "barbin": 0, "corr": 0.04861356317996979, "timescale": 7.573324620009895, "rgb": "#000000", "zyx": [12, 73, 80]}