{"p": 0.442, "barbin": 0, "corr": 0.009332044050097466, "timescale": 5.584963132562785, "rgb": "#000000", "zyx": [10, 48, 54]}