{"p": 0.634, "barbin": 0, "corr": -0.0240899920463562, "timescale": 3.164597118140094, "rgb": "#000000", "zyx": [18, 62, 40]}