{"p": 0.16, "barbin": 0, "corr": 0.055725302547216415, "timescale": 6.0695012170762555, "rgb": "#000000", "zyx": [18, 32, 58]}