{"p": 0.135, "barbin": 0, "corr": 0.06466121971607208, "timescale": 4.5914974947784275, "rgb": "#000000", "zyx": [2, 64, 29]}