{"p": 0.679, "barbin": 0, "corr": -0.0254035796970129, "timescale": 5.079419676286993, "rgb": "#000000", "zyx": [20, 79, 47]}