{"p": 0.003, "barbin": 0, "corr": 0.08296438306570053, "timescale": 3.516761533807276, "rgb": "#000000", "zyx": [1, 84, 68]}