{"p": 0.085, "barbin": 0, "corr": 0.0771365612745285, "timescale": 5.365760117665316, "rgb": "#000000", "zyx": [11, 68, 64]}