{"p": 0.146, "barbin": 0, "corr": 0.05483631417155266, "timescale": 5.350366264269278, "rgb": "#000000", "zyx": [15, 46, 67]}