{"p": 0.525, "barbin": 0, "corr": -0.005946932826191187, "timescale": 2.5849630828028802, "rgb": "#000000", "zyx": [14, 51, 70]}