{"p": 0.0, "barbin": 4, "corr": 0.2634012997150421, "timescale": 4.544948980985276, "rgb": "#000000", "zyx": [19, 59, 68]}