{"p": 0.383, "barbin": 0, "corr": 0.01660159043967724, "timescale": 5.288605698143415, "rgb": "#000000", "zyx": [18, 49, 71]}