{"p": 0.808, "barbin": 0, "corr": -0.04524042829871178, "timescale": 4.585806049135602, "rgb": "#000000", "zyx": [19, 87, 44]}