{"p": 0.69, "barbin": 0, "corr": -0.03199783340096474, "timescale": 3.5849492284704345, "rgb": "#000000", "zyx": [19, 75, 48]}