{"p": 0.001, "barbin": 2, "corr": 0.15402571856975555, "timescale": 7.448625443106643, "rgb": "#000000", "zyx": [6, 41, 72]}