{"p": 0.063, "barbin": 0, "corr": 0.09124790132045746, "timescale": 6.579608229653045, "rgb": "#000000", "zyx": [14, 35, 62]}