{"p": 0.076, "barbin": 0, "corr": 0.06440142542123795, "timescale": 7.097465256026558, "rgb": "#000000", "zyx": [11, 39, 61]}