{"p": 0.087, "barbin": 0, "corr": 0.08129246532917023, "timescale": 6.585114125904081, "rgb": "#000000", "zyx": [16, 39, 60]}