{"p": 0.188, "barbin": 0, "corr": 0.03982645273208618, "timescale": 2.4404001785296408, "rgb": "#000000", "zyx": [18, 44, 51]}