{"p": 0.361, "barbin": 0, "corr": 0.01180136390030384, "timescale": 6.58087544583449, "rgb": "#000000", "zyx": [19, 60, 45]}