{"p": 0.79, "barbin": 0, "corr": -0.02632097899913788, "timescale": 8.525748773848811, "rgb": "#000000", "zyx": [13, 17, 52]}