{"p": 0.179, "barbin": 0, "corr": 0.04921482130885124, "timescale": 7.477094449954094, "rgb": "#000000", "zyx": [24, 29, 54]}