{"p": 0.002, "barbin": 2, "corr": 0.166362464427948, "timescale": 4.079720274598683, "rgb": "#000000", "zyx": [21, 67, 46]}