{"p": 0.771, "barbin": 0, "corr": -0.02556806616485119, "timescale": 6.998370422512233, "rgb": "#000000", "zyx": [22, 70, 73]}