{"p": 0.068, "barbin": 0, "corr": 0.03896525874733925, "timescale": 4.222295957429009, "rgb": "#000000", "zyx": [11, 93, 46]}