{"p": 0.001, "barbin": 2, "corr": 0.18962091207504272, "timescale": 7.023649122807901, "rgb": "#000000", "zyx": [22, 82, 59]}