{"p": 0.0, "barbin": 4, "corr": 0.2734169363975525, "timescale": 6.884877115947122, "rgb": "#000000", "zyx": [16, 39, 31]}