{"p": 0.0, "barbin": 2, "corr": 0.16094447672367096, "timescale": 8.37154686609109, "rgb": "#000000", "zyx": [19, 70, 31]}