{"p": 0.778, "barbin": 0, "corr": -0.029163898900151253, "timescale": 6.584962500721156, "rgb": "#000000", "zyx": [22, 82, 61]}