{"p": 0.109, "barbin": 0, "corr": 0.06810762733221054, "timescale": 6.017154971565776, "rgb": "#000000", "zyx": [18, 47, 70]}