{"p": 0.82, "barbin": 0, "corr": -0.051085203886032104, "timescale": 5.584962500721156, "rgb": "#000000", "zyx": [8, 76, 25]}