{"p": 0.301, "barbin": 0, "corr": 0.03743424639105797, "timescale": 6.914019113324302, "rgb": "#000000", "zyx": [12, 59, 67]}