{"p": 0.8, "barbin": 0, "corr": -0.040727436542510986, "timescale": 6.866992182049025, "rgb": "#000000", "zyx": [5, 42, 28]}