{"p": 0.587, "barbin": 0, "corr": -0.014385713264346123, "timescale": 7.56344464729915, "rgb": "#000000", "zyx": [16, 24, 67]}