{"p": 0.211, "barbin": 0, "corr": 0.028325382620096207, "timescale": 7.295385597469488, "rgb": "#000000", "zyx": [6, 44, 28]}