{"p": 0.046, "barbin": 0, "corr": 0.0461544431746006, "timescale": 6.432528328590355, "rgb": "#000000", "zyx": [26, 41, 50]}