{"p": 0.822, "barbin": 0, "corr": -0.052625689655542374, "timescale": 3.584962500721156, "rgb": "#000000", "zyx": [6, 75, 62]}