{"p": 0.841, "barbin": 0, "corr": -0.03754160553216934, "timescale": 7.584962541566789, "rgb": "#000000", "zyx": [17, 57, 76]}