{"p": 0.154, "barbin": 0, "corr": 0.00493975542485714, "timescale": 4.399995713989078, "rgb": "#000000", "zyx": [12, 61, 37]}