{"p": 0.023, "barbin": 1, "corr": 0.11083996295928955, "timescale": 7.369690162324076, "rgb": "#000000", "zyx": [16, 83, 56]}