{"p": 0.918, "barbin": 0, "corr": -0.08086967468261719, "timescale": 8.56323475809157, "rgb": "#000000", "zyx": [20, 48, 28]}