{"p": 0.541, "barbin": 0, "corr": -0.0019161136588081717, "timescale": 5.357473356578915, "rgb": "#000000", "zyx": [12, 66, 63]}