{"p": 0.666, "barbin": 0, "corr": -8.649649316794239e-06, "timescale": 7.112299915195569, "rgb": "#000000", "zyx": [3, 46, 58]}