{"p": 0.881, "barbin": 0, "corr": -0.06460973620414734, "timescale": 2.159819165031185, "rgb": "#000000", "zyx": [3, 40, 72]}