{"p": 0.481, "barbin": 0, "corr": 0.0020847534760832787, "timescale": 3.487584910522454, "rgb": "#000000", "zyx": [7, 93, 64]}