{"p": 0.0, "barbin": 3, "corr": 0.2145072966814041, "timescale": 5.435877094853685, "rgb": "#000000", "zyx": [21, 59, 36]}