{"p": 0.732, "barbin": 0, "corr": -0.008029364980757236, "timescale": 6.201778562743205, "rgb": "#000000", "zyx": [3, 51, 79]}