{"p": 0.191, "barbin": 0, "corr": 0.0462878942489624, "timescale": 4.409870661907822, "rgb": "#000000", "zyx": [16, 40, 61]}