{"p": 0.231, "barbin": 0, "corr": 0.028478607535362244, "timescale": 8.583999198763156, "rgb": "#000000", "zyx": [16, 77, 44]}