{"p": 0.026, "barbin": 0, "corr": 0.09020198881626129, "timescale": 7.769335722957832, "rgb": "#000000", "zyx": [17, 82, 37]}