{"p": 0.118, "barbin": 0, "corr": 0.06757453083992004, "timescale": 6.4865259414718, "rgb": "#000000", "zyx": [1, 78, 70]}