{"p": 0.156, "barbin": 0, "corr": 0.05679628625512123, "timescale": 7.551044491784808, "rgb": "#000000", "zyx": [19, 30, 44]}