{"p": 0.003, "barbin": 1, "corr": 0.10964222252368927, "timescale": 7.238540196412881, "rgb": "#000000", "zyx": [12, 85, 75]}