{"p": 0.0, "barbin": 2, "corr": 0.1824767142534256, "timescale": 6.8122942030238915, "rgb": "#000000", "zyx": [10, 33, 70]}