{"p": 0.015, "barbin": 1, "corr": 0.13280169665813446, "timescale": 1.7754404292223496, "rgb": "#000000", "zyx": [8, 49, 55]}