{"p": 0.0, "barbin": 3, "corr": 0.2372274398803711, "timescale": 7.002137436471044, "rgb": "#000000", "zyx": [14, 35, 30]}