{"p": 0.307, "barbin": 0, "corr": 0.014981097541749477, "timescale": 4.276836341704843, "rgb": "#000000", "zyx": [13, 30, 39]}