{"p": 0.126, "barbin": 0, "corr": 0.0684615969657898, "timescale": 5.6698820847178295, "rgb": "#000000", "zyx": [4, 71, 34]}