{"p": 0.104, "barbin": 0, "corr": 0.07317671179771423, "timescale": 6.619166111681648, "rgb": "#000000", "zyx": [13, 24, 41]}