{"p": 0.122, "barbin": 0, "corr": 0.020258942618966103, "timescale": 6.770310501834745, "rgb": "#000000", "zyx": [10, 79, 46]}