{"p": 0.0, "barbin": 4, "corr": 0.2527088522911072, "timescale": 7.411703991895146, "rgb": "#000000", "zyx": [20, 40, 67]}