{"p": 0.225, "barbin": 0, "corr": 0.042310383170843124, "timescale": 4.625916700546495, "rgb": "#000000", "zyx": [2, 60, 29]}