{"p": 0.049, "barbin": 0, "corr": 0.09766771644353867, "timescale": 6.684049019839942, "rgb": "#000000", "zyx": [15, 41, 37]}