{"p": 0.618, "barbin": 0, "corr": -0.008678663522005081, "timescale": 3.7335196277367113, "rgb": "#000000", "zyx": [2, 87, 37]}