{"p": 0.399, "barbin": 0, "corr": 0.012924271635711193, "timescale": 2.8943404151116887, "rgb": "#000000", "zyx": [14, 42, 37]}