{"p": 0.001, "barbin": 2, "corr": 0.16616883873939514, "timescale": 5.866539482240055, "rgb": "#000000", "zyx": [9, 73, 70]}