{"p": 0.444, "barbin": 0, "corr": 0.0013999133370816708, "timescale": 1.6781086006291246, "rgb": "#000000", "zyx": [11, 27, 54]}