{"p": 0.115, "barbin": 0, "corr": 0.06998073309659958, "timescale": 1.5869547370032844, "rgb": "#000000", "zyx": [10, 52, 54]}