{"p": 0.652, "barbin": 0, "corr": -0.0014934530481696129, "timescale": 4.749946982941134, "rgb": "#000000", "zyx": [4, 91, 44]}