{"p": 0.174, "barbin": 0, "corr": 0.05498946085572243, "timescale": 6.8384640283604075, "rgb": "#000000", "zyx": [22, 52, 32]}