{"p": 0.0, "barbin": 2, "corr": 0.1855868697166443, "timescale": 7.272782891173304, "rgb": "#000000", "zyx": [25, 38, 55]}