{"p": 0.019, "barbin": 1, "corr": 0.1165664866566658, "timescale": 7.05604431624242, "rgb": "#000000", "zyx": [25, 51, 55]}