{"p": 0.474, "barbin": 0, "corr": 0.005348464008420706, "timescale": 5.04592191264105, "rgb": "#000000", "zyx": [6, 50, 24]}