{"p": 0.999, "barbin": 0, "corr": -0.1371031105518341, "timescale": 2.584962500721156, "rgb": "#000000", "zyx": [25, 42, 52]}