{"p": 0.711, "barbin": 0, "corr": -0.027271922677755356, "timescale": 5.259739709846895, "rgb": "#000000", "zyx": [1, 81, 49]}