{"p": 0.684, "barbin": 0, "corr": -0.02438816800713539, "timescale": 5.924505934352917, "rgb": "#000000", "zyx": [19, 60, 36]}