{"p": 0.441, "barbin": 0, "corr": 0.008930289186537266, "timescale": 4.583994072809341, "rgb": "#000000", "zyx": [11, 52, 66]}