{"p": 0.246, "barbin": 0, "corr": 0.038318317383527756, "timescale": 7.597092139016718, "rgb": "#000000", "zyx": [8, 50, 71]}