{"p": 0.447, "barbin": 0, "corr": 0.0018324877601116896, "timescale": 8.541696705225773, "rgb": "#000000", "zyx": [11, 58, 30]}