{"p": 1.0, "barbin": 0, "corr": -0.18700334429740906, "timescale": 5.908308831291839, "rgb": "#000000", "zyx": [15, 71, 39]}