{"p": 0.839, "barbin": 0, "corr": -0.057278506457805634, "timescale": 5.60602026300869, "rgb": "#000000", "zyx": [15, 30, 40]}