{"p": 0.988, "barbin": 0, "corr": -0.12804605066776276, "timescale": 4.723455091115655, "rgb": "#000000", "zyx": [18, 80, 74]}