{"p": 0.005, "barbin": 1, "corr": 0.11654110997915268, "timescale": 6.813259379249832, "rgb": "#000000", "zyx": [21, 57, 40]}