{"p": 0.193, "barbin": 0, "corr": 0.04633362218737602, "timescale": 4.189563024767431, "rgb": "#000000", "zyx": [10, 65, 42]}