{"p": 0.27, "barbin": 0, "corr": 0.042060721665620804, "timescale": 3.2470607149707287, "rgb": "#000000", "zyx": [7, 42, 63]}