{"p": 0.309, "barbin": 0, "corr": 0.01409198995679617, "timescale": 5.520474946640213, "rgb": "#000000", "zyx": [10, 45, 55]}