{"p": 0.936, "barbin": 0, "corr": -0.09228657931089401, "timescale": 4.584962500721156, "rgb": "#000000", "zyx": [3, 92, 42]}