{"p": 0.248, "barbin": 0, "corr": 0.028097186237573624, "timescale": 4.866954789344021, "rgb": "#000000", "zyx": [7, 52, 59]}