{"p": 0.726, "barbin": 0, "corr": -0.026963969692587852, "timescale": 2.5855884359621744, "rgb": "#000000", "zyx": [21, 78, 50]}