{"p": 0.378, "barbin": 0, "corr": 0.01763009838759899, "timescale": 5.559579559127592, "rgb": "#000000", "zyx": [9, 44, 77]}