{"p": 0.666, "barbin": 0, "corr": -0.01472096424549818, "timescale": 4.6289156203986, "rgb": "#000000", "zyx": [23, 31, 41]}