{"p": 0.531, "barbin": 0, "corr": -0.004658329300582409, "timescale": 1.5892438279943881, "rgb": "#000000", "zyx": [14, 69, 71]}