{"p": 0.0, "barbin": 3, "corr": 0.2169785052537918, "timescale": 6.684722543063975, "rgb": "#000000", "zyx": [20, 64, 33]}