{"p": 0.564, "barbin": 0, "corr": -0.005844127386808395, "timescale": 4.499658839341275, "rgb": "#000000", "zyx": [15, 57, 77]}