{"p": 0.778, "barbin": 0, "corr": -0.028400221839547157, "timescale": 7.584962480199144, "rgb": "#000000", "zyx": [9, 30, 33]}