{"p": 0.654, "barbin": 0, "corr": -0.024320438504219055, "timescale": 6.557108602883379, "rgb": "#000000", "zyx": [22, 74, 45]}