{"p": 0.0, "barbin": 3, "corr": 0.21532559394836426, "timescale": 6.560632496237429, "rgb": "#000000", "zyx": [9, 70, 48]}