{"p": 0.592, "barbin": 0, "corr": -0.01187497191131115, "timescale": 1.585792343411359, "rgb": "#000000", "zyx": [14, 71, 39]}