{"p": 0.579, "barbin": 0, "corr": -0.01053701527416706, "timescale": 6.453125022217012, "rgb": "#000000", "zyx": [7, 87, 46]}