{"p": 0.075, "barbin": 0, "corr": 0.06174810975790024, "timescale": 5.242735667112534, "rgb": "#000000", "zyx": [13, 18, 53]}