{"p": 0.122, "barbin": 0, "corr": 0.03869437426328659, "timescale": 7.541968802933792, "rgb": "#000000", "zyx": [1, 46, 35]}