{"p": 0.15, "barbin": 0, "corr": 0.04358367621898651, "timescale": 5.959334253419358, "rgb": "#000000", "zyx": [2, 78, 48]}