{"p": 0.015, "barbin": 1, "corr": 0.12634612619876862, "timescale": 8.570455971967238, "rgb": "#000000", "zyx": [7, 43, 56]}