{"p": 0.13, "barbin": 0, "corr": 0.06341831386089325, "timescale": 6.135164704544705, "rgb": "#000000", "zyx": [21, 44, 53]}