{"p": 0.0, "barbin": 3, "corr": 0.23332364857196808, "timescale": 6.840462326465667, "rgb": "#000000", "zyx": [12, 33, 64]}