{"p": 0.81, "barbin": 0, "corr": -0.004989849403500557, "timescale": 1.5860894228057578, "rgb": "#000000", "zyx": [3, 78, 28]}