{"p": 0.185, "barbin": 0, "corr": 0.05312202498316765, "timescale": 7.9074183115401135, "rgb": "#000000", "zyx": [14, 63, 42]}