{"p": 1.0, "barbin": 0, "corr": -0.1015961691737175, "timescale": 7.4521155323374035, "rgb": "#000000", "zyx": [23, 68, 38]}