{"p": 0.627, "barbin": 0, "corr": -0.016355417668819427, "timescale": 8.58058730842065, "rgb": "#000000", "zyx": [5, 75, 79]}