{"p": 0.064, "barbin": 0, "corr": 0.08231385052204132, "timescale": 5.458153136849103, "rgb": "#000000", "zyx": [14, 83, 55]}