{"p": 0.023, "barbin": 1, "corr": 0.1075834184885025, "timescale": 7.741413609697134, "rgb": "#000000", "zyx": [5, 48, 67]}