{"p": 0.014, "barbin": 1, "corr": 0.10390108078718185, "timescale": 5.979022841833076, "rgb": "#000000", "zyx": [25, 62, 54]}