{"p": 0.0, "barbin": 4, "corr": 0.29451677203178406, "timescale": 7.49073748891424, "rgb": "#000000", "zyx": [19, 54, 35]}