{"p": 0.911, "barbin": 0, "corr": -0.06960057467222214, "timescale": 6.172645634720063, "rgb": "#000000", "zyx": [20, 48, 32]}