{"p": 0.309, "barbin": 0, "corr": 0.02513260953128338, "timescale": 6.040963190424355, "rgb": "#000000", "zyx": [8, 43, 45]}