{"timescalecorr": 0.004041407257318497, "corr_listening": -0.04217112436890602, "corr_reading": 0.04070056974887848, "p_listening": 0.749, "p_reading": 0.249, "barbin": 0, "rgb": "#000000", "zyx": [16, 16, 53]}