{"timescalecorr": 0.9365969300270081, "corr_listening": 0.03328394889831543, "corr_reading": -0.036489591002464294, "p_listening": 0.263, "p_reading": 0.838, "barbin": 0, "rgb": "#000000", "zyx": [17, 63, 45]}