{"timescalecorr": 0.0, "corr_listening": 0.017710696905851364, "corr_reading": 0.006661281455308199, "p_listening": 0.332, "p_reading": 0.185, "barbin": 0, "rgb": "#000000", "zyx": [6, 67, 49]}