{"timescalecorr": 2.1116719484126634e-09, "corr_listening": 0.0711958035826683, "corr_reading": -0.09560386091470718, "p_listening": 0.1, "p_reading": 0.96, "barbin": 0, "rgb": "#000000", "zyx": [4, 65, 25]}