{"timescalecorr": 0.005953150801360607, "corr_listening": 0.12037613987922668, "corr_reading": 0.016684288159012794, "p_listening": 0.021, "p_reading": 0.374, "barbin": 0, "rgb": "#000000", "zyx": [23, 63, 64]}