{"timescalecorr": 0.0631272941827774, "corr_listening": -0.017499929293990135, "corr_reading": -0.07186286896467209, "p_listening": 0.619, "p_reading": 0.886, "barbin": 0, "rgb": "#000000", "zyx": [19, 35, 56]}