{"timescalecorr": 0.0011013158364221454, "corr_listening": 0.02523171901702881, "corr_reading": -0.0008170331711880863, "p_listening": 0.113, "p_reading": 0.514, "barbin": 0, "rgb": "#000000", "zyx": [16, 63, 67]}