{"timescalecorr": 0.0015574422432109714, "corr_listening": 0.02501988224685192, "corr_reading": 0.02131241373717785, "p_listening": 0.308, "p_reading": 0.344, "barbin": 0, "rgb": "#000000", "zyx": [10, 34, 69]}