{"timescalecorr": 0.8486024141311646, "corr_listening": 0.06261087954044342, "corr_reading": -0.06412854045629501, "p_listening": 0.071, "p_reading": 0.851, "barbin": 0, "rgb": "#000000", "zyx": [15, 75, 72]}