{"timescalecorr": 0.9680936336517334, "corr_listening": 0.018672063946723938, "corr_reading": 0.04568497836589813, "p_listening": 0.35, "p_reading": 0.234, "barbin": 0, "rgb": "#000000", "zyx": [6, 57, 70]}