{"timescalecorr": 0.014276072382926941, "corr_listening": -0.06385301798582077, "corr_reading": 0.036076366901397705, "p_listening": 0.838, "p_reading": 0.169, "barbin": 0, "rgb": "#000000", "zyx": [3, 53, 44]}