{"timescalecorr": 0.04373025521636009, "corr_listening": 0.023164696991443634, "corr_reading": 0.12377790361642838, "p_listening": 0.351, "p_reading": 0.0, "barbin": 0, "rgb": "#000000", "zyx": [14, 75, 56]}