{"timescalecorr": 0.0, "corr_listening": -0.0497974194586277, "corr_reading": 0.034015167504549026, "p_listening": 0.822, "p_reading": 0.274, "barbin": 0, "rgb": "#000000", "zyx": [25, 37, 57]}