{"timescalecorr": 0.5841739773750305, "corr_listening": 0.0002085922606056556, "corr_reading": 0.01773848943412304, "p_listening": 0.319, "p_reading": 0.347, "barbin": 0, "rgb": "#000000", "zyx": [12, 70, 60]}