{"timescalecorr": 0.0, "corr_listening": -0.07027576863765717, "corr_reading": -0.0060158949345350266, "p_listening": 0.888, "p_reading": 0.544, "barbin": 0, "rgb": "#000000", "zyx": [0, 90, 58]}