{"timescalecorr": 0.004834851250052452, "corr_listening": -0.06667811423540115, "corr_reading": -0.10715489834547043, "p_listening": 0.873, "p_reading": 0.969, "barbin": 0, "rgb": "#000000", "zyx": [14, 61, 26]}