{"timescalecorr": 0.001062573166564107, "corr_listening": 0.1385168582201004, "corr_reading": 0.00295842532068491, "p_listening": 0.011, "p_reading": 0.37, "barbin": 0, "rgb": "#000000", "zyx": [18, 52, 49]}