{"timescalecorr": 0.0008928003953769803, "corr_listening": 0.14402742683887482, "corr_reading": 0.02992849610745907, "p_listening": 0.0, "p_reading": 0.293, "barbin": 0, "rgb": "#000000", "zyx": [10, 54, 78]}