{"timescalecorr": 0.0048425751738250256, "corr_listening": 0.11746421456336975, "corr_reading": 0.04907149076461792, "p_listening": 0.019, "p_reading": 0.221, "barbin": 0, "rgb": "#000000", "zyx": [22, 39, 42]}