{"timescalecorr": 0.09661218523979187, "corr_listening": 0.0007763980538584292, "corr_reading": -0.0457611158490181, "p_listening": 0.006, "p_reading": 0.797, "barbin": 0, "rgb": "#000000", "zyx": [1, 89, 55]}