{"timescalecorr": 0.014457029290497303, "corr_listening": -0.00913306139409542, "corr_reading": -0.014317632652819157, "p_listening": 0.58, "p_reading": 0.614, "barbin": 0, "rgb": "#000000", "zyx": [10, 27, 34]}