{"timescalecorr": 0.008645152673125267, "corr_listening": 0.05088917911052704, "corr_reading": 0.0052343872375786304, "p_listening": 0.136, "p_reading": 0.382, "barbin": 0, "rgb": "#000000", "zyx": [9, 81, 76]}