{"timescalecorr": 0.011440855450928211, "corr_listening": 0.09503819793462753, "corr_reading": 0.07981006801128387, "p_listening": 0.048, "p_reading": 0.091, "barbin": 0, "rgb": "#000000", "zyx": [3, 66, 69]}