{"timescalecorr": 0.0, "corr_listening": -0.008229140192270279, "corr_reading": -0.05762667581439018, "p_listening": 0.539, "p_reading": 0.829, "barbin": 0, "rgb": "#000000", "zyx": [6, 43, 65]}