{"timescalecorr": 0.00033006834564730525, "corr_listening": -0.04510892555117607, "corr_reading": 0.0019250729819759727, "p_listening": 0.896, "p_reading": 0.472, "barbin": 0, "rgb": "#000000", "zyx": [9, 47, 55]}