{"timescalecorr": 0.0, "corr_listening": -0.00042561700684018433, "corr_reading": 0.061804648488759995, "p_listening": 0.533, "p_reading": 0.125, "barbin": 0, "rgb": "#000000", "zyx": [3, 66, 62]}