{"timescalecorr": 1.4173747331369668e-07, "corr_listening": 0.11350580304861069, "corr_reading": 0.04255138337612152, "p_listening": 0.001, "p_reading": 0.18, "barbin": 0, "rgb": "#000000", "zyx": [10, 75, 61]}