{"timescalecorr": 0.0007201972766779363, "corr_listening": 0.01061257254332304, "corr_reading": 0.024356266483664513, "p_listening": 0.414, "p_reading": 0.352, "barbin": 0, "rgb": "#000000", "zyx": [2, 92, 61]}