{"timescalecorr": 0.04871579632163048, "corr_listening": -0.04269721359014511, "corr_reading": 0.09812745451927185, "p_listening": 0.76, "p_reading": 0.027, "barbin": 0, "rgb": "#000000", "zyx": [18, 72, 40]}