{"timescalecorr": 0.06021641567349434, "corr_listening": -0.004585166461765766, "corr_reading": 0.09385766834020615, "p_listening": 0.559, "p_reading": 0.044, "barbin": 0, "rgb": "#000000", "zyx": [11, 34, 69]}