{"timescalecorr": 0.0, "corr_listening": 0.013918336480855942, "corr_reading": 0.013555286452174187, "p_listening": 0.214, "p_reading": 0.397, "barbin": 0, "rgb": "#000000", "zyx": [18, 65, 45]}