{"timescalecorr": 0.044829756021499634, "corr_listening": 0.043796829879283905, "corr_reading": 0.13160651922225952, "p_listening": 0.198, "p_reading": 0.013, "barbin": 0, "rgb": "#000000", "zyx": [19, 44, 38]}