{"timescalecorr": 0.625036358833313, "corr_listening": 0.3146503269672394, "corr_reading": 0.04819785803556442, "p_listening": 0.0, "p_reading": 0.208, "barbin": 2, "rgb": "#000000", "zyx": [19, 44, 47]}