{"timescalecorr": 0.5998375415802002, "corr_listening": -0.002826954470947385, "corr_reading": 0.13682414591312408, "p_listening": 0.522, "p_reading": 0.0, "barbin": 0, "rgb": "#000000", "zyx": [8, 80, 31]}