{"timescalecorr": 2.962960707009188e-06, "corr_listening": 0.03646080195903778, "corr_reading": -0.021003108471632004, "p_listening": 0.182, "p_reading": 0.661, "barbin": 0, "rgb": "#000000", "zyx": [22, 25, 57]}