{"timescalecorr": 0.00010425981599837542, "corr_listening": -0.010676190257072449, "corr_reading": -0.0351807102560997, "p_listening": 0.597, "p_reading": 0.713, "barbin": 0, "rgb": "#000000", "zyx": [10, 23, 47]}