{"timescalecorr": 0.11700315028429031, "corr_listening": 0.0746440514922142, "corr_reading": 0.07666637003421783, "p_listening": 0.102, "p_reading": 0.086, "barbin": 0, "rgb": "#000000", "zyx": [18, 89, 63]}