{"timescalecorr": 6.652827733155675e-10, "corr_listening": -0.0740664079785347, "corr_reading": 0.04143213853240013, "p_listening": 0.891, "p_reading": 0.228, "barbin": 0, "rgb": "#000000", "zyx": [8, 74, 37]}