{"timescalecorr": 9.208315896103159e-05, "corr_listening": -0.0379081554710865, "corr_reading": 0.02370586432516575, "p_listening": 0.959, "p_reading": 0.089, "barbin": 0, "rgb": "#000000", "zyx": [13, 64, 74]}