{"timescalecorr": 0.0012660889187827706, "corr_listening": 0.019418250769376755, "corr_reading": -0.007108635269105434, "p_listening": 0.365, "p_reading": 0.545, "barbin": 0, "rgb": "#000000", "zyx": [17, 37, 55]}