{"timescalecorr": 0.0036580520682036877, "corr_listening": -0.04561722278594971, "corr_reading": -0.07784097641706467, "p_listening": 0.796, "p_reading": 0.989, "barbin": 0, "rgb": "#000000", "zyx": [9, 88, 50]}