{"timescalecorr": 0.41306379437446594, "corr_listening": 0.030884454026818275, "corr_reading": 0.011030256748199463, "p_listening": 0.194, "p_reading": 0.434, "barbin": 0, "rgb": "#000000", "zyx": [10, 65, 80]}