{"timescalecorr": 0.4867481291294098, "corr_listening": 0.1365228146314621, "corr_reading": -0.022886214777827263, "p_listening": 0.007, "p_reading": 0.658, "barbin": 0, "rgb": "#000000", "zyx": [21, 65, 62]}