{"timescalecorr": 0.2677457928657532, "corr_listening": 0.023007508367300034, "corr_reading": -0.028767699375748634, "p_listening": 0.192, "p_reading": 0.696, "barbin": 0, "rgb": "#000000", "zyx": [21, 80, 51]}