{"timescalecorr": NaN, "corr_listening": -0.08960116654634476, "corr_reading": -0.00833550188690424, "p_listening": 0.932, "p_reading": 0.66, "barbin": 0, "rgb": "#000000", "zyx": [7, 68, 70]}