{"timescalecorr": 0.2753868103027344, "corr_listening": 0.026584923267364502, "corr_reading": -0.0019920431077480316, "p_listening": 0.325, "p_reading": 0.672, "barbin": 0, "rgb": "#000000", "zyx": [9, 80, 67]}