{"timescalecorr": 1.4687655493617058e-05, "corr_listening": -0.013109937310218811, "corr_reading": 0.06541277468204498, "p_listening": 0.589, "p_reading": 0.117, "barbin": 0, "rgb": "#000000", "zyx": [17, 60, 41]}