{"timescalecorr": 0.7043970823287964, "corr_listening": 0.038083698600530624, "corr_reading": -0.00602762820199132, "p_listening": 0.275, "p_reading": 0.544, "barbin": 0, "rgb": "#000000", "zyx": [16, 59, 24]}