{"timescalecorr": 3.1243919238477247e-06, "corr_listening": -0.06248073652386665, "corr_reading": 0.020505765452980995, "p_listening": 0.868, "p_reading": 0.373, "barbin": 0, "rgb": "#000000", "zyx": [15, 86, 34]}