{"timescalecorr": 0.0009626420796848834, "corr_listening": 0.029178578406572342, "corr_reading": 0.06210900470614433, "p_listening": 0.309, "p_reading": 0.152, "barbin": 0, "rgb": "#000000", "zyx": [23, 63, 46]}