{"timescalecorr": 0.06903161108493805, "corr_listening": 0.009406514465808868, "corr_reading": -0.014064534567296505, "p_listening": 0.484, "p_reading": 0.674, "barbin": 0, "rgb": "#000000", "zyx": [10, 40, 34]}