{"timescalecorr": 0.43394044041633606, "corr_listening": 0.2070007622241974, "corr_reading": 0.13361859321594238, "p_listening": 0.0, "p_reading": 0.017, "barbin": 2, "rgb": "#000000", "zyx": [15, 83, 54]}