{"timescalecorr": 0.917986273765564, "corr_listening": -0.010919014923274517, "corr_reading": 0.12116619944572449, "p_listening": 0.879, "p_reading": 0.012, "barbin": 0, "rgb": "#000000", "zyx": [10, 89, 53]}