{"timescalecorr": 2.6906237238222275e-09, "corr_listening": 0.09217607975006104, "corr_reading": -0.039755046367645264, "p_listening": 0.064, "p_reading": 0.822, "barbin": 0, "rgb": "#000000", "zyx": [8, 42, 76]}