{"timescalecorr": 0.8083449602127075, "corr_listening": 0.020246105268597603, "corr_reading": 0.034201450645923615, "p_listening": 0.048, "p_reading": 0.227, "barbin": 0, "rgb": "#000000", "zyx": [8, 53, 48]}