{"timescalecorr": 0.055285416543483734, "corr_listening": -0.0004892918514087796, "corr_reading": 0.08937417715787888, "p_listening": 0.657, "p_reading": 0.064, "barbin": 0, "rgb": "#000000", "zyx": [12, 60, 49]}