{"timescalecorr": 0.046601057052612305, "corr_listening": 0.01255694031715393, "corr_reading": 0.04866797849535942, "p_listening": 0.427, "p_reading": 0.225, "barbin": 0, "rgb": "#000000", "zyx": [11, 27, 32]}