{"timescalecorr": 0.9940171837806702, "corr_listening": 0.011056571267545223, "corr_reading": 0.015611485578119755, "p_listening": 0.41, "p_reading": 0.369, "barbin": 0, "rgb": "#000000", "zyx": [20, 46, 32]}