{"timescalecorr": 0.9474387168884277, "corr_listening": 0.2631291449069977, "corr_reading": 0.11423863470554352, "p_listening": 0.0, "p_reading": 0.015, "barbin": 2, "rgb": "#000000", "zyx": [14, 70, 52]}