{"timescalecorr": 0.00013679766561836004, "corr_listening": -0.015800664201378822, "corr_reading": 0.1627834588289261, "p_listening": 0.614, "p_reading": 0.001, "barbin": 0, "rgb": "#000000", "zyx": [15, 41, 34]}