{"timescalecorr": 0.0049154916778206825, "corr_listening": 0.12157004326581955, "corr_reading": 0.08725883066654205, "p_listening": 0.024, "p_reading": 0.071, "barbin": 1, "rgb": "#000000", "zyx": [15, 68, 53]}