{"timescalecorr": 0.042578935623168945, "corr_listening": -0.07907193899154663, "corr_reading": 0.0018705918919295073, "p_listening": 0.915, "p_reading": 0.412, "barbin": 0, "rgb": "#000000", "zyx": [25, 65, 62]}