{"timescalecorr": 0.046609219163656235, "corr_listening": 0.023228880017995834, "corr_reading": 0.07695791125297546, "p_listening": 0.339, "p_reading": 0.081, "barbin": 0, "rgb": "#000000", "zyx": [18, 28, 64]}