{"timescalecorr": 0.02409910038113594, "corr_listening": -0.04558684304356575, "corr_reading": 0.1459277868270874, "p_listening": 0.808, "p_reading": 0.007, "barbin": 0, "rgb": "#000000", "zyx": [6, 58, 35]}