{"timescalecorr": 0.0006311823963187635, "corr_listening": -0.012154961936175823, "corr_reading": -0.02387375570833683, "p_listening": 0.571, "p_reading": 0.675, "barbin": 0, "rgb": "#000000", "zyx": [14, 56, 25]}