{"timescalecorr": 1.7540042245523532e-28, "corr_listening": 0.002396744443103671, "corr_reading": 0.011853651143610477, "p_listening": 0.489, "p_reading": 0.404, "barbin": 0, "rgb": "#000000", "zyx": [13, 64, 36]}