{"timescalecorr": 0.006748375948518515, "corr_listening": 0.14925611019134521, "corr_reading": 0.011569088324904442, "p_listening": 0.006, "p_reading": 0.235, "barbin": 0, "rgb": "#000000", "zyx": [5, 85, 45]}