{"timescalecorr": 0.37421202659606934, "corr_listening": 0.02375713735818863, "corr_reading": 0.10557960718870163, "p_listening": 0.323, "p_reading": 0.038, "barbin": 0, "rgb": "#000000", "zyx": [10, 67, 32]}