{"timescalecorr": 0.000542040157597512, "corr_listening": 0.06520020216703415, "corr_reading": 0.001876204856671393, "p_listening": 0.105, "p_reading": 0.289, "barbin": 0, "rgb": "#000000", "zyx": [7, 77, 47]}