{"timescalecorr": 1.040422716869216e-07, "corr_listening": 0.0015740066301077604, "corr_reading": 0.05550926923751831, "p_listening": 0.12, "p_reading": 0.14, "barbin": 0, "rgb": "#000000", "zyx": [15, 25, 68]}