{"timescalecorr": 0.12085855007171631, "corr_listening": 0.002283708890900016, "corr_reading": 0.015360340476036072, "p_listening": 0.448, "p_reading": 0.404, "barbin": 0, "rgb": "#000000", "zyx": [13, 31, 75]}