{"timescalecorr": 0.13802331686019897, "corr_listening": -0.0023339353501796722, "corr_reading": 0.037207458168268204, "p_listening": 0.601, "p_reading": 0.122, "barbin": 0, "rgb": "#000000", "zyx": [2, 74, 31]}