{"timescalecorr": 0.5100131630897522, "corr_listening": 0.43059149384498596, "corr_reading": 0.10430426895618439, "p_listening": 0.0, "p_reading": 0.026, "barbin": 4, "rgb": "#000000", "zyx": [4, 75, 76]}