{"timescalecorr": 0.040735017508268356, "corr_listening": -0.005097666755318642, "corr_reading": 0.018087251111865044, "p_listening": 0.539, "p_reading": 0.383, "barbin": 0, "rgb": "#000000", "zyx": [18, 71, 36]}