{"timescalecorr": 0.06252745538949966, "corr_listening": 0.13440823554992676, "corr_reading": -0.021109065040946007, "p_listening": 0.006, "p_reading": 0.644, "barbin": 0, "rgb": "#000000", "zyx": [20, 27, 50]}