{"timescalecorr": 8.194708789233118e-05, "corr_listening": 0.00426243431866169, "corr_reading": 0.05909402295947075, "p_listening": 0.44, "p_reading": 0.138, "barbin": 0, "rgb": "#000000", "zyx": [18, 68, 40]}