{"timescalecorr": 5.474247245729202e-06, "corr_listening": 0.06272327154874802, "corr_reading": -0.01805022731423378, "p_listening": 0.0, "p_reading": 0.601, "barbin": 0, "rgb": "#000000", "zyx": [11, 56, 52]}