{"timescalecorr": 0.004315180238336325, "corr_listening": 0.06969547271728516, "corr_reading": -0.10767072439193726, "p_listening": 0.138, "p_reading": 0.997, "barbin": 0, "rgb": "#000000", "zyx": [21, 61, 34]}