{"timescalecorr": 1.852091918408405e-05, "corr_listening": 0.06353059411048889, "corr_reading": 0.009437240660190582, "p_listening": 0.136, "p_reading": 0.349, "barbin": 0, "rgb": "#000000", "zyx": [14, 82, 43]}