{"timescalecorr": 0.4282504916191101, "corr_listening": -0.06760793924331665, "corr_reading": -0.01857679709792137, "p_listening": 0.881, "p_reading": 0.625, "barbin": 0, "rgb": "#000000", "zyx": [13, 45, 24]}