{"timescalecorr": 0.0001710296346573159, "corr_listening": 0.054115016013383865, "corr_reading": -0.0896567851305008, "p_listening": 0.179, "p_reading": 0.943, "barbin": 0, "rgb": "#000000", "zyx": [1, 91, 44]}