{"timescalecorr": 0.35789498686790466, "corr_listening": 0.17097289860248566, "corr_reading": 0.07546965777873993, "p_listening": 0.0, "p_reading": 0.1, "barbin": 1, "rgb": "#000000", "zyx": [9, 67, 34]}