{"timescalecorr": 4.0675975897078064e-19, "corr_listening": 0.006100486032664776, "corr_reading": -0.020859166979789734, "p_listening": 0.349, "p_reading": 0.64, "barbin": 0, "rgb": "#000000", "zyx": [1, 84, 57]}