{"timescalecorr": 0.6877557039260864, "corr_listening": -0.03804211691021919, "corr_reading": -0.049196142703294754, "p_listening": 0.782, "p_reading": 0.863, "barbin": 0, "rgb": "#000000", "zyx": [0, 87, 41]}