{"timescalecorr": 0.3225117623806, "corr_listening": 0.11346276849508286, "corr_reading": 0.17151585221290588, "p_listening": 0.019, "p_reading": 0.001, "barbin": 1, "rgb": "#000000", "zyx": [16, 43, 69]}