{"timescalecorr": 0.01665334589779377, "corr_listening": 0.0006320837419480085, "corr_reading": 0.027914756909012794, "p_listening": 0.477, "p_reading": 0.259, "barbin": 0, "rgb": "#000000", "zyx": [2, 86, 64]}