{"timescalecorr": 3.5664528695633635e-05, "corr_listening": 0.011682932265102863, "corr_reading": 0.006503330543637276, "p_listening": 0.432, "p_reading": 0.189, "barbin": 0, "rgb": "#000000", "zyx": [8, 84, 58]}