{"timescalecorr": 0.12278766930103302, "corr_listening": 0.026755910366773605, "corr_reading": 0.07634875178337097, "p_listening": 0.282, "p_reading": 0.0, "barbin": 0, "rgb": "#000000", "zyx": [3, 90, 58]}