{"timescalecorr": 0.0004142164543736726, "corr_listening": -0.03268533945083618, "corr_reading": 0.02145366370677948, "p_listening": 0.725, "p_reading": 0.342, "barbin": 0, "rgb": "#000000", "zyx": [26, 45, 54]}