{"timescalecorr": 8.434362583353838e-12, "corr_listening": -0.07680518180131912, "corr_reading": 0.04790294170379639, "p_listening": 0.884, "p_reading": 0.116, "barbin": 0, "rgb": "#000000", "zyx": [10, 70, 58]}