{"timescalecorr": 0.2845475971698761, "corr_listening": -0.00420021265745163, "corr_reading": -0.04033322259783745, "p_listening": 0.497, "p_reading": 0.779, "barbin": 0, "rgb": "#000000", "zyx": [3, 59, 32]}