{"timescalecorr": 0.0014232674147933722, "corr_listening": 0.01976136676967144, "corr_reading": 0.043852295726537704, "p_listening": 0.373, "p_reading": 0.222, "barbin": 0, "rgb": "#000000", "zyx": [14, 62, 48]}