{"timescalecorr": 0.756270706653595, "corr_listening": 0.0860428586602211, "corr_reading": 0.11902239173650742, "p_listening": 0.061, "p_reading": 0.01, "barbin": 1, "rgb": "#000000", "zyx": [5, 65, 34]}