{"timescalecorr": 0.9106820225715637, "corr_listening": -0.09546566009521484, "corr_reading": -0.025692956522107124, "p_listening": 0.96, "p_reading": 0.803, "barbin": 0, "rgb": "#000000", "zyx": [5, 50, 63]}