{"timescalecorr": 0.09551777690649033, "corr_listening": 0.05367995798587799, "corr_reading": -0.11461657285690308, "p_listening": 0.094, "p_reading": 0.974, "barbin": 0, "rgb": "#000000", "zyx": [13, 84, 56]}