{"timescalecorr": 0.0, "corr_listening": -0.06718061119318008, "corr_reading": -0.0021905009634792805, "p_listening": 0.922, "p_reading": 0.491, "barbin": 0, "rgb": "#000000", "zyx": [12, 63, 77]}