{"timescalecorr": 0.0001593993220012635, "corr_listening": 0.07507732510566711, "corr_reading": -0.1553668975830078, "p_listening": 0.051, "p_reading": 1.0, "barbin": 0, "rgb": "#000000", "zyx": [7, 47, 33]}