{"timescalecorr": 2.2951552117178586e-11, "corr_listening": -0.007155958563089371, "corr_reading": -0.016682542860507965, "p_listening": 0.545, "p_reading": 0.949, "barbin": 0, "rgb": "#000000", "zyx": [6, 59, 50]}