{"timescalecorr": 3.1493993610937077e-12, "corr_listening": 0.08522948622703552, "corr_reading": -0.06300213187932968, "p_listening": 0.064, "p_reading": 0.884, "barbin": 0, "rgb": "#000000", "zyx": [6, 65, 43]}