{"timescalecorr": 5.3863674111198634e-05, "corr_listening": -0.024327369406819344, "corr_reading": 0.009981258772313595, "p_listening": 0.685, "p_reading": 0.418, "barbin": 0, "rgb": "#000000", "zyx": [5, 57, 68]}