{"timescalecorr": 0.2681996524333954, "corr_listening": -0.019656429067254066, "corr_reading": 0.041816700249910355, "p_listening": 0.845, "p_reading": 0.176, "barbin": 0, "rgb": "#000000", "zyx": [25, 73, 49]}