{"timescalecorr": 0.0, "corr_listening": 0.09454156458377838, "corr_reading": -0.057524532079696655, "p_listening": 0.06, "p_reading": 0.855, "barbin": 0, "rgb": "#000000", "zyx": [13, 38, 47]}