{"timescalecorr": 0.42958977818489075, "corr_listening": -0.04438859596848488, "corr_reading": -0.0950637087225914, "p_listening": 0.806, "p_reading": 0.953, "barbin": 0, "rgb": "#000000", "zyx": [10, 23, 35]}