{"timescalecorr": 0.04993800073862076, "corr_listening": 0.16309651732444763, "corr_reading": 0.10662074387073517, "p_listening": 0.0, "p_reading": 0.034, "barbin": 1, "rgb": "#000000", "zyx": [22, 38, 51]}