{"timescalecorr": 0.06117383390665054, "corr_listening": 0.02609851211309433, "corr_reading": 0.11945433169603348, "p_listening": 0.313, "p_reading": 0.012, "barbin": 0, "rgb": "#000000", "zyx": [26, 48, 60]}