{"timescalecorr": 4.279071959641849e-15, "corr_listening": -0.055141206830739975, "corr_reading": 0.1353701651096344, "p_listening": 0.83, "p_reading": 0.012, "barbin": 0, "rgb": "#000000", "zyx": [9, 61, 60]}