{"timescalecorr": 0.0003666502016130835, "corr_listening": -0.01461011916399002, "corr_reading": 0.0348973274230957, "p_listening": 0.605, "p_reading": 0.208, "barbin": 0, "rgb": "#000000", "zyx": [2, 39, 32]}