{"timescalecorr": 0.0007990265148691833, "corr_listening": 0.04135865718126297, "corr_reading": 0.035139914602041245, "p_listening": 0.246, "p_reading": 0.26, "barbin": 0, "rgb": "#000000", "zyx": [3, 71, 65]}