{"timescalecorr": 0.005014392547309399, "corr_listening": -0.04275156557559967, "corr_reading": -0.0028028946835547686, "p_listening": 0.771, "p_reading": 0.59, "barbin": 0, "rgb": "#000000", "zyx": [16, 62, 67]}