{"timescalecorr": 0.14336779713630676, "corr_listening": 0.08970529586076736, "corr_reading": 0.049764398485422134, "p_listening": 0.038, "p_reading": 0.143, "barbin": 0, "rgb": "#000000", "zyx": [6, 88, 63]}