{"timescalecorr": 6.720679084537551e-05, "corr_listening": -0.0045560202561318874, "corr_reading": 0.10680601745843887, "p_listening": 0.636, "p_reading": 0.034, "barbin": 0, "rgb": "#000000", "zyx": [21, 52, 70]}