{"timescalecorr": 0.10512445122003555, "corr_listening": 0.004290969576686621, "corr_reading": 0.10046589374542236, "p_listening": 0.057, "p_reading": 0.011, "barbin": 0, "rgb": "#000000", "zyx": [5, 87, 52]}