{"timescalecorr": 0.0003021986340172589, "corr_listening": -0.02172265760600567, "corr_reading": 0.007847653701901436, "p_listening": 0.848, "p_reading": 0.473, "barbin": 0, "rgb": "#000000", "zyx": [18, 66, 43]}