{"timescalecorr": 0.6319171786308289, "corr_listening": 0.15509375929832458, "corr_reading": 0.032518867403268814, "p_listening": 0.0, "p_reading": 0.298, "barbin": 0, "rgb": "#000000", "zyx": [25, 56, 65]}