{"timescalecorr": 0.009860706515610218, "corr_listening": -0.015150676481425762, "corr_reading": 0.01750931143760681, "p_listening": 0.586, "p_reading": 0.048, "barbin": 0, "rgb": "#000000", "zyx": [22, 70, 59]}