{"timescalecorr": 2.1169692734912537e-11, "corr_listening": -0.13687528669834137, "corr_reading": 0.05599439516663551, "p_listening": 0.985, "p_reading": 0.17, "barbin": 0, "rgb": "#000000", "zyx": [18, 44, 61]}