{"timescalecorr": 0.14025646448135376, "corr_listening": -0.054227616637945175, "corr_reading": 0.04215032607316971, "p_listening": 0.789, "p_reading": 0.229, "barbin": 0, "rgb": "#000000", "zyx": [17, 76, 61]}