{"timescalecorr": 0.4405647814273834, "corr_listening": -0.07213316857814789, "corr_reading": 0.05732698366045952, "p_listening": 0.937, "p_reading": 0.161, "barbin": 0, "rgb": "#000000", "zyx": [7, 43, 53]}