{"timescalecorr": 0.358430951833725, "corr_listening": 0.029407234862446785, "corr_reading": 0.026883570477366447, "p_listening": 0.22, "p_reading": 0.335, "barbin": 0, "rgb": "#000000", "zyx": [10, 27, 53]}