{"timescalecorr": 3.8794226497884665e-08, "corr_listening": 0.030105626210570335, "corr_reading": -0.008907213807106018, "p_listening": 0.291, "p_reading": 0.54, "barbin": 0, "rgb": "#000000", "zyx": [21, 51, 68]}