{"timescalecorr": 0.9251205325126648, "corr_listening": 0.007817663252353668, "corr_reading": 0.11438998579978943, "p_listening": 0.421, "p_reading": 0.02, "barbin": 0, "rgb": "#000000", "zyx": [23, 67, 70]}