{"timescalecorr": 0.01251649297773838, "corr_listening": 0.0666695311665535, "corr_reading": -0.015996703878045082, "p_listening": 0.068, "p_reading": 0.613, "barbin": 0, "rgb": "#000000", "zyx": [17, 31, 52]}