{"timescalecorr": 0.09713756293058395, "corr_listening": 0.012864398770034313, "corr_reading": -0.16973523795604706, "p_listening": 0.409, "p_reading": 0.997, "barbin": 0, "rgb": "#000000", "zyx": [19, 33, 57]}