{"timescalecorr": 0.8780899047851562, "corr_listening": 0.17569714784622192, "corr_reading": 0.05287632718682289, "p_listening": 0.002, "p_reading": 0.214, "barbin": 1, "rgb": "#000000", "zyx": [24, 58, 50]}