{"timescalecorr": 0.02236759290099144, "corr_listening": -0.06215482950210571, "corr_reading": -0.011212910525500774, "p_listening": 0.863, "p_reading": 0.557, "barbin": 0, "rgb": "#000000", "zyx": [6, 51, 42]}