{"timescalecorr": 0.11032430827617645, "corr_listening": 0.08491212129592896, "corr_reading": -0.06936953961849213, "p_listening": 0.069, "p_reading": 0.88, "barbin": 0, "rgb": "#000000", "zyx": [20, 68, 59]}