{"timescalecorr": 0.32252925634384155, "corr_listening": 0.013824595138430595, "corr_reading": -0.0075733051635324955, "p_listening": 0.326, "p_reading": 0.563, "barbin": 0, "rgb": "#000000", "zyx": [20, 60, 76]}