{"timescalecorr": 0.48771408200263977, "corr_listening": -0.11311178654432297, "corr_reading": -0.0635034590959549, "p_listening": 0.98, "p_reading": 0.864, "barbin": 0, "rgb": "#000000", "zyx": [13, 34, 56]}