{"timescalecorr": 0.0008069400209933519, "corr_listening": 0.07843132317066193, "corr_reading": -0.007230241782963276, "p_listening": 0.084, "p_reading": 0.554, "barbin": 0, "rgb": "#000000", "zyx": [3, 90, 60]}