{"timescalecorr": 2.1384469072089924e-15, "corr_listening": 0.032279353588819504, "corr_reading": 0.08060918748378754, "p_listening": 0.294, "p_reading": 0.085, "barbin": 0, "rgb": "#000000", "zyx": [12, 31, 62]}