{"timescalecorr": 0.684919536113739, "corr_listening": -0.16911214590072632, "corr_reading": -0.0002771684085018933, "p_listening": 0.998, "p_reading": 0.487, "barbin": 0, "rgb": "#000000", "zyx": [22, 50, 50]}