{"timescalecorr": 2.3571165286284668e-07, "corr_listening": 0.09752395749092102, "corr_reading": 0.054172154515981674, "p_listening": 0.019, "p_reading": 0.157, "barbin": 0, "rgb": "#000000", "zyx": [4, 59, 76]}