{"timescalecorr": 0.011458342894911766, "corr_listening": -0.024133609607815742, "corr_reading": -0.00997847318649292, "p_listening": 0.666, "p_reading": 0.701, "barbin": 0, "rgb": "#000000", "zyx": [6, 90, 48]}