{"timescalecorr": 0.0, "corr_listening": 0.02474435791373253, "corr_reading": 0.0023042038083076477, "p_listening": 0.33, "p_reading": 0.495, "barbin": 0, "rgb": "#000000", "zyx": [17, 58, 56]}