{"timescalecorr": 1.9140045424137497e-06, "corr_listening": 0.001942468574270606, "corr_reading": 0.14720159769058228, "p_listening": 0.293, "p_reading": 0.006, "barbin": 0, "rgb": "#000000", "zyx": [7, 61, 29]}