{"timescalecorr": 0.9834495782852173, "corr_listening": 0.003990263678133488, "corr_reading": 0.17009273171424866, "p_listening": 0.034, "p_reading": 0.002, "barbin": 0, "rgb": "#000000", "zyx": [16, 78, 75]}