{"timescalecorr": 0.004120847210288048, "corr_listening": -0.034903332591056824, "corr_reading": 0.03276609256863594, "p_listening": 0.739, "p_reading": 0.244, "barbin": 0, "rgb": "#000000", "zyx": [7, 31, 53]}