{"timescalecorr": 0.00030874856747686863, "corr_listening": 0.02247282676398754, "corr_reading": 0.24974027276039124, "p_listening": 0.104, "p_reading": 0.0, "barbin": 1, "rgb": "#000000", "zyx": [24, 52, 42]}