{"timescalecorr": 0.3072466254234314, "corr_listening": 0.1801479458808899, "corr_reading": 0.03780282288789749, "p_listening": 0.001, "p_reading": 0.182, "barbin": 1, "rgb": "#000000", "zyx": [23, 43, 64]}