{"timescalecorr": 3.171466596540995e-05, "corr_listening": 0.021283229812979698, "corr_reading": 0.09411593526601791, "p_listening": 0.057, "p_reading": 0.058, "barbin": 0, "rgb": "#000000", "zyx": [11, 23, 45]}