{"timescalecorr": 0.9824453592300415, "corr_listening": 0.09504055976867676, "corr_reading": 0.044809490442276, "p_listening": 0.04, "p_reading": 0.229, "barbin": 0, "rgb": "#000000", "zyx": [18, 43, 65]}