{"timescalecorr": 0.030876150354743004, "corr_listening": 0.0879635363817215, "corr_reading": 0.13935349881649017, "p_listening": 0.006, "p_reading": 0.01, "barbin": 1, "rgb": "#000000", "zyx": [8, 52, 28]}