{"timescalecorr": 0.004645116161555052, "corr_listening": 0.026819275692105293, "corr_reading": 0.08395613729953766, "p_listening": 0.331, "p_reading": 0.069, "barbin": 0, "rgb": "#000000", "zyx": [8, 72, 58]}