{"timescalecorr": 2.3652848994970554e-06, "corr_listening": -0.04400325566530228, "corr_reading": -0.0009461802546866238, "p_listening": 0.751, "p_reading": 0.538, "barbin": 0, "rgb": "#000000", "zyx": [9, 83, 53]}