{"timescalecorr": 0.8042698502540588, "corr_listening": 0.21212640404701233, "corr_reading": 0.2671230733394623, "p_listening": 0.0, "p_reading": 0.0, "barbin": 3, "rgb": "#000000", "zyx": [23, 49, 40]}