{"timescalecorr": 0.0002295123558724299, "corr_listening": -0.011120827868580818, "corr_reading": -0.013087205588817596, "p_listening": 0.567, "p_reading": 0.586, "barbin": 0, "rgb": "#000000", "zyx": [25, 58, 36]}