{"timescalecorr": 0.08874958008527756, "corr_listening": -0.012755519710481167, "corr_reading": 0.05155922472476959, "p_listening": 0.578, "p_reading": 0.0, "barbin": 0, "rgb": "#000000", "zyx": [8, 88, 43]}