{"timescalecorr": 0.6689519882202148, "corr_listening": 0.2069855034351349, "corr_reading": 0.1316097229719162, "p_listening": 0.0, "p_reading": 0.011, "barbin": 2, "rgb": "#000000", "zyx": [17, 81, 70]}