{"timescalecorr": 0.0, "corr_listening": 0.0025761190336197615, "corr_reading": -0.02700522355735302, "p_listening": 0.491, "p_reading": 0.707, "barbin": 0, "rgb": "#000000", "zyx": [16, 32, 44]}