{"timescalecorr": 0.0002902914129663259, "corr_listening": -0.03711596876382828, "corr_reading": 0.07421617209911346, "p_listening": 0.733, "p_reading": 0.04, "barbin": 0, "rgb": "#000000", "zyx": [18, 57, 74]}