{"timescalecorr": 0.6311076283454895, "corr_listening": 0.06505583226680756, "corr_reading": 0.14859233796596527, "p_listening": 0.013, "p_reading": 0.004, "barbin": 1, "rgb": "#000000", "zyx": [15, 74, 72]}