{"timescalecorr": 0.9997085332870483, "corr_listening": 0.009261351078748703, "corr_reading": 0.03184619918465614, "p_listening": 0.432, "p_reading": 0.251, "barbin": 0, "rgb": "#000000", "zyx": [8, 88, 71]}