{"timescalecorr": 0.00017345967353321612, "corr_listening": 0.10047987103462219, "corr_reading": -0.019732382148504257, "p_listening": 0.034, "p_reading": 0.735, "barbin": 0, "rgb": "#000000", "zyx": [18, 65, 54]}