{"timescalecorr": 0.0, "corr_listening": 0.013691121712327003, "corr_reading": -0.008204511366784573, "p_listening": 0.399, "p_reading": 0.563, "barbin": 0, "rgb": "#000000", "zyx": [21, 52, 61]}