{"timescalecorr": 0.016099805012345314, "corr_listening": 0.000525548355653882, "corr_reading": 0.005247976630926132, "p_listening": 0.18, "p_reading": 0.389, "barbin": 0, "rgb": "#000000", "zyx": [9, 57, 48]}