{"timescalecorr": 0.0, "corr_listening": -0.07516296952962875, "corr_reading": -0.013767117634415627, "p_listening": 0.94, "p_reading": 0.619, "barbin": 0, "rgb": "#000000", "zyx": [12, 47, 55]}