{"timescalecorr": 0.22036467492580414, "corr_listening": 0.09607716649770737, "corr_reading": 0.18291567265987396, "p_listening": 0.017, "p_reading": 0.0, "barbin": 1, "rgb": "#000000", "zyx": [9, 43, 73]}