{"timescalecorr": 0.31235313415527344, "corr_listening": -0.01677534729242325, "corr_reading": 0.07169721275568008, "p_listening": 0.649, "p_reading": 0.024, "barbin": 0, "rgb": "#000000", "zyx": [4, 44, 62]}