{"timescalecorr": 0.11061270534992218, "corr_listening": 0.009344199672341347, "corr_reading": 0.06756487488746643, "p_listening": 0.423, "p_reading": 0.076, "barbin": 0, "rgb": "#000000", "zyx": [10, 92, 54]}