{"timescalecorr": 0.5832177400588989, "corr_listening": -0.02409793809056282, "corr_reading": 0.006845022551715374, "p_listening": 0.674, "p_reading": 0.26, "barbin": 0, "rgb": "#000000", "zyx": [3, 85, 48]}