{"timescalecorr": 0.5541563034057617, "corr_listening": 0.26891425251960754, "corr_reading": 0.18530409038066864, "p_listening": 0.0, "p_reading": 0.0, "barbin": 3, "rgb": "#000000", "zyx": [26, 58, 49]}