{"timescalecorr": 5.6473870718720676e-11, "corr_listening": 0.09634692966938019, "corr_reading": -0.03841840848326683, "p_listening": 0.049, "p_reading": 0.732, "barbin": 0, "rgb": "#000000", "zyx": [9, 25, 56]}