{"timescalecorr": 0.07121570408344269, "corr_listening": 0.029848286882042885, "corr_reading": -0.014635846950113773, "p_listening": 0.159, "p_reading": 0.621, "barbin": 0, "rgb": "#000000", "zyx": [9, 78, 25]}