{"timescalecorr": 0.8786121606826782, "corr_listening": -0.013788496144115925, "corr_reading": 0.03726113215088844, "p_listening": 0.867, "p_reading": 0.155, "barbin": 0, "rgb": "#000000", "zyx": [20, 28, 46]}