{"timescalecorr": 0.025486495345830917, "corr_listening": 0.21474507451057434, "corr_reading": 0.03114600107073784, "p_listening": 0.001, "p_reading": 0.198, "barbin": 1, "rgb": "#000000", "zyx": [12, 44, 37]}