{"timescalecorr": 0.4740595817565918, "corr_listening": -0.041192252188920975, "corr_reading": 0.1272670030593872, "p_listening": 0.773, "p_reading": 0.002, "barbin": 0, "rgb": "#000000", "zyx": [23, 56, 53]}