{"timescalecorr": 0.09172132611274719, "corr_listening": 0.04848327860236168, "corr_reading": 0.07752958685159683, "p_listening": 0.213, "p_reading": 0.072, "barbin": 0, "rgb": "#000000", "zyx": [16, 50, 77]}