{"timescalecorr": 2.076474265777506e-05, "corr_listening": -0.011520732194185257, "corr_reading": 0.021930912509560585, "p_listening": 0.609, "p_reading": 0.35, "barbin": 0, "rgb": "#000000", "zyx": [16, 22, 35]}