{"timescalecorr": 0.23114511370658875, "corr_listening": -0.0003946374636143446, "corr_reading": 0.005856082309037447, "p_listening": 0.528, "p_reading": 0.44, "barbin": 0, "rgb": "#000000", "zyx": [2, 58, 70]}