{"timescalecorr": 3.7172389610873324e-09, "corr_listening": 0.0591311939060688, "corr_reading": -0.007290933281183243, "p_listening": 0.07, "p_reading": 0.733, "barbin": 0, "rgb": "#000000", "zyx": [9, 24, 51]}