{"timescalecorr": 0.6292487978935242, "corr_listening": -0.0055071888491511345, "corr_reading": 0.02172253653407097, "p_listening": 0.546, "p_reading": 0.169, "barbin": 0, "rgb": "#000000", "zyx": [22, 60, 52]}