{"timescalecorr": 0.4168741703033447, "corr_listening": -0.020669355988502502, "corr_reading": 0.009629938751459122, "p_listening": 0.718, "p_reading": 0.381, "barbin": 0, "rgb": "#000000", "zyx": [7, 92, 65]}