{"timescalecorr": 0.029695158824324608, "corr_listening": 0.006511645391583443, "corr_reading": 0.10374937951564789, "p_listening": 0.441, "p_reading": 0.039, "barbin": 0, "rgb": "#000000", "zyx": [22, 47, 41]}