{"timescalecorr": 9.115111652135965e-07, "corr_listening": -0.0062518431805074215, "corr_reading": -0.023135380819439888, "p_listening": 0.869, "p_reading": 0.649, "barbin": 0, "rgb": "#000000", "zyx": [13, 63, 31]}