{"timescalecorr": 2.2565307844502058e-08, "corr_listening": 0.09357500076293945, "corr_reading": 0.006519323214888573, "p_listening": 0.027, "p_reading": 0.454, "barbin": 0, "rgb": "#000000", "zyx": [7, 33, 33]}