{"timescalecorr": 0.00015805807197466493, "corr_listening": 0.053533557802438736, "corr_reading": 0.05668884143233299, "p_listening": 0.162, "p_reading": 0.139, "barbin": 0, "rgb": "#000000", "zyx": [14, 79, 43]}