{"timescalecorr": 0.2191346287727356, "corr_listening": -0.10679914057254791, "corr_reading": 0.032711055129766464, "p_listening": 0.972, "p_reading": 0.199, "barbin": 0, "rgb": "#000000", "zyx": [23, 58, 62]}