{"timescalecorr": 0.0002321348583791405, "corr_listening": 0.11656222492456436, "corr_reading": 0.03271668776869774, "p_listening": 0.02, "p_reading": 0.298, "barbin": 0, "rgb": "#000000", "zyx": [16, 71, 77]}