{"timescalecorr": 0.030032753944396973, "corr_listening": 0.02729182131588459, "corr_reading": 0.002030367963016033, "p_listening": 0.29, "p_reading": 0.466, "barbin": 0, "rgb": "#000000", "zyx": [15, 70, 43]}