{"timescalecorr": 0.0029038400389254093, "corr_listening": 0.006385353859513998, "corr_reading": -0.006976886186748743, "p_listening": 0.248, "p_reading": 0.843, "barbin": 0, "rgb": "#000000", "zyx": [7, 61, 60]}