{"timescalecorr": 0.07320741564035416, "corr_listening": 0.01559971272945404, "corr_reading": -0.05681735649704933, "p_listening": 0.236, "p_reading": 0.934, "barbin": 0, "rgb": "#000000", "zyx": [14, 52, 70]}