{"timescalecorr": 1.755837805066194e-14, "corr_listening": -0.03732084855437279, "corr_reading": -0.0022451449185609818, "p_listening": 0.727, "p_reading": 0.618, "barbin": 0, "rgb": "#000000", "zyx": [4, 47, 44]}