{"timescalecorr": 0.5026060342788696, "corr_listening": -0.010125609114766121, "corr_reading": 0.07103699445724487, "p_listening": 0.59, "p_reading": 0.09, "barbin": 0, "rgb": "#000000", "zyx": [5, 48, 34]}