{"timescalecorr": 0.9223308563232422, "corr_listening": -0.02624076046049595, "corr_reading": -0.08609075844287872, "p_listening": 0.769, "p_reading": 0.939, "barbin": 0, "rgb": "#000000", "zyx": [8, 81, 39]}