{"timescalecorr": 0.2872995138168335, "corr_listening": 0.023874273523688316, "corr_reading": 0.02447955682873726, "p_listening": 0.235, "p_reading": 0.134, "barbin": 0, "rgb": "#000000", "zyx": [10, 45, 37]}