{"timescalecorr": 0.9445531964302063, "corr_listening": 0.20091105997562408, "corr_reading": 0.1330339014530182, "p_listening": 0.0, "p_reading": 0.002, "barbin": 2, "rgb": "#000000", "zyx": [18, 50, 33]}