{"timescalecorr": 9.90262851701118e-05, "corr_listening": 0.09812968969345093, "corr_reading": 0.03156227618455887, "p_listening": 0.036, "p_reading": 0.246, "barbin": 0, "rgb": "#000000", "zyx": [18, 34, 32]}