{"timescalecorr": 0.7775697112083435, "corr_listening": 0.4226895868778229, "corr_reading": 0.4314669370651245, "p_listening": 0.0, "p_reading": 0.0, "barbin": 4, "rgb": "#000000", "zyx": [21, 34, 43]}