{"timescalecorr": 0.020934317260980606, "corr_listening": 0.03363686054944992, "corr_reading": 0.04367641732096672, "p_listening": 0.225, "p_reading": 0.236, "barbin": 0, "rgb": "#000000", "zyx": [13, 38, 37]}