{"timescalecorr": 0.0001560829405207187, "corr_listening": 0.12417304515838623, "corr_reading": 0.05875369906425476, "p_listening": 0.011, "p_reading": 0.134, "barbin": 0, "rgb": "#000000", "zyx": [7, 57, 47]}