{"timescalecorr": 0.0040665073320269585, "corr_listening": 0.0046343011781573296, "corr_reading": 0.06275124847888947, "p_listening": 0.451, "p_reading": 0.047, "barbin": 0, "rgb": "#000000", "zyx": [5, 76, 40]}