{"timescalecorr": 0.0, "corr_listening": 0.004395473748445511, "corr_reading": 0.028904888778924942, "p_listening": 0.045, "p_reading": 0.293, "barbin": 0, "rgb": "#000000", "zyx": [24, 50, 68]}