{"timescalecorr": 2.8686153452639473e-09, "corr_listening": 0.006927456706762314, "corr_reading": 0.009274969808757305, "p_listening": 0.444, "p_reading": 0.353, "barbin": 0, "rgb": "#000000", "zyx": [10, 90, 63]}