{"timescalecorr": 0.07573239505290985, "corr_listening": 0.015227999538183212, "corr_reading": 0.05847248062491417, "p_listening": 0.146, "p_reading": 0.168, "barbin": 0, "rgb": "#000000", "zyx": [12, 64, 79]}