{"timescalecorr": 0.0, "corr_listening": 0.0076467967592179775, "corr_reading": -0.02162003703415394, "p_listening": 0.442, "p_reading": 0.641, "barbin": 0, "rgb": "#000000", "zyx": [22, 75, 70]}