{"timescalecorr": 1.3636011209072763e-09, "corr_listening": 0.22088702023029327, "corr_reading": -0.09171472489833832, "p_listening": 0.0, "p_reading": 0.952, "barbin": 0, "rgb": "#000000", "zyx": [18, 56, 48]}