{"timescalecorr": 0.013433050364255905, "corr_listening": 0.01398507971316576, "corr_reading": 0.03123639151453972, "p_listening": 0.385, "p_reading": 0.275, "barbin": 0, "rgb": "#000000", "zyx": [21, 71, 55]}