{"timescalecorr": 0.7841992974281311, "corr_listening": 0.10522302240133286, "corr_reading": 0.09020393341779709, "p_listening": 0.018, "p_reading": 0.051, "barbin": 0, "rgb": "#000000", "zyx": [10, 33, 33]}