{"timescalecorr": 0.9989584684371948, "corr_listening": 0.022510234266519547, "corr_reading": 0.0036778675857931376, "p_listening": 0.346, "p_reading": 0.068, "barbin": 0, "rgb": "#000000", "zyx": [11, 66, 44]}