{"timescalecorr": 0.017602361738681793, "corr_listening": -0.016251903027296066, "corr_reading": -0.0320512056350708, "p_listening": 0.623, "p_reading": 0.713, "barbin": 0, "rgb": "#000000", "zyx": [4, 64, 63]}