{"timescalecorr": 2.5411856768187135e-05, "corr_listening": 0.07428184151649475, "corr_reading": 0.0039051019120961428, "p_listening": 0.027, "p_reading": 0.47, "barbin": 0, "rgb": "#000000", "zyx": [13, 68, 36]}