{"timescalecorr": 0.0003525168285705149, "corr_listening": 0.03924340382218361, "corr_reading": 0.03098645992577076, "p_listening": 0.271, "p_reading": 0.267, "barbin": 0, "rgb": "#000000", "zyx": [27, 55, 41]}