{"timescalecorr": 0.09981809556484222, "corr_listening": 0.00038279779255390167, "corr_reading": -0.0007643599528819323, "p_listening": 0.494, "p_reading": 0.511, "barbin": 0, "rgb": "#000000", "zyx": [22, 42, 51]}