{"timescalecorr": 0.025031810626387596, "corr_listening": 0.039165932685136795, "corr_reading": -0.02414856292307377, "p_listening": 0.277, "p_reading": 0.887, "barbin": 0, "rgb": "#000000", "zyx": [13, 34, 39]}