{"timescalecorr": 0.18608242273330688, "corr_listening": 0.3843028247356415, "corr_reading": 0.1035151332616806, "p_listening": 0.0, "p_reading": 0.052, "barbin": 3, "rgb": "#000000", "zyx": [21, 36, 44]}