{"timescalecorr": 3.242828450211732e-09, "corr_listening": 0.02346169203519821, "corr_reading": 0.053672149777412415, "p_listening": 0.331, "p_reading": 0.209, "barbin": 0, "rgb": "#000000", "zyx": [22, 44, 72]}