{"timescalecorr": 0.019397854804992676, "corr_listening": 0.03625834360718727, "corr_reading": 0.0933268740773201, "p_listening": 0.251, "p_reading": 0.052, "barbin": 0, "rgb": "#000000", "zyx": [15, 47, 35]}