{"timescalecorr": 0.2543853223323822, "corr_listening": 0.06033117324113846, "corr_reading": 0.19331906735897064, "p_listening": 0.13, "p_reading": 0.0, "barbin": 1, "rgb": "#000000", "zyx": [9, 70, 74]}