{"timescalecorr": 6.665573692998805e-08, "corr_listening": 0.041700784116983414, "corr_reading": -0.001195296412333846, "p_listening": 0.229, "p_reading": 0.55, "barbin": 0, "rgb": "#000000", "zyx": [4, 78, 51]}