{"timescalecorr": 0.021627387031912804, "corr_listening": 0.005807335022836924, "corr_reading": 0.15767912566661835, "p_listening": 0.165, "p_reading": 0.003, "barbin": 0, "rgb": "#000000", "zyx": [26, 67, 62]}