{"timescalecorr": 0.0003727990260813385, "corr_listening": -0.02486022748053074, "corr_reading": 0.06659294664859772, "p_listening": 0.681, "p_reading": 0.097, "barbin": 0, "rgb": "#000000", "zyx": [11, 32, 45]}