{"timescalecorr": 0.003109364304691553, "corr_listening": 0.02293308824300766, "corr_reading": 0.10613591223955154, "p_listening": 0.176, "p_reading": 0.034, "barbin": 0, "rgb": "#000000", "zyx": [10, 30, 73]}