{"timescalecorr": 0.02515735849738121, "corr_listening": -0.03583495318889618, "corr_reading": 0.005127585027366877, "p_listening": 0.732, "p_reading": 0.359, "barbin": 0, "rgb": "#000000", "zyx": [9, 66, 59]}