{"timescalecorr": 0.008118296042084694, "corr_listening": -0.045597564429044724, "corr_reading": 0.10084625333547592, "p_listening": 0.892, "p_reading": 0.054, "barbin": 0, "rgb": "#000000", "zyx": [24, 53, 56]}