{"timescalecorr": 0.9351120591163635, "corr_listening": 0.2620265483856201, "corr_reading": 0.31128281354904175, "p_listening": 0.0, "p_reading": 0.0, "barbin": 4, "rgb": "#000000", "zyx": [12, 84, 40]}