{"timescalecorr": 0.9976057410240173, "corr_listening": 0.06322244554758072, "corr_reading": -0.03663941100239754, "p_listening": 0.054, "p_reading": 0.911, "barbin": 0, "rgb": "#000000", "zyx": [2, 84, 33]}