{"timescalecorr": 0.18370775878429413, "corr_listening": -0.08946806192398071, "corr_reading": -0.01837623119354248, "p_listening": 0.921, "p_reading": 0.637, "barbin": 0, "rgb": "#000000", "zyx": [4, 62, 63]}