{"timescalecorr": 0.21366003155708313, "corr_listening": 0.0004997533396817744, "corr_reading": 0.02909800410270691, "p_listening": 0.108, "p_reading": 0.311, "barbin": 0, "rgb": "#000000", "zyx": [15, 68, 67]}