{"timescalecorr": 0.2920128405094147, "corr_listening": 0.07532143592834473, "corr_reading": 0.04138046130537987, "p_listening": 0.08, "p_reading": 0.236, "barbin": 0, "rgb": "#000000", "zyx": [17, 75, 70]}