{"timescalecorr": 3.6394343538859175e-08, "corr_listening": 0.12940233945846558, "corr_reading": 0.009943992830812931, "p_listening": 0.015, "p_reading": 0.403, "barbin": 0, "rgb": "#000000", "zyx": [21, 44, 42]}