{"timescalecorr": 0.2125323861837387, "corr_listening": 0.06131519377231598, "corr_reading": 0.2059907466173172, "p_listening": 0.159, "p_reading": 0.0, "barbin": 1, "rgb": "#000000", "zyx": [20, 29, 56]}