{"timescalecorr": 0.419230580329895, "corr_listening": 0.2624751329421997, "corr_reading": 0.07659469544887543, "p_listening": 0.0, "p_reading": 0.092, "barbin": 2, "rgb": "#000000", "zyx": [17, 49, 31]}