{"timescalecorr": 0.15171857178211212, "corr_listening": 0.13408999145030975, "corr_reading": 0.030540335923433304, "p_listening": 0.006, "p_reading": 0.299, "barbin": 0, "rgb": "#000000", "zyx": [20, 36, 63]}