{"timescalecorr": 0.0023276610299944878, "corr_listening": 0.053264014422893524, "corr_reading": 0.02354179322719574, "p_listening": 0.18, "p_reading": 0.281, "barbin": 0, "rgb": "#000000", "zyx": [12, 91, 49]}