{"timescalecorr": 5.949860678811092e-06, "corr_listening": -0.2096531093120575, "corr_reading": -0.006122604012489319, "p_listening": 1.0, "p_reading": 0.52, "barbin": 0, "rgb": "#000000", "zyx": [0, 81, 46]}