{"timescalecorr": 3.2412657002822698e-09, "corr_listening": -0.06308191269636154, "corr_reading": -0.014164553955197334, "p_listening": 0.846, "p_reading": 0.565, "barbin": 0, "rgb": "#000000", "zyx": [6, 70, 39]}