{"timescalecorr": 0.18964961171150208, "corr_listening": 0.02744937874376774, "corr_reading": 0.07869655638933182, "p_listening": 0.273, "p_reading": 0.002, "barbin": 0, "rgb": "#000000", "zyx": [9, 90, 50]}