{"timescalecorr": 0.02494175173342228, "corr_listening": -0.03683396056294441, "corr_reading": -0.01895386539399624, "p_listening": 0.755, "p_reading": 0.641, "barbin": 0, "rgb": "#000000", "zyx": [14, 57, 80]}