{"timescalecorr": 2.1771196770714596e-05, "corr_listening": -0.019962744787335396, "corr_reading": 0.0910833552479744, "p_listening": 0.626, "p_reading": 0.045, "barbin": 0, "rgb": "#000000", "zyx": [1, 49, 33]}