{"timescalecorr": 0.00037115984014235437, "corr_listening": -0.04455789923667908, "corr_reading": 0.022352278232574463, "p_listening": 0.823, "p_reading": 0.299, "barbin": 0, "rgb": "#000000", "zyx": [9, 80, 61]}