{"timescalecorr": 7.522130181314424e-05, "corr_listening": 0.017303137108683586, "corr_reading": -0.0401044525206089, "p_listening": 0.331, "p_reading": 0.761, "barbin": 0, "rgb": "#000000", "zyx": [18, 38, 38]}