{"timescalecorr": 0.0005715273437090218, "corr_listening": -0.065614253282547, "corr_reading": -0.03734584525227547, "p_listening": 0.868, "p_reading": 0.791, "barbin": 0, "rgb": "#000000", "zyx": [5, 68, 82]}