{"timescalecorr": 0.9997270107269287, "corr_listening": 0.14699549973011017, "corr_reading": -0.006657138466835022, "p_listening": 0.0, "p_reading": 0.549, "barbin": 0, "rgb": "#000000", "zyx": [3, 71, 76]}