{"timescalecorr": 0.9530981779098511, "corr_listening": 0.005887093022465706, "corr_reading": 0.0059514520689845085, "p_listening": 0.439, "p_reading": 0.424, "barbin": 0, "rgb": "#000000", "zyx": [8, 45, 42]}