{"timescalecorr": 3.3550164868501042e-09, "corr_listening": -0.010132025927305222, "corr_reading": -0.007812615483999252, "p_listening": 0.653, "p_reading": 0.552, "barbin": 0, "rgb": "#000000", "zyx": [3, 88, 35]}