{"timescalecorr": 0.014698205515742302, "corr_listening": 0.0540187768638134, "corr_reading": 0.046107009053230286, "p_listening": 0.012, "p_reading": 0.216, "barbin": 0, "rgb": "#000000", "zyx": [23, 52, 57]}