{"timescalecorr": 0.1499534398317337, "corr_listening": -0.0016848745290189981, "corr_reading": 0.024568159133195877, "p_listening": 0.48, "p_reading": 0.232, "barbin": 0, "rgb": "#000000", "zyx": [24, 63, 67]}