{"timescalecorr": 0.5706872940063477, "corr_listening": 0.026287607848644257, "corr_reading": 0.037829868495464325, "p_listening": 0.321, "p_reading": 0.139, "barbin": 0, "rgb": "#000000", "zyx": [22, 56, 50]}