{"timescalecorr": 5.968691039015539e-05, "corr_listening": 0.015521340072154999, "corr_reading": 0.002891071140766144, "p_listening": 0.319, "p_reading": 0.33, "barbin": 0, "rgb": "#000000", "zyx": [8, 44, 50]}