{"timescalecorr": 0.028425198048353195, "corr_listening": 0.07013493031263351, "corr_reading": 0.09387283772230148, "p_listening": 0.125, "p_reading": 0.056, "barbin": 0, "rgb": "#000000", "zyx": [14, 70, 47]}