{"timescalecorr": 0.018230820074677467, "corr_listening": 0.06803606450557709, "corr_reading": 0.0079477084800601, "p_listening": 0.135, "p_reading": 0.15, "barbin": 0, "rgb": "#000000", "zyx": [5, 95, 57]}