{"timescalecorr": 0.0053985402919352055, "corr_listening": -0.12006042897701263, "corr_reading": 0.12468527257442474, "p_listening": 0.984, "p_reading": 0.021, "barbin": 0, "rgb": "#000000", "zyx": [16, 44, 67]}