{"timescalecorr": 0.2985698878765106, "corr_listening": 0.18999594449996948, "corr_reading": 0.12145743519067764, "p_listening": 0.001, "p_reading": 0.025, "barbin": 2, "rgb": "#000000", "zyx": [9, 73, 47]}