{"timescalecorr": 0.004718161188066006, "corr_listening": 0.06046587973833084, "corr_reading": -0.08881215751171112, "p_listening": 0.115, "p_reading": 0.941, "barbin": 0, "rgb": "#000000", "zyx": [10, 65, 61]}