{"timescalecorr": 1.1277160183453816e-06, "corr_listening": 0.09770745038986206, "corr_reading": -0.06745419651269913, "p_listening": 0.061, "p_reading": 0.877, "barbin": 0, "rgb": "#000000", "zyx": [19, 25, 61]}