{"timescalecorr": 0.8787686228752136, "corr_listening": -0.06049583479762077, "corr_reading": -0.02112165093421936, "p_listening": 0.855, "p_reading": 0.653, "barbin": 0, "rgb": "#000000", "zyx": [3, 40, 44]}