{"timescalecorr": 1.4038456508380648e-10, "corr_listening": 0.10707253962755203, "corr_reading": 0.009729142300784588, "p_listening": 0.01, "p_reading": 0.429, "barbin": 0, "rgb": "#000000", "zyx": [26, 66, 59]}