{"timescalecorr": 1.121364675782388e-05, "corr_listening": -0.1202467530965805, "corr_reading": 0.07108744978904724, "p_listening": 0.978, "p_reading": 0.104, "barbin": 0, "rgb": "#000000", "zyx": [24, 28, 53]}