{"timescalecorr": 0.10475807636976242, "corr_listening": 0.19595786929130554, "corr_reading": 0.08686885982751846, "p_listening": 0.0, "p_reading": 0.07, "barbin": 1, "rgb": "#000000", "zyx": [21, 28, 54]}