{"timescalecorr": 0.5727800130844116, "corr_listening": 0.1959061622619629, "corr_reading": 0.06271937489509583, "p_listening": 0.0, "p_reading": 0.031, "barbin": 1, "rgb": "#000000", "zyx": [15, 82, 56]}