{"timescalecorr": 0.0005197877762839198, "corr_listening": 0.1146237924695015, "corr_reading": -0.016132788732647896, "p_listening": 0.03, "p_reading": 0.623, "barbin": 0, "rgb": "#000000", "zyx": [10, 49, 39]}