{"timescalecorr": 0.0, "corr_listening": 0.03716062754392624, "corr_reading": 0.0013471553102135658, "p_listening": 0.198, "p_reading": 0.481, "barbin": 0, "rgb": "#000000", "zyx": [16, 77, 72]}