{"timescalecorr": 0.8648141622543335, "corr_listening": 0.2313215136528015, "corr_reading": 0.13674293458461761, "p_listening": 0.0, "p_reading": 0.004, "barbin": 2, "rgb": "#000000", "zyx": [10, 61, 71]}