{"timescalecorr": 1.790654096112121e-07, "corr_listening": -0.12313103675842285, "corr_reading": -0.03473734110593796, "p_listening": 0.985, "p_reading": 0.725, "barbin": 0, "rgb": "#000000", "zyx": [15, 53, 28]}