{"timescalecorr": 0.00016756505647208542, "corr_listening": -0.05093792453408241, "corr_reading": 0.03784819692373276, "p_listening": 0.821, "p_reading": 0.218, "barbin": 0, "rgb": "#000000", "zyx": [1, 81, 38]}