{"timescalecorr": 0.09379500150680542, "corr_listening": 0.014689508825540543, "corr_reading": -0.0006725434213876724, "p_listening": 0.409, "p_reading": 0.52, "barbin": 0, "rgb": "#000000", "zyx": [20, 38, 59]}