{"timescalecorr": 0.013873596675693989, "corr_listening": 0.0924384593963623, "corr_reading": 0.07840418815612793, "p_listening": 0.06, "p_reading": 0.086, "barbin": 0, "rgb": "#000000", "zyx": [15, 31, 63]}