{"timescalecorr": 0.017979437485337257, "corr_listening": 0.019105717539787292, "corr_reading": 0.037295687943696976, "p_listening": 0.27, "p_reading": 0.26, "barbin": 0, "rgb": "#000000", "zyx": [12, 62, 78]}