{"timescalecorr": 0.9601525664329529, "corr_listening": 0.2904987633228302, "corr_reading": 0.222088024020195, "p_listening": 0.0, "p_reading": 0.0, "barbin": 4, "rgb": "#000000", "zyx": [27, 53, 48]}