{"timescalecorr": 0.05152108147740364, "corr_listening": -0.09076424688100815, "corr_reading": 0.08910777419805527, "p_listening": 0.941, "p_reading": 0.007, "barbin": 0, "rgb": "#000000", "zyx": [9, 81, 74]}