{"timescalecorr": 0.19897772371768951, "corr_listening": 0.1550264060497284, "corr_reading": -0.08973284065723419, "p_listening": 0.003, "p_reading": 0.923, "barbin": 0, "rgb": "#000000", "zyx": [21, 76, 70]}