{"timescalecorr": 0.07157447189092636, "corr_listening": -0.001271220506168902, "corr_reading": 0.069523885846138, "p_listening": 0.529, "p_reading": 0.028, "barbin": 0, "rgb": "#000000", "zyx": [5, 54, 30]}