{"timescalecorr": 0.0, "corr_listening": -0.049023158848285675, "corr_reading": -0.02871098183095455, "p_listening": 0.887, "p_reading": 0.694, "barbin": 0, "rgb": "#000000", "zyx": [7, 83, 29]}