{"timescalecorr": 1.0883644563364214e-06, "corr_listening": -0.07240132987499237, "corr_reading": 0.004422806203365326, "p_listening": 0.913, "p_reading": 0.444, "barbin": 0, "rgb": "#000000", "zyx": [5, 67, 39]}