{"timescalecorr": 2.9103992460477457e-07, "corr_listening": 0.011385892517864704, "corr_reading": 0.045454349368810654, "p_listening": 0.467, "p_reading": 0.176, "barbin": 0, "rgb": "#000000", "zyx": [6, 47, 42]}