{"timescalecorr": 0.00048768898705020547, "corr_listening": 0.057923078536987305, "corr_reading": 0.0030030144844204187, "p_listening": 0.128, "p_reading": 0.48, "barbin": 0, "rgb": "#000000", "zyx": [12, 81, 29]}