{"timescalecorr": 0.0, "corr_listening": -0.0781860500574112, "corr_reading": -0.045894064009189606, "p_listening": 0.896, "p_reading": 0.801, "barbin": 0, "rgb": "#000000", "zyx": [5, 72, 32]}