{"timescalecorr": 0.0, "corr_listening": 0.05604105070233345, "corr_reading": -0.0028614401817321777, "p_listening": 0.103, "p_reading": 0.526, "barbin": 0, "rgb": "#000000", "zyx": [10, 65, 51]}