{"timescalecorr": 0.41699618101119995, "corr_listening": 0.014008152298629284, "corr_reading": -0.0008899644017219543, "p_listening": 0.221, "p_reading": 0.488, "barbin": 0, "rgb": "#000000", "zyx": [14, 63, 81]}