{"timescalecorr": 0.3659060597419739, "corr_listening": -0.029326971620321274, "corr_reading": -0.007463778834789991, "p_listening": 0.676, "p_reading": 0.655, "barbin": 0, "rgb": "#000000", "zyx": [10, 69, 82]}