{"timescalecorr": 0.1370169073343277, "corr_listening": 0.18782983720302582, "corr_reading": 0.03641123324632645, "p_listening": 0.001, "p_reading": 0.194, "barbin": 1, "rgb": "#000000", "zyx": [17, 27, 36]}