{"timescalecorr": 0.7747963666915894, "corr_listening": -0.08912327140569687, "corr_reading": 0.27362486720085144, "p_listening": 0.96, "p_reading": 0.0, "barbin": 0, "rgb": "#000000", "zyx": [24, 56, 53]}