{"timescalecorr": 0.18113593757152557, "corr_listening": 0.3342486321926117, "corr_reading": -0.007315807044506073, "p_listening": 0.0, "p_reading": 0.551, "barbin": 2, "rgb": "#000000", "zyx": [18, 71, 74]}