{"timescalecorr": 0.0019202560652047396, "corr_listening": -0.009012454189360142, "corr_reading": 0.19492357969284058, "p_listening": 0.587, "p_reading": 0.0, "barbin": 0, "rgb": "#000000", "zyx": [16, 75, 59]}