{"timescalecorr": 0.017391450703144073, "corr_listening": 0.01270374283194542, "corr_reading": 0.006012999452650547, "p_listening": 0.411, "p_reading": 0.475, "barbin": 0, "rgb": "#000000", "zyx": [12, 17, 40]}