{"timescalecorr": 0.7082900404930115, "corr_listening": 0.02492152899503708, "corr_reading": 0.05803348124027252, "p_listening": 0.335, "p_reading": 0.119, "barbin": 0, "rgb": "#000000", "zyx": [8, 69, 80]}