{"timescalecorr": 0.11375685036182404, "corr_listening": -0.06530262529850006, "corr_reading": 0.003966441377997398, "p_listening": 0.863, "p_reading": 0.471, "barbin": 0, "rgb": "#000000", "zyx": [9, 33, 50]}