{"timescalecorr": 0.4663972854614258, "corr_listening": 0.21784143149852753, "corr_reading": -0.09211478382349014, "p_listening": 0.0, "p_reading": 0.964, "barbin": 0, "rgb": "#000000", "zyx": [21, 49, 71]}