{"timescalecorr": 0.004991259891539812, "corr_listening": 0.007953259162604809, "corr_reading": 0.005769412964582443, "p_listening": 0.262, "p_reading": 0.446, "barbin": 0, "rgb": "#000000", "zyx": [18, 84, 70]}