{"timescalecorr": 0.003565922612324357, "corr_listening": 0.31156182289123535, "corr_reading": 0.15723180770874023, "p_listening": 0.0, "p_reading": 0.004, "barbin": 3, "rgb": "#000000", "zyx": [11, 27, 46]}