{"timescalecorr": 0.06130008026957512, "corr_listening": 0.12901605665683746, "corr_reading": 0.14958730340003967, "p_listening": 0.019, "p_reading": 0.005, "barbin": 1, "rgb": "#000000", "zyx": [20, 49, 34]}