{"timescalecorr": 0.9383127689361572, "corr_listening": 0.01518283598124981, "corr_reading": 0.11520981788635254, "p_listening": 0.39, "p_reading": 0.014, "barbin": 0, "rgb": "#000000", "zyx": [14, 83, 52]}