{"timescalecorr": 0.001781439408659935, "corr_listening": -0.1268434226512909, "corr_reading": -0.03711936995387077, "p_listening": 0.981, "p_reading": 0.74, "barbin": 0, "rgb": "#000000", "zyx": [0, 78, 41]}