{"timescalecorr": 0.031888846307992935, "corr_listening": 0.03254208341240883, "corr_reading": 0.011374834924936295, "p_listening": 0.264, "p_reading": 0.392, "barbin": 0, "rgb": "#000000", "zyx": [6, 85, 31]}