{"timescalecorr": 0.7835996747016907, "corr_listening": 0.391309529542923, "corr_reading": 0.26800239086151123, "p_listening": 0.0, "p_reading": 0.0, "barbin": 4, "rgb": "#000000", "zyx": [17, 28, 50]}