{"timescalecorr": 0.007167250383645296, "corr_listening": 0.10546781867742538, "corr_reading": 0.19922836124897003, "p_listening": 0.018, "p_reading": 0.0, "barbin": 2, "rgb": "#000000", "zyx": [15, 81, 71]}