{"timescalecorr": 0.6398670673370361, "corr_listening": 0.06184814125299454, "corr_reading": 0.08426299691200256, "p_listening": 0.148, "p_reading": 0.07, "barbin": 0, "rgb": "#000000", "zyx": [13, 88, 40]}