{"timescalecorr": 0.004992860835045576, "corr_listening": -0.025188185274600983, "corr_reading": -0.02568744868040085, "p_listening": 0.655, "p_reading": 0.676, "barbin": 0, "rgb": "#000000", "zyx": [5, 68, 50]}