{"timescalecorr": 3.546769822282414e-11, "corr_listening": 0.048377394676208496, "corr_reading": 0.07874999940395355, "p_listening": 0.058, "p_reading": 0.063, "barbin": 0, "rgb": "#000000", "zyx": [7, 73, 44]}