{"timescalecorr": 5.5999831438668934e-09, "corr_listening": 0.05801115930080414, "corr_reading": -0.013248573057353497, "p_listening": 0.168, "p_reading": 0.73, "barbin": 0, "rgb": "#000000", "zyx": [12, 48, 54]}