{"timescalecorr": 7.69119434806953e-10, "corr_listening": -0.0384218692779541, "corr_reading": -0.014214626513421535, "p_listening": 0.89, "p_reading": 0.616, "barbin": 0, "rgb": "#000000", "zyx": [18, 28, 43]}