{"timescalecorr": 0.012732328847050667, "corr_listening": -0.028683936223387718, "corr_reading": 2.5738230760907754e-05, "p_listening": 0.694, "p_reading": 0.145, "barbin": 0, "rgb": "#000000", "zyx": [21, 71, 34]}