{"timescalecorr": 0.5459357500076294, "corr_listening": 0.2549801468849182, "corr_reading": 0.15088407695293427, "p_listening": 0.0, "p_reading": 0.002, "barbin": 3, "rgb": "#000000", "zyx": [11, 79, 60]}