{"timescalecorr": 0.0012767089065164328, "corr_listening": -0.005477819126099348, "corr_reading": 0.015554375015199184, "p_listening": 0.8, "p_reading": 0.351, "barbin": 0, "rgb": "#000000", "zyx": [20, 21, 56]}