{"timescalecorr": 0.005926670040935278, "corr_listening": 0.1256723552942276, "corr_reading": 0.0005541745340451598, "p_listening": 0.018, "p_reading": 0.495, "barbin": 0, "rgb": "#000000", "zyx": [11, 29, 58]}