{"timescalecorr": 0.2573416233062744, "corr_listening": 0.06146390363574028, "corr_reading": 0.05483558773994446, "p_listening": 0.106, "p_reading": 0.159, "barbin": 0, "rgb": "#000000", "zyx": [20, 46, 35]}