{"timescalecorr": 0.0, "corr_listening": -0.0252007395029068, "corr_reading": -0.01227966882288456, "p_listening": 0.633, "p_reading": 0.807, "barbin": 0, "rgb": "#000000", "zyx": [5, 39, 42]}