{"timescalecorr": 0.0001677781401667744, "corr_listening": -0.035714950412511826, "corr_reading": 0.03913414850831032, "p_listening": 0.736, "p_reading": 0.224, "barbin": 0, "rgb": "#000000", "zyx": [16, 52, 74]}