{"timescalecorr": 0.000495581072755158, "corr_listening": 0.11905384063720703, "corr_reading": -0.040557861328125, "p_listening": 0.012, "p_reading": 0.765, "barbin": 0, "rgb": "#000000", "zyx": [19, 38, 55]}