{"timescalecorr": 4.789192644238938e-06, "corr_listening": -0.03791782259941101, "corr_reading": -0.039770904928445816, "p_listening": 0.857, "p_reading": 0.939, "barbin": 0, "rgb": "#000000", "zyx": [9, 21, 55]}