{"timescalecorr": 0.34752675890922546, "corr_listening": 0.11392693966627121, "corr_reading": 0.030120760202407837, "p_listening": 0.008, "p_reading": 0.061, "barbin": 0, "rgb": "#000000", "zyx": [4, 82, 45]}