{"timescalecorr": 2.672680238902103e-05, "corr_listening": 0.05208480730652809, "corr_reading": -0.011657585389912128, "p_listening": 0.032, "p_reading": 0.592, "barbin": 0, "rgb": "#000000", "zyx": [15, 43, 38]}