{"timescalecorr": 0.4962664246559143, "corr_listening": 0.049730341881513596, "corr_reading": 0.055190909653902054, "p_listening": 0.176, "p_reading": 0.115, "barbin": 0, "rgb": "#000000", "zyx": [11, 92, 49]}