{"timescalecorr": 0.11616331338882446, "corr_listening": -0.06252472847700119, "corr_reading": 0.010286788456141949, "p_listening": 0.879, "p_reading": 0.12, "barbin": 0, "rgb": "#000000", "zyx": [5, 89, 45]}