{"timescalecorr": 8.608947609900497e-06, "corr_listening": 0.00717551214620471, "corr_reading": 0.014490218833088875, "p_listening": 0.459, "p_reading": 0.384, "barbin": 0, "rgb": "#000000", "zyx": [7, 67, 50]}