{"timescalecorr": 0.5278037190437317, "corr_listening": 0.22296695411205292, "corr_reading": 0.06075596436858177, "p_listening": 0.0, "p_reading": 0.108, "barbin": 1, "rgb": "#000000", "zyx": [13, 27, 49]}