{"timescalecorr": 0.927464485168457, "corr_listening": -0.10254587978124619, "corr_reading": -0.009698469191789627, "p_listening": 0.954, "p_reading": 0.631, "barbin": 0, "rgb": "#000000", "zyx": [4, 78, 67]}