{"timescalecorr": 0.07308550179004669, "corr_listening": 0.13389937579631805, "corr_reading": 0.12874764204025269, "p_listening": 0.003, "p_reading": 0.006, "barbin": 1, "rgb": "#000000", "zyx": [1, 81, 60]}