{"timescalecorr": 0.03921162337064743, "corr_listening": -0.008638013154268265, "corr_reading": 0.010467586107552052, "p_listening": 0.612, "p_reading": 0.388, "barbin": 0, "rgb": "#000000", "zyx": [13, 71, 24]}