{"timescalecorr": 0.4184821844100952, "corr_listening": -0.012276967987418175, "corr_reading": -0.012727189809083939, "p_listening": 0.609, "p_reading": 0.574, "barbin": 0, "rgb": "#000000", "zyx": [22, 51, 59]}