{"timescalecorr": 0.9999996423721313, "corr_listening": 0.0108102448284626, "corr_reading": -0.04890207201242447, "p_listening": 0.014, "p_reading": 0.792, "barbin": 0, "rgb": "#000000", "zyx": [11, 31, 27]}