{"timescalecorr": 0.002446729689836502, "corr_listening": -0.006866486743092537, "corr_reading": 0.0009962166659533978, "p_listening": 0.556, "p_reading": 0.437, "barbin": 0, "rgb": "#000000", "zyx": [17, 68, 45]}