{"timescalecorr": 0.0004265544703230262, "corr_listening": 0.0355631448328495, "corr_reading": 0.006391084752976894, "p_listening": 0.294, "p_reading": 0.439, "barbin": 0, "rgb": "#000000", "zyx": [26, 66, 61]}