{"timescalecorr": 1.1540841171608918e-07, "corr_listening": -0.03209169954061508, "corr_reading": -0.03643589839339256, "p_listening": 0.737, "p_reading": 0.924, "barbin": 0, "rgb": "#000000", "zyx": [4, 82, 50]}