{"timescalecorr": 0.481598436832428, "corr_listening": 0.005494144279509783, "corr_reading": 0.060649700462818146, "p_listening": 0.466, "p_reading": 0.153, "barbin": 0, "rgb": "#000000", "zyx": [12, 30, 62]}