{"timescalecorr": 0.004129281733185053, "corr_listening": 0.07234163582324982, "corr_reading": 0.06487977504730225, "p_listening": 0.117, "p_reading": 0.14, "barbin": 0, "rgb": "#000000", "zyx": [17, 69, 69]}