{"timescalecorr": 0.7195191979408264, "corr_listening": 0.04878758639097214, "corr_reading": 0.20701490342617035, "p_listening": 0.194, "p_reading": 0.0, "barbin": 1, "rgb": "#000000", "zyx": [8, 67, 28]}