{"timescalecorr": 0.0021853495854884386, "corr_listening": 0.0862259641289711, "corr_reading": -0.1937248259782791, "p_listening": 0.07, "p_reading": 1.0, "barbin": 0, "rgb": "#000000", "zyx": [22, 29, 47]}