{"timescalecorr": 0.015560254454612732, "corr_listening": 0.04411754012107849, "corr_reading": 0.13049232959747314, "p_listening": 0.215, "p_reading": 0.011, "barbin": 0, "rgb": "#000000", "zyx": [9, 56, 23]}