{"timescalecorr": 0.46415409445762634, "corr_listening": 0.15886808931827545, "corr_reading": 0.0922103077173233, "p_listening": 0.007, "p_reading": 0.044, "barbin": 1, "rgb": "#000000", "zyx": [17, 80, 71]}