{"timescalecorr": 0.7830158472061157, "corr_listening": 0.09654550999403, "corr_reading": 0.09627684205770493, "p_listening": 0.024, "p_reading": 0.04, "barbin": 0, "rgb": "#000000", "zyx": [23, 73, 61]}