{"timescalecorr": 0.23499375581741333, "corr_listening": 0.12146744132041931, "corr_reading": 0.16587047278881073, "p_listening": 0.006, "p_reading": 0.0, "barbin": 1, "rgb": "#000000", "zyx": [15, 85, 68]}