{"timescalecorr": 0.17624717950820923, "corr_listening": -0.04478798434138298, "corr_reading": 0.08562761545181274, "p_listening": 0.773, "p_reading": 0.07, "barbin": 0, "rgb": "#000000", "zyx": [16, 42, 54]}