{"timescalecorr": 0.7282801866531372, "corr_listening": 0.17578886449337006, "corr_reading": 0.3697441816329956, "p_listening": 0.002, "p_reading": 0.0, "barbin": 4, "rgb": "#000000", "zyx": [15, 30, 45]}