{"timescalecorr": 0.5736958384513855, "corr_listening": 0.023057306185364723, "corr_reading": -0.052933283150196075, "p_listening": 0.312, "p_reading": 0.845, "barbin": 0, "rgb": "#000000", "zyx": [19, 71, 67]}