{"timescalecorr": 0.20929215848445892, "corr_listening": -0.013689706102013588, "corr_reading": 0.037844810634851456, "p_listening": 0.656, "p_reading": 0.201, "barbin": 0, "rgb": "#000000", "zyx": [12, 83, 50]}