{"timescalecorr": 0.6454853415489197, "corr_listening": -0.0003254576586186886, "corr_reading": 0.14462880790233612, "p_listening": 0.796, "p_reading": 0.0, "barbin": 0, "rgb": "#000000", "zyx": [12, 86, 57]}