{"timescalecorr": 0.996719479560852, "corr_listening": -0.04885777831077576, "corr_reading": 0.021058417856693268, "p_listening": 0.785, "p_reading": 0.332, "barbin": 0, "rgb": "#000000", "zyx": [14, 63, 74]}