{"timescalecorr": 0.03996295854449272, "corr_listening": 0.06249026209115982, "corr_reading": 0.06417971849441528, "p_listening": 0.107, "p_reading": 0.139, "barbin": 0, "rgb": "#000000", "zyx": [9, 51, 32]}