{"timescalecorr": 1.0794266017910559e-05, "corr_listening": 0.005178709048777819, "corr_reading": 0.11560701578855515, "p_listening": 0.317, "p_reading": 0.025, "barbin": 0, "rgb": "#000000", "zyx": [4, 45, 74]}