{"timescalecorr": 0.0, "corr_listening": -0.0690615251660347, "corr_reading": 0.026588832959532738, "p_listening": 0.877, "p_reading": 0.236, "barbin": 0, "rgb": "#000000", "zyx": [22, 75, 55]}