{"timescalecorr": 0.7046165466308594, "corr_listening": 0.1640263795852661, "corr_reading": 0.09958736598491669, "p_listening": 0.001, "p_reading": 0.039, "barbin": 1, "rgb": "#000000", "zyx": [14, 80, 66]}