{"timescalecorr": 0.11937281489372253, "corr_listening": 0.08029185980558395, "corr_reading": -0.014450822956860065, "p_listening": 0.074, "p_reading": 0.607, "barbin": 0, "rgb": "#000000", "zyx": [4, 49, 47]}