{"timescalecorr": 0.9204086065292358, "corr_listening": 0.047593917697668076, "corr_reading": 0.0170841496437788, "p_listening": 0.191, "p_reading": 0.412, "barbin": 0, "rgb": "#000000", "zyx": [12, 82, 75]}