{"timescalecorr": 0.847213864326477, "corr_listening": 0.29898330569267273, "corr_reading": 0.18383362889289856, "p_listening": 0.0, "p_reading": 0.001, "barbin": 3, "rgb": "#000000", "zyx": [18, 67, 52]}