{"timescalecorr": 0.019349517300724983, "corr_listening": 0.06349675357341766, "corr_reading": 0.0726386159658432, "p_listening": 0.139, "p_reading": 0.096, "barbin": 0, "rgb": "#000000", "zyx": [19, 29, 55]}