{"timescalecorr": 0.047822531312704086, "corr_listening": 0.043354131281375885, "corr_reading": -0.07076377421617508, "p_listening": 0.224, "p_reading": 0.902, "barbin": 0, "rgb": "#000000", "zyx": [8, 86, 36]}