{"timescalecorr": 0.382507860660553, "corr_listening": 0.15326985716819763, "corr_reading": 0.11731815338134766, "p_listening": 0.0, "p_reading": 0.01, "barbin": 1, "rgb": "#000000", "zyx": [19, 61, 72]}