{"timescalecorr": 2.5442403739361907e-08, "corr_listening": -0.0035279036965221167, "corr_reading": -0.10853985697031021, "p_listening": 0.512, "p_reading": 0.973, "barbin": 0, "rgb": "#000000", "zyx": [0, 85, 55]}