{"timescalecorr": 0.5080776810646057, "corr_listening": 0.03410176932811737, "corr_reading": 0.1435716152191162, "p_listening": 0.293, "p_reading": 0.0, "barbin": 0, "rgb": "#000000", "zyx": [6, 65, 36]}