{"timescalecorr": 0.6520176529884338, "corr_listening": -0.061707548797130585, "corr_reading": 0.053203850984573364, "p_listening": 0.842, "p_reading": 0.002, "barbin": 0, "rgb": "#000000", "zyx": [5, 84, 60]}