{"timescalecorr": 0.08543755114078522, "corr_listening": -0.007738153450191021, "corr_reading": -0.010320345871150494, "p_listening": 0.534, "p_reading": 0.6, "barbin": 0, "rgb": "#000000", "zyx": [8, 69, 60]}