{"timescalecorr": 0.18194682896137238, "corr_listening": 0.1289311647415161, "corr_reading": 0.2277209460735321, "p_listening": 0.014, "p_reading": 0.0, "barbin": 2, "rgb": "#000000", "zyx": [20, 57, 73]}