{"timescalecorr": 0.0638263151049614, "corr_listening": -0.02875114418566227, "corr_reading": 0.10064123570919037, "p_listening": 0.685, "p_reading": 0.035, "barbin": 0, "rgb": "#000000", "zyx": [10, 68, 55]}