{"timescalecorr": 0.006237228866666555, "corr_listening": 0.07372214645147324, "corr_reading": 0.09686008095741272, "p_listening": 0.087, "p_reading": 0.04, "barbin": 0, "rgb": "#000000", "zyx": [2, 38, 35]}