{"timescalecorr": 0.17883029580116272, "corr_listening": -0.010983942076563835, "corr_reading": 0.184666708111763, "p_listening": 0.811, "p_reading": 0.0, "barbin": 0, "rgb": "#000000", "zyx": [7, 78, 35]}