{"timescalecorr": 0.31121090054512024, "corr_listening": 0.005049561150372028, "corr_reading": 0.05248311534523964, "p_listening": 0.407, "p_reading": 0.04, "barbin": 0, "rgb": "#000000", "zyx": [4, 60, 73]}