{"timescalecorr": 0.93167644739151, "corr_listening": 0.12621843814849854, "corr_reading": 0.14959929883480072, "p_listening": 0.012, "p_reading": 0.004, "barbin": 1, "rgb": "#000000", "zyx": [5, 67, 74]}