{"timescalecorr": 0.9217179417610168, "corr_listening": 0.05940120294690132, "corr_reading": 0.1401783972978592, "p_listening": 0.147, "p_reading": 0.006, "barbin": 0, "rgb": "#000000", "zyx": [21, 27, 50]}