{"timescalecorr": 0.6331964135169983, "corr_listening": 0.017966875806450844, "corr_reading": 0.054981667548418045, "p_listening": 0.067, "p_reading": 0.153, "barbin": 0, "rgb": "#000000", "zyx": [16, 64, 34]}