{"timescalecorr": 0.09500419348478317, "corr_listening": -0.002145857084542513, "corr_reading": 0.03880976885557175, "p_listening": 0.556, "p_reading": 0.259, "barbin": 0, "rgb": "#000000", "zyx": [11, 37, 34]}