{"timescalecorr": 0.9831053614616394, "corr_listening": 0.08644065260887146, "corr_reading": 0.026704076677560806, "p_listening": 0.06, "p_reading": 0.348, "barbin": 0, "rgb": "#000000", "zyx": [2, 50, 31]}