{"timescalecorr": 0.05541623383760452, "corr_listening": 0.010272415354847908, "corr_reading": 0.05745043605566025, "p_listening": 0.407, "p_reading": 0.053, "barbin": 0, "rgb": "#000000", "zyx": [8, 35, 64]}