{"timescalecorr": 0.15444570779800415, "corr_listening": 0.2600353956222534, "corr_reading": 0.03966293856501579, "p_listening": 0.0, "p_reading": 0.254, "barbin": 1, "rgb": "#000000", "zyx": [14, 28, 40]}