{"timescalecorr": 0.08502468466758728, "corr_listening": 0.031142858788371086, "corr_reading": -0.04308662936091423, "p_listening": 0.242, "p_reading": 0.774, "barbin": 0, "rgb": "#000000", "zyx": [15, 84, 48]}