{"timescalecorr": 0.0014848238788545132, "corr_listening": 0.09884181618690491, "corr_reading": -0.03414946049451828, "p_listening": 0.037, "p_reading": 0.725, "barbin": 0, "rgb": "#000000", "zyx": [17, 24, 61]}