{"timescalecorr": 1.0, "corr_listening": 0.008816785179078579, "corr_reading": 0.0008578747510910034, "p_listening": 0.021, "p_reading": 0.472, "barbin": 0, "rgb": "#000000", "zyx": [10, 32, 73]}