{"timescalecorr": 0.08677154779434204, "corr_listening": -0.00998632051050663, "corr_reading": -0.01174873299896717, "p_listening": 0.665, "p_reading": 0.6, "barbin": 0, "rgb": "#000000", "zyx": [19, 54, 27]}