{"timescalecorr": 0.001862896140664816, "corr_listening": 0.08953770250082016, "corr_reading": 0.03362646698951721, "p_listening": 0.059, "p_reading": 0.132, "barbin": 0, "rgb": "#000000", "zyx": [5, 89, 42]}