{"timescalecorr": 1.1872655636402385e-10, "corr_listening": -0.04144684225320816, "corr_reading": 0.0020644504111260176, "p_listening": 0.894, "p_reading": 0.469, "barbin": 0, "rgb": "#000000", "zyx": [9, 79, 27]}