{"timescalecorr": 0.004732356872409582, "corr_listening": 0.06996409595012665, "corr_reading": 0.016698673367500305, "p_listening": 0.122, "p_reading": 0.114, "barbin": 0, "rgb": "#000000", "zyx": [7, 31, 52]}