{"timescalecorr": 0.2093714326620102, "corr_listening": 0.185893252491951, "corr_reading": 0.08220353722572327, "p_listening": 0.001, "p_reading": 0.079, "barbin": 1, "rgb": "#000000", "zyx": [25, 61, 46]}