{"timescalecorr": 0.28755319118499756, "corr_listening": 0.049411315470933914, "corr_reading": 0.05173526704311371, "p_listening": 0.098, "p_reading": 0.191, "barbin": 0, "rgb": "#000000", "zyx": [12, 63, 68]}