{"timescalecorr": 0.14369292557239532, "corr_listening": -0.002538502449169755, "corr_reading": 0.06716024875640869, "p_listening": 0.567, "p_reading": 0.138, "barbin": 0, "rgb": "#000000", "zyx": [14, 64, 71]}