{"timescalecorr": 0.9577760696411133, "corr_listening": 0.09281263500452042, "corr_reading": -0.07577987015247345, "p_listening": 0.048, "p_reading": 0.946, "barbin": 0, "rgb": "#000000", "zyx": [8, 61, 43]}