{"timescalecorr": 0.04809559881687164, "corr_listening": -0.024648379534482956, "corr_reading": 0.1485932618379593, "p_listening": 0.799, "p_reading": 0.007, "barbin": 0, "rgb": "#000000", "zyx": [16, 67, 75]}