{"timescalecorr": 0.6404253244400024, "corr_listening": 0.14792883396148682, "corr_reading": 0.39310142397880554, "p_listening": 0.001, "p_reading": 0.0, "barbin": 4, "rgb": "#000000", "zyx": [8, 41, 30]}