{"timescalecorr": 0.3193856477737427, "corr_listening": 0.031328849494457245, "corr_reading": 0.06551839411258698, "p_listening": 0.202, "p_reading": 0.127, "barbin": 0, "rgb": "#000000", "zyx": [10, 39, 65]}