{"timescalecorr": 1.781358696462121e-05, "corr_listening": 0.008135512471199036, "corr_reading": 0.02319595031440258, "p_listening": 0.442, "p_reading": 0.345, "barbin": 0, "rgb": "#000000", "zyx": [15, 61, 59]}