{"timescalecorr": 0.02327517233788967, "corr_listening": 0.020996809005737305, "corr_reading": -0.0006341277621686459, "p_listening": 0.305, "p_reading": 0.498, "barbin": 0, "rgb": "#000000", "zyx": [18, 70, 62]}