{"timescalecorr": 5.017234343540622e-07, "corr_listening": -0.07651752233505249, "corr_reading": 0.02294367551803589, "p_listening": 0.905, "p_reading": 0.325, "barbin": 0, "rgb": "#000000", "zyx": [2, 39, 33]}