{"timescalecorr": 9.266511256100785e-07, "corr_listening": -0.08713579922914505, "corr_reading": 0.039461422711610794, "p_listening": 0.945, "p_reading": 0.269, "barbin": 0, "rgb": "#000000", "zyx": [8, 75, 68]}