{"timescalecorr": 0.4868465065956116, "corr_listening": 0.08798429369926453, "corr_reading": 0.07266479730606079, "p_listening": 0.06, "p_reading": 0.095, "barbin": 0, "rgb": "#000000", "zyx": [4, 77, 57]}