{"timescalecorr": 0.11296631395816803, "corr_listening": -0.029809871688485146, "corr_reading": 0.016918396577239037, "p_listening": 0.713, "p_reading": 0.055, "barbin": 0, "rgb": "#000000", "zyx": [19, 67, 73]}