{"timescalecorr": 2.815687912516296e-05, "corr_listening": -0.0026430333964526653, "corr_reading": 0.017916414886713028, "p_listening": 0.525, "p_reading": 0.366, "barbin": 0, "rgb": "#000000", "zyx": [19, 77, 72]}