{"timescalecorr": 0.003081530099734664, "corr_listening": 0.016559943556785583, "corr_reading": 0.0035771194379776716, "p_listening": 0.369, "p_reading": 0.35, "barbin": 0, "rgb": "#000000", "zyx": [21, 55, 53]}