{"timescalecorr": 0.7525951266288757, "corr_listening": 0.03399104252457619, "corr_reading": 0.023867076262831688, "p_listening": 0.154, "p_reading": 0.0, "barbin": 0, "rgb": "#000000", "zyx": [9, 91, 63]}