{"timescalecorr": 0.17063382267951965, "corr_listening": 0.03906198963522911, "corr_reading": 0.0053114136680960655, "p_listening": 0.134, "p_reading": 0.44, "barbin": 0, "rgb": "#000000", "zyx": [10, 93, 58]}