{"timescalecorr": 3.4683519944955776e-11, "corr_listening": -0.12441864609718323, "corr_reading": -0.04074276238679886, "p_listening": 0.983, "p_reading": 0.754, "barbin": 0, "rgb": "#000000", "zyx": [11, 51, 55]}