{"timescalecorr": 0.877071738243103, "corr_listening": 0.048176221549510956, "corr_reading": 0.09391830116510391, "p_listening": 0.193, "p_reading": 0.058, "barbin": 0, "rgb": "#000000", "zyx": [4, 46, 65]}