{"timescalecorr": 2.8124301820753317e-07, "corr_listening": -0.0357721783220768, "corr_reading": 0.1802850216627121, "p_listening": 0.741, "p_reading": 0.0, "barbin": 0, "rgb": "#000000", "zyx": [18, 49, 65]}