{"timescalecorr": 0.000584531924687326, "corr_listening": 0.02593563310801983, "corr_reading": -0.051654741168022156, "p_listening": 0.354, "p_reading": 0.854, "barbin": 0, "rgb": "#000000", "zyx": [1, 78, 31]}