{"timescalecorr": 0.00011536778038134798, "corr_listening": 0.017601076513528824, "corr_reading": -0.00010488957195775583, "p_listening": 0.333, "p_reading": 0.504, "barbin": 0, "rgb": "#000000", "zyx": [9, 34, 39]}