{"timescalecorr": 0.36976543068885803, "corr_listening": 0.10690048336982727, "corr_reading": 0.03195291757583618, "p_listening": 0.031, "p_reading": 0.281, "barbin": 0, "rgb": "#000000", "zyx": [12, 85, 54]}