{"timescalecorr": 5.197609425522387e-06, "corr_listening": -0.04456380009651184, "corr_reading": -0.0008703057537786663, "p_listening": 0.792, "p_reading": 0.578, "barbin": 0, "rgb": "#000000", "zyx": [6, 79, 62]}