{"timescalecorr": 0.7564142942428589, "corr_listening": 0.10630080103874207, "corr_reading": 0.20086294412612915, "p_listening": 0.039, "p_reading": 0.0, "barbin": 2, "rgb": "#000000", "zyx": [21, 29, 57]}