{"timescalecorr": 0.7266774773597717, "corr_listening": 0.06142868846654892, "corr_reading": 0.13691605627536774, "p_listening": 0.139, "p_reading": 0.0, "barbin": 0, "rgb": "#000000", "zyx": [6, 62, 66]}