{"timescalecorr": 0.12334184348583221, "corr_listening": 0.10465160757303238, "corr_reading": 0.17755840718746185, "p_listening": 0.043, "p_reading": 0.002, "barbin": 1, "rgb": "#000000", "zyx": [17, 64, 74]}