{"timescalecorr": 0.19544662535190582, "corr_listening": 0.10741757601499557, "corr_reading": -0.047340214252471924, "p_listening": 0.035, "p_reading": 0.768, "barbin": 0, "rgb": "#000000", "zyx": [5, 49, 74]}