{"timescalecorr": 0.29003942012786865, "corr_listening": -1.6369609511457384e-05, "corr_reading": 0.004177134018391371, "p_listening": 0.585, "p_reading": 0.446, "barbin": 0, "rgb": "#000000", "zyx": [8, 74, 65]}