{"timescalecorr": 0.18243028223514557, "corr_listening": -0.046039778739213943, "corr_reading": 0.05831532180309296, "p_listening": 0.864, "p_reading": 0.101, "barbin": 0, "rgb": "#000000", "zyx": [8, 54, 79]}