{"timescalecorr": 0.004730120301246643, "corr_listening": -0.04325325787067413, "corr_reading": -0.0044229840859770775, "p_listening": 0.796, "p_reading": 0.532, "barbin": 0, "rgb": "#000000", "zyx": [12, 38, 37]}