{"timescalecorr": 7.573121403692461e-18, "corr_listening": -0.05573997274041176, "corr_reading": 0.017174409702420235, "p_listening": 0.826, "p_reading": 0.391, "barbin": 0, "rgb": "#000000", "zyx": [1, 65, 78]}