{"timescalecorr": 3.093858680358608e-08, "corr_listening": 0.037788376212120056, "corr_reading": 0.020304745063185692, "p_listening": 0.215, "p_reading": 0.366, "barbin": 0, "rgb": "#000000", "zyx": [18, 35, 72]}