{"timescalecorr": 0.4528467059135437, "corr_listening": -0.0438612625002861, "corr_reading": 0.16853736340999603, "p_listening": 0.848, "p_reading": 0.001, "barbin": 0, "rgb": "#000000", "zyx": [26, 47, 52]}