{"timescalecorr": 0.12749308347702026, "corr_listening": 0.03689432516694069, "corr_reading": 0.03982413560152054, "p_listening": 0.263, "p_reading": 0.258, "barbin": 0, "rgb": "#000000", "zyx": [23, 72, 65]}