{"timescalecorr": 0.031247442588210106, "corr_listening": 0.0946768969297409, "corr_reading": 0.06925959140062332, "p_listening": 0.056, "p_reading": 0.111, "barbin": 0, "rgb": "#000000", "zyx": [3, 83, 75]}