{"timescalecorr": 4.530198083330106e-08, "corr_listening": 0.00011427074059611186, "corr_reading": 0.004835136234760284, "p_listening": 0.194, "p_reading": 0.485, "barbin": 0, "rgb": "#000000", "zyx": [11, 50, 48]}