{"timescalecorr": 0.00924461055546999, "corr_listening": 0.00024104145995806903, "corr_reading": 0.012750694528222084, "p_listening": 0.287, "p_reading": 0.416, "barbin": 0, "rgb": "#000000", "zyx": [2, 48, 73]}