{"timescalecorr": 0.9922159314155579, "corr_listening": -0.0010792313842102885, "corr_reading": -0.002404292579740286, "p_listening": 0.84, "p_reading": 0.574, "barbin": 0, "rgb": "#000000", "zyx": [23, 81, 60]}