{"timescalecorr": 0.04647412896156311, "corr_listening": 0.04013286530971527, "corr_reading": 0.023865340277552605, "p_listening": 0.16, "p_reading": 0.332, "barbin": 0, "rgb": "#000000", "zyx": [17, 54, 69]}