{"timescalecorr": 0.9748225212097168, "corr_listening": 0.0027634925208985806, "corr_reading": 0.005462441593408585, "p_listening": 0.423, "p_reading": 0.472, "barbin": 0, "rgb": "#000000", "zyx": [13, 48, 37]}