{"timescalecorr": 5.034971400164068e-05, "corr_listening": 0.017355110496282578, "corr_reading": 0.029167065396904945, "p_listening": 0.186, "p_reading": 0.173, "barbin": 0, "rgb": "#000000", "zyx": [24, 53, 35]}