{"timescalecorr": 0.025453969836235046, "corr_listening": -0.04737313091754913, "corr_reading": 0.10156980156898499, "p_listening": 0.79, "p_reading": 0.0, "barbin": 0, "rgb": "#000000", "zyx": [16, 82, 44]}