{"timescalecorr": 0.38264498114585876, "corr_listening": 0.06806625425815582, "corr_reading": -0.015345245599746704, "p_listening": 0.109, "p_reading": 0.598, "barbin": 0, "rgb": "#000000", "zyx": [11, 46, 40]}