{"timescalecorr": 1.6619290388319996e-09, "corr_listening": -0.0015303015243262053, "corr_reading": 0.06304045021533966, "p_listening": 0.513, "p_reading": 0.143, "barbin": 0, "rgb": "#000000", "zyx": [3, 85, 32]}