{"timescalecorr": 0.1895076334476471, "corr_listening": 0.07176949083805084, "corr_reading": 0.05948576331138611, "p_listening": 0.075, "p_reading": 0.157, "barbin": 0, "rgb": "#000000", "zyx": [10, 73, 42]}