{"timescalecorr": 0.6829002499580383, "corr_listening": 0.2021600306034088, "corr_reading": 0.029072077944874763, "p_listening": 0.0, "p_reading": 0.309, "barbin": 1, "rgb": "#000000", "zyx": [21, 49, 52]}