{"timescalecorr": 0.012033544480800629, "corr_listening": 0.09125801920890808, "corr_reading": 0.006071670446544886, "p_listening": 0.065, "p_reading": 0.368, "barbin": 0, "rgb": "#000000", "zyx": [14, 42, 66]}