{"timescalecorr": 0.19200944900512695, "corr_listening": 0.4247167706489563, "corr_reading": 0.09562854468822479, "p_listening": 0.0, "p_reading": 0.025, "barbin": 4, "rgb": "#000000", "zyx": [5, 44, 31]}