{"timescalecorr": 0.21756970882415771, "corr_listening": -0.007716805208474398, "corr_reading": 0.20430830121040344, "p_listening": 0.591, "p_reading": 0.0, "barbin": 0, "rgb": "#000000", "zyx": [21, 62, 38]}