{"timescalecorr": 2.6717335011028354e-09, "corr_listening": 8.839531801640987e-06, "corr_reading": -0.0718172937631607, "p_listening": 0.49, "p_reading": 0.929, "barbin": 0, "rgb": "#000000", "zyx": [14, 78, 61]}