{"timescalecorr": 0.00012339728709775954, "corr_listening": -0.0887833684682846, "corr_reading": -0.006294852588325739, "p_listening": 0.941, "p_reading": 0.536, "barbin": 0, "rgb": "#000000", "zyx": [16, 77, 77]}