{"timescalecorr": 0.8366633057594299, "corr_listening": 0.1453920602798462, "corr_reading": 0.16716817021369934, "p_listening": 0.001, "p_reading": 0.001, "barbin": 2, "rgb": "#000000", "zyx": [13, 82, 66]}