{"timescalecorr": 0.020921513438224792, "corr_listening": -0.1557067632675171, "corr_reading": 0.06185699999332428, "p_listening": 0.998, "p_reading": 0.114, "barbin": 0, "rgb": "#000000", "zyx": [20, 38, 61]}