{"timescalecorr": 0.27109917998313904, "corr_listening": -0.047200754284858704, "corr_reading": 0.05272702872753143, "p_listening": 0.895, "p_reading": 0.191, "barbin": 0, "rgb": "#000000", "zyx": [8, 52, 63]}