{"timescalecorr": 0.043905891478061676, "corr_listening": 0.12682996690273285, "corr_reading": 0.04415186867117882, "p_listening": 0.021, "p_reading": 0.065, "barbin": 0, "rgb": "#000000", "zyx": [16, 27, 58]}