{"timescalecorr": 1.4634970752630538e-12, "corr_listening": 0.040268491953611374, "corr_reading": -0.005648480728268623, "p_listening": 0.238, "p_reading": 0.575, "barbin": 0, "rgb": "#000000", "zyx": [14, 42, 26]}