{"timescalecorr": 0.013565668836236, "corr_listening": 0.0003317733062431216, "corr_reading": 0.026709681376814842, "p_listening": 0.172, "p_reading": 0.034, "barbin": 0, "rgb": "#000000", "zyx": [19, 47, 62]}