{"timescalecorr": 0.002157792216166854, "corr_listening": 0.00711781345307827, "corr_reading": 0.01312917098402977, "p_listening": 0.24, "p_reading": 0.402, "barbin": 0, "rgb": "#000000", "zyx": [14, 47, 42]}