{"timescalecorr": 0.9342197775840759, "corr_listening": -0.0331200435757637, "corr_reading": -0.015737976878881454, "p_listening": 0.789, "p_reading": 0.603, "barbin": 0, "rgb": "#000000", "zyx": [26, 71, 56]}