{"timescalecorr": 0.686225950717926, "corr_listening": 0.09611351042985916, "corr_reading": -0.07093444466590881, "p_listening": 0.04, "p_reading": 0.912, "barbin": 0, "rgb": "#000000", "zyx": [14, 57, 66]}