{"timescalecorr": 3.2709824154153466e-05, "corr_listening": 0.07828229665756226, "corr_reading": 0.05097026005387306, "p_listening": 0.074, "p_reading": 0.128, "barbin": 0, "rgb": "#000000", "zyx": [12, 55, 24]}