{"timescalecorr": 0.9217060208320618, "corr_listening": 0.46644026041030884, "corr_reading": 0.5176384449005127, "p_listening": 0.0, "p_reading": 0.0, "barbin": 4, "rgb": "#000000", "zyx": [11, 75, 29]}