{"timescalecorr": 0.9984304308891296, "corr_listening": -7.502827793359756e-05, "corr_reading": 0.00808594562113285, "p_listening": 0.507, "p_reading": 0.366, "barbin": 0, "rgb": "#000000", "zyx": [5, 61, 77]}