{"timescalecorr": 0.7300184965133667, "corr_listening": -0.03858986869454384, "corr_reading": 0.09941813349723816, "p_listening": 0.752, "p_reading": 0.0, "barbin": 0, "rgb": "#000000", "zyx": [7, 83, 69]}