{"timescalecorr": 0.0026045350823551416, "corr_listening": -0.011930758133530617, "corr_reading": 0.039006784558296204, "p_listening": 0.584, "p_reading": 0.269, "barbin": 0, "rgb": "#000000", "zyx": [6, 65, 34]}