{"timescalecorr": 0.6516364216804504, "corr_listening": -0.03184901177883148, "corr_reading": 0.22112613916397095, "p_listening": 0.751, "p_reading": 0.0, "barbin": 0, "rgb": "#000000", "zyx": [24, 48, 65]}