{"timescalecorr": 0.04785023257136345, "corr_listening": 0.021370185539126396, "corr_reading": 0.05670701339840889, "p_listening": 0.239, "p_reading": 0.179, "barbin": 0, "rgb": "#000000", "zyx": [20, 23, 46]}