{"timescalecorr": 0.26673057675361633, "corr_listening": 0.028809988871216774, "corr_reading": 0.07555608451366425, "p_listening": 0.229, "p_reading": 0.086, "barbin": 0, "rgb": "#000000", "zyx": [2, 41, 70]}