{"timescalecorr": 0.00043414547690190375, "corr_listening": 0.04320927709341049, "corr_reading": 0.018995249643921852, "p_listening": 0.207, "p_reading": 0.273, "barbin": 0, "rgb": "#000000", "zyx": [18, 27, 61]}