{"timescalecorr": 0.9771409034729004, "corr_listening": 0.043193552643060684, "corr_reading": 0.024032406508922577, "p_listening": 0.23, "p_reading": 0.329, "barbin": 0, "rgb": "#000000", "zyx": [14, 90, 60]}