{"timescalecorr": 4.639168196263199e-07, "corr_listening": -0.05195494368672371, "corr_reading": -0.014060767367482185, "p_listening": 0.999, "p_reading": 0.666, "barbin": 0, "rgb": "#000000", "zyx": [9, 49, 39]}