{"timescalecorr": 0.3461311459541321, "corr_listening": 0.17054247856140137, "corr_reading": 0.22138965129852295, "p_listening": 0.001, "p_reading": 0.001, "barbin": 2, "rgb": "#000000", "zyx": [21, 46, 58]}