{"timescalecorr": 0.42393290996551514, "corr_listening": -0.03156820312142372, "corr_reading": 0.1490299105644226, "p_listening": 0.804, "p_reading": 0.005, "barbin": 0, "rgb": "#000000", "zyx": [22, 58, 35]}