{"timescalecorr": 0.007767276838421822, "corr_listening": 0.023246679455041885, "corr_reading": -0.15405112504959106, "p_listening": 0.368, "p_reading": 0.999, "barbin": 0, "rgb": "#000000", "zyx": [10, 72, 47]}