{"timescalecorr": 2.2642783261280554e-20, "corr_listening": -0.051766812801361084, "corr_reading": 0.027704989537596703, "p_listening": 0.811, "p_reading": 0.334, "barbin": 0, "rgb": "#000000", "zyx": [26, 50, 41]}