{"timescalecorr": 8.436172356596217e-05, "corr_listening": 0.011295606382191181, "corr_reading": 0.06294287741184235, "p_listening": 0.212, "p_reading": 0.145, "barbin": 0, "rgb": "#000000", "zyx": [13, 60, 25]}