{"timescalecorr": 0.0038404481019824743, "corr_listening": 0.16349898278713226, "corr_reading": 0.02486724779009819, "p_listening": 0.002, "p_reading": 0.264, "barbin": 0, "rgb": "#000000", "zyx": [14, 84, 62]}