{"timescalecorr": 0.9179595112800598, "corr_listening": 7.217455276986584e-05, "corr_reading": 0.021157924085855484, "p_listening": 0.448, "p_reading": 0.292, "barbin": 0, "rgb": "#000000", "zyx": [3, 72, 34]}