{"timescalecorr": 0.0029089441522955894, "corr_listening": 0.018217729404568672, "corr_reading": 0.01747700944542885, "p_listening": 0.363, "p_reading": 0.199, "barbin": 0, "rgb": "#000000", "zyx": [2, 47, 28]}