{"timescalecorr": 0.5844364166259766, "corr_listening": 0.025818798691034317, "corr_reading": 0.06409028172492981, "p_listening": 0.357, "p_reading": 0.12, "barbin": 0, "rgb": "#000000", "zyx": [19, 37, 34]}