{"timescalecorr": 0.6726794838905334, "corr_listening": 0.14423789083957672, "corr_reading": 0.09649865329265594, "p_listening": 0.011, "p_reading": 0.04, "barbin": 1, "rgb": "#000000", "zyx": [23, 58, 68]}