{"timescalecorr": 0.00019321338913869113, "corr_listening": -0.002952466020360589, "corr_reading": 0.019806910306215286, "p_listening": 0.535, "p_reading": 0.214, "barbin": 0, "rgb": "#000000", "zyx": [4, 43, 58]}