{"timescalecorr": 0.07206526398658752, "corr_listening": 0.03720223158597946, "corr_reading": 0.09733638167381287, "p_listening": 0.258, "p_reading": 0.043, "barbin": 0, "rgb": "#000000", "zyx": [2, 76, 44]}