{"timescalecorr": 0.03285430371761322, "corr_listening": -0.04027779772877693, "corr_reading": 0.12336159497499466, "p_listening": 0.75, "p_reading": 0.001, "barbin": 0, "rgb": "#000000", "zyx": [7, 94, 53]}