{"timescalecorr": 0.00017187748744618148, "corr_listening": -0.007970494218170643, "corr_reading": -0.0006929079536348581, "p_listening": 0.577, "p_reading": 0.59, "barbin": 0, "rgb": "#000000", "zyx": [11, 88, 55]}