{"timescalecorr": 0.019551118835806847, "corr_listening": 0.12581342458724976, "corr_reading": 0.047209229320287704, "p_listening": 0.006, "p_reading": 0.221, "barbin": 0, "rgb": "#000000", "zyx": [10, 42, 63]}