{"timescalecorr": 0.7995673418045044, "corr_listening": 0.15200334787368774, "corr_reading": 0.18101908266544342, "p_listening": 0.006, "p_reading": 0.002, "barbin": 2, "rgb": "#000000", "zyx": [14, 85, 63]}