{"timescalecorr": 0.0027037160471081734, "corr_listening": 0.030716942623257637, "corr_reading": -0.1352791041135788, "p_listening": 0.287, "p_reading": 0.993, "barbin": 0, "rgb": "#000000", "zyx": [16, 64, 54]}