{"timescalecorr": 0.6682553887367249, "corr_listening": 0.03610991686582565, "corr_reading": 0.020698299631476402, "p_listening": 0.191, "p_reading": 0.358, "barbin": 0, "rgb": "#000000", "zyx": [12, 49, 34]}