{"timescalecorr": 0.0, "corr_listening": -0.12874802947044373, "corr_reading": -0.04417944699525833, "p_listening": 0.986, "p_reading": 0.787, "barbin": 0, "rgb": "#000000", "zyx": [15, 62, 55]}