{"timescalecorr": 0.9132687449455261, "corr_listening": 0.3764986991882324, "corr_reading": 0.2629106044769287, "p_listening": 0.0, "p_reading": 0.0, "barbin": 4, "rgb": "#000000", "zyx": [12, 78, 36]}