{"timescalecorr": 5.147347110323608e-05, "corr_listening": -0.00926339253783226, "corr_reading": 0.035615839064121246, "p_listening": 0.742, "p_reading": 0.203, "barbin": 0, "rgb": "#000000", "zyx": [16, 61, 56]}