{"timescalecorr": 0.5801545977592468, "corr_listening": 0.24136510491371155, "corr_reading": 0.3989828824996948, "p_listening": 0.0, "p_reading": 0.0, "barbin": 4, "rgb": "#000000", "zyx": [4, 66, 72]}