{"timescalecorr": 0.3633294403553009, "corr_listening": 0.005443519912660122, "corr_reading": -0.01905081979930401, "p_listening": 0.462, "p_reading": 0.628, "barbin": 0, "rgb": "#000000", "zyx": [19, 49, 40]}