{"timescalecorr": 0.7391078472137451, "corr_listening": 0.07360173761844635, "corr_reading": -0.006027636118233204, "p_listening": 0.082, "p_reading": 0.722, "barbin": 0, "rgb": "#000000", "zyx": [18, 60, 55]}