{"timescalecorr": 0.549407422542572, "corr_listening": 0.061010364443063736, "corr_reading": 0.16779574751853943, "p_listening": 0.123, "p_reading": 0.0, "barbin": 1, "rgb": "#000000", "zyx": [25, 56, 57]}