{"timescalecorr": 0.24975185096263885, "corr_listening": -0.17063003778457642, "corr_reading": -0.023570571094751358, "p_listening": 0.999, "p_reading": 0.696, "barbin": 0, "rgb": "#000000", "zyx": [19, 73, 54]}