{"timescalecorr": 0.08554121106863022, "corr_listening": -0.007124141789972782, "corr_reading": 0.005937736947089434, "p_listening": 0.557, "p_reading": 0.463, "barbin": 0, "rgb": "#000000", "zyx": [15, 19, 64]}