{"timescalecorr": 0.01761782541871071, "corr_listening": 0.018682105466723442, "corr_reading": -0.04135706275701523, "p_listening": 0.368, "p_reading": 0.93, "barbin": 0, "rgb": "#000000", "zyx": [23, 69, 43]}