{"timescalecorr": 0.9506731629371643, "corr_listening": 0.05389155074954033, "corr_reading": 0.15429571270942688, "p_listening": 0.192, "p_reading": 0.005, "barbin": 1, "rgb": "#000000", "zyx": [7, 57, 67]}