{"timescalecorr": 0.1498696208000183, "corr_listening": 0.013014281168580055, "corr_reading": -0.015224725939333439, "p_listening": 0.079, "p_reading": 0.62, "barbin": 0, "rgb": "#000000", "zyx": [20, 36, 50]}