{"timescalecorr": 6.888650386827067e-05, "corr_listening": -0.017990130931138992, "corr_reading": 0.009611010551452637, "p_listening": 0.888, "p_reading": 0.211, "barbin": 0, "rgb": "#000000", "zyx": [24, 71, 60]}