{"timescalecorr": 0.8739120960235596, "corr_listening": -0.06484989821910858, "corr_reading": 0.09738930314779282, "p_listening": 0.908, "p_reading": 0.032, "barbin": 0, "rgb": "#000000", "zyx": [19, 78, 44]}