{"timescalecorr": 0.06655744463205338, "corr_listening": 0.03140449523925781, "corr_reading": 0.0017756610177457333, "p_listening": 0.281, "p_reading": 0.451, "barbin": 0, "rgb": "#000000", "zyx": [7, 63, 31]}