{"timescalecorr": 4.8468780988741855e-08, "corr_listening": -0.03796494007110596, "corr_reading": -0.054438747465610504, "p_listening": 0.752, "p_reading": 0.901, "barbin": 0, "rgb": "#000000", "zyx": [1, 78, 73]}