{"timescalecorr": 0.9444243311882019, "corr_listening": 0.0248826052993536, "corr_reading": -0.006690334528684616, "p_listening": 0.259, "p_reading": 0.512, "barbin": 0, "rgb": "#000000", "zyx": [16, 64, 72]}