{"timescalecorr": 0.004255746025592089, "corr_listening": 0.24167339503765106, "corr_reading": -0.011011101305484772, "p_listening": 0.0, "p_reading": 0.557, "barbin": 1, "rgb": "#000000", "zyx": [2, 70, 73]}