{"timescalecorr": 0.18957270681858063, "corr_listening": 0.013089790940284729, "corr_reading": 0.132096529006958, "p_listening": 0.379, "p_reading": 0.0, "barbin": 0, "rgb": "#000000", "zyx": [9, 75, 33]}