{"timescalecorr": 0.7727947235107422, "corr_listening": 0.21720372140407562, "corr_reading": 0.16801327466964722, "p_listening": 0.0, "p_reading": 0.004, "barbin": 2, "rgb": "#000000", "zyx": [24, 36, 48]}