{"timescalecorr": 0.18617287278175354, "corr_listening": 0.007303182501345873, "corr_reading": 0.008591696619987488, "p_listening": 0.189, "p_reading": 0.435, "barbin": 0, "rgb": "#000000", "zyx": [20, 56, 55]}