{"timescalecorr": 0.015760118141770363, "corr_listening": 0.13221749663352966, "corr_reading": 0.0821438580751419, "p_listening": 0.002, "p_reading": 0.087, "barbin": 1, "rgb": "#000000", "zyx": [7, 73, 78]}