{"timescalecorr": 0.3911529779434204, "corr_listening": -0.0017166777979582548, "corr_reading": 0.06837660819292068, "p_listening": 0.55, "p_reading": 0.103, "barbin": 0, "rgb": "#000000", "zyx": [5, 91, 57]}