{"timescalecorr": 0.8379589319229126, "corr_listening": 0.29032808542251587, "corr_reading": 0.2631228566169739, "p_listening": 0.0, "p_reading": 0.0, "barbin": 4, "rgb": "#000000", "zyx": [7, 65, 65]}