{"timescalecorr": 0.02410413883626461, "corr_listening": -0.05812796950340271, "corr_reading": -0.02771306037902832, "p_listening": 0.974, "p_reading": 0.692, "barbin": 0, "rgb": "#000000", "zyx": [16, 72, 79]}