{"timescalecorr": 0.8657678365707397, "corr_listening": 0.09619919955730438, "corr_reading": 0.17752742767333984, "p_listening": 0.033, "p_reading": 0.003, "barbin": 1, "rgb": "#000000", "zyx": [14, 71, 58]}