{"timescalecorr": 0.0036627703811973333, "corr_listening": -0.018143007531762123, "corr_reading": 0.0791022852063179, "p_listening": 0.621, "p_reading": 0.046, "barbin": 0, "rgb": "#000000", "zyx": [22, 56, 73]}