{"timescalecorr": 9.363091635350429e-08, "corr_listening": 0.10951127856969833, "corr_reading": -0.024123407900333405, "p_listening": 0.037, "p_reading": 0.788, "barbin": 0, "rgb": "#000000", "zyx": [0, 44, 39]}