{"timescalecorr": 0.0029191276989877224, "corr_listening": -0.02013685181736946, "corr_reading": 0.0543307326734066, "p_listening": 0.637, "p_reading": 0.118, "barbin": 0, "rgb": "#000000", "zyx": [9, 47, 32]}