{"timescalecorr": 0.0009780279360711575, "corr_listening": 0.022446999326348305, "corr_reading": 0.011210393160581589, "p_listening": 0.31, "p_reading": 0.205, "barbin": 0, "rgb": "#000000", "zyx": [21, 37, 60]}