{"timescalecorr": 0.6334988474845886, "corr_listening": -0.038741834461688995, "corr_reading": 0.033685773611068726, "p_listening": 0.906, "p_reading": 0.212, "barbin": 0, "rgb": "#000000", "zyx": [18, 88, 57]}