{"timescalecorr": 0.7479482889175415, "corr_listening": 0.18175768852233887, "corr_reading": 0.1761968582868576, "p_listening": 0.0, "p_reading": 0.001, "barbin": 2, "rgb": "#000000", "zyx": [9, 71, 49]}