{"timescalecorr": 0.02315104380249977, "corr_listening": 0.028848102316260338, "corr_reading": 0.126836359500885, "p_listening": 0.306, "p_reading": 0.005, "barbin": 0, "rgb": "#000000", "zyx": [26, 43, 52]}