{"timescalecorr": 0.00020756722369696945, "corr_listening": -0.08303580433130264, "corr_reading": -0.03572048991918564, "p_listening": 0.921, "p_reading": 0.844, "barbin": 0, "rgb": "#000000", "zyx": [16, 41, 38]}