{"timescalecorr": 0.09372933954000473, "corr_listening": 0.12964263558387756, "corr_reading": -0.000514341751113534, "p_listening": 0.016, "p_reading": 0.481, "barbin": 0, "rgb": "#000000", "zyx": [14, 41, 27]}