{"timescalecorr": 0.0006623152876272798, "corr_listening": -0.0070199063047766685, "corr_reading": 0.016331488266587257, "p_listening": 0.535, "p_reading": 0.405, "barbin": 0, "rgb": "#000000", "zyx": [11, 64, 57]}