{"timescalecorr": 0.3241470754146576, "corr_listening": 0.05214422941207886, "corr_reading": 0.008742738515138626, "p_listening": 0.191, "p_reading": 0.426, "barbin": 0, "rgb": "#000000", "zyx": [7, 33, 62]}