{"timescalecorr": 6.285812105488731e-06, "corr_listening": 0.003261946141719818, "corr_reading": 0.07317186146974564, "p_listening": 0.491, "p_reading": 0.105, "barbin": 0, "rgb": "#000000", "zyx": [14, 69, 42]}