{"timescalecorr": 0.005902471020817757, "corr_listening": 0.007249997928738594, "corr_reading": 0.03894198685884476, "p_listening": 0.43, "p_reading": 0.214, "barbin": 0, "rgb": "#000000", "zyx": [8, 27, 57]}