{"timescalecorr": 0.989415168762207, "corr_listening": 0.3816744387149811, "corr_reading": 0.26461565494537354, "p_listening": 0.0, "p_reading": 0.0, "barbin": 4, "rgb": "#000000", "zyx": [6, 71, 30]}