{"timescalecorr": 0.10222361236810684, "corr_listening": 0.04156453162431717, "corr_reading": 0.042085785418748856, "p_listening": 0.242, "p_reading": 0.108, "barbin": 0, "rgb": "#000000", "zyx": [14, 36, 34]}