{"timescalecorr": 0.8567005395889282, "corr_listening": 0.21961666643619537, "corr_reading": 0.20885714888572693, "p_listening": 0.0, "p_reading": 0.0, "barbin": 3, "rgb": "#000000", "zyx": [17, 53, 40]}