{"timescalecorr": 0.0, "corr_listening": 0.038592636585235596, "corr_reading": -0.06433305144309998, "p_listening": 0.241, "p_reading": 0.989, "barbin": 0, "rgb": "#000000", "zyx": [25, 43, 39]}