{"timescalecorr": 4.122431710129604e-05, "corr_listening": -0.04661136120557785, "corr_reading": 0.0353357270359993, "p_listening": 0.773, "p_reading": 0.261, "barbin": 0, "rgb": "#000000", "zyx": [16, 71, 57]}