{"timescalecorr": 0.5591278076171875, "corr_listening": 0.05411588028073311, "corr_reading": 0.04946361482143402, "p_listening": 0.186, "p_reading": 0.128, "barbin": 0, "rgb": "#000000", "zyx": [14, 49, 54]}