{"timescalecorr": 0.8364210724830627, "corr_listening": 0.37396514415740967, "corr_reading": 0.4093385338783264, "p_listening": 0.0, "p_reading": 0.0, "barbin": 4, "rgb": "#000000", "zyx": [10, 75, 30]}