{"timescalecorr": 0.06745174527168274, "corr_listening": 0.020386982709169388, "corr_reading": -0.029423493891954422, "p_listening": 0.327, "p_reading": 0.71, "barbin": 0, "rgb": "#000000", "zyx": [3, 48, 44]}