{"timescalecorr": 0.31800204515457153, "corr_listening": -0.052958033978939056, "corr_reading": 0.05845066159963608, "p_listening": 0.825, "p_reading": 0.164, "barbin": 0, "rgb": "#000000", "zyx": [10, 72, 69]}