{"timescalecorr": 0.015448355115950108, "corr_listening": 0.03511279448866844, "corr_reading": 0.04551306366920471, "p_listening": 0.149, "p_reading": 0.203, "barbin": 0, "rgb": "#000000", "zyx": [2, 64, 77]}