{"timescalecorr": 0.0002750316634774208, "corr_listening": 0.028367770835757256, "corr_reading": 0.03661772236227989, "p_listening": 0.243, "p_reading": 0.23, "barbin": 0, "rgb": "#000000", "zyx": [13, 31, 53]}