{"timescalecorr": 0.9557166695594788, "corr_listening": 0.02434000000357628, "corr_reading": 0.009121746756136417, "p_listening": 0.307, "p_reading": 0.419, "barbin": 0, "rgb": "#000000", "zyx": [7, 35, 65]}