{"timescalecorr": 0.9415296912193298, "corr_listening": 0.08892852813005447, "corr_reading": 0.010982546955347061, "p_listening": 0.065, "p_reading": 0.418, "barbin": 0, "rgb": "#000000", "zyx": [24, 60, 38]}