{"timescalecorr": 0.001912829582579434, "corr_listening": 0.09687113761901855, "corr_reading": 0.04126841202378273, "p_listening": 0.011, "p_reading": 0.245, "barbin": 0, "rgb": "#000000", "zyx": [22, 49, 45]}