{"timescalecorr": 0.029000604525208473, "corr_listening": 0.1334250271320343, "corr_reading": 0.1646580696105957, "p_listening": 0.005, "p_reading": 0.0, "barbin": 1, "rgb": "#000000", "zyx": [14, 71, 53]}