{"timescalecorr": 0.2766907215118408, "corr_listening": 0.05621277913451195, "corr_reading": 0.10204923152923584, "p_listening": 0.049, "p_reading": 0.032, "barbin": 0, "rgb": "#000000", "zyx": [19, 61, 73]}