{"timescalecorr": 0.022784853354096413, "corr_listening": 0.020751379430294037, "corr_reading": 0.023143518716096878, "p_listening": 0.316, "p_reading": 0.355, "barbin": 0, "rgb": "#000000", "zyx": [10, 54, 82]}