{"timescalecorr": 0.0002174054825445637, "corr_listening": 0.05822380259633064, "corr_reading": -0.035802729427814484, "p_listening": 0.097, "p_reading": 0.738, "barbin": 0, "rgb": "#000000", "zyx": [18, 27, 36]}