{"timescalecorr": 3.6581288895831676e-06, "corr_listening": -0.039894524961709976, "corr_reading": -0.062188129872083664, "p_listening": 0.946, "p_reading": 0.869, "barbin": 0, "rgb": "#000000", "zyx": [21, 25, 55]}