{"timescalecorr": 0.1103055402636528, "corr_listening": -0.0007786874193698168, "corr_reading": 0.10036209225654602, "p_listening": 0.856, "p_reading": 0.041, "barbin": 0, "rgb": "#000000", "zyx": [6, 57, 52]}