{"timescalecorr": 0.007758896332234144, "corr_listening": 0.028603726997971535, "corr_reading": 0.01692107878625393, "p_listening": 0.338, "p_reading": 0.37, "barbin": 0, "rgb": "#000000", "zyx": [17, 39, 44]}