{"timescalecorr": 3.155832359880151e-07, "corr_listening": 0.006056167650967836, "corr_reading": -0.034791890531778336, "p_listening": 0.456, "p_reading": 0.745, "barbin": 0, "rgb": "#000000", "zyx": [7, 47, 47]}