{"timescalecorr": 0.0, "corr_listening": 0.0015193737344816327, "corr_reading": 0.06776782870292664, "p_listening": 0.505, "p_reading": 0.124, "barbin": 0, "rgb": "#000000", "zyx": [4, 45, 72]}