{"timescalecorr": 0.6104340553283691, "corr_listening": 0.03392055630683899, "corr_reading": -0.0019869529642164707, "p_listening": 0.288, "p_reading": 0.613, "barbin": 0, "rgb": "#000000", "zyx": [20, 65, 73]}