{"timescalecorr": 5.839076444580371e-11, "corr_listening": 0.07226324081420898, "corr_reading": 0.02754290960729122, "p_listening": 0.097, "p_reading": 0.296, "barbin": 0, "rgb": "#000000", "zyx": [21, 48, 40]}