{"timescalecorr": 0.0627981498837471, "corr_listening": 0.010320442728698254, "corr_reading": 0.16065502166748047, "p_listening": 0.442, "p_reading": 0.002, "barbin": 0, "rgb": "#000000", "zyx": [16, 83, 34]}