{"timescalecorr": 0.0, "corr_listening": -0.07643835246562958, "corr_reading": 0.053928352892398834, "p_listening": 0.967, "p_reading": 0.161, "barbin": 0, "rgb": "#000000", "zyx": [3, 88, 52]}