{"timescalecorr": 0.35478609800338745, "corr_listening": -0.017248746007680893, "corr_reading": 0.00791195034980774, "p_listening": 0.645, "p_reading": 0.234, "barbin": 0, "rgb": "#000000", "zyx": [11, 66, 51]}