{"timescalecorr": 0.0064157298766076565, "corr_listening": 0.07574915885925293, "corr_reading": 0.002124515827745199, "p_listening": 0.017, "p_reading": 0.5, "barbin": 0, "rgb": "#000000", "zyx": [17, 72, 52]}