{"timescalecorr": 0.14322255551815033, "corr_listening": -0.005880482029169798, "corr_reading": 0.06121448427438736, "p_listening": 0.595, "p_reading": 0.13, "barbin": 0, "rgb": "#000000", "zyx": [23, 65, 55]}