{"timescalecorr": 0.993040919303894, "corr_listening": 0.05362453684210777, "corr_reading": -0.02728796750307083, "p_listening": 0.172, "p_reading": 0.696, "barbin": 0, "rgb": "#000000", "zyx": [20, 71, 38]}