{"timescalecorr": 0.30588510632514954, "corr_listening": 0.07271598279476166, "corr_reading": -0.008653668686747551, "p_listening": 0.111, "p_reading": 0.627, "barbin": 0, "rgb": "#000000", "zyx": [8, 86, 63]}