{"timescalecorr": 0.16885605454444885, "corr_listening": 0.05260517820715904, "corr_reading": 0.0008346022805199027, "p_listening": 0.176, "p_reading": 0.465, "barbin": 0, "rgb": "#000000", "zyx": [16, 57, 56]}