{"timescalecorr": 0.4441114068031311, "corr_listening": 0.04872996732592583, "corr_reading": 0.12141852080821991, "p_listening": 0.183, "p_reading": 0.0, "barbin": 0, "rgb": "#000000", "zyx": [15, 21, 61]}