{"timescalecorr": 9.412783583684359e-07, "corr_listening": -0.010717380791902542, "corr_reading": -0.04484688863158226, "p_listening": 0.562, "p_reading": 0.78, "barbin": 0, "rgb": "#000000", "zyx": [21, 81, 67]}