{"timescalecorr": 1.7623584369630407e-07, "corr_listening": 0.022416001185774803, "corr_reading": -0.06578680872917175, "p_listening": 0.354, "p_reading": 0.867, "barbin": 0, "rgb": "#000000", "zyx": [20, 56, 65]}