{"timescalecorr": 0.40963849425315857, "corr_listening": -0.0493941567838192, "corr_reading": 0.05483685061335564, "p_listening": 0.797, "p_reading": 0.172, "barbin": 0, "rgb": "#000000", "zyx": [10, 67, 66]}