{"timescalecorr": 0.016110610216856003, "corr_listening": -0.047012824565172195, "corr_reading": -0.002590897958725691, "p_listening": 0.83, "p_reading": 0.517, "barbin": 0, "rgb": "#000000", "zyx": [4, 69, 75]}