{"timescalecorr": 5.641300049319398e-07, "corr_listening": 0.06419557332992554, "corr_reading": 0.0011205078335478902, "p_listening": 0.1, "p_reading": 0.483, "barbin": 0, "rgb": "#000000", "zyx": [9, 87, 70]}