{"timescalecorr": 0.02246157079935074, "corr_listening": 0.18089507520198822, "corr_reading": 0.04940464347600937, "p_listening": 0.0, "p_reading": 0.192, "barbin": 1, "rgb": "#000000", "zyx": [14, 57, 74]}