{"timescalecorr": 0.09595989435911179, "corr_listening": -0.049836765974760056, "corr_reading": 0.09412775188684464, "p_listening": 0.808, "p_reading": 0.032, "barbin": 0, "rgb": "#000000", "zyx": [13, 88, 55]}