{"timescalecorr": 5.914273060625419e-06, "corr_listening": 0.05734715610742569, "corr_reading": 0.07514970004558563, "p_listening": 0.067, "p_reading": 0.097, "barbin": 0, "rgb": "#000000", "zyx": [9, 69, 80]}