{"timescalecorr": 7.222529241346365e-10, "corr_listening": -0.07704438269138336, "corr_reading": -0.01219233963638544, "p_listening": 0.959, "p_reading": 0.602, "barbin": 0, "rgb": "#000000", "zyx": [5, 67, 50]}