{"timescalecorr": 0.0001876641617855057, "corr_listening": 0.07171999663114548, "corr_reading": -0.005390075501054525, "p_listening": 0.074, "p_reading": 0.536, "barbin": 0, "rgb": "#000000", "zyx": [22, 42, 36]}