{"timescalecorr": 2.308052899024915e-05, "corr_listening": -0.06014782190322876, "corr_reading": 0.07511326670646667, "p_listening": 0.898, "p_reading": 0.107, "barbin": 0, "rgb": "#000000", "zyx": [20, 73, 48]}