{"timescalecorr": 0.9120185375213623, "corr_listening": 0.07643257081508636, "corr_reading": 0.017573107033967972, "p_listening": 0.099, "p_reading": 0.376, "barbin": 0, "rgb": "#000000", "zyx": [17, 81, 72]}