{"timescalecorr": 0.4951765537261963, "corr_listening": 0.04455483332276344, "corr_reading": 0.09406334161758423, "p_listening": 0.217, "p_reading": 0.045, "barbin": 0, "rgb": "#000000", "zyx": [23, 30, 50]}