{"timescalecorr": 0.9393226504325867, "corr_listening": 0.3090214133262634, "corr_reading": 0.17511659860610962, "p_listening": 0.0, "p_reading": 0.001, "barbin": 3, "rgb": "#000000", "zyx": [18, 35, 33]}