{"timescalecorr": 0.4599284529685974, "corr_listening": 0.03614969924092293, "corr_reading": 0.038291167467832565, "p_listening": 0.202, "p_reading": 0.001, "barbin": 0, "rgb": "#000000", "zyx": [8, 89, 65]}