{"timescalecorr": 1.0705430213420186e-05, "corr_listening": 0.013443747535347939, "corr_reading": 0.036257945001125336, "p_listening": 0.389, "p_reading": 0.175, "barbin": 0, "rgb": "#000000", "zyx": [19, 76, 48]}