{"timescalecorr": 0.8331091403961182, "corr_listening": 0.07962870597839355, "corr_reading": 0.06954099982976913, "p_listening": 0.112, "p_reading": 0.108, "barbin": 0, "rgb": "#000000", "zyx": [22, 57, 37]}