{"timescalecorr": 0.12690003216266632, "corr_listening": 0.16465164721012115, "corr_reading": 0.24116069078445435, "p_listening": 0.001, "p_reading": 0.0, "barbin": 3, "rgb": "#000000", "zyx": [8, 68, 31]}