{"timescalecorr": 0.18844053149223328, "corr_listening": 0.015047604218125343, "corr_reading": 0.12226420640945435, "p_listening": 0.388, "p_reading": 0.013, "barbin": 0, "rgb": "#000000", "zyx": [12, 30, 31]}