{"timescalecorr": 3.4652218801056733e-06, "corr_listening": -0.054296791553497314, "corr_reading": -0.04794541001319885, "p_listening": 0.822, "p_reading": 0.76, "barbin": 0, "rgb": "#000000", "zyx": [13, 46, 63]}