{"timescalecorr": 0.38642755150794983, "corr_listening": 0.14823761582374573, "corr_reading": 0.038377657532691956, "p_listening": 0.006, "p_reading": 0.241, "barbin": 0, "rgb": "#000000", "zyx": [11, 18, 59]}