{"timescalecorr": 0.26661986112594604, "corr_listening": -0.00677118543535471, "corr_reading": 0.03059661202132702, "p_listening": 0.956, "p_reading": 0.089, "barbin": 0, "rgb": "#000000", "zyx": [5, 79, 70]}