{"timescalecorr": 7.971913602335123e-13, "corr_listening": 0.06626804918050766, "corr_reading": -0.035944465547800064, "p_listening": 0.126, "p_reading": 0.726, "barbin": 0, "rgb": "#000000", "zyx": [5, 76, 47]}