{"timescalecorr": 0.8475585579872131, "corr_listening": -0.19407027959823608, "corr_reading": -0.15864348411560059, "p_listening": 1.0, "p_reading": 0.997, "barbin": 0, "rgb": "#000000", "zyx": [2, 77, 31]}