{"timescalecorr": 0.028832346200942993, "corr_listening": -0.01941779814660549, "corr_reading": 0.06808658689260483, "p_listening": 0.701, "p_reading": 0.131, "barbin": 0, "rgb": "#000000", "zyx": [15, 61, 55]}