{"timescalecorr": 0.009303987957537174, "corr_listening": -0.03171078488230705, "corr_reading": -0.010746345855295658, "p_listening": 0.725, "p_reading": 0.567, "barbin": 0, "rgb": "#000000", "zyx": [13, 22, 65]}