{"timescalecorr": 0.006043931934982538, "corr_listening": -0.051575060933828354, "corr_reading": 0.13497839868068695, "p_listening": 0.84, "p_reading": 0.0, "barbin": 0, "rgb": "#000000", "zyx": [11, 57, 40]}