{"timescalecorr": 0.4992862343788147, "corr_listening": 0.08059864491224289, "corr_reading": 0.0524216890335083, "p_listening": 0.051, "p_reading": 0.0, "barbin": 0, "rgb": "#000000", "zyx": [5, 86, 38]}