{"timescalecorr": 0.19228075444698334, "corr_listening": 0.06544768810272217, "corr_reading": -0.02926001325249672, "p_listening": 0.099, "p_reading": 0.691, "barbin": 0, "rgb": "#000000", "zyx": [19, 67, 74]}