{"timescalecorr": 0.20557105541229248, "corr_listening": 0.037976011633872986, "corr_reading": 0.030314601957798004, "p_listening": 0.222, "p_reading": 0.176, "barbin": 0, "rgb": "#000000", "zyx": [22, 28, 58]}