{"timescalecorr": 0.99979168176651, "corr_listening": -0.03316870331764221, "corr_reading": -0.04663286358118057, "p_listening": 0.691, "p_reading": 0.792, "barbin": 0, "rgb": "#000000", "zyx": [14, 68, 59]}