{"timescalecorr": 0.01659410633146763, "corr_listening": -0.042385317385196686, "corr_reading": 0.1382027566432953, "p_listening": 0.997, "p_reading": 0.007, "barbin": 0, "rgb": "#000000", "zyx": [21, 78, 38]}