{"timescalecorr": 0.002275975188240409, "corr_listening": 0.01591002196073532, "corr_reading": -0.0004303893947508186, "p_listening": 0.395, "p_reading": 0.522, "barbin": 0, "rgb": "#000000", "zyx": [4, 69, 80]}