{"timescalecorr": 9.653333108872175e-05, "corr_listening": -0.009782722219824791, "corr_reading": -0.0004843951028306037, "p_listening": 0.644, "p_reading": 0.582, "barbin": 0, "rgb": "#000000", "zyx": [15, 45, 35]}