{"timescalecorr": 0.07418343424797058, "corr_listening": -4.726627594209276e-06, "corr_reading": 0.0982653945684433, "p_listening": 0.527, "p_reading": 0.0, "barbin": 0, "rgb": "#000000", "zyx": [3, 87, 38]}