{"timescalecorr": 6.14770979154855e-05, "corr_listening": 0.07909619808197021, "corr_reading": -0.009099788963794708, "p_listening": 0.078, "p_reading": 0.591, "barbin": 0, "rgb": "#000000", "zyx": [21, 56, 28]}