{"timescalecorr": 3.7771999359392794e-06, "corr_listening": 0.050692118704319, "corr_reading": -0.03599632531404495, "p_listening": 0.211, "p_reading": 0.784, "barbin": 0, "rgb": "#000000", "zyx": [14, 64, 41]}