{"timescalecorr": 0.8772059679031372, "corr_listening": 0.1844547986984253, "corr_reading": 0.008038956671953201, "p_listening": 0.001, "p_reading": 0.42, "barbin": 0, "rgb": "#000000", "zyx": [20, 55, 68]}