{"timescalecorr": NaN, "corr_listening": -0.20650586485862732, "corr_reading": -0.0029360896442085505, "p_listening": 1.0, "p_reading": 0.527, "barbin": 0, "rgb": "#000000", "zyx": [24, 72, 40]}