{"timescalecorr": 0.7990280389785767, "corr_listening": 0.08006398379802704, "corr_reading": 0.012052979320287704, "p_listening": 0.083, "p_reading": 0.436, "barbin": 0, "rgb": "#000000", "zyx": [19, 24, 64]}