{"timescalecorr": 0.9843491315841675, "corr_listening": 0.23170575499534607, "corr_reading": 0.24343383312225342, "p_listening": 0.0, "p_reading": 0.0, "barbin": 3, "rgb": "#000000", "zyx": [13, 71, 74]}