{"timescalecorr": 4.329390578677872e-12, "corr_listening": -0.162589892745018, "corr_reading": 0.04338521510362625, "p_listening": 0.997, "p_reading": 0.216, "barbin": 0, "rgb": "#000000", "zyx": [24, 34, 49]}