{"timescalecorr": 0.17377129197120667, "corr_listening": -0.016006985679268837, "corr_reading": 0.01963922008872032, "p_listening": 0.715, "p_reading": 0.173, "barbin": 0, "rgb": "#000000", "zyx": [7, 75, 43]}