{"timescalecorr": 0.9359280467033386, "corr_listening": 0.16167061030864716, "corr_reading": 0.18494753539562225, "p_listening": 0.006, "p_reading": 0.0, "barbin": 2, "rgb": "#000000", "zyx": [20, 55, 35]}