{"timescalecorr": 0.22242221236228943, "corr_listening": -0.012579544447362423, "corr_reading": -0.013318702578544617, "p_listening": 0.781, "p_reading": 0.612, "barbin": 0, "rgb": "#000000", "zyx": [12, 63, 73]}