{"timescalecorr": 0.0, "corr_listening": -0.0005350809660740197, "corr_reading": 0.0042034415528178215, "p_listening": 0.881, "p_reading": 0.098, "barbin": 0, "rgb": "#000000", "zyx": [14, 63, 64]}