{"timescalecorr": 1.79608417028021e-09, "corr_listening": 0.10640101879835129, "corr_reading": -0.05729435756802559, "p_listening": 0.042, "p_reading": 0.879, "barbin": 0, "rgb": "#000000", "zyx": [22, 53, 73]}