{"timescalecorr": 0.0006201694486662745, "corr_listening": 0.0029211663641035557, "corr_reading": 0.040858618915081024, "p_listening": 0.459, "p_reading": 0.235, "barbin": 0, "rgb": "#000000", "zyx": [6, 66, 42]}