{"timescalecorr": 8.031554443732603e-07, "corr_listening": -0.006106563378125429, "corr_reading": 0.10312695801258087, "p_listening": 0.804, "p_reading": 0.038, "barbin": 0, "rgb": "#000000", "zyx": [5, 92, 47]}