{"timescalecorr": 0.3336879312992096, "corr_listening": 0.20861265063285828, "corr_reading": 0.0044080219231545925, "p_listening": 0.0, "p_reading": 0.461, "barbin": 1, "rgb": "#000000", "zyx": [24, 44, 56]}