{"timescalecorr": 7.958290776738388e-17, "corr_listening": -0.10755177587270737, "corr_reading": -0.04221000149846077, "p_listening": 0.979, "p_reading": 0.767, "barbin": 0, "rgb": "#000000", "zyx": [11, 22, 65]}