{"timescalecorr": 0.020482288673520088, "corr_listening": 0.13205476105213165, "corr_reading": 0.010453782044351101, "p_listening": 0.0, "p_reading": 0.392, "barbin": 0, "rgb": "#000000", "zyx": [15, 38, 34]}