{"timescalecorr": 0.009648673236370087, "corr_listening": -0.08033161610364914, "corr_reading": -0.04623350501060486, "p_listening": 0.934, "p_reading": 0.788, "barbin": 0, "rgb": "#000000", "zyx": [12, 67, 81]}