{"timescalecorr": 2.873734101160527e-14, "corr_listening": -0.072365403175354, "corr_reading": -0.05592286214232445, "p_listening": 0.898, "p_reading": 0.881, "barbin": 0, "rgb": "#000000", "zyx": [3, 39, 58]}