{"timescalecorr": 0.10343378782272339, "corr_listening": 0.04776924476027489, "corr_reading": -0.026684477925300598, "p_listening": 0.214, "p_reading": 0.663, "barbin": 0, "rgb": "#000000", "zyx": [11, 41, 36]}