{"timescalecorr": 0.469707190990448, "corr_listening": -0.057582348585128784, "corr_reading": 0.026130130514502525, "p_listening": 0.816, "p_reading": 0.306, "barbin": 0, "rgb": "#000000", "zyx": [18, 74, 39]}