{"timescalecorr": 0.9999038577079773, "corr_listening": -0.10204356908798218, "corr_reading": -0.026367589831352234, "p_listening": 0.953, "p_reading": 0.668, "barbin": 0, "rgb": "#000000", "zyx": [17, 20, 64]}