{"timescalecorr": 0.8146418333053589, "corr_listening": 0.03982118144631386, "corr_reading": 0.06444686651229858, "p_listening": 0.201, "p_reading": 0.13, "barbin": 0, "rgb": "#000000", "zyx": [1, 65, 73]}