{"timescalecorr": 0.5697417259216309, "corr_listening": -0.03600272536277771, "corr_reading": 0.09015333652496338, "p_listening": 0.72, "p_reading": 0.075, "barbin": 0, "rgb": "#000000", "zyx": [19, 86, 45]}