{"timescalecorr": 0.0, "corr_listening": -0.04766405001282692, "corr_reading": 0.02120569534599781, "p_listening": 0.83, "p_reading": 0.341, "barbin": 0, "rgb": "#000000", "zyx": [19, 61, 28]}