{"timescalecorr": 0.7080051898956299, "corr_listening": 0.17584913969039917, "corr_reading": 0.1902792751789093, "p_listening": 0.0, "p_reading": 0.001, "barbin": 2, "rgb": "#000000", "zyx": [15, 87, 63]}