{"timescalecorr": 0.0074934763833880424, "corr_listening": -0.0010457169264554977, "corr_reading": 0.08623532205820084, "p_listening": 0.482, "p_reading": 0.072, "barbin": 0, "rgb": "#000000", "zyx": [1, 87, 51]}