{"timescalecorr": 0.5738665461540222, "corr_listening": 0.0041755186393857, "corr_reading": 0.05781777575612068, "p_listening": 0.473, "p_reading": 0.068, "barbin": 0, "rgb": "#000000", "zyx": [23, 55, 35]}