{"timescalecorr": 0.8701905608177185, "corr_listening": -0.0012481112498790026, "corr_reading": 0.040555696934461594, "p_listening": 0.579, "p_reading": 0.0, "barbin": 0, "rgb": "#000000", "zyx": [2, 81, 39]}