{"timescalecorr": 0.01002267561852932, "corr_listening": 0.20297887921333313, "corr_reading": -0.02072194032371044, "p_listening": 0.0, "p_reading": 0.634, "barbin": 0, "rgb": "#000000", "zyx": [16, 42, 64]}