{"timescalecorr": 0.9698737859725952, "corr_listening": 0.030605316162109375, "corr_reading": 0.0023618631530553102, "p_listening": 0.125, "p_reading": 0.306, "barbin": 0, "rgb": "#000000", "zyx": [5, 56, 79]}