{"timescalecorr": 0.02114548720419407, "corr_listening": -0.0058001987636089325, "corr_reading": 0.056150589138269424, "p_listening": 0.594, "p_reading": 0.18, "barbin": 0, "rgb": "#000000", "zyx": [15, 62, 70]}