{"timescalecorr": 4.562523372442229e-06, "corr_listening": 0.1267423927783966, "corr_reading": 0.010670694522559643, "p_listening": 0.017, "p_reading": 0.421, "barbin": 0, "rgb": "#000000", "zyx": [10, 68, 61]}