{"timescalecorr": 0.005062089767307043, "corr_listening": 0.06093771383166313, "corr_reading": 0.016024665907025337, "p_listening": 0.143, "p_reading": 0.015, "barbin": 0, "rgb": "#000000", "zyx": [13, 52, 40]}