{"timescalecorr": 0.5105380415916443, "corr_listening": 0.21697403490543365, "corr_reading": 0.25118449330329895, "p_listening": 0.0, "p_reading": 0.0, "barbin": 3, "rgb": "#000000", "zyx": [12, 76, 34]}