{"timescalecorr": 0.9995274543762207, "corr_listening": -0.019083566963672638, "corr_reading": 0.04105613753199577, "p_listening": 0.662, "p_reading": 0.234, "barbin": 0, "rgb": "#000000", "zyx": [8, 58, 64]}