{"timescalecorr": 0.4417573809623718, "corr_listening": -0.12756791710853577, "corr_reading": 0.06965301930904388, "p_listening": 0.989, "p_reading": 0.084, "barbin": 0, "rgb": "#000000", "zyx": [9, 69, 75]}