{"timescalecorr": 0.00024024710000958294, "corr_listening": 0.05929591506719589, "corr_reading": 0.07365834712982178, "p_listening": 0.132, "p_reading": 0.074, "barbin": 0, "rgb": "#000000", "zyx": [0, 77, 71]}