{"timescalecorr": 0.04002828523516655, "corr_listening": -0.04758509248495102, "corr_reading": 0.15034139156341553, "p_listening": 0.879, "p_reading": 0.007, "barbin": 0, "rgb": "#000000", "zyx": [21, 79, 43]}