{"timescalecorr": 0.5870839357376099, "corr_listening": 0.11476157605648041, "corr_reading": 0.06106247752904892, "p_listening": 0.018, "p_reading": 0.088, "barbin": 0, "rgb": "#000000", "zyx": [12, 24, 39]}