{"timescalecorr": 0.08396709710359573, "corr_listening": -0.001380089670419693, "corr_reading": 0.05186977982521057, "p_listening": 0.517, "p_reading": 0.186, "barbin": 0, "rgb": "#000000", "zyx": [9, 53, 71]}