{"timescalecorr": 1.942682274602703e-06, "corr_listening": -0.043852757662534714, "corr_reading": 0.01918531395494938, "p_listening": 0.779, "p_reading": 0.357, "barbin": 0, "rgb": "#000000", "zyx": [6, 39, 43]}