{"timescalecorr": 0.00018903205636888742, "corr_listening": -0.09549447894096375, "corr_reading": 0.10540838539600372, "p_listening": 0.957, "p_reading": 0.025, "barbin": 0, "rgb": "#000000", "zyx": [1, 41, 63]}