{"timescalecorr": 0.0059878830797970295, "corr_listening": -0.04684019461274147, "corr_reading": -0.004782713949680328, "p_listening": 0.788, "p_reading": 0.543, "barbin": 0, "rgb": "#000000", "zyx": [14, 72, 69]}