{"timescalecorr": 0.9924265742301941, "corr_listening": 0.06922286003828049, "corr_reading": -0.0020865292754024267, "p_listening": 0.109, "p_reading": 0.549, "barbin": 0, "rgb": "#000000", "zyx": [12, 64, 42]}