{"timescalecorr": 0.10481562465429306, "corr_listening": 0.062487900257110596, "corr_reading": 0.030235249549150467, "p_listening": 0.097, "p_reading": 0.3, "barbin": 0, "rgb": "#000000", "zyx": [12, 72, 54]}