{"timescalecorr": 0.0, "corr_listening": -0.034571725875139236, "corr_reading": -0.042377520352602005, "p_listening": 0.737, "p_reading": 0.779, "barbin": 0, "rgb": "#000000", "zyx": [3, 42, 74]}