{"timescalecorr": 0.01121035497635603, "corr_listening": -0.01831147074699402, "corr_reading": 0.027664856985211372, "p_listening": 0.647, "p_reading": 0.127, "barbin": 0, "rgb": "#000000", "zyx": [6, 79, 69]}