{"timescalecorr": 0.9296575784683228, "corr_listening": -0.040418945252895355, "corr_reading": 0.014000261202454567, "p_listening": 1.0, "p_reading": 0.36, "barbin": 0, "rgb": "#000000", "zyx": [9, 63, 50]}