{"timescalecorr": 1.1053703019570094e-06, "corr_listening": -0.003747067879885435, "corr_reading": 0.03847905248403549, "p_listening": 0.652, "p_reading": 0.254, "barbin": 0, "rgb": "#000000", "zyx": [23, 78, 65]}