{"timescalecorr": 0.010929171927273273, "corr_listening": -0.03496706113219261, "corr_reading": 0.008370734751224518, "p_listening": 0.729, "p_reading": 0.479, "barbin": 0, "rgb": "#000000", "zyx": [15, 57, 71]}