{"timescalecorr": 0.9236611723899841, "corr_listening": 0.08663052320480347, "corr_reading": 0.05007093399763107, "p_listening": 0.069, "p_reading": 0.001, "barbin": 0, "rgb": "#000000", "zyx": [19, 33, 61]}