{"timescalecorr": 3.509300950099714e-05, "corr_listening": -0.06713208556175232, "corr_reading": -0.03895282372832298, "p_listening": 0.866, "p_reading": 0.899, "barbin": 0, "rgb": "#000000", "zyx": [13, 34, 63]}