{"timescalecorr": 1.5457677363883704e-05, "corr_listening": 0.05284516513347626, "corr_reading": -0.01662994548678398, "p_listening": 0.137, "p_reading": 0.601, "barbin": 0, "rgb": "#000000", "zyx": [14, 66, 41]}