{"timescalecorr": 0.0, "corr_listening": 0.14206139743328094, "corr_reading": -0.1261582374572754, "p_listening": 0.009, "p_reading": 0.999, "barbin": 0, "rgb": "#000000", "zyx": [23, 50, 34]}