{"timescalecorr": 6.825773599162228e-24, "corr_listening": 0.0624830424785614, "corr_reading": -0.1232018992304802, "p_listening": 0.05, "p_reading": 0.987, "barbin": 0, "rgb": "#000000", "zyx": [5, 55, 78]}