{"timescalecorr": 0.9123345613479614, "corr_listening": 0.0038536263164132833, "corr_reading": 0.08849115669727325, "p_listening": 0.195, "p_reading": 0.003, "barbin": 0, "rgb": "#000000", "zyx": [7, 88, 41]}