{"timescalecorr": 0.12096425890922546, "corr_listening": 0.02682119607925415, "corr_reading": 0.0034565962851047516, "p_listening": 0.327, "p_reading": 0.138, "barbin": 0, "rgb": "#000000", "zyx": [19, 87, 64]}