{"timescalecorr": 1.7286420188611373e-06, "corr_listening": -0.17376025021076202, "corr_reading": 0.0017432033782824874, "p_listening": 0.997, "p_reading": 0.438, "barbin": 0, "rgb": "#000000", "zyx": [15, 26, 45]}