{"timescalecorr": 0.9769901037216187, "corr_listening": -0.011923439800739288, "corr_reading": 0.32141077518463135, "p_listening": 0.614, "p_reading": 0.0, "barbin": 2, "rgb": "#000000", "zyx": [21, 32, 43]}