{"timescalecorr": 0.1678495705127716, "corr_listening": 0.030819127336144447, "corr_reading": 0.015940651297569275, "p_listening": 0.038, "p_reading": 0.387, "barbin": 0, "rgb": "#000000", "zyx": [18, 69, 49]}