{"timescalecorr": 0.9519784450531006, "corr_listening": -0.01278225239366293, "corr_reading": 0.075045146048069, "p_listening": 0.588, "p_reading": 0.096, "barbin": 0, "rgb": "#000000", "zyx": [3, 52, 69]}