{"timescalecorr": 1.0627229930372418e-22, "corr_listening": 0.018637197092175484, "corr_reading": 0.003063112497329712, "p_listening": 0.311, "p_reading": 0.498, "barbin": 0, "rgb": "#000000", "zyx": [8, 86, 54]}