{"timescalecorr": 0.22538729012012482, "corr_listening": 0.10996885597705841, "corr_reading": 0.06883504986763, "p_listening": 0.028, "p_reading": 0.111, "barbin": 0, "rgb": "#000000", "zyx": [25, 50, 45]}