{"timescalecorr": 0.0, "corr_listening": -0.07423717528581619, "corr_reading": -0.03201857954263687, "p_listening": 0.895, "p_reading": 0.727, "barbin": 0, "rgb": "#000000", "zyx": [8, 54, 42]}