{"timescalecorr": 0.07876958698034286, "corr_listening": 0.010565546341240406, "corr_reading": -0.023132994771003723, "p_listening": 0.155, "p_reading": 0.677, "barbin": 0, "rgb": "#000000", "zyx": [14, 68, 46]}