{"timescalecorr": 0.7746295928955078, "corr_listening": 0.37995022535324097, "corr_reading": 0.33540183305740356, "p_listening": 0.0, "p_reading": 0.0, "barbin": 4, "rgb": "#000000", "zyx": [12, 77, 72]}