{"timescalecorr": 0.012561817653477192, "corr_listening": 0.009111074730753899, "corr_reading": 0.013150574639439583, "p_listening": 0.481, "p_reading": 0.399, "barbin": 0, "rgb": "#000000", "zyx": [9, 71, 68]}