{"timescalecorr": 0.187726229429245, "corr_listening": 0.15135635435581207, "corr_reading": 0.044259048998355865, "p_listening": 0.005, "p_reading": 0.208, "barbin": 0, "rgb": "#000000", "zyx": [15, 77, 49]}