{"timescalecorr": 0.007708131801337004, "corr_listening": 0.23903214931488037, "corr_reading": -0.11454492807388306, "p_listening": 0.0, "p_reading": 0.961, "barbin": 0, "rgb": "#000000", "zyx": [14, 24, 38]}