{"timescalecorr": NaN, "corr_listening": -0.01037228386849165, "corr_reading": 0.0271974615752697, "p_listening": 0.934, "p_reading": 0.303, "barbin": 0, "rgb": "#000000", "zyx": [25, 42, 39]}