{"timescalecorr": 0.585882842540741, "corr_listening": 0.12072684615850449, "corr_reading": 0.15238173305988312, "p_listening": 0.011, "p_reading": 0.0, "barbin": 1, "rgb": "#000000", "zyx": [8, 36, 70]}