{"timescalecorr": 0.1876416802406311, "corr_listening": 0.03516017645597458, "corr_reading": -0.028973620384931564, "p_listening": 0.31, "p_reading": 0.712, "barbin": 0, "rgb": "#000000", "zyx": [15, 37, 61]}