{"timescalecorr": 0.018874330446124077, "corr_listening": 0.049247708171606064, "corr_reading": -0.028631411492824554, "p_listening": 0.2, "p_reading": 0.691, "barbin": 0, "rgb": "#000000", "zyx": [24, 69, 63]}