{"timescalecorr": 0.0008318052859976888, "corr_listening": 0.026909664273262024, "corr_reading": 0.01702808029949665, "p_listening": 0.317, "p_reading": 0.381, "barbin": 0, "rgb": "#000000", "zyx": [5, 55, 82]}