{"timescalecorr": 0.9562877416610718, "corr_listening": 0.5643327832221985, "corr_reading": 0.319021612405777, "p_listening": 0.0, "p_reading": 0.0, "barbin": 4, "rgb": "#000000", "zyx": [16, 41, 64]}