{"timescalecorr": 0.031615883111953735, "corr_listening": -0.004578539170324802, "corr_reading": 0.045572277158498764, "p_listening": 0.537, "p_reading": 0.128, "barbin": 0, "rgb": "#000000", "zyx": [21, 62, 69]}