{"timescalecorr": 0.13225392997264862, "corr_listening": -0.06719482690095901, "corr_reading": 0.0019844230264425278, "p_listening": 0.896, "p_reading": 0.349, "barbin": 0, "rgb": "#000000", "zyx": [12, 67, 52]}