{"timescalecorr": 0.2222261279821396, "corr_listening": 0.1926971673965454, "corr_reading": 0.1038222461938858, "p_listening": 0.0, "p_reading": 0.031, "barbin": 1, "rgb": "#000000", "zyx": [11, 83, 68]}