{"timescalecorr": 0.21331575512886047, "corr_listening": 0.08837613463401794, "corr_reading": 0.3329932987689972, "p_listening": 0.072, "p_reading": 0.0, "barbin": 3, "rgb": "#000000", "zyx": [15, 47, 27]}