{"timescalecorr": 0.24439090490341187, "corr_listening": -0.1411455124616623, "corr_reading": -0.07449895888566971, "p_listening": 0.992, "p_reading": 0.917, "barbin": 0, "rgb": "#000000", "zyx": [25, 70, 51]}