{"timescalecorr": 0.054737187922000885, "corr_listening": 0.16730917990207672, "corr_reading": 0.1272202432155609, "p_listening": 0.001, "p_reading": 0.01, "barbin": 1, "rgb": "#000000", "zyx": [16, 26, 35]}