{"timescalecorr": 0.5739627480506897, "corr_listening": 0.24443171918392181, "corr_reading": 0.2349749505519867, "p_listening": 0.0, "p_reading": 0.0, "barbin": 3, "rgb": "#000000", "zyx": [24, 40, 49]}