{"timescalecorr": 1.939684871055114e-11, "corr_listening": 0.0613335557281971, "corr_reading": -0.09225337207317352, "p_listening": 0.075, "p_reading": 0.941, "barbin": 0, "rgb": "#000000", "zyx": [16, 53, 77]}