{"timescalecorr": 0.06834728270769119, "corr_listening": -0.017695598304271698, "corr_reading": 0.004602391738444567, "p_listening": 0.63, "p_reading": 0.482, "barbin": 0, "rgb": "#000000", "zyx": [14, 55, 55]}