{"timescalecorr": 0.6718339323997498, "corr_listening": 0.12705349922180176, "corr_reading": 0.07487250864505768, "p_listening": 0.001, "p_reading": 0.066, "barbin": 1, "rgb": "#000000", "zyx": [22, 53, 68]}