{"timescalecorr": 0.058175209909677505, "corr_listening": 0.13432230055332184, "corr_reading": -0.02376723475754261, "p_listening": 0.004, "p_reading": 0.782, "barbin": 0, "rgb": "#000000", "zyx": [17, 73, 51]}