{"timescalecorr": 0.23700425028800964, "corr_listening": 0.06788530200719833, "corr_reading": 0.0008028557058423758, "p_listening": 0.097, "p_reading": 0.445, "barbin": 0, "rgb": "#000000", "zyx": [22, 63, 52]}