{"timescalecorr": 0.0, "corr_listening": -0.057198416441679, "corr_reading": -0.014944840222597122, "p_listening": 0.832, "p_reading": 0.583, "barbin": 0, "rgb": "#000000", "zyx": [7, 23, 45]}