{"timescalecorr": 5.009452252124902e-06, "corr_listening": 0.11768932640552521, "corr_reading": -0.07408607751131058, "p_listening": 0.019, "p_reading": 0.891, "barbin": 0, "rgb": "#000000", "zyx": [14, 24, 69]}