{"timescalecorr": 0.0006241772789508104, "corr_listening": -0.011589210480451584, "corr_reading": 0.08319486677646637, "p_listening": 0.571, "p_reading": 0.104, "barbin": 0, "rgb": "#000000", "zyx": [4, 52, 71]}