{"timescalecorr": 3.443733831431928e-08, "corr_listening": 0.010188139975070953, "corr_reading": 0.009901762939989567, "p_listening": 0.441, "p_reading": 0.428, "barbin": 0, "rgb": "#000000", "zyx": [13, 17, 55]}