{"timescalecorr": 0.0, "corr_listening": 0.007288496941328049, "corr_reading": -0.036920201033353806, "p_listening": 0.454, "p_reading": 0.773, "barbin": 0, "rgb": "#000000", "zyx": [14, 51, 80]}