{"timescalecorr": 0.9333990812301636, "corr_listening": -0.019058169797062874, "corr_reading": 0.0841812938451767, "p_listening": 0.63, "p_reading": 0.081, "barbin": 0, "rgb": "#000000", "zyx": [7, 76, 50]}