{"timescalecorr": 0.01571021042764187, "corr_listening": 0.004485523793846369, "corr_reading": 0.20014919340610504, "p_listening": 0.46, "p_reading": 0.001, "barbin": 1, "rgb": "#000000", "zyx": [13, 34, 55]}