{"timescalecorr": 2.7342761313775554e-05, "corr_listening": 0.0232020765542984, "corr_reading": 0.0009412504732608795, "p_listening": 0.35, "p_reading": 0.487, "barbin": 0, "rgb": "#000000", "zyx": [6, 29, 51]}