{"timescalecorr": 0.060705412179231644, "corr_listening": 0.2690502405166626, "corr_reading": 0.012650948017835617, "p_listening": 0.0, "p_reading": 0.393, "barbin": 1, "rgb": "#000000", "zyx": [19, 36, 42]}