{"timescalecorr": 0.3981364369392395, "corr_listening": 0.26965999603271484, "corr_reading": 0.0267206821590662, "p_listening": 0.0, "p_reading": 0.303, "barbin": 1, "rgb": "#000000", "zyx": [22, 49, 66]}