{"timescalecorr": 6.235629825823708e-07, "corr_listening": 0.03736371919512749, "corr_reading": 0.03470112383365631, "p_listening": 0.178, "p_reading": 0.256, "barbin": 0, "rgb": "#000000", "zyx": [9, 33, 56]}