{"timescalecorr": 0.864219605922699, "corr_listening": 0.014418201521039009, "corr_reading": 0.17420434951782227, "p_listening": 0.431, "p_reading": 0.003, "barbin": 0, "rgb": "#000000", "zyx": [12, 31, 66]}