{"timescalecorr": 0.869044303894043, "corr_listening": 0.03177577257156372, "corr_reading": 0.039188310503959656, "p_listening": 0.293, "p_reading": 0.264, "barbin": 0, "rgb": "#000000", "zyx": [7, 41, 54]}