{"timescalecorr": 1.0438576543946032e-14, "corr_listening": 0.0343608595430851, "corr_reading": -0.026544662192463875, "p_listening": 0.227, "p_reading": 0.659, "barbin": 0, "rgb": "#000000", "zyx": [10, 45, 51]}