{"timescalecorr": 0.009865042753517628, "corr_listening": 0.09653718769550323, "corr_reading": 0.019809434190392494, "p_listening": 0.016, "p_reading": 0.027, "barbin": 0, "rgb": "#000000", "zyx": [10, 23, 62]}