{"timescalecorr": 0.4180513322353363, "corr_listening": -0.029133401811122894, "corr_reading": 0.020851343870162964, "p_listening": 0.815, "p_reading": 0.341, "barbin": 0, "rgb": "#000000", "zyx": [18, 88, 61]}