{"timescalecorr": 0.9387561678886414, "corr_listening": 0.06146895885467529, "corr_reading": 0.10488227754831314, "p_listening": 0.118, "p_reading": 0.003, "barbin": 0, "rgb": "#000000", "zyx": [17, 83, 44]}