{"timescalecorr": 0.8033996224403381, "corr_listening": 0.30042195320129395, "corr_reading": 0.0957985520362854, "p_listening": 0.0, "p_reading": 0.057, "barbin": 2, "rgb": "#000000", "zyx": [20, 44, 62]}