{"timescalecorr": 0.0026438806671649218, "corr_listening": -0.07592865079641342, "corr_reading": 0.025882743299007416, "p_listening": 0.911, "p_reading": 0.305, "barbin": 0, "rgb": "#000000", "zyx": [7, 42, 68]}