{"timescalecorr": 0.8464323282241821, "corr_listening": -0.014011386781930923, "corr_reading": -0.08907018601894379, "p_listening": 0.709, "p_reading": 0.935, "barbin": 0, "rgb": "#000000", "zyx": [10, 31, 71]}