{"timescalecorr": 0.8490290641784668, "corr_listening": 0.06321834027767181, "corr_reading": 0.0829724371433258, "p_listening": 0.122, "p_reading": 0.009, "barbin": 0, "rgb": "#000000", "zyx": [5, 88, 50]}