{"timescalecorr": 0.0, "corr_listening": -0.014721543528139591, "corr_reading": 0.001315866014920175, "p_listening": 0.602, "p_reading": 0.476, "barbin": 0, "rgb": "#000000", "zyx": [24, 57, 34]}