{"timescalecorr": 0.0, "corr_listening": -0.06402868777513504, "corr_reading": -0.000212119979551062, "p_listening": 0.887, "p_reading": 0.498, "barbin": 0, "rgb": "#000000", "zyx": [11, 82, 28]}