{"timescalecorr": 0.1937980204820633, "corr_listening": 0.16133646667003632, "corr_reading": 0.11859148740768433, "p_listening": 0.001, "p_reading": 0.025, "barbin": 1, "rgb": "#000000", "zyx": [11, 76, 53]}