{"timescalecorr": 0.7766733169555664, "corr_listening": 0.17513318359851837, "corr_reading": 0.09381020069122314, "p_listening": 0.0, "p_reading": 0.062, "barbin": 1, "rgb": "#000000", "zyx": [18, 32, 54]}