{"timescalecorr": 0.08649300783872604, "corr_listening": 0.11416284739971161, "corr_reading": 0.08407732844352722, "p_listening": 0.034, "p_reading": 0.065, "barbin": 0, "rgb": "#000000", "zyx": [18, 76, 66]}