{"timescalecorr": 0.0, "corr_listening": 0.0578312873840332, "corr_reading": -0.03489072993397713, "p_listening": 0.104, "p_reading": 0.827, "barbin": 0, "rgb": "#000000", "zyx": [6, 54, 33]}