{"timescalecorr": 0.0, "corr_listening": 0.07624250650405884, "corr_reading": 0.010030883364379406, "p_listening": 0.097, "p_reading": 0.415, "barbin": 0, "rgb": "#000000", "zyx": [19, 55, 57]}