{"timescalecorr": 0.8392995595932007, "corr_listening": 0.044599615037441254, "corr_reading": 0.09116032719612122, "p_listening": 0.221, "p_reading": 0.056, "barbin": 0, "rgb": "#000000", "zyx": [18, 54, 37]}