{"timescalecorr": 0.6046696305274963, "corr_listening": -0.0648568868637085, "corr_reading": -0.05542878806591034, "p_listening": 0.856, "p_reading": 0.878, "barbin": 0, "rgb": "#000000", "zyx": [20, 54, 75]}