{"timescalecorr": 0.07855945825576782, "corr_listening": 0.010729018598794937, "corr_reading": -0.01461851317435503, "p_listening": 0.221, "p_reading": 0.607, "barbin": 0, "rgb": "#000000", "zyx": [3, 56, 44]}