{"timescalecorr": 0.9999534487724304, "corr_listening": -0.03897877037525177, "corr_reading": -0.05435340479016304, "p_listening": 0.747, "p_reading": 0.812, "barbin": 0, "rgb": "#000000", "zyx": [3, 55, 44]}