{"timescalecorr": 0.00017704471247270703, "corr_listening": 0.048247963190078735, "corr_reading": 0.050459299236536026, "p_listening": 0.024, "p_reading": 0.19, "barbin": 0, "rgb": "#000000", "zyx": [23, 33, 53]}