{"timescalecorr": 0.269420862197876, "corr_listening": 0.13143706321716309, "corr_reading": 0.21457551419734955, "p_listening": 0.012, "p_reading": 0.0, "barbin": 2, "rgb": "#000000", "zyx": [17, 29, 58]}