{"timescalecorr": 0.9999868869781494, "corr_listening": -0.05197301506996155, "corr_reading": -0.02230246551334858, "p_listening": 0.975, "p_reading": 0.65, "barbin": 0, "rgb": "#000000", "zyx": [9, 68, 67]}