{"timescalecorr": 0.0, "corr_listening": 0.05333023518323898, "corr_reading": -0.034245122224092484, "p_listening": 0.182, "p_reading": 0.722, "barbin": 0, "rgb": "#000000", "zyx": [19, 34, 67]}