{"timescalecorr": 0.10952924191951752, "corr_listening": 0.05747915059328079, "corr_reading": 0.011487703770399094, "p_listening": 0.097, "p_reading": 0.392, "barbin": 0, "rgb": "#000000", "zyx": [20, 65, 34]}