{"timescalecorr": 0.0055131311528384686, "corr_listening": 0.06377869844436646, "corr_reading": 0.35392022132873535, "p_listening": 0.141, "p_reading": 0.0, "barbin": 3, "rgb": "#000000", "zyx": [26, 52, 53]}