{"timescalecorr": 0.9884982109069824, "corr_listening": -0.0442860946059227, "corr_reading": -0.0028086272068321705, "p_listening": 0.787, "p_reading": 0.538, "barbin": 0, "rgb": "#000000", "zyx": [10, 84, 76]}