{"timescalecorr": 0.08261828869581223, "corr_listening": 0.012143919244408607, "corr_reading": 0.09540949016809464, "p_listening": 0.426, "p_reading": 0.02, "barbin": 0, "rgb": "#000000", "zyx": [19, 63, 67]}