{"timescalecorr": 0.716996967792511, "corr_listening": 0.0760684460401535, "corr_reading": 0.00811765342950821, "p_listening": 0.115, "p_reading": 0.388, "barbin": 0, "rgb": "#000000", "zyx": [14, 71, 42]}