{"timescalecorr": 0.010889890603721142, "corr_listening": -0.07972174882888794, "corr_reading": 0.060730092227458954, "p_listening": 0.905, "p_reading": 0.137, "barbin": 0, "rgb": "#000000", "zyx": [2, 63, 32]}