{"timescalecorr": 0.13532090187072754, "corr_listening": -0.04212934896349907, "corr_reading": 0.06785356253385544, "p_listening": 0.759, "p_reading": 0.075, "barbin": 0, "rgb": "#000000", "zyx": [23, 53, 54]}