{"timescalecorr": 0.002434569876641035, "corr_listening": 0.04623592644929886, "corr_reading": -0.009483665227890015, "p_listening": 0.185, "p_reading": 0.566, "barbin": 0, "rgb": "#000000", "zyx": [16, 56, 52]}