{"timescalecorr": 0.0, "corr_listening": -0.022222427651286125, "corr_reading": 0.001894813496619463, "p_listening": 0.696, "p_reading": 0.469, "barbin": 0, "rgb": "#000000", "zyx": [23, 70, 64]}