{"timescalecorr": 0.9887591004371643, "corr_listening": -0.031977105885744095, "corr_reading": 0.0389033704996109, "p_listening": 0.729, "p_reading": 0.189, "barbin": 0, "rgb": "#000000", "zyx": [8, 75, 47]}