{"timescalecorr": 0.3607805669307709, "corr_listening": 0.002986977808177471, "corr_reading": 0.0374421589076519, "p_listening": 0.447, "p_reading": 0.263, "barbin": 0, "rgb": "#000000", "zyx": [13, 44, 39]}