{"timescalecorr": 0.04478969797492027, "corr_listening": 0.026308715343475342, "corr_reading": 0.08247126638889313, "p_listening": 0.267, "p_reading": 0.012, "barbin": 0, "rgb": "#000000", "zyx": [4, 86, 63]}