{"timescalecorr": 0.0020759960170835257, "corr_listening": 0.12406722456216812, "corr_reading": -0.0494866669178009, "p_listening": 0.018, "p_reading": 0.8, "barbin": 0, "rgb": "#000000", "zyx": [2, 56, 75]}