{"timescalecorr": 0.013848253525793552, "corr_listening": -0.06337027996778488, "corr_reading": 0.11991734802722931, "p_listening": 0.866, "p_reading": 0.006, "barbin": 0, "rgb": "#000000", "zyx": [17, 64, 77]}