{"timescalecorr": 0.10080593079328537, "corr_listening": 0.09965898096561432, "corr_reading": -0.04985018074512482, "p_listening": 0.056, "p_reading": 0.809, "barbin": 0, "rgb": "#000000", "zyx": [8, 32, 41]}