{"timescalecorr": 1.0, "corr_listening": -0.03139089047908783, "corr_reading": -0.015293890610337257, "p_listening": 0.703, "p_reading": 0.911, "barbin": 0, "rgb": "#000000", "zyx": [22, 69, 50]}