{"timescalecorr": 0.3849393129348755, "corr_listening": 0.07813965529203415, "corr_reading": 0.054562948644161224, "p_listening": 0.078, "p_reading": 0.186, "barbin": 0, "rgb": "#000000", "zyx": [6, 70, 73]}