{"timescalecorr": 0.0, "corr_listening": -0.019008589908480644, "corr_reading": 0.008152691647410393, "p_listening": 0.733, "p_reading": 0.467, "barbin": 0, "rgb": "#000000", "zyx": [4, 79, 47]}