{"timescalecorr": 1.0127577297680546e-05, "corr_listening": 0.1548665463924408, "corr_reading": -0.12575533986091614, "p_listening": 0.003, "p_reading": 0.983, "barbin": 0, "rgb": "#000000", "zyx": [7, 44, 29]}