{"timescalecorr": 0.0025243365671485662, "corr_listening": 0.01667085848748684, "corr_reading": 0.034533675760030746, "p_listening": 0.401, "p_reading": 0.283, "barbin": 0, "rgb": "#000000", "zyx": [10, 75, 42]}