{"timescalecorr": 0.8892889022827148, "corr_listening": -0.05790575221180916, "corr_reading": -0.1389731913805008, "p_listening": 0.848, "p_reading": 0.989, "barbin": 0, "rgb": "#000000", "zyx": [22, 43, 71]}