{"timescalecorr": 0.0047899652272462845, "corr_listening": 0.05830898508429527, "corr_reading": -0.01030003372579813, "p_listening": 0.17, "p_reading": 0.608, "barbin": 0, "rgb": "#000000", "zyx": [16, 71, 48]}