{"timescalecorr": 0.00014000323426444083, "corr_listening": -0.003207347122952342, "corr_reading": -0.05808641389012337, "p_listening": 0.523, "p_reading": 0.813, "barbin": 0, "rgb": "#000000", "zyx": [18, 72, 78]}