{"timescalecorr": 0.0, "corr_listening": -0.03902926295995712, "corr_reading": 0.06834570318460464, "p_listening": 0.737, "p_reading": 0.054, "barbin": 0, "rgb": "#000000", "zyx": [12, 34, 37]}