{"timescalecorr": 0.0, "corr_listening": -0.10832060873508453, "corr_reading": -0.05302905663847923, "p_listening": 0.964, "p_reading": 0.811, "barbin": 0, "rgb": "#000000", "zyx": [17, 41, 29]}