{"timescalecorr": 0.016980597749352455, "corr_listening": 0.0924171432852745, "corr_reading": 0.1246362179517746, "p_listening": 0.063, "p_reading": 0.014, "barbin": 1, "rgb": "#000000", "zyx": [8, 70, 23]}