{"timescalecorr": 0.22179153561592102, "corr_listening": 0.03509504348039627, "corr_reading": -0.06280151754617691, "p_listening": 0.257, "p_reading": 0.91, "barbin": 0, "rgb": "#000000", "zyx": [20, 70, 37]}