{"timescalecorr": 0.1265193670988083, "corr_listening": 0.000291589240077883, "corr_reading": 0.01937224715948105, "p_listening": 0.496, "p_reading": 0.331, "barbin": 0, "rgb": "#000000", "zyx": [19, 58, 76]}