{"timescalecorr": 0.9912271499633789, "corr_listening": 0.011964071542024612, "corr_reading": 0.03390803560614586, "p_listening": 0.415, "p_reading": 0.294, "barbin": 0, "rgb": "#000000", "zyx": [7, 34, 39]}