{"timescalecorr": 0.0, "corr_listening": 0.012907641939818859, "corr_reading": -0.022823482751846313, "p_listening": 0.408, "p_reading": 0.862, "barbin": 0, "rgb": "#000000", "zyx": [18, 50, 60]}