{"timescalecorr": 0.8927778601646423, "corr_listening": -0.01893654279410839, "corr_reading": -0.06238818168640137, "p_listening": 0.649, "p_reading": 0.834, "barbin": 0, "rgb": "#000000", "zyx": [20, 43, 46]}