{"timescalecorr": 0.34333375096321106, "corr_listening": 0.06490135192871094, "corr_reading": 0.02936030551791191, "p_listening": 0.125, "p_reading": 0.27, "barbin": 0, "rgb": "#000000", "zyx": [9, 87, 60]}