{"timescalecorr": 0.9739792943000793, "corr_listening": -0.05403176695108414, "corr_reading": -0.040464866906404495, "p_listening": 0.859, "p_reading": 0.771, "barbin": 0, "rgb": "#000000", "zyx": [19, 80, 50]}