{"timescalecorr": 0.9966744184494019, "corr_listening": 0.048553913831710815, "corr_reading": -0.06636156886816025, "p_listening": 0.198, "p_reading": 0.86, "barbin": 0, "rgb": "#000000", "zyx": [11, 31, 33]}