{"timescalecorr": 0.007754444144666195, "corr_listening": 0.09173470735549927, "corr_reading": -0.013264545239508152, "p_listening": 0.049, "p_reading": 0.594, "barbin": 0, "rgb": "#000000", "zyx": [5, 53, 24]}