{"timescalecorr": 0.16420848667621613, "corr_listening": -0.0049993922002613544, "corr_reading": 0.06234503909945488, "p_listening": 0.527, "p_reading": 0.119, "barbin": 0, "rgb": "#000000", "zyx": [22, 73, 65]}