{"timescalecorr": 1.1923351926253765e-17, "corr_listening": -0.15369461476802826, "corr_reading": 0.00557327875867486, "p_listening": 0.996, "p_reading": 0.437, "barbin": 0, "rgb": "#000000", "zyx": [15, 67, 60]}