{"timescalecorr": 0.0034963686484843493, "corr_listening": 0.32090598344802856, "corr_reading": 0.07249632477760315, "p_listening": 0.0, "p_reading": 0.019, "barbin": 2, "rgb": "#000000", "zyx": [11, 36, 65]}