{"timescalecorr": 0.23291203379631042, "corr_listening": -0.12160776555538177, "corr_reading": 0.13667917251586914, "p_listening": 0.988, "p_reading": 0.002, "barbin": 0, "rgb": "#000000", "zyx": [11, 53, 39]}