{"timescalecorr": 4.085489169192158e-10, "corr_listening": -0.14021964371204376, "corr_reading": -0.007218027487397194, "p_listening": 0.995, "p_reading": 0.535, "barbin": 0, "rgb": "#000000", "zyx": [22, 85, 59]}