{"timescalecorr": 0.09735887497663498, "corr_listening": 0.1642981320619583, "corr_reading": 0.00863630697131157, "p_listening": 0.004, "p_reading": 0.411, "barbin": 0, "rgb": "#000000", "zyx": [10, 33, 55]}