{"timescalecorr": 0.9976209998130798, "corr_listening": 0.016852913424372673, "corr_reading": 0.01901702955365181, "p_listening": 0.379, "p_reading": 0.353, "barbin": 0, "rgb": "#000000", "zyx": [3, 43, 46]}