{"timescalecorr": 0.005557239055633545, "corr_listening": -0.07605674117803574, "corr_reading": 0.0026299147866666317, "p_listening": 0.897, "p_reading": 0.385, "barbin": 0, "rgb": "#000000", "zyx": [12, 93, 50]}