{"timescalecorr": 0.39524564146995544, "corr_listening": 0.049526557326316833, "corr_reading": 0.07533802092075348, "p_listening": 0.196, "p_reading": 0.109, "barbin": 0, "rgb": "#000000", "zyx": [21, 29, 48]}