{"timescalecorr": 4.7311303319474973e-07, "corr_listening": 0.045796968042850494, "corr_reading": 0.053506556898355484, "p_listening": 0.048, "p_reading": 0.166, "barbin": 0, "rgb": "#000000", "zyx": [5, 76, 74]}