{"timescalecorr": 6.4496380218770355e-06, "corr_listening": -0.023071276023983955, "corr_reading": 0.06401455402374268, "p_listening": 0.642, "p_reading": 0.116, "barbin": 0, "rgb": "#000000", "zyx": [15, 90, 46]}