{"timescalecorr": 0.016171997413039207, "corr_listening": -0.09524408727884293, "corr_reading": -0.003210201160982251, "p_listening": 0.945, "p_reading": 0.528, "barbin": 0, "rgb": "#000000", "zyx": [19, 35, 71]}