{"timescalecorr": 5.0936814659507945e-05, "corr_listening": -0.003604886122047901, "corr_reading": 0.09686151146888733, "p_listening": 0.507, "p_reading": 0.04, "barbin": 0, "rgb": "#000000", "zyx": [5, 43, 66]}