{"timescalecorr": 0.1465836465358734, "corr_listening": -0.09603161364793777, "corr_reading": 0.06961492449045181, "p_listening": 0.953, "p_reading": 0.058, "barbin": 0, "rgb": "#000000", "zyx": [14, 44, 65]}