{"timescalecorr": 0.003706283401697874, "corr_listening": 0.039658937603235245, "corr_reading": -0.003912120591849089, "p_listening": 0.212, "p_reading": 0.877, "barbin": 0, "rgb": "#000000", "zyx": [10, 56, 32]}