{"timescalecorr": 0.7025960683822632, "corr_listening": 0.16162528097629547, "corr_reading": 0.016529250890016556, "p_listening": 0.003, "p_reading": 0.377, "barbin": 0, "rgb": "#000000", "zyx": [4, 44, 37]}