{"timescalecorr": 0.012595542706549168, "corr_listening": 0.05139901489019394, "corr_reading": -0.04715955629944801, "p_listening": 0.149, "p_reading": 0.803, "barbin": 0, "rgb": "#000000", "zyx": [15, 82, 33]}