{"timescalecorr": 0.249212384223938, "corr_listening": 0.04881671816110611, "corr_reading": 0.09338083118200302, "p_listening": 0.203, "p_reading": 0.0, "barbin": 0, "rgb": "#000000", "zyx": [5, 85, 38]}