{"timescalecorr": 0.6721897125244141, "corr_listening": -0.005544854793697596, "corr_reading": 0.030540043488144875, "p_listening": 0.561, "p_reading": 0.284, "barbin": 0, "rgb": "#000000", "zyx": [17, 41, 64]}