{"timescalecorr": 0.9667608737945557, "corr_listening": 0.024012209847569466, "corr_reading": 0.13177785277366638, "p_listening": 0.347, "p_reading": 0.006, "barbin": 0, "rgb": "#000000", "zyx": [21, 70, 47]}