{"timescalecorr": 0.0, "corr_listening": -0.06971489638090134, "corr_reading": -0.050921209156513214, "p_listening": 0.898, "p_reading": 0.913, "barbin": 0, "rgb": "#000000", "zyx": [8, 78, 38]}