{"timescalecorr": 0.5811824202537537, "corr_listening": 0.07572045922279358, "corr_reading": -0.020443718880414963, "p_listening": 0.031, "p_reading": 0.637, "barbin": 0, "rgb": "#000000", "zyx": [8, 42, 48]}