{"timescalecorr": 0.0007429966353811324, "corr_listening": -0.009438934735953808, "corr_reading": -0.006409553345292807, "p_listening": 0.563, "p_reading": 0.549, "barbin": 0, "rgb": "#000000", "zyx": [4, 87, 48]}