{"timescalecorr": 0.00020133900397922844, "corr_listening": -0.010378739796578884, "corr_reading": 0.009981505572795868, "p_listening": 0.563, "p_reading": 0.219, "barbin": 0, "rgb": "#000000", "zyx": [1, 82, 66]}