{"timescalecorr": 0.7479464411735535, "corr_listening": 0.003414194332435727, "corr_reading": 0.05006496235728264, "p_listening": 0.28, "p_reading": 0.0, "barbin": 0, "rgb": "#000000", "zyx": [3, 90, 56]}