{"timescalecorr": 0.0, "corr_listening": -0.011430329643189907, "corr_reading": 0.0023774062283337116, "p_listening": 0.588, "p_reading": 0.4, "barbin": 0, "rgb": "#000000", "zyx": [9, 58, 65]}