{"timescalecorr": 0.00032186153111979365, "corr_listening": -2.51957681030035e-06, "corr_reading": -0.0914042741060257, "p_listening": 0.503, "p_reading": 0.932, "barbin": 0, "rgb": "#000000", "zyx": [9, 18, 50]}