{"timescalecorr": 0.0, "corr_listening": 0.06972162425518036, "corr_reading": 0.004931783303618431, "p_listening": 0.08, "p_reading": 0.486, "barbin": 0, "rgb": "#000000", "zyx": [14, 69, 64]}