{"timescalecorr": 0.4830922782421112, "corr_listening": 0.07160040736198425, "corr_reading": 0.022254129871726036, "p_listening": 0.018, "p_reading": 0.23, "barbin": 0, "rgb": "#000000", "zyx": [15, 83, 59]}