{"timescalecorr": 0.004125088453292847, "corr_listening": -0.10827081650495529, "corr_reading": 0.02284105122089386, "p_listening": 0.988, "p_reading": 0.36, "barbin": 0, "rgb": "#000000", "zyx": [13, 16, 57]}