{"timescalecorr": 0.9686954021453857, "corr_listening": -0.0179558414965868, "corr_reading": -0.0084027498960495, "p_listening": 0.695, "p_reading": 0.599, "barbin": 0, "rgb": "#000000", "zyx": [3, 71, 80]}