{"timescalecorr": 0.39598363637924194, "corr_listening": 0.30821919441223145, "corr_reading": 0.2483081817626953, "p_listening": 0.0, "p_reading": 0.0, "barbin": 4, "rgb": "#000000", "zyx": [9, 74, 57]}