{"timescalecorr": 0.984298825263977, "corr_listening": 0.21497294306755066, "corr_reading": 0.35893094539642334, "p_listening": 0.0, "p_reading": 0.0, "barbin": 4, "rgb": "#000000", "zyx": [5, 39, 34]}