{"timescalecorr": 0.0003203454543836415, "corr_listening": 0.038032740354537964, "corr_reading": -0.024846632033586502, "p_listening": 0.271, "p_reading": 0.673, "barbin": 0, "rgb": "#000000", "zyx": [5, 44, 66]}