{"timescalecorr": 0.0, "corr_listening": 0.06729844957590103, "corr_reading": -0.03741279989480972, "p_listening": 0.145, "p_reading": 0.748, "barbin": 0, "rgb": "#000000", "zyx": [7, 58, 42]}