{"timescalecorr": 0.6862850189208984, "corr_listening": -0.05829847231507301, "corr_reading": 0.04372294247150421, "p_listening": 0.998, "p_reading": 0.205, "barbin": 0, "rgb": "#000000", "zyx": [12, 62, 52]}