{"timescalecorr": 1.331041232788266e-07, "corr_listening": -0.037500157952308655, "corr_reading": -0.005164602305740118, "p_listening": 0.741, "p_reading": 0.899, "barbin": 0, "rgb": "#000000", "zyx": [26, 60, 39]}