{"timescalecorr": 0.0003677478525787592, "corr_listening": -0.047453224658966064, "corr_reading": -0.008230036124587059, "p_listening": 0.91, "p_reading": 0.683, "barbin": 0, "rgb": "#000000", "zyx": [5, 91, 61]}