{"timescalecorr": 1.573875795315982e-12, "corr_listening": 0.18671248853206635, "corr_reading": -0.005400573834776878, "p_listening": 0.0, "p_reading": 0.55, "barbin": 0, "rgb": "#000000", "zyx": [21, 48, 38]}