{"timescalecorr": 0.5954111814498901, "corr_listening": 0.01787557080388069, "corr_reading": 0.029836291447281837, "p_listening": 0.379, "p_reading": 0.293, "barbin": 0, "rgb": "#000000", "zyx": [8, 30, 64]}