{"timescalecorr": 0.5211730599403381, "corr_listening": 0.11958593130111694, "corr_reading": 0.029512867331504822, "p_listening": 0.015, "p_reading": 0.238, "barbin": 0, "rgb": "#000000", "zyx": [17, 51, 49]}