{"timescalecorr": 0.9754380583763123, "corr_listening": -0.09214884042739868, "corr_reading": 0.0013238410465419292, "p_listening": 0.939, "p_reading": 0.495, "barbin": 0, "rgb": "#000000", "zyx": [8, 55, 58]}