{"timescalecorr": 0.9298214912414551, "corr_listening": -0.0006047440692782402, "corr_reading": 0.3440684676170349, "p_listening": 0.503, "p_reading": 0.0, "barbin": 2, "rgb": "#000000", "zyx": [20, 47, 59]}