{"timescalecorr": 1.5219957276713103e-06, "corr_listening": 0.067510224878788, "corr_reading": 0.1131904348731041, "p_listening": 0.08, "p_reading": 0.034, "barbin": 0, "rgb": "#000000", "zyx": [18, 32, 64]}