{"timescalecorr": 0.2164357304573059, "corr_listening": 0.12989947199821472, "corr_reading": 0.026781247928738594, "p_listening": 0.01, "p_reading": 0.334, "barbin": 0, "rgb": "#000000", "zyx": [16, 28, 45]}