{"timescalecorr": 0.021306801587343216, "corr_listening": 0.009613633155822754, "corr_reading": 0.006631523370742798, "p_listening": 0.434, "p_reading": 0.426, "barbin": 0, "rgb": "#000000", "zyx": [23, 77, 64]}