{"timescalecorr": 7.125378829186957e-07, "corr_listening": 0.014255434274673462, "corr_reading": -0.01806165836751461, "p_listening": 0.391, "p_reading": 0.764, "barbin": 0, "rgb": "#000000", "zyx": [21, 26, 43]}