{"timescalecorr": 5.51396965420281e-07, "corr_listening": -0.0766526460647583, "corr_reading": 0.022221047431230545, "p_listening": 0.891, "p_reading": 0.367, "barbin": 0, "rgb": "#000000", "zyx": [22, 75, 68]}