{"timescalecorr": 0.06499484926462173, "corr_listening": 0.032780032604932785, "corr_reading": 0.12548168003559113, "p_listening": 0.041, "p_reading": 0.003, "barbin": 0, "rgb": "#000000", "zyx": [13, 53, 53]}