{"timescalecorr": 0.12407344579696655, "corr_listening": -0.0342828594148159, "corr_reading": 0.14249761402606964, "p_listening": 0.699, "p_reading": 0.008, "barbin": 0, "rgb": "#000000", "zyx": [20, 23, 53]}