{"timescalecorr": 0.06917605549097061, "corr_listening": 0.0877593606710434, "corr_reading": -0.028640320524573326, "p_listening": 0.073, "p_reading": 0.683, "barbin": 0, "rgb": "#000000", "zyx": [19, 77, 43]}