{"timescalecorr": 0.29251694679260254, "corr_listening": 0.10702630877494812, "corr_reading": 0.0012023492017760873, "p_listening": 0.025, "p_reading": 0.462, "barbin": 0, "rgb": "#000000", "zyx": [23, 68, 49]}