{"timescalecorr": 0.5460559129714966, "corr_listening": 0.09426058828830719, "corr_reading": 0.20487846434116364, "p_listening": 0.058, "p_reading": 0.0, "barbin": 1, "rgb": "#000000", "zyx": [6, 40, 31]}