{"timescalecorr": 0.7913928627967834, "corr_listening": 0.0530853345990181, "corr_reading": 0.06792996823787689, "p_listening": 0.193, "p_reading": 0.108, "barbin": 0, "rgb": "#000000", "zyx": [18, 28, 51]}