{"timescalecorr": 0.0, "corr_listening": 0.0061350055038928986, "corr_reading": 0.11728709191083908, "p_listening": 0.43, "p_reading": 0.027, "barbin": 0, "rgb": "#000000", "zyx": [18, 60, 54]}