{"timescalecorr": 0.0, "corr_listening": 0.051216281950473785, "corr_reading": 0.009066135622560978, "p_listening": 0.188, "p_reading": 0.419, "barbin": 0, "rgb": "#000000", "zyx": [8, 45, 35]}