{"timescalecorr": 0.0, "corr_listening": -0.04976877197623253, "corr_reading": 0.020072530955076218, "p_listening": 0.817, "p_reading": 0.188, "barbin": 0, "rgb": "#000000", "zyx": [13, 57, 71]}