{"timescalecorr": 0.25150051712989807, "corr_listening": 0.09026889503002167, "corr_reading": 0.0031502072233706713, "p_listening": 0.064, "p_reading": 0.254, "barbin": 0, "rgb": "#000000", "zyx": [5, 63, 29]}