{"timescalecorr": 2.3874215912655927e-05, "corr_listening": -0.06007133796811104, "corr_reading": 0.0905560851097107, "p_listening": 0.962, "p_reading": 0.059, "barbin": 0, "rgb": "#000000", "zyx": [11, 41, 72]}