{"timescalecorr": 0.5869224667549133, "corr_listening": 0.10117313265800476, "corr_reading": 0.18523526191711426, "p_listening": 0.027, "p_reading": 0.0, "barbin": 1, "rgb": "#000000", "zyx": [14, 83, 37]}