{"timescalecorr": 0.5601683259010315, "corr_listening": 0.0928448811173439, "corr_reading": -0.07693023979663849, "p_listening": 0.039, "p_reading": 0.915, "barbin": 0, "rgb": "#000000", "zyx": [10, 50, 67]}