{"timescalecorr": 0.0, "corr_listening": -0.012179426848888397, "corr_reading": -0.10439994186162949, "p_listening": 0.652, "p_reading": 0.956, "barbin": 0, "rgb": "#000000", "zyx": [14, 59, 79]}