{"timescalecorr": 0.0065040867775678635, "corr_listening": -0.04034808650612831, "corr_reading": -0.0030361225362867117, "p_listening": 0.765, "p_reading": 0.52, "barbin": 0, "rgb": "#000000", "zyx": [7, 69, 34]}