{"timescalecorr": 0.0, "corr_listening": -0.026409992948174477, "corr_reading": 0.03988591209053993, "p_listening": 0.686, "p_reading": 0.27, "barbin": 0, "rgb": "#000000", "zyx": [4, 84, 75]}