{"timescalecorr": 0.4142087399959564, "corr_listening": 0.014668245799839497, "corr_reading": 0.036481067538261414, "p_listening": 0.379, "p_reading": 0.156, "barbin": 0, "rgb": "#000000", "zyx": [14, 29, 33]}