{"timescalecorr": 0.7008292078971863, "corr_listening": -0.15713346004486084, "corr_reading": 0.10218317061662674, "p_listening": 0.994, "p_reading": 0.0, "barbin": 0, "rgb": "#000000", "zyx": [17, 82, 46]}