{"timescalecorr": 8.92248358530523e-11, "corr_listening": -0.07131621986627579, "corr_reading": 0.029038667678833008, "p_listening": 0.878, "p_reading": 0.315, "barbin": 0, "rgb": "#000000", "zyx": [20, 73, 58]}