{"timescalecorr": 0.48329076170921326, "corr_listening": 0.05837314948439598, "corr_reading": 0.015679974108934402, "p_listening": 0.14, "p_reading": 0.428, "barbin": 0, "rgb": "#000000", "zyx": [23, 41, 43]}