{"timescalecorr": 0.997427225112915, "corr_listening": 0.28459447622299194, "corr_reading": 0.02556678280234337, "p_listening": 0.0, "p_reading": 0.264, "barbin": 2, "rgb": "#000000", "zyx": [27, 55, 49]}