{"timescalecorr": 0.13756102323532104, "corr_listening": -0.0019115246832370758, "corr_reading": 0.060189586132764816, "p_listening": 0.518, "p_reading": 0.127, "barbin": 0, "rgb": "#000000", "zyx": [13, 83, 29]}