{"timescalecorr": 0.0, "corr_listening": 0.0036335422191768885, "corr_reading": -0.010272051207721233, "p_listening": 0.419, "p_reading": 0.669, "barbin": 0, "rgb": "#000000", "zyx": [8, 85, 40]}