{"timescalecorr": 0.7088614702224731, "corr_listening": -0.012994905933737755, "corr_reading": 0.06263840943574905, "p_listening": 0.679, "p_reading": 0.059, "barbin": 0, "rgb": "#000000", "zyx": [7, 58, 78]}