{"timescalecorr": 0.01954703778028488, "corr_listening": 0.019041821360588074, "corr_reading": 0.14927947521209717, "p_listening": 0.26, "p_reading": 0.0, "barbin": 0, "rgb": "#000000", "zyx": [7, 90, 60]}