{"timescalecorr": 0.4906007945537567, "corr_listening": 0.013852913863956928, "corr_reading": -0.05752984434366226, "p_listening": 0.331, "p_reading": 0.825, "barbin": 0, "rgb": "#000000", "zyx": [1, 77, 54]}