{"timescalecorr": 0.9167433977127075, "corr_listening": 0.17568325996398926, "corr_reading": 0.11924263834953308, "p_listening": 0.002, "p_reading": 0.014, "barbin": 1, "rgb": "#000000", "zyx": [18, 44, 36]}