{"timescalecorr": 8.38573178043589e-05, "corr_listening": 0.1283402144908905, "corr_reading": -0.011519953608512878, "p_listening": 0.012, "p_reading": 0.612, "barbin": 0, "rgb": "#000000", "zyx": [19, 27, 39]}