{"timescalecorr": 0.02530190721154213, "corr_listening": 0.02186400257050991, "corr_reading": -0.018137801438570023, "p_listening": 0.21, "p_reading": 0.647, "barbin": 0, "rgb": "#000000", "zyx": [11, 64, 32]}