{"timescalecorr": 0.15966960787773132, "corr_listening": 0.012497845105826855, "corr_reading": 0.04302007704973221, "p_listening": 0.418, "p_reading": 0.232, "barbin": 0, "rgb": "#000000", "zyx": [17, 35, 73]}