{"timescalecorr": 1.907585101434961e-05, "corr_listening": -0.02408999390900135, "corr_reading": 0.010826319456100464, "p_listening": 0.836, "p_reading": 0.374, "barbin": 0, "rgb": "#000000", "zyx": [24, 70, 42]}