{"timescalecorr": 0.044039227068424225, "corr_listening": 0.06607472151517868, "corr_reading": -0.04304806515574455, "p_listening": 0.072, "p_reading": 0.83, "barbin": 0, "rgb": "#000000", "zyx": [10, 48, 24]}