{"timescalecorr": 0.14573676884174347, "corr_listening": 0.032118573784828186, "corr_reading": 0.06367772817611694, "p_listening": 0.284, "p_reading": 0.149, "barbin": 0, "rgb": "#000000", "zyx": [15, 79, 47]}