{"timescalecorr": 0.09215270727872849, "corr_listening": 0.009487477131187916, "corr_reading": 0.009609898552298546, "p_listening": 0.153, "p_reading": 0.332, "barbin": 0, "rgb": "#000000", "zyx": [11, 41, 53]}