{"timescalecorr": 0.9928634166717529, "corr_listening": 0.034321922808885574, "corr_reading": 0.0012984914937987924, "p_listening": 0.001, "p_reading": 0.307, "barbin": 0, "rgb": "#000000", "zyx": [2, 81, 52]}