{"timescalecorr": 0.9280463457107544, "corr_listening": 0.12247554957866669, "corr_reading": 0.2166246473789215, "p_listening": 0.014, "p_reading": 0.0, "barbin": 2, "rgb": "#000000", "zyx": [15, 33, 67]}