{"timescalecorr": 0.9182149171829224, "corr_listening": -0.07578380405902863, "corr_reading": -0.018676050007343292, "p_listening": 0.9, "p_reading": 0.71, "barbin": 0, "rgb": "#000000", "zyx": [20, 42, 61]}