{"timescalecorr": 0.0030999050941318274, "corr_listening": 0.040912218391895294, "corr_reading": 0.07584228366613388, "p_listening": 0.227, "p_reading": 0.076, "barbin": 0, "rgb": "#000000", "zyx": [7, 65, 80]}