{"timescalecorr": 0.00041431435965932906, "corr_listening": -0.0006411967915482819, "corr_reading": -0.024936581030488014, "p_listening": 0.974, "p_reading": 0.673, "barbin": 0, "rgb": "#000000", "zyx": [10, 80, 27]}