{"timescalecorr": 0.618079423904419, "corr_listening": -0.03330874815583229, "corr_reading": -0.026749517768621445, "p_listening": 0.722, "p_reading": 0.675, "barbin": 0, "rgb": "#000000", "zyx": [2, 47, 34]}