{"timescalecorr": 0.00042044962174259126, "corr_listening": -0.024797601625323296, "corr_reading": 0.17526480555534363, "p_listening": 0.888, "p_reading": 0.003, "barbin": 0, "rgb": "#000000", "zyx": [11, 22, 60]}