{"timescalecorr": 0.48518240451812744, "corr_listening": 0.30465757846832275, "corr_reading": 0.1527746468782425, "p_listening": 0.0, "p_reading": 0.002, "barbin": 3, "rgb": "#000000", "zyx": [3, 68, 68]}