{"timescalecorr": 0.175758495926857, "corr_listening": 0.04805796220898628, "corr_reading": -0.006720429286360741, "p_listening": 0.172, "p_reading": 0.697, "barbin": 0, "rgb": "#000000", "zyx": [10, 17, 56]}