{"timescalecorr": 2.8774666134268045e-06, "corr_listening": -0.057832229882478714, "corr_reading": -0.06311983615159988, "p_listening": 0.872, "p_reading": 0.861, "barbin": 0, "rgb": "#000000", "zyx": [23, 59, 65]}