{"timescalecorr": 0.00040501472540199757, "corr_listening": 0.07997377216815948, "corr_reading": 0.06534195691347122, "p_listening": 0.074, "p_reading": 0.086, "barbin": 0, "rgb": "#000000", "zyx": [23, 60, 37]}