{"timescalecorr": 1.1615346551252514e-07, "corr_listening": -0.0072751352563500404, "corr_reading": -0.057069700211286545, "p_listening": 0.564, "p_reading": 0.821, "barbin": 0, "rgb": "#000000", "zyx": [17, 38, 34]}