{"timescalecorr": 0.00037840474396944046, "corr_listening": 0.06918815523386002, "corr_reading": -0.0113610178232193, "p_listening": 0.071, "p_reading": 0.616, "barbin": 0, "rgb": "#000000", "zyx": [5, 59, 26]}