{"timescalecorr": 0.09609999507665634, "corr_listening": -0.0077301510609686375, "corr_reading": -0.009986832737922668, "p_listening": 0.803, "p_reading": 0.747, "barbin": 0, "rgb": "#000000", "zyx": [8, 95, 56]}