{"timescalecorr": NaN, "corr_listening": 0.04165037348866463, "corr_reading": -0.09487801790237427, "p_listening": 0.131, "p_reading": 0.95, "barbin": 0, "rgb": "#000000", "zyx": [23, 65, 64]}