{"timescalecorr": 0.9810246825218201, "corr_listening": 0.02808348461985588, "corr_reading": 8.711918781045824e-05, "p_listening": 0.34, "p_reading": 0.513, "barbin": 0, "rgb": "#000000", "zyx": [9, 26, 58]}