{"timescalecorr": 0.2788616120815277, "corr_listening": -0.08512777090072632, "corr_reading": 0.03550845384597778, "p_listening": 0.94, "p_reading": 0.165, "barbin": 0, "rgb": "#000000", "zyx": [8, 71, 49]}