{"timescalecorr": 0.17298878729343414, "corr_listening": 6.609347474295646e-05, "corr_reading": -0.023687362670898438, "p_listening": 0.408, "p_reading": 0.681, "barbin": 0, "rgb": "#000000", "zyx": [7, 54, 59]}