{"timescalecorr": 0.8116284012794495, "corr_listening": -0.12014110386371613, "corr_reading": 0.012065299786627293, "p_listening": 0.983, "p_reading": 0.381, "barbin": 0, "rgb": "#000000", "zyx": [6, 54, 57]}