{"timescalecorr": 0.8797600865364075, "corr_listening": 0.054927926510572433, "corr_reading": -0.021819625049829483, "p_listening": 0.165, "p_reading": 0.678, "barbin": 0, "rgb": "#000000", "zyx": [14, 59, 24]}