{"timescalecorr": 4.833889306610217e-06, "corr_listening": 0.07828878611326218, "corr_reading": -0.09532573819160461, "p_listening": 0.051, "p_reading": 0.94, "barbin": 0, "rgb": "#000000", "zyx": [22, 76, 65]}