{"timescalecorr": 3.520261816447601e-05, "corr_listening": 0.008394140750169754, "corr_reading": -0.050861116498708725, "p_listening": 0.417, "p_reading": 0.875, "barbin": 0, "rgb": "#000000", "zyx": [12, 33, 41]}