{"timescalecorr": 0.0180527251213789, "corr_listening": 0.04621788114309311, "corr_reading": -0.01744476705789566, "p_listening": 0.146, "p_reading": 0.623, "barbin": 0, "rgb": "#000000", "zyx": [10, 93, 62]}