{"timescalecorr": 0.025526145473122597, "corr_listening": 0.16958466172218323, "corr_reading": -0.053313933312892914, "p_listening": 0.0, "p_reading": 0.853, "barbin": 0, "rgb": "#000000", "zyx": [12, 90, 67]}