{"timescalecorr": 0.013765241950750351, "corr_listening": -0.029724374413490295, "corr_reading": 0.005786324385553598, "p_listening": 0.715, "p_reading": 0.438, "barbin": 0, "rgb": "#000000", "zyx": [13, 66, 42]}