{"timescalecorr": 0.14001920819282532, "corr_listening": 0.031527988612651825, "corr_reading": 0.05046689510345459, "p_listening": 0.267, "p_reading": 0.181, "barbin": 0, "rgb": "#000000", "zyx": [19, 51, 31]}