{"timescalecorr": 0.8770368099212646, "corr_listening": 0.2339322865009308, "corr_reading": 0.054319385439157486, "p_listening": 0.0, "p_reading": 0.162, "barbin": 1, "rgb": "#000000", "zyx": [19, 29, 61]}