{"timescalecorr": 0.3981530964374542, "corr_listening": -0.003975010477006435, "corr_reading": 0.23426677286624908, "p_listening": 0.524, "p_reading": 0.0, "barbin": 1, "rgb": "#000000", "zyx": [4, 67, 77]}