{"timescalecorr": 0.0, "corr_listening": -0.04030410945415497, "corr_reading": -0.05473363399505615, "p_listening": 0.814, "p_reading": 0.811, "barbin": 0, "rgb": "#000000", "zyx": [13, 79, 28]}