{"timescalecorr": 8.983666339190677e-05, "corr_listening": -0.03152761235833168, "corr_reading": -0.062317855656147, "p_listening": 0.712, "p_reading": 0.84, "barbin": 0, "rgb": "#000000", "zyx": [10, 27, 54]}