{"timescalecorr": 0.116275355219841, "corr_listening": -0.10380204766988754, "corr_reading": -0.06325006484985352, "p_listening": 1.0, "p_reading": 0.872, "barbin": 0, "rgb": "#000000", "zyx": [17, 21, 61]}