{"timescalecorr": 0.01571291871368885, "corr_listening": 0.10121744126081467, "corr_reading": 0.029808931052684784, "p_listening": 0.063, "p_reading": 0.27, "barbin": 0, "rgb": "#000000", "zyx": [19, 29, 38]}