{"timescalecorr": 3.448151346674422e-07, "corr_listening": 0.021069703623652458, "corr_reading": -0.13059905171394348, "p_listening": 0.115, "p_reading": 0.996, "barbin": 0, "rgb": "#000000", "zyx": [22, 65, 70]}