{"timescalecorr": 9.615931048756465e-05, "corr_listening": 0.13650918006896973, "corr_reading": 0.033638108521699905, "p_listening": 0.007, "p_reading": 0.281, "barbin": 0, "rgb": "#000000", "zyx": [22, 30, 43]}