{"timescalecorr": 0.004591920413076878, "corr_listening": 0.1022339016199112, "corr_reading": 0.032864902168512344, "p_listening": 0.023, "p_reading": 0.272, "barbin": 0, "rgb": "#000000", "zyx": [15, 48, 80]}