{"timescalecorr": 0.18544061481952667, "corr_listening": 0.02931070886552334, "corr_reading": -0.006438363343477249, "p_listening": 0.328, "p_reading": 0.558, "barbin": 0, "rgb": "#000000", "zyx": [11, 28, 31]}