{"timescalecorr": 3.435417602304369e-05, "corr_listening": 0.013733932748436928, "corr_reading": 0.24354608356952667, "p_listening": 0.42, "p_reading": 0.0, "barbin": 1, "rgb": "#000000", "zyx": [15, 38, 76]}