{"timescalecorr": 0.08673478662967682, "corr_listening": -0.03852400183677673, "corr_reading": 0.0006334081990644336, "p_listening": 0.718, "p_reading": 0.44, "barbin": 0, "rgb": "#000000", "zyx": [3, 39, 63]}