{"timescalecorr": 0.5018633008003235, "corr_listening": -0.06336788833141327, "corr_reading": 0.07859792560338974, "p_listening": 0.949, "p_reading": 0.005, "barbin": 0, "rgb": "#000000", "zyx": [2, 84, 39]}