{"timescalecorr": 0.8954819440841675, "corr_listening": 0.17639155685901642, "corr_reading": -0.04306299239397049, "p_listening": 0.0, "p_reading": 0.798, "barbin": 0, "rgb": "#000000", "zyx": [10, 73, 44]}