{"timescalecorr": 0.0012732992181554437, "corr_listening": 0.12294857949018478, "corr_reading": 0.0011737943859770894, "p_listening": 0.018, "p_reading": 0.277, "barbin": 0, "rgb": "#000000", "zyx": [10, 30, 35]}