{"timescalecorr": 1.07949026642018e-05, "corr_listening": 0.005020301789045334, "corr_reading": -0.014767990447580814, "p_listening": 0.468, "p_reading": 0.639, "barbin": 0, "rgb": "#000000", "zyx": [7, 79, 58]}