{"timescalecorr": 0.01206819899380207, "corr_listening": -0.03742210939526558, "corr_reading": 0.013591709546744823, "p_listening": 0.736, "p_reading": 0.405, "barbin": 0, "rgb": "#000000", "zyx": [9, 37, 55]}