{"timescalecorr": 0.3509811460971832, "corr_listening": -0.04135124385356903, "corr_reading": 0.0024813893251121044, "p_listening": 0.755, "p_reading": 0.467, "barbin": 0, "rgb": "#000000", "zyx": [8, 78, 78]}