{"timescalecorr": 0.8187690377235413, "corr_listening": 0.038988158106803894, "corr_reading": 0.21518196165561676, "p_listening": 0.246, "p_reading": 0.0, "barbin": 1, "rgb": "#000000", "zyx": [21, 36, 41]}