{"timescalecorr": 0.005135917104780674, "corr_listening": -0.0984826311469078, "corr_reading": 0.11878775805234909, "p_listening": 0.954, "p_reading": 0.016, "barbin": 0, "rgb": "#000000", "zyx": [7, 49, 61]}