{"timescalecorr": 0.8117116093635559, "corr_listening": 0.03839852660894394, "corr_reading": 0.14652332663536072, "p_listening": 0.217, "p_reading": 0.001, "barbin": 0, "rgb": "#000000", "zyx": [11, 44, 71]}