{"timescalecorr": 0.001150305848568678, "corr_listening": 0.07112328708171844, "corr_reading": 0.0017762448405846953, "p_listening": 0.112, "p_reading": 0.277, "barbin": 0, "rgb": "#000000", "zyx": [15, 47, 37]}