{"timescalecorr": 1.2943149020752243e-26, "corr_listening": 0.013939992524683475, "corr_reading": -0.015482226386666298, "p_listening": 0.399, "p_reading": 0.621, "barbin": 0, "rgb": "#000000", "zyx": [6, 37, 56]}