{"timescalecorr": 0.19812485575675964, "corr_listening": 0.13555534183979034, "corr_reading": 0.13895849883556366, "p_listening": 0.004, "p_reading": 0.008, "barbin": 1, "rgb": "#000000", "zyx": [19, 41, 64]}