{"timescalecorr": 0.999600350856781, "corr_listening": 0.0036516357213258743, "corr_reading": 0.13826340436935425, "p_listening": 0.479, "p_reading": 0.006, "barbin": 0, "rgb": "#000000", "zyx": [17, 53, 47]}