{"timescalecorr": 0.5062892436981201, "corr_listening": 0.0005243411287665367, "corr_reading": -0.012518717907369137, "p_listening": 0.503, "p_reading": 0.562, "barbin": 0, "rgb": "#000000", "zyx": [15, 47, 39]}