{"timescalecorr": 0.04275819659233093, "corr_listening": -0.10141047090291977, "corr_reading": 0.01237578596919775, "p_listening": 0.948, "p_reading": 0.252, "barbin": 0, "rgb": "#000000", "zyx": [11, 86, 44]}