{"timescalecorr": 0.5253148078918457, "corr_listening": 0.054028354585170746, "corr_reading": 0.05368112027645111, "p_listening": 0.172, "p_reading": 0.167, "barbin": 0, "rgb": "#000000", "zyx": [5, 45, 63]}