{"timescalecorr": 0.0, "corr_listening": -0.033629924058914185, "corr_reading": 0.0016483123181387782, "p_listening": 0.739, "p_reading": 0.502, "barbin": 0, "rgb": "#000000", "zyx": [21, 68, 61]}