{"timescalecorr": 2.778636487565933e-10, "corr_listening": -0.01899530366063118, "corr_reading": -0.047911278903484344, "p_listening": 0.608, "p_reading": 0.796, "barbin": 0, "rgb": "#000000", "zyx": [23, 71, 36]}