{"timescalecorr": 0.8881725668907166, "corr_listening": 0.3565487563610077, "corr_reading": 0.21975179016590118, "p_listening": 0.0, "p_reading": 0.0, "barbin": 4, "rgb": "#000000", "zyx": [5, 69, 78]}