{"timescalecorr": 0.001456348574720323, "corr_listening": 0.009127396158874035, "corr_reading": 0.0461544431746006, "p_listening": 0.406, "p_reading": 0.046, "barbin": 0, "rgb": "#000000", "zyx": [26, 41, 50]}