{"timescalecorr": 1.5234434158628574e-08, "corr_listening": -0.05124908685684204, "corr_reading": -0.10536658763885498, "p_listening": 0.797, "p_reading": 0.961, "barbin": 0, "rgb": "#000000", "zyx": [2, 66, 80]}