{"timescalecorr": 1.2731041351798922e-05, "corr_listening": -0.005314016714692116, "corr_reading": -0.05820997804403305, "p_listening": 0.516, "p_reading": 0.876, "barbin": 0, "rgb": "#000000", "zyx": [17, 75, 41]}