{"timescalecorr": 0.8388769030570984, "corr_listening": 0.1751106083393097, "corr_reading": 0.14742302894592285, "p_listening": 0.002, "p_reading": 0.006, "barbin": 2, "rgb": "#000000", "zyx": [18, 43, 73]}