{"timescalecorr": 7.64928564933598e-09, "corr_listening": 0.045145053416490555, "corr_reading": 0.0177252646535635, "p_listening": 0.202, "p_reading": 0.377, "barbin": 0, "rgb": "#000000", "zyx": [13, 21, 65]}