{"timescalecorr": 0.06879233568906784, "corr_listening": -0.0016049724072217941, "corr_reading": 0.0635790228843689, "p_listening": 0.571, "p_reading": 0.138, "barbin": 0, "rgb": "#000000", "zyx": [5, 55, 35]}