{"timescalecorr": 0.09377772361040115, "corr_listening": 0.20931613445281982, "corr_reading": 0.2668221890926361, "p_listening": 0.0, "p_reading": 0.0, "barbin": 3, "rgb": "#000000", "zyx": [11, 66, 26]}