{"timescalecorr": 0.0, "corr_listening": -0.10104940086603165, "corr_reading": -0.0320713073015213, "p_listening": 0.965, "p_reading": 0.707, "barbin": 0, "rgb": "#000000", "zyx": [12, 36, 36]}