{"timescalecorr": 0.00036136797280050814, "corr_listening": 0.03512417525053024, "corr_reading": -0.022731488570570946, "p_listening": 0.26, "p_reading": 0.692, "barbin": 0, "rgb": "#000000", "zyx": [15, 62, 25]}