{"timescalecorr": 0.041330620646476746, "corr_listening": 0.03575828671455383, "corr_reading": -0.007360169198364019, "p_listening": 0.22, "p_reading": 0.576, "barbin": 0, "rgb": "#000000", "zyx": [11, 84, 60]}