{"timescalecorr": 0.013465567491948605, "corr_listening": 0.044603653252124786, "corr_reading": 0.10191790759563446, "p_listening": 0.135, "p_reading": 0.042, "barbin": 0, "rgb": "#000000", "zyx": [11, 36, 74]}