{"timescalecorr": 0.07677676528692245, "corr_listening": 0.0009948037331923842, "corr_reading": -0.06061902269721031, "p_listening": 0.496, "p_reading": 0.938, "barbin": 0, "rgb": "#000000", "zyx": [21, 73, 53]}