{"timescalecorr": 3.792630565158106e-08, "corr_listening": -0.0002662892802618444, "corr_reading": -0.00021899922285228968, "p_listening": 0.55, "p_reading": 0.533, "barbin": 0, "rgb": "#000000", "zyx": [22, 41, 35]}