{"timescalecorr": 0.0037067660596221685, "corr_listening": 0.02399097941815853, "corr_reading": -0.03360071778297424, "p_listening": 0.239, "p_reading": 0.724, "barbin": 0, "rgb": "#000000", "zyx": [7, 52, 52]}