{"timescalecorr": 0.7952712178230286, "corr_listening": 0.12193363159894943, "corr_reading": 0.03397773578763008, "p_listening": 0.017, "p_reading": 0.299, "barbin": 0, "rgb": "#000000", "zyx": [23, 48, 59]}