{"timescalecorr": 0.512150764465332, "corr_listening": 0.02866297774016857, "corr_reading": -0.05089753121137619, "p_listening": 0.053, "p_reading": 0.836, "barbin": 0, "rgb": "#000000", "zyx": [20, 74, 55]}