{"timescalecorr": 0.56834477186203, "corr_listening": 0.2317129671573639, "corr_reading": 0.22949421405792236, "p_listening": 0.0, "p_reading": 0.0, "barbin": 3, "rgb": "#000000", "zyx": [15, 70, 57]}