{"timescalecorr": 0.9995236992835999, "corr_listening": 0.001202777260914445, "corr_reading": 0.05422324314713478, "p_listening": 0.475, "p_reading": 0.176, "barbin": 0, "rgb": "#000000", "zyx": [21, 36, 54]}