{"timescalecorr": 0.1984071135520935, "corr_listening": 0.04103480279445648, "corr_reading": 0.004350120201706886, "p_listening": 0.241, "p_reading": 0.431, "barbin": 0, "rgb": "#000000", "zyx": [13, 86, 57]}