{"timescalecorr": 0.014534417539834976, "corr_listening": -0.015746112912893295, "corr_reading": 0.013278941623866558, "p_listening": 0.622, "p_reading": 0.364, "barbin": 0, "rgb": "#000000", "zyx": [15, 62, 29]}