{"timescalecorr": 0.25068575143814087, "corr_listening": 0.019426262006163597, "corr_reading": 0.013252245262265205, "p_listening": 0.34, "p_reading": 0.412, "barbin": 0, "rgb": "#000000", "zyx": [7, 56, 63]}