{"timescalecorr": 0.2372332364320755, "corr_listening": 0.02980758622288704, "corr_reading": 0.013971499167382717, "p_listening": 0.278, "p_reading": 0.396, "barbin": 0, "rgb": "#000000", "zyx": [16, 49, 77]}