{"timescalecorr": 0.760403573513031, "corr_listening": 0.07550165057182312, "corr_reading": 0.006155858747661114, "p_listening": 0.106, "p_reading": 0.449, "barbin": 0, "rgb": "#000000", "zyx": [10, 56, 74]}