{"timescalecorr": 6.284654318733374e-06, "corr_listening": 0.11538613587617874, "corr_reading": -0.02947363629937172, "p_listening": 0.006, "p_reading": 0.802, "barbin": 0, "rgb": "#000000", "zyx": [16, 64, 26]}