{"timescalecorr": 0.0064471010118722916, "corr_listening": 0.10569223016500473, "corr_reading": 0.008141789585351944, "p_listening": 0.042, "p_reading": 0.276, "barbin": 0, "rgb": "#000000", "zyx": [5, 67, 63]}