{"timescalecorr": 0.03385084122419357, "corr_listening": -0.0331062451004982, "corr_reading": -0.00809630285948515, "p_listening": 0.706, "p_reading": 0.574, "barbin": 0, "rgb": "#000000", "zyx": [3, 47, 43]}