{"timescalecorr": 0.18318355083465576, "corr_listening": 0.07059679925441742, "corr_reading": 0.028412561863660812, "p_listening": 0.04, "p_reading": 0.208, "barbin": 0, "rgb": "#000000", "zyx": [10, 77, 75]}