{"timescalecorr": 0.32140064239501953, "corr_listening": 0.029995854943990707, "corr_reading": -0.02048076130449772, "p_listening": 0.276, "p_reading": 0.671, "barbin": 0, "rgb": "#000000", "zyx": [13, 34, 36]}