{"timescalecorr": 0.0020877132192254066, "corr_listening": 0.007751882076263428, "corr_reading": 0.06081622093915939, "p_listening": 0.426, "p_reading": 0.154, "barbin": 0, "rgb": "#000000", "zyx": [18, 48, 57]}