{"timescalecorr": 0.000558324798475951, "corr_listening": 0.01751275360584259, "corr_reading": 0.03552468866109848, "p_listening": 0.282, "p_reading": 0.145, "barbin": 0, "rgb": "#000000", "zyx": [6, 87, 58]}