{"timescalecorr": 1.431347664038185e-05, "corr_listening": 0.09474939852952957, "corr_reading": -0.019003188237547874, "p_listening": 0.055, "p_reading": 0.613, "barbin": 0, "rgb": "#000000", "zyx": [18, 55, 51]}