{"timescalecorr": 0.38738712668418884, "corr_listening": 0.013891316018998623, "corr_reading": 0.016131270676851273, "p_listening": 0.115, "p_reading": 0.378, "barbin": 0, "rgb": "#000000", "zyx": [10, 35, 34]}