{"timescalecorr": 0.9966515898704529, "corr_listening": 0.1007714718580246, "corr_reading": 0.02302449755370617, "p_listening": 0.04, "p_reading": 0.219, "barbin": 0, "rgb": "#000000", "zyx": [15, 90, 65]}