{"timescalecorr": 0.9949011206626892, "corr_listening": 0.02400578372180462, "corr_reading": 0.03786226361989975, "p_listening": 0.333, "p_reading": 0.262, "barbin": 0, "rgb": "#000000", "zyx": [5, 48, 65]}