{"timescalecorr": 0.0019194746855646372, "corr_listening": 0.1366482824087143, "corr_reading": 0.01261988840997219, "p_listening": 0.001, "p_reading": 0.431, "barbin": 0, "rgb": "#000000", "zyx": [12, 41, 64]}