{"timescalecorr": 0.5107706785202026, "corr_listening": -0.06022288650274277, "corr_reading": 0.038949958980083466, "p_listening": 0.842, "p_reading": 0.251, "barbin": 0, "rgb": "#000000", "zyx": [15, 29, 56]}