{"timescalecorr": 0.8217613101005554, "corr_listening": 0.16699962317943573, "corr_reading": 0.271226167678833, "p_listening": 0.0, "p_reading": 0.0, "barbin": 3, "rgb": "#000000", "zyx": [5, 74, 77]}