{"timescalecorr": 0.0016586441779509187, "corr_listening": 0.03537721931934357, "corr_reading": 0.04870117828249931, "p_listening": 0.272, "p_reading": 0.223, "barbin": 0, "rgb": "#000000", "zyx": [11, 56, 49]}