{"timescalecorr": 0.03178538382053375, "corr_listening": 0.04160923883318901, "corr_reading": 0.03634282201528549, "p_listening": 0.244, "p_reading": 0.1, "barbin": 0, "rgb": "#000000", "zyx": [19, 58, 63]}