{"timescalecorr": 0.6192945241928101, "corr_listening": -0.005986305885016918, "corr_reading": 0.05293351784348488, "p_listening": 0.615, "p_reading": 0.182, "barbin": 0, "rgb": "#000000", "zyx": [7, 84, 30]}