{"timescalecorr": 0.0023637658450752497, "corr_listening": 0.06648828834295273, "corr_reading": 0.0545063391327858, "p_listening": 0.116, "p_reading": 0.133, "barbin": 0, "rgb": "#000000", "zyx": [15, 25, 37]}