{"timescalecorr": 0.4268324077129364, "corr_listening": -0.030860580503940582, "corr_reading": 0.09372444450855255, "p_listening": 0.707, "p_reading": 0.044, "barbin": 0, "rgb": "#000000", "zyx": [10, 68, 73]}