{"timescalecorr": 0.597865104675293, "corr_listening": 0.17956042289733887, "corr_reading": -0.042145732790231705, "p_listening": 0.002, "p_reading": 0.799, "barbin": 0, "rgb": "#000000", "zyx": [5, 76, 27]}