{"timescalecorr": 0.04376731812953949, "corr_listening": -0.07310253381729126, "corr_reading": -0.015301963314414024, "p_listening": 0.88, "p_reading": 0.623, "barbin": 0, "rgb": "#000000", "zyx": [13, 71, 59]}