{"timescalecorr": 0.1279708594083786, "corr_listening": 0.3439016342163086, "corr_reading": 0.03736739605665207, "p_listening": 0.0, "p_reading": 0.245, "barbin": 2, "rgb": "#000000", "zyx": [24, 44, 40]}