{"timescalecorr": 0.18494124710559845, "corr_listening": 0.008197936229407787, "corr_reading": -0.007053488865494728, "p_listening": 0.433, "p_reading": 0.541, "barbin": 0, "rgb": "#000000", "zyx": [8, 65, 74]}