{"timescalecorr": 0.02815099060535431, "corr_listening": -3.872073648381047e-05, "corr_reading": 0.016315793618559837, "p_listening": 0.571, "p_reading": 0.389, "barbin": 0, "rgb": "#000000", "zyx": [16, 27, 68]}