{"timescalecorr": 0.17316168546676636, "corr_listening": 0.12382607907056808, "corr_reading": 0.10509821027517319, "p_listening": 0.014, "p_reading": 0.046, "barbin": 1, "rgb": "#000000", "zyx": [2, 69, 41]}