{"timescalecorr": 1.5489642901655998e-10, "corr_listening": -0.05977996811270714, "corr_reading": -0.015004961751401424, "p_listening": 0.841, "p_reading": 0.596, "barbin": 0, "rgb": "#000000", "zyx": [8, 57, 45]}