{"timescalecorr": 0.34447526931762695, "corr_listening": -0.016427133232355118, "corr_reading": 0.12588728964328766, "p_listening": 0.599, "p_reading": 0.002, "barbin": 0, "rgb": "#000000", "zyx": [7, 71, 54]}