{"timescalecorr": 0.2947147786617279, "corr_listening": 0.10786223411560059, "corr_reading": 0.16166776418685913, "p_listening": 0.011, "p_reading": 0.001, "barbin": 1, "rgb": "#000000", "zyx": [14, 37, 73]}