{"timescalecorr": 1.3904489151173038e-06, "corr_listening": -0.00019425663049332798, "corr_reading": -0.06546676903963089, "p_listening": 0.698, "p_reading": 0.863, "barbin": 0, "rgb": "#000000", "zyx": [13, 20, 43]}