{"timescalecorr": 0.06141960620880127, "corr_listening": -0.08143077045679092, "corr_reading": -0.027621973305940628, "p_listening": 0.913, "p_reading": 0.706, "barbin": 0, "rgb": "#000000", "zyx": [7, 50, 35]}