{"timescalecorr": 0.07393138855695724, "corr_listening": 0.08577234297990799, "corr_reading": 0.11695265769958496, "p_listening": 0.043, "p_reading": 0.016, "barbin": 1, "rgb": "#000000", "zyx": [10, 80, 46]}