{"timescalecorr": 0.017054587602615356, "corr_listening": 0.059196095913648605, "corr_reading": 0.15805476903915405, "p_listening": 0.123, "p_reading": 0.004, "barbin": 1, "rgb": "#000000", "zyx": [13, 26, 41]}