{"timescalecorr": 0.0, "corr_listening": 0.020055504515767097, "corr_reading": -0.06599459797143936, "p_listening": 0.376, "p_reading": 0.899, "barbin": 0, "rgb": "#000000", "zyx": [4, 78, 29]}