{"timescalecorr": 1.0280442189547893e-17, "corr_listening": -0.003752821823582053, "corr_reading": 0.06865689158439636, "p_listening": 0.579, "p_reading": 0.1, "barbin": 0, "rgb": "#000000", "zyx": [10, 64, 40]}