{"timescalecorr": 1.3309303744235537e-19, "corr_listening": -0.00037779295234940946, "corr_reading": -0.054349273443222046, "p_listening": 0.869, "p_reading": 0.829, "barbin": 0, "rgb": "#000000", "zyx": [0, 86, 52]}