{"timescalecorr": 0.2782571613788605, "corr_listening": -0.05342712253332138, "corr_reading": -0.007323453202843666, "p_listening": 0.889, "p_reading": 0.58, "barbin": 0, "rgb": "#000000", "zyx": [7, 74, 41]}