{"timescalecorr": 0.03887633606791496, "corr_listening": 0.12337203323841095, "corr_reading": -0.004761805757880211, "p_listening": 0.014, "p_reading": 0.546, "barbin": 0, "rgb": "#000000", "zyx": [19, 38, 63]}