{"timescalecorr": 0.0030775514896959066, "corr_listening": 0.016464900225400925, "corr_reading": -0.08787479996681213, "p_listening": 0.402, "p_reading": 0.964, "barbin": 0, "rgb": "#000000", "zyx": [15, 41, 49]}