{"timescalecorr": 4.475939022086095e-06, "corr_listening": -0.0003483222972135991, "corr_reading": 0.04722568392753601, "p_listening": 0.869, "p_reading": 0.19, "barbin": 0, "rgb": "#000000", "zyx": [26, 48, 41]}