{"timescalecorr": 0.0002068764588329941, "corr_listening": 0.00823117047548294, "corr_reading": -0.01777026802301407, "p_listening": 0.438, "p_reading": 0.69, "barbin": 0, "rgb": "#000000", "zyx": [3, 44, 34]}