{"timescalecorr": 5.828083885717206e-06, "corr_listening": 0.024461008608341217, "corr_reading": -0.09660069644451141, "p_listening": 0.15, "p_reading": 0.939, "barbin": 0, "rgb": "#000000", "zyx": [12, 58, 24]}