{"timescalecorr": 0.3514251708984375, "corr_listening": 0.10489629954099655, "corr_reading": -0.20203787088394165, "p_listening": 0.006, "p_reading": 1.0, "barbin": 0, "rgb": "#000000", "zyx": [17, 23, 39]}