{"timescalecorr": 0.0, "corr_listening": 0.004493090324103832, "corr_reading": -0.03506125509738922, "p_listening": 0.174, "p_reading": 0.894, "barbin": 0, "rgb": "#000000", "zyx": [2, 56, 74]}