{"timescalecorr": 0.126504048705101, "corr_listening": 0.024735478684306145, "corr_reading": 0.00014990103954914957, "p_listening": 0.346, "p_reading": 0.474, "barbin": 0, "rgb": "#000000", "zyx": [19, 55, 59]}