{"timescalecorr": 0.7389371991157532, "corr_listening": 0.46177515387535095, "corr_reading": 0.3077700734138489, "p_listening": 0.0, "p_reading": 0.0, "barbin": 4, "rgb": "#000000", "zyx": [5, 72, 75]}