{"timescalecorr": 0.1881154179573059, "corr_listening": 0.2830389440059662, "corr_reading": 0.03972582519054413, "p_listening": 0.0, "p_reading": 0.237, "barbin": 2, "rgb": "#000000", "zyx": [5, 75, 28]}