{"timescalecorr": 0.8523384928703308, "corr_listening": 0.06801792979240417, "corr_reading": 0.13279631733894348, "p_listening": 0.123, "p_reading": 0.017, "barbin": 1, "rgb": "#000000", "zyx": [22, 67, 60]}