{"timescalecorr": 0.8080151081085205, "corr_listening": 0.06574219465255737, "corr_reading": -0.01161506213247776, "p_listening": 0.099, "p_reading": 0.587, "barbin": 0, "rgb": "#000000", "zyx": [2, 89, 37]}