{"timescalecorr": 0.0, "corr_listening": 0.014459911733865738, "corr_reading": -0.012596444226801395, "p_listening": 0.379, "p_reading": 0.577, "barbin": 0, "rgb": "#000000", "zyx": [7, 72, 58]}