{"timescalecorr": 0.0035089687444269657, "corr_listening": 0.05249415710568428, "corr_reading": 0.110680490732193, "p_listening": 0.124, "p_reading": 0.017, "barbin": 0, "rgb": "#000000", "zyx": [18, 23, 51]}