{"timescalecorr": 0.0022019287571310997, "corr_listening": 0.0011959212133660913, "corr_reading": 0.016468534246087074, "p_listening": 0.231, "p_reading": 0.383, "barbin": 0, "rgb": "#000000", "zyx": [18, 66, 45]}