{"timescalecorr": 3.7778089575883633e-13, "corr_listening": 0.03115796484053135, "corr_reading": 0.0542515367269516, "p_listening": 0.082, "p_reading": 0.001, "barbin": 0, "rgb": "#000000", "zyx": [4, 73, 39]}