{"timescalecorr": 0.13051973283290863, "corr_listening": 0.06461320072412491, "corr_reading": 0.2268223762512207, "p_listening": 0.135, "p_reading": 0.0, "barbin": 1, "rgb": "#000000", "zyx": [8, 69, 25]}