{"timescalecorr": 0.0002707025851123035, "corr_listening": 0.037486400455236435, "corr_reading": -0.07550880312919617, "p_listening": 0.254, "p_reading": 0.913, "barbin": 0, "rgb": "#000000", "zyx": [23, 47, 47]}