{"timescalecorr": 0.07539258152246475, "corr_listening": 0.03955608233809471, "corr_reading": -0.000606147397775203, "p_listening": 0.14, "p_reading": 0.486, "barbin": 0, "rgb": "#000000", "zyx": [4, 91, 47]}