{"timescalecorr": 0.8933411240577698, "corr_listening": 0.0041495878249406815, "corr_reading": -0.043719999492168427, "p_listening": 0.477, "p_reading": 0.749, "barbin": 0, "rgb": "#000000", "zyx": [6, 68, 55]}