{"timescalecorr": 1.4364446769832284e-06, "corr_listening": -0.01379409059882164, "corr_reading": 0.042559463530778885, "p_listening": 0.79, "p_reading": 0.226, "barbin": 0, "rgb": "#000000", "zyx": [19, 39, 71]}