{"timescalecorr": 0.06851718574762344, "corr_listening": -0.0003652842715382576, "corr_reading": 0.1255275458097458, "p_listening": 0.519, "p_reading": 0.014, "barbin": 0, "rgb": "#000000", "zyx": [9, 37, 41]}