{"timescalecorr": 0.5438122153282166, "corr_listening": 0.1627909392118454, "corr_reading": 0.27233612537384033, "p_listening": 0.003, "p_reading": 0.0, "barbin": 3, "rgb": "#000000", "zyx": [24, 60, 55]}