{"timescalecorr": 0.14711108803749084, "corr_listening": 0.005549498368054628, "corr_reading": 0.03484730422496796, "p_listening": 0.183, "p_reading": 0.286, "barbin": 0, "rgb": "#000000", "zyx": [10, 66, 74]}