{"timescalecorr": 0.0, "corr_listening": 0.062141302973032, "corr_reading": 0.020858483389019966, "p_listening": 0.145, "p_reading": 0.371, "barbin": 0, "rgb": "#000000", "zyx": [15, 37, 36]}