{"timescalecorr": 0.9998553395271301, "corr_listening": -0.006167704705148935, "corr_reading": -0.01481692586094141, "p_listening": 0.577, "p_reading": 0.577, "barbin": 0, "rgb": "#000000", "zyx": [17, 55, 29]}