{"timescalecorr": 4.183011270697534e-08, "corr_listening": 0.0018518941942602396, "corr_reading": -0.04096653684973717, "p_listening": 0.299, "p_reading": 0.8, "barbin": 0, "rgb": "#000000", "zyx": [23, 32, 41]}