{"timescalecorr": 0.010713949799537659, "corr_listening": 0.1539931446313858, "corr_reading": -0.00869517121464014, "p_listening": 0.003, "p_reading": 0.655, "barbin": 0, "rgb": "#000000", "zyx": [10, 61, 76]}