{"timescalecorr": 0.44891995191574097, "corr_listening": -0.025481298565864563, "corr_reading": 0.0234442837536335, "p_listening": 0.767, "p_reading": 0.318, "barbin": 0, "rgb": "#000000", "zyx": [18, 84, 41]}