{"timescalecorr": 0.0092802494764328, "corr_listening": 0.07556156814098358, "corr_reading": -0.00027481885626912117, "p_listening": 0.108, "p_reading": 0.506, "barbin": 0, "rgb": "#000000", "zyx": [4, 43, 35]}