{"timescalecorr": 0.381277471780777, "corr_listening": -0.024415886029601097, "corr_reading": 0.09120289981365204, "p_listening": 0.887, "p_reading": 0.036, "barbin": 0, "rgb": "#000000", "zyx": [2, 89, 45]}