{"timescalecorr": 0.14776909351348877, "corr_listening": 0.1625763177871704, "corr_reading": 0.13838930428028107, "p_listening": 0.002, "p_reading": 0.005, "barbin": 2, "rgb": "#000000", "zyx": [16, 81, 70]}