{"timescalecorr": 0.8472810387611389, "corr_listening": 0.00445970194414258, "corr_reading": 0.1258448213338852, "p_listening": 0.484, "p_reading": 0.006, "barbin": 0, "rgb": "#000000", "zyx": [11, 81, 35]}