{"timescalecorr": 0.00037643368705175817, "corr_listening": -0.00331804808229208, "corr_reading": 0.007380243856459856, "p_listening": 0.494, "p_reading": 0.285, "barbin": 0, "rgb": "#000000", "zyx": [19, 80, 46]}