{"timescalecorr": 1.1144636324900148e-09, "corr_listening": 0.06406506150960922, "corr_reading": -0.0452909879386425, "p_listening": 0.164, "p_reading": 0.77, "barbin": 0, "rgb": "#000000", "zyx": [15, 74, 64]}