{"timescalecorr": 0.9972842335700989, "corr_listening": -0.014804466627538204, "corr_reading": 0.060124289244413376, "p_listening": 0.922, "p_reading": 0.053, "barbin": 0, "rgb": "#000000", "zyx": [6, 78, 41]}