{"timescalecorr": 0.05910544842481613, "corr_listening": 0.06835565716028214, "corr_reading": 0.016575811430811882, "p_listening": 0.058, "p_reading": 0.284, "barbin": 0, "rgb": "#000000", "zyx": [8, 51, 47]}