{"timescalecorr": 0.5540055632591248, "corr_listening": -0.015100033953785896, "corr_reading": 0.006904562935233116, "p_listening": 0.609, "p_reading": 0.451, "barbin": 0, "rgb": "#000000", "zyx": [3, 46, 62]}