{"timescalecorr": 0.08195099979639053, "corr_listening": 0.18614423274993896, "corr_reading": -0.0012512252433225513, "p_listening": 0.0, "p_reading": 0.515, "barbin": 0, "rgb": "#000000", "zyx": [17, 22, 39]}