{"timescalecorr": 0.43836766481399536, "corr_listening": -0.05245044454932213, "corr_reading": 0.02363511547446251, "p_listening": 0.798, "p_reading": 0.241, "barbin": 0, "rgb": "#000000", "zyx": [5, 51, 54]}