{"timescalecorr": 0.4675702452659607, "corr_listening": 0.04230421781539917, "corr_reading": 0.06921476870775223, "p_listening": 0.243, "p_reading": 0.102, "barbin": 0, "rgb": "#000000", "zyx": [10, 39, 69]}