{"timescalecorr": 0.7008114457130432, "corr_listening": 0.07421370595693588, "corr_reading": 0.3121657073497772, "p_listening": 0.02, "p_reading": 0.0, "barbin": 2, "rgb": "#000000", "zyx": [9, 57, 71]}