{"timescalecorr": 0.04796590283513069, "corr_listening": 0.006767501123249531, "corr_reading": 0.06976441293954849, "p_listening": 0.449, "p_reading": 0.003, "barbin": 0, "rgb": "#000000", "zyx": [5, 73, 69]}