{"timescalecorr": 0.02859625406563282, "corr_listening": 0.05689626559615135, "corr_reading": 0.22688375413417816, "p_listening": 0.17, "p_reading": 0.0, "barbin": 1, "rgb": "#000000", "zyx": [13, 44, 74]}