{"timescalecorr": 0.4079885184764862, "corr_listening": 0.02638997510075569, "corr_reading": 0.08154232054948807, "p_listening": 0.333, "p_reading": 0.087, "barbin": 0, "rgb": "#000000", "zyx": [17, 62, 31]}