{"timescalecorr": 0.9899047613143921, "corr_listening": 0.01256107073277235, "corr_reading": 0.12410468608140945, "p_listening": 0.387, "p_reading": 0.002, "barbin": 0, "rgb": "#000000", "zyx": [5, 80, 58]}