{"timescalecorr": 0.7441001534461975, "corr_listening": 0.14009767770767212, "corr_reading": 0.31843453645706177, "p_listening": 0.0, "p_reading": 0.0, "barbin": 3, "rgb": "#000000", "zyx": [8, 65, 31]}