{"timescalecorr": 0.41266176104545593, "corr_listening": -0.007024281192570925, "corr_reading": 0.11108433455228806, "p_listening": 0.868, "p_reading": 0.021, "barbin": 0, "rgb": "#000000", "zyx": [3, 53, 70]}