{"timescalecorr": 0.17585709691047668, "corr_listening": 0.005910442676395178, "corr_reading": 0.1452152281999588, "p_listening": 0.437, "p_reading": 0.002, "barbin": 0, "rgb": "#000000", "zyx": [0, 73, 74]}