{"timescalecorr": 0.6355799436569214, "corr_listening": 0.04997505620121956, "corr_reading": 0.08092819899320602, "p_listening": 0.178, "p_reading": 0.093, "barbin": 0, "rgb": "#000000", "zyx": [8, 64, 24]}