{"timescalecorr": 0.028955405578017235, "corr_listening": 0.032519545406103134, "corr_reading": -0.08108379691839218, "p_listening": 0.278, "p_reading": 0.932, "barbin": 0, "rgb": "#000000", "zyx": [17, 88, 62]}