{"timescalecorr": 0.002318735932931304, "corr_listening": 0.08359299600124359, "corr_reading": -0.0630534440279007, "p_listening": 0.061, "p_reading": 0.884, "barbin": 0, "rgb": "#000000", "zyx": [16, 61, 77]}