{"timescalecorr": 0.1804065704345703, "corr_listening": 0.12184897065162659, "corr_reading": -0.007773822173476219, "p_listening": 0.005, "p_reading": 0.572, "barbin": 0, "rgb": "#000000", "zyx": [10, 41, 31]}