{"timescalecorr": 0.0004957715282216668, "corr_listening": -0.06802085787057877, "corr_reading": -0.09422671049833298, "p_listening": 0.858, "p_reading": 0.94, "barbin": 0, "rgb": "#000000", "zyx": [14, 81, 77]}