{"timescalecorr": NaN, "corr_listening": 0.015554637648165226, "corr_reading": -0.07852774858474731, "p_listening": 0.395, "p_reading": 0.908, "barbin": 0, "rgb": "#000000", "zyx": [7, 42, 42]}