{"timescalecorr": 7.939732995509985e-07, "corr_listening": -0.036849744617938995, "corr_reading": -0.03664808347821236, "p_listening": 0.737, "p_reading": 0.8, "barbin": 0, "rgb": "#000000", "zyx": [6, 75, 24]}