{"timescalecorr": 4.0934352796284657e-08, "corr_listening": -0.057807665318250656, "corr_reading": 0.025592081248760223, "p_listening": 0.906, "p_reading": 0.349, "barbin": 0, "rgb": "#000000", "zyx": [11, 62, 69]}