{"timescalecorr": 0.9992340803146362, "corr_listening": -0.00962734129279852, "corr_reading": -0.005768365226686001, "p_listening": 0.551, "p_reading": 0.529, "barbin": 0, "rgb": "#000000", "zyx": [22, 59, 46]}