{"timescalecorr": 0.6758992075920105, "corr_listening": -0.001447494956664741, "corr_reading": -0.16523808240890503, "p_listening": 0.529, "p_reading": 0.998, "barbin": 0, "rgb": "#000000", "zyx": [13, 38, 71]}