{"timescalecorr": 0.00011714007996488363, "corr_listening": -0.03583897277712822, "corr_reading": -0.0651218444108963, "p_listening": 0.738, "p_reading": 0.881, "barbin": 0, "rgb": "#000000", "zyx": [2, 54, 33]}