{"timescalecorr": 0.000338805781211704, "corr_listening": 0.013821271248161793, "corr_reading": 0.018191076815128326, "p_listening": 0.415, "p_reading": 0.142, "barbin": 0, "rgb": "#000000", "zyx": [3, 74, 40]}