{"timescalecorr": 0.2748661935329437, "corr_listening": -0.0611349456012249, "corr_reading": -0.02312697097659111, "p_listening": 0.869, "p_reading": 0.639, "barbin": 0, "rgb": "#000000", "zyx": [10, 51, 60]}