{"timescalecorr": 0.718055784702301, "corr_listening": 0.07294238358736038, "corr_reading": 0.04370063543319702, "p_listening": 0.039, "p_reading": 0.233, "barbin": 0, "rgb": "#000000", "zyx": [22, 59, 64]}