{"timescalecorr": 0.24197691679000854, "corr_listening": -0.1545855700969696, "corr_reading": -0.007949553430080414, "p_listening": 0.993, "p_reading": 0.547, "barbin": 0, "rgb": "#000000", "zyx": [14, 91, 43]}