{"timescalecorr": 0.7622519135475159, "corr_listening": -0.03284400328993797, "corr_reading": 0.03656386956572533, "p_listening": 0.704, "p_reading": 0.208, "barbin": 0, "rgb": "#000000", "zyx": [19, 53, 63]}