{"timescalecorr": 0.7039920687675476, "corr_listening": 0.2615600824356079, "corr_reading": 0.12593071162700653, "p_listening": 0.0, "p_reading": 0.001, "barbin": 2, "rgb": "#000000", "zyx": [26, 46, 44]}