{"timescalecorr": 0.912999153137207, "corr_listening": 0.11854656040668488, "corr_reading": -0.08346284180879593, "p_listening": 0.013, "p_reading": 0.917, "barbin": 0, "rgb": "#000000", "zyx": [8, 52, 44]}