{"timescalecorr": 0.0, "corr_listening": 0.12881606817245483, "corr_reading": -0.16437186300754547, "p_listening": 0.011, "p_reading": 0.999, "barbin": 0, "rgb": "#000000", "zyx": [18, 73, 77]}