{"timescalecorr": 0.34812188148498535, "corr_listening": 0.06371615082025528, "corr_reading": -0.06933622062206268, "p_listening": 0.025, "p_reading": 0.902, "barbin": 0, "rgb": "#000000", "zyx": [10, 69, 77]}