{"timescalecorr": 0.0, "corr_listening": -0.06626368314027786, "corr_reading": 0.00025807437486946583, "p_listening": 0.874, "p_reading": 0.501, "barbin": 0, "rgb": "#000000", "zyx": [21, 69, 32]}