{"timescalecorr": 0.8845075368881226, "corr_listening": 0.14124250411987305, "corr_reading": 0.04428046941757202, "p_listening": 0.003, "p_reading": 0.225, "barbin": 0, "rgb": "#000000", "zyx": [24, 32, 52]}