{"timescalecorr": 0.0007808837108314037, "corr_listening": -0.00029729175730608404, "corr_reading": -0.06697909533977509, "p_listening": 0.504, "p_reading": 0.883, "barbin": 0, "rgb": "#000000", "zyx": [18, 35, 59]}