{"timescalecorr": 9.450973834645993e-07, "corr_listening": -0.10253110527992249, "corr_reading": 0.00014414252655114979, "p_listening": 0.976, "p_reading": 0.486, "barbin": 0, "rgb": "#000000", "zyx": [20, 66, 51]}