{"timescalecorr": 0.9308755397796631, "corr_listening": -0.027287891134619713, "corr_reading": -0.05372407287359238, "p_listening": 0.717, "p_reading": 0.909, "barbin": 0, "rgb": "#000000", "zyx": [6, 84, 70]}