{"timescalecorr": 0.3822459578514099, "corr_listening": 0.2515692710876465, "corr_reading": 0.03657081723213196, "p_listening": 0.0, "p_reading": 0.241, "barbin": 1, "rgb": "#000000", "zyx": [7, 72, 79]}