{"timescalecorr": NaN, "corr_listening": -0.060055386275053024, "corr_reading": -0.10056817531585693, "p_listening": 0.833, "p_reading": 0.957, "barbin": 0, "rgb": "#000000", "zyx": [20, 42, 30]}