{"timescalecorr": 0.037347715348005295, "corr_listening": 0.07498261332511902, "corr_reading": 0.01635942980647087, "p_listening": 0.101, "p_reading": 0.376, "barbin": 0, "rgb": "#000000", "zyx": [24, 64, 37]}