{"timescalecorr": 0.031565308570861816, "corr_listening": 0.19248265027999878, "corr_reading": 0.21199999749660492, "p_listening": 0.0, "p_reading": 0.0, "barbin": 3, "rgb": "#000000", "zyx": [16, 86, 51]}