{"timescalecorr": 0.9773836135864258, "corr_listening": 0.08094564080238342, "corr_reading": -0.03450964018702507, "p_listening": 0.087, "p_reading": 0.743, "barbin": 0, "rgb": "#000000", "zyx": [20, 72, 61]}