{"timescalecorr": 0.2143460214138031, "corr_listening": 0.07761798053979874, "corr_reading": 0.03343705087900162, "p_listening": 0.001, "p_reading": 0.277, "barbin": 0, "rgb": "#000000", "zyx": [11, 69, 25]}