{"timescalecorr": 0.42844775319099426, "corr_listening": 0.07105019688606262, "corr_reading": 0.015393405221402645, "p_listening": 0.128, "p_reading": 0.384, "barbin": 0, "rgb": "#000000", "zyx": [19, 71, 62]}