{"timescalecorr": 0.4234972894191742, "corr_listening": 0.09841591864824295, "corr_reading": -0.07740468531847, "p_listening": 0.045, "p_reading": 0.9, "barbin": 0, "rgb": "#000000", "zyx": [9, 30, 39]}