{"timescalecorr": 0.11113344877958298, "corr_listening": 0.03213497996330261, "corr_reading": 0.0248015895485878, "p_listening": 0.298, "p_reading": 0.294, "barbin": 0, "rgb": "#000000", "zyx": [23, 59, 66]}