{"timescalecorr": 0.6522260308265686, "corr_listening": 0.18495574593544006, "corr_reading": 0.17289650440216064, "p_listening": 0.0, "p_reading": 0.001, "barbin": 2, "rgb": "#000000", "zyx": [10, 76, 60]}