{"timescalecorr": 0.9782784581184387, "corr_listening": 0.021740106865763664, "corr_reading": -0.06102142482995987, "p_listening": 0.358, "p_reading": 0.863, "barbin": 0, "rgb": "#000000", "zyx": [4, 48, 40]}