{"timescalecorr": 1.7459794321439404e-07, "corr_listening": -0.0765485167503357, "corr_reading": 0.008782193064689636, "p_listening": 0.913, "p_reading": 0.298, "barbin": 0, "rgb": "#000000", "zyx": [10, 84, 44]}