{"timescalecorr": 3.054406988667324e-05, "corr_listening": -0.028331682085990906, "corr_reading": 0.05508929118514061, "p_listening": 0.676, "p_reading": 0.166, "barbin": 0, "rgb": "#000000", "zyx": [17, 19, 47]}