{"timescalecorr": 0.0024976818822324276, "corr_listening": -0.011519093066453934, "corr_reading": 0.13821984827518463, "p_listening": 0.57, "p_reading": 0.001, "barbin": 0, "rgb": "#000000", "zyx": [20, 58, 41]}