{"timescalecorr": 0.7778035402297974, "corr_listening": 0.05115729942917824, "corr_reading": 0.017970409244298935, "p_listening": 0.141, "p_reading": 0.246, "barbin": 0, "rgb": "#000000", "zyx": [12, 29, 68]}