{"timescalecorr": 0.39866870641708374, "corr_listening": 0.3459012508392334, "corr_reading": 0.361855685710907, "p_listening": 0.0, "p_reading": 0.0, "barbin": 4, "rgb": "#000000", "zyx": [11, 86, 35]}