{"timescalecorr": 0.06396380811929703, "corr_listening": -0.00308418576605618, "corr_reading": 0.0043620457872748375, "p_listening": 0.586, "p_reading": 0.462, "barbin": 0, "rgb": "#000000", "zyx": [5, 57, 34]}