{"timescalecorr": 0.11900735646486282, "corr_listening": 0.08426772058010101, "corr_reading": 0.04114477336406708, "p_listening": 0.066, "p_reading": 0.136, "barbin": 0, "rgb": "#000000", "zyx": [6, 82, 58]}