{"timescalecorr": 0.9075130224227905, "corr_listening": 0.18189597129821777, "corr_reading": 0.19944578409194946, "p_listening": 0.0, "p_reading": 0.001, "barbin": 2, "rgb": "#000000", "zyx": [12, 38, 31]}