{"timescalecorr": 0.4255019426345825, "corr_listening": 0.04146323353052139, "corr_reading": 0.06340383738279343, "p_listening": 0.24, "p_reading": 0.123, "barbin": 0, "rgb": "#000000", "zyx": [5, 64, 28]}