{"timescalecorr": 2.2650419850833714e-05, "corr_listening": -0.02198801189661026, "corr_reading": 0.02532859705388546, "p_listening": 0.649, "p_reading": 0.32, "barbin": 0, "rgb": "#000000", "zyx": [8, 55, 36]}