{"timescalecorr": 0.3564269542694092, "corr_listening": 0.05480426922440529, "corr_reading": 0.011022361926734447, "p_listening": 0.029, "p_reading": 0.372, "barbin": 0, "rgb": "#000000", "zyx": [9, 89, 46]}