{"timescalecorr": 0.10919189453125, "corr_listening": -0.0011357796611264348, "corr_reading": -0.019889185205101967, "p_listening": 0.54, "p_reading": 0.661, "barbin": 0, "rgb": "#000000", "zyx": [18, 81, 35]}