{"timescalecorr": 0.00364302727393806, "corr_listening": 0.024358296766877174, "corr_reading": -0.025244489312171936, "p_listening": 0.1, "p_reading": 0.76, "barbin": 0, "rgb": "#000000", "zyx": [11, 39, 60]}