{"timescalecorr": 0.3856678605079651, "corr_listening": 0.1364438682794571, "corr_reading": 0.19091004133224487, "p_listening": 0.002, "p_reading": 0.001, "barbin": 2, "rgb": "#000000", "zyx": [23, 35, 55]}