{"timescalecorr": 0.9999999403953552, "corr_listening": -0.035400476306676865, "corr_reading": 0.09194943308830261, "p_listening": 0.741, "p_reading": 0.062, "barbin": 0, "rgb": "#000000", "zyx": [20, 52, 40]}