{"timescalecorr": 0.010190065950155258, "corr_listening": 0.12932045757770538, "corr_reading": 0.014562074095010757, "p_listening": 0.019, "p_reading": 0.409, "barbin": 0, "rgb": "#000000", "zyx": [12, 77, 76]}