{"timescalecorr": 0.9485287666320801, "corr_listening": -0.054040923714637756, "corr_reading": -0.02877376601099968, "p_listening": 0.819, "p_reading": 0.764, "barbin": 0, "rgb": "#000000", "zyx": [21, 41, 49]}