{"timescalecorr": 3.0689703556241454e-10, "corr_listening": -0.05274054408073425, "corr_reading": -0.08828622847795486, "p_listening": 0.813, "p_reading": 0.947, "barbin": 0, "rgb": "#000000", "zyx": [20, 88, 58]}