{"timescalecorr": 0.037135496735572815, "corr_listening": -0.06844881922006607, "corr_reading": 0.028807761147618294, "p_listening": 0.903, "p_reading": 0.017, "barbin": 0, "rgb": "#000000", "zyx": [15, 68, 73]}