{"timescalecorr": 0.13983343541622162, "corr_listening": -0.042909517884254456, "corr_reading": 0.006362662184983492, "p_listening": 0.869, "p_reading": 0.437, "barbin": 0, "rgb": "#000000", "zyx": [17, 53, 46]}