{"timescalecorr": 0.0, "corr_listening": -0.0616268515586853, "corr_reading": 0.02335912175476551, "p_listening": 0.866, "p_reading": 0.282, "barbin": 0, "rgb": "#000000", "zyx": [13, 33, 48]}