{"timescalecorr": 0.01597623899579048, "corr_listening": 0.008255191147327423, "corr_reading": 0.03623386472463608, "p_listening": 0.406, "p_reading": 0.202, "barbin": 0, "rgb": "#000000", "zyx": [8, 57, 34]}