{"timescalecorr": 0.02443591319024563, "corr_listening": -0.16122828423976898, "corr_reading": 0.10788863897323608, "p_listening": 0.996, "p_reading": 0.027, "barbin": 0, "rgb": "#000000", "zyx": [15, 23, 69]}