{"timescalecorr": 0.0001735861151246354, "corr_listening": -0.009320125915110111, "corr_reading": 0.10503680258989334, "p_listening": 0.824, "p_reading": 0.037, "barbin": 0, "rgb": "#000000", "zyx": [18, 64, 77]}