{"timescalecorr": 0.9999657869338989, "corr_listening": 0.0015544864581897855, "corr_reading": 0.024192772805690765, "p_listening": 0.505, "p_reading": 0.34, "barbin": 0, "rgb": "#000000", "zyx": [20, 47, 32]}