{"timescalecorr": 3.565896622603759e-05, "corr_listening": 0.051493361592292786, "corr_reading": 0.037173639982938766, "p_listening": 0.117, "p_reading": 0.257, "barbin": 0, "rgb": "#000000", "zyx": [13, 66, 32]}