{"timescalecorr": 3.2174400985240936e-05, "corr_listening": -0.02619195729494095, "corr_reading": -0.003223991487175226, "p_listening": 0.642, "p_reading": 0.823, "barbin": 0, "rgb": "#000000", "zyx": [19, 22, 63]}