{"timescalecorr": 0.10065294057130814, "corr_listening": -0.06799059361219406, "corr_reading": -0.014993090182542801, "p_listening": 0.912, "p_reading": 0.598, "barbin": 0, "rgb": "#000000", "zyx": [21, 81, 42]}