{"timescalecorr": 0.6576084494590759, "corr_listening": -0.023437941446900368, "corr_reading": -0.0014779819175601006, "p_listening": 0.65, "p_reading": 0.499, "barbin": 0, "rgb": "#000000", "zyx": [22, 45, 47]}