{"timescalecorr": 0.015045532025396824, "corr_listening": -0.08317013829946518, "corr_reading": 0.03710135817527771, "p_listening": 0.978, "p_reading": 0.262, "barbin": 0, "rgb": "#000000", "zyx": [8, 63, 50]}