{"timescalecorr": 0.0008700284524820745, "corr_listening": -0.04462514817714691, "corr_reading": 0.09024521708488464, "p_listening": 0.773, "p_reading": 0.053, "barbin": 0, "rgb": "#000000", "zyx": [18, 53, 59]}