{"timescalecorr": 0.0005841515958309174, "corr_listening": 0.06341694295406342, "corr_reading": 0.07477465271949768, "p_listening": 0.094, "p_reading": 0.074, "barbin": 0, "rgb": "#000000", "zyx": [11, 45, 64]}