{"timescalecorr": 0.004017897881567478, "corr_listening": 0.09832867234945297, "corr_reading": -0.0024343356490135193, "p_listening": 0.031, "p_reading": 0.529, "barbin": 0, "rgb": "#000000", "zyx": [15, 64, 78]}