{"timescalecorr": 0.002649925649166107, "corr_listening": 0.010635735467076302, "corr_reading": -0.03208416700363159, "p_listening": 0.373, "p_reading": 0.802, "barbin": 0, "rgb": "#000000", "zyx": [10, 63, 41]}