{"timescalecorr": 0.0, "corr_listening": 0.03276154771447182, "corr_reading": 0.006712104193866253, "p_listening": 0.287, "p_reading": 0.444, "barbin": 0, "rgb": "#000000", "zyx": [9, 29, 55]}