{"timescalecorr": 0.0, "corr_listening": -0.05265143886208534, "corr_reading": -0.05900420621037483, "p_listening": 0.809, "p_reading": 0.862, "barbin": 0, "rgb": "#000000", "zyx": [11, 82, 37]}