{"timescalecorr": 0.003943117801100016, "corr_listening": 0.010675415396690369, "corr_reading": 0.14197471737861633, "p_listening": 0.422, "p_reading": 0.006, "barbin": 0, "rgb": "#000000", "zyx": [3, 90, 61]}