{"timescalecorr": 0.5745133757591248, "corr_listening": 0.2379523068666458, "corr_reading": 0.181642547249794, "p_listening": 0.0, "p_reading": 0.001, "barbin": 3, "rgb": "#000000", "zyx": [9, 40, 30]}