{"timescalecorr": 0.0008880221867002547, "corr_listening": -0.04607977718114853, "corr_reading": 0.017569439485669136, "p_listening": 0.859, "p_reading": 0.365, "barbin": 0, "rgb": "#000000", "zyx": [10, 64, 39]}