{"timescalecorr": 0.000519781606271863, "corr_listening": 0.009569613263010979, "corr_reading": -0.005899328272789717, "p_listening": 0.452, "p_reading": 0.528, "barbin": 0, "rgb": "#000000", "zyx": [10, 51, 61]}