{"timescalecorr": 3.8768009635870015e-11, "corr_listening": 0.0010447900276631117, "corr_reading": -0.08003982156515121, "p_listening": 0.479, "p_reading": 0.917, "barbin": 0, "rgb": "#000000", "zyx": [3, 77, 50]}