{"timescalecorr": 0.5267421007156372, "corr_listening": 0.2698599696159363, "corr_reading": -0.043433770537376404, "p_listening": 0.0, "p_reading": 0.772, "barbin": 1, "rgb": "#000000", "zyx": [14, 39, 73]}