{"timescalecorr": 0.29017171263694763, "corr_listening": 0.013534214347600937, "corr_reading": 0.21280191838741302, "p_listening": 0.358, "p_reading": 0.0, "barbin": 1, "rgb": "#000000", "zyx": [9, 48, 28]}