{"timescalecorr": 0.19335979223251343, "corr_listening": -0.07448937743902206, "corr_reading": 0.02337372675538063, "p_listening": 0.901, "p_reading": 0.337, "barbin": 0, "rgb": "#000000", "zyx": [10, 39, 64]}