{"timescalecorr": 1.8596816794835824e-11, "corr_listening": 0.05967274308204651, "corr_reading": 0.12084324657917023, "p_listening": 0.134, "p_reading": 0.018, "barbin": 0, "rgb": "#000000", "zyx": [15, 38, 61]}