{"timescalecorr": 0.9620422124862671, "corr_listening": 0.16527599096298218, "corr_reading": 0.03400799632072449, "p_listening": 0.002, "p_reading": 0.255, "barbin": 0, "rgb": "#000000", "zyx": [16, 28, 40]}