{"timescalecorr": 0.9459510445594788, "corr_listening": 0.050152648240327835, "corr_reading": 0.12311474978923798, "p_listening": 0.154, "p_reading": 0.021, "barbin": 0, "rgb": "#000000", "zyx": [23, 54, 51]}