{"timescalecorr": 0.13129791617393494, "corr_listening": 0.1571739763021469, "corr_reading": -0.014967439696192741, "p_listening": 0.003, "p_reading": 0.64, "barbin": 0, "rgb": "#000000", "zyx": [12, 56, 55]}