{"timescalecorr": 0.9995281100273132, "corr_listening": -0.07386445999145508, "corr_reading": -0.08698855340480804, "p_listening": 0.91, "p_reading": 0.933, "barbin": 0, "rgb": "#000000", "zyx": [14, 40, 76]}