{"timescalecorr": 0.16549421846866608, "corr_listening": -0.002237586537376046, "corr_reading": 0.010383126325905323, "p_listening": 0.541, "p_reading": 0.242, "barbin": 0, "rgb": "#000000", "zyx": [23, 71, 38]}