{"timescalecorr": 0.002680862555280328, "corr_listening": 0.08755593001842499, "corr_reading": -0.06284861266613007, "p_listening": 0.066, "p_reading": 0.927, "barbin": 0, "rgb": "#000000", "zyx": [5, 52, 39]}