{"timescalecorr": 0.5974556803703308, "corr_listening": 0.09494633227586746, "corr_reading": 0.300927996635437, "p_listening": 0.038, "p_reading": 0.0, "barbin": 2, "rgb": "#000000", "zyx": [16, 37, 69]}