{"timescalecorr": 0.4279717803001404, "corr_listening": 0.10601601004600525, "corr_reading": 0.011809779331088066, "p_listening": 0.045, "p_reading": 0.4, "barbin": 0, "rgb": "#000000", "zyx": [21, 38, 63]}