{"timescalecorr": 0.001208023284561932, "corr_listening": 2.6105903089046478e-05, "corr_reading": -0.009354032576084137, "p_listening": 0.502, "p_reading": 0.824, "barbin": 0, "rgb": "#000000", "zyx": [19, 68, 66]}