{"timescalecorr": 0.0005089949700050056, "corr_listening": 0.1331462562084198, "corr_reading": -0.011123372241854668, "p_listening": 0.007, "p_reading": 0.572, "barbin": 0, "rgb": "#000000", "zyx": [10, 71, 37]}