{"timescalecorr": 0.0201128963381052, "corr_listening": 0.11875009536743164, "corr_reading": 0.14082403481006622, "p_listening": 0.015, "p_reading": 0.01, "barbin": 1, "rgb": "#000000", "zyx": [19, 36, 46]}