{"timescalecorr": 0.21069909632205963, "corr_listening": 0.27014225721359253, "corr_reading": 0.025885391980409622, "p_listening": 0.0, "p_reading": 0.342, "barbin": 1, "rgb": "#000000", "zyx": [22, 38, 52]}