{"timescalecorr": 0.5292109251022339, "corr_listening": 0.32944637537002563, "corr_reading": 0.201218843460083, "p_listening": 0.0, "p_reading": 0.0, "barbin": 4, "rgb": "#000000", "zyx": [10, 87, 36]}