{"timescalecorr": 1.4165741062804882e-12, "corr_listening": -0.0003981003537774086, "corr_reading": -0.05119389668107033, "p_listening": 0.496, "p_reading": 0.76, "barbin": 0, "rgb": "#000000", "zyx": [6, 60, 75]}