{"timescalecorr": 1.0692793921407429e-06, "corr_listening": -0.04401212930679321, "corr_reading": -0.03530372306704521, "p_listening": 0.769, "p_reading": 0.963, "barbin": 0, "rgb": "#000000", "zyx": [3, 59, 25]}