{"timescalecorr": 0.014521016739308834, "corr_listening": -0.002129522617906332, "corr_reading": 0.10693096369504929, "p_listening": 0.506, "p_reading": 0.042, "barbin": 0, "rgb": "#000000", "zyx": [19, 70, 76]}