{"timescalecorr": 0.0015076003037393093, "corr_listening": 0.07001679390668869, "corr_reading": -0.07841170579195023, "p_listening": 0.118, "p_reading": 0.922, "barbin": 0, "rgb": "#000000", "zyx": [10, 24, 42]}