{"timescalecorr": 0.02931646816432476, "corr_listening": -0.37299197912216187, "corr_reading": -0.029300330206751823, "p_listening": 1.0, "p_reading": 0.986, "barbin": 0, "rgb": "#000000", "zyx": [21, 74, 61]}