{"timescalecorr": 0.0, "corr_listening": 0.007404313888400793, "corr_reading": -0.02793099544942379, "p_listening": 0.446, "p_reading": 0.723, "barbin": 0, "rgb": "#000000", "zyx": [20, 72, 66]}