{"timescalecorr": 0.3293493986129761, "corr_listening": 0.02481195330619812, "corr_reading": 0.06868289411067963, "p_listening": 0.271, "p_reading": 0.0, "barbin": 0, "rgb": "#000000", "zyx": [4, 89, 57]}