{"timescalecorr": 0.09057687222957611, "corr_listening": -0.016285017132759094, "corr_reading": -0.008989434689283371, "p_listening": 0.934, "p_reading": 0.612, "barbin": 0, "rgb": "#000000", "zyx": [3, 48, 65]}