{"timescalecorr": 0.7235941886901855, "corr_listening": -0.08262242376804352, "corr_reading": -0.0020661731250584126, "p_listening": 0.987, "p_reading": 0.55, "barbin": 0, "rgb": "#000000", "zyx": [21, 62, 62]}