{"timescalecorr": 0.492794007062912, "corr_listening": 0.2177843153476715, "corr_reading": 0.15188291668891907, "p_listening": 0.0, "p_reading": 0.004, "barbin": 2, "rgb": "#000000", "zyx": [6, 37, 69]}