{"timescalecorr": 0.0028082425706088543, "corr_listening": 0.03573104366660118, "corr_reading": 0.028229400515556335, "p_listening": 0.272, "p_reading": 0.294, "barbin": 0, "rgb": "#000000", "zyx": [5, 79, 36]}