{"timescalecorr": 6.945945187908364e-07, "corr_listening": 0.18195563554763794, "corr_reading": -0.021243790164589882, "p_listening": 0.0, "p_reading": 0.617, "barbin": 0, "rgb": "#000000", "zyx": [18, 71, 33]}