{"timescalecorr": 0.4723672866821289, "corr_listening": 0.3407421410083771, "corr_reading": 0.4353552758693695, "p_listening": 0.0, "p_reading": 0.0, "barbin": 4, "rgb": "#000000", "zyx": [12, 44, 72]}