{"timescalecorr": 0.5800859928131104, "corr_listening": 0.1666014939546585, "corr_reading": -0.0023151692003011703, "p_listening": 0.002, "p_reading": 0.701, "barbin": 0, "rgb": "#000000", "zyx": [10, 56, 23]}