{"timescalecorr": 0.051112446933984756, "corr_listening": -0.009880833327770233, "corr_reading": -0.012594008818268776, "p_listening": 0.566, "p_reading": 0.599, "barbin": 0, "rgb": "#000000", "zyx": [16, 66, 28]}