{"timescalecorr": 0.0001991596509469673, "corr_listening": 0.023630451411008835, "corr_reading": 0.02636042609810829, "p_listening": 0.336, "p_reading": 0.298, "barbin": 0, "rgb": "#000000", "zyx": [5, 62, 74]}