{"timescalecorr": 0.6997804045677185, "corr_listening": -0.09719431400299072, "corr_reading": 0.019161853939294815, "p_listening": 0.964, "p_reading": 0.36, "barbin": 0, "rgb": "#000000", "zyx": [20, 41, 52]}