{"timescalecorr": 0.0, "corr_listening": 0.06310565024614334, "corr_reading": -0.06658972054719925, "p_listening": 0.118, "p_reading": 0.87, "barbin": 0, "rgb": "#000000", "zyx": [18, 24, 64]}