{"timescalecorr": 0.06617391109466553, "corr_listening": 0.023534394800662994, "corr_reading": -0.020150544121861458, "p_listening": 0.31, "p_reading": 0.652, "barbin": 0, "rgb": "#000000", "zyx": [9, 82, 55]}