{"timescalecorr": 0.0003247178974561393, "corr_listening": -0.05748696252703667, "corr_reading": -0.03296198323369026, "p_listening": 0.838, "p_reading": 0.708, "barbin": 0, "rgb": "#000000", "zyx": [22, 78, 43]}