{"timescalecorr": 1.3489697039403836e-06, "corr_listening": 0.07717415690422058, "corr_reading": -0.10319294780492783, "p_listening": 0.086, "p_reading": 0.965, "barbin": 0, "rgb": "#000000", "zyx": [23, 63, 40]}