{"timescalecorr": 0.8548310995101929, "corr_listening": 0.3285824954509735, "corr_reading": 0.45729750394821167, "p_listening": 0.0, "p_reading": 0.0, "barbin": 4, "rgb": "#000000", "zyx": [8, 71, 71]}