{"timescalecorr": 0.03333989158272743, "corr_listening": -0.014497315511107445, "corr_reading": 0.09273245930671692, "p_listening": 0.629, "p_reading": 0.059, "barbin": 0, "rgb": "#000000", "zyx": [17, 48, 50]}