{"timescalecorr": 0.0, "corr_listening": -0.03662262111902237, "corr_reading": 0.017805632203817368, "p_listening": 0.754, "p_reading": 0.387, "barbin": 0, "rgb": "#000000", "zyx": [16, 53, 64]}