{"timescalecorr": 0.0, "corr_listening": -0.019957400858402252, "corr_reading": 0.04781334847211838, "p_listening": 0.645, "p_reading": 0.193, "barbin": 0, "rgb": "#000000", "zyx": [14, 45, 50]}