{"timescalecorr": 0.81916344165802, "corr_listening": 0.08701938390731812, "corr_reading": 0.04920545965433121, "p_listening": 0.075, "p_reading": 0.183, "barbin": 0, "rgb": "#000000", "zyx": [13, 43, 28]}