{"timescalecorr": 0.0, "corr_listening": -0.04400775581598282, "corr_reading": 0.08891134709119797, "p_listening": 0.808, "p_reading": 0.068, "barbin": 0, "rgb": "#000000", "zyx": [22, 71, 72]}