{"timescalecorr": 0.16614803671836853, "corr_listening": -0.017996428534388542, "corr_reading": 0.0293609406799078, "p_listening": 0.697, "p_reading": 0.283, "barbin": 0, "rgb": "#000000", "zyx": [18, 68, 72]}