{"timescalecorr": 0.06087128072977066, "corr_listening": -0.062096718698740005, "corr_reading": 0.2256992757320404, "p_listening": 0.934, "p_reading": 0.0, "barbin": 0, "rgb": "#000000", "zyx": [18, 23, 42]}