{"timescalecorr": 0.000816591375041753, "corr_listening": 0.1871543824672699, "corr_reading": 0.01419875305145979, "p_listening": 0.001, "p_reading": 0.044, "barbin": 1, "rgb": "#000000", "zyx": [21, 28, 51]}