{"timescalecorr": 0.00042311399010941386, "corr_listening": 0.06919048726558685, "corr_reading": 0.08383220434188843, "p_listening": 0.123, "p_reading": 0.091, "barbin": 0, "rgb": "#000000", "zyx": [11, 73, 60]}