{"timescalecorr": 0.0, "corr_listening": -0.012638826854526997, "corr_reading": -0.09790551662445068, "p_listening": 0.602, "p_reading": 0.959, "barbin": 0, "rgb": "#000000", "zyx": [2, 48, 28]}