{"timescalecorr": 1.2507565543273813e-06, "corr_listening": -0.006502667907625437, "corr_reading": 0.10998732596635818, "p_listening": 0.531, "p_reading": 0.015, "barbin": 0, "rgb": "#000000", "zyx": [12, 89, 53]}