{"timescalecorr": 0.7705910205841064, "corr_listening": -0.005890985485166311, "corr_reading": 0.052576836198568344, "p_listening": 0.556, "p_reading": 0.162, "barbin": 0, "rgb": "#000000", "zyx": [9, 90, 41]}