{"timescalecorr": 0.9265328049659729, "corr_listening": 0.050849683582782745, "corr_reading": 0.056966137140989304, "p_listening": 0.151, "p_reading": 0.129, "barbin": 0, "rgb": "#000000", "zyx": [15, 71, 30]}