{"timescalecorr": 1.138901120764299e-13, "corr_listening": 0.029784690588712692, "corr_reading": -0.046791110187768936, "p_listening": 0.283, "p_reading": 0.757, "barbin": 0, "rgb": "#000000", "zyx": [20, 55, 55]}