{"timescalecorr": 0.0041076187044382095, "corr_listening": -0.011965492740273476, "corr_reading": -0.01201026700437069, "p_listening": 0.841, "p_reading": 0.602, "barbin": 0, "rgb": "#000000", "zyx": [2, 39, 65]}