{"timescalecorr": 0.9170610308647156, "corr_listening": -0.037950675934553146, "corr_reading": 0.03965543955564499, "p_listening": 0.79, "p_reading": 0.001, "barbin": 0, "rgb": "#000000", "zyx": [4, 75, 40]}