{"timescalecorr": 3.035975714738015e-05, "corr_listening": 0.025832127779722214, "corr_reading": -0.12162032723426819, "p_listening": 0.033, "p_reading": 0.978, "barbin": 0, "rgb": "#000000", "zyx": [3, 73, 54]}