{"timescalecorr": 0.11742547899484634, "corr_listening": 0.04174616560339928, "corr_reading": 0.07998301088809967, "p_listening": 0.239, "p_reading": 0.093, "barbin": 0, "rgb": "#000000", "zyx": [8, 67, 46]}