{"timescalecorr": 0.32724329829216003, "corr_listening": 0.06821715831756592, "corr_reading": 0.15495240688323975, "p_listening": 0.113, "p_reading": 0.002, "barbin": 1, "rgb": "#000000", "zyx": [5, 68, 70]}