{"timescalecorr": 5.281053381622769e-05, "corr_listening": -0.0054964590817689896, "corr_reading": -0.0189297404140234, "p_listening": 0.704, "p_reading": 0.603, "barbin": 0, "rgb": "#000000", "zyx": [12, 62, 63]}