{"timescalecorr": 0.9988263845443726, "corr_listening": 0.06675675511360168, "corr_reading": 0.01004745252430439, "p_listening": 0.149, "p_reading": 0.4, "barbin": 0, "rgb": "#000000", "zyx": [21, 45, 60]}