{"timescalecorr": 0.7790074944496155, "corr_listening": 0.20328325033187866, "corr_reading": 0.20637379586696625, "p_listening": 0.0, "p_reading": 0.0, "barbin": 3, "rgb": "#000000", "zyx": [9, 62, 30]}