{"timescalecorr": 0.7844949960708618, "corr_listening": 0.05533577874302864, "corr_reading": 0.061803627759218216, "p_listening": 0.157, "p_reading": 0.161, "barbin": 0, "rgb": "#000000", "zyx": [10, 84, 60]}