{"timescalecorr": 3.081957038375549e-05, "corr_listening": 0.10288000851869583, "corr_reading": 0.07628395408391953, "p_listening": 0.041, "p_reading": 0.055, "barbin": 0, "rgb": "#000000", "zyx": [21, 57, 72]}