{"timescalecorr": 4.147777144680731e-05, "corr_listening": 0.003684705588966608, "corr_reading": 0.01516767032444477, "p_listening": 0.471, "p_reading": 0.193, "barbin": 0, "rgb": "#000000", "zyx": [5, 43, 54]}