{"timescalecorr": 0.8807806372642517, "corr_listening": 0.047587256878614426, "corr_reading": -0.04839514195919037, "p_listening": 0.215, "p_reading": 0.872, "barbin": 0, "rgb": "#000000", "zyx": [9, 78, 56]}