{"timescalecorr": 0.8382370471954346, "corr_listening": 0.15913447737693787, "corr_reading": 0.09289104491472244, "p_listening": 0.006, "p_reading": 0.073, "barbin": 1, "rgb": "#000000", "zyx": [10, 71, 30]}