{"timescalecorr": 0.0, "corr_listening": -0.04523802176117897, "corr_reading": 0.004799446556717157, "p_listening": 0.803, "p_reading": 0.341, "barbin": 0, "rgb": "#000000", "zyx": [14, 38, 26]}