{"timescalecorr": 2.5174635084113106e-05, "corr_listening": -0.017082417383790016, "corr_reading": -0.011469058692455292, "p_listening": 0.798, "p_reading": 0.654, "barbin": 0, "rgb": "#000000", "zyx": [6, 43, 75]}