{"timescalecorr": 0.0, "corr_listening": 0.024679552763700485, "corr_reading": -0.02323831245303154, "p_listening": 0.34, "p_reading": 0.839, "barbin": 0, "rgb": "#000000", "zyx": [12, 43, 64]}