{"timescalecorr": 0.0022402151953428984, "corr_listening": -0.04290223866701126, "corr_reading": -0.012725258246064186, "p_listening": 0.789, "p_reading": 0.627, "barbin": 0, "rgb": "#000000", "zyx": [7, 80, 55]}