{"timescalecorr": 0.1688268482685089, "corr_listening": 0.04350844770669937, "corr_reading": 0.06586717814207077, "p_listening": 0.193, "p_reading": 0.109, "barbin": 0, "rgb": "#000000", "zyx": [18, 44, 30]}