{"timescalecorr": 0.000934076844714582, "corr_listening": -0.06674577295780182, "corr_reading": 0.021305114030838013, "p_listening": 0.868, "p_reading": 0.353, "barbin": 0, "rgb": "#000000", "zyx": [17, 28, 61]}