{"timescalecorr": 0.006321868859231472, "corr_listening": 0.0535421296954155, "corr_reading": 0.2021990418434143, "p_listening": 0.166, "p_reading": 0.0, "barbin": 1, "rgb": "#000000", "zyx": [7, 58, 72]}