{"timescalecorr": 0.9695209860801697, "corr_listening": 0.1353382170200348, "corr_reading": 0.05123477429151535, "p_listening": 0.005, "p_reading": 0.188, "barbin": 0, "rgb": "#000000", "zyx": [6, 33, 61]}