{"timescalecorr": 0.20271894335746765, "corr_listening": 0.055380016565322876, "corr_reading": -0.032026514410972595, "p_listening": 0.061, "p_reading": 0.738, "barbin": 0, "rgb": "#000000", "zyx": [5, 46, 62]}