{"timescalecorr": 7.892218150118424e-07, "corr_listening": -0.03831062465906143, "corr_reading": -0.08909192681312561, "p_listening": 0.994, "p_reading": 0.945, "barbin": 0, "rgb": "#000000", "zyx": [17, 22, 58]}