{"timescalecorr": 0.3958163559436798, "corr_listening": 0.018266990780830383, "corr_reading": 0.01867605932056904, "p_listening": 0.343, "p_reading": 0.292, "barbin": 0, "rgb": "#000000", "zyx": [20, 60, 75]}