{"timescalecorr": 0.03623569384217262, "corr_listening": -0.020853593945503235, "corr_reading": -0.010368704795837402, "p_listening": 0.636, "p_reading": 0.56, "barbin": 0, "rgb": "#000000", "zyx": [23, 34, 60]}