{"timescalecorr": 0.059071559458971024, "corr_listening": 0.06989465653896332, "corr_reading": 0.012170298956334591, "p_listening": 0.121, "p_reading": 0.168, "barbin": 0, "rgb": "#000000", "zyx": [7, 26, 47]}