{"timescalecorr": 0.09986191242933273, "corr_listening": 0.011377948336303234, "corr_reading": 0.03513004258275032, "p_listening": 0.093, "p_reading": 0.19, "barbin": 0, "rgb": "#000000", "zyx": [18, 81, 45]}