{"timescalecorr": 0.0029806673992425203, "corr_listening": 0.029012924060225487, "corr_reading": -0.0011948402971029282, "p_listening": 0.287, "p_reading": 0.521, "barbin": 0, "rgb": "#000000", "zyx": [16, 41, 41]}