{"timescalecorr": 0.4341665804386139, "corr_listening": 0.019295353442430496, "corr_reading": 0.06700391322374344, "p_listening": 0.137, "p_reading": 0.119, "barbin": 0, "rgb": "#000000", "zyx": [24, 50, 67]}