{"timescalecorr": 9.764764399733394e-05, "corr_listening": -0.06628680229187012, "corr_reading": -0.057970091700553894, "p_listening": 0.859, "p_reading": 0.847, "barbin": 0, "rgb": "#000000", "zyx": [1, 88, 40]}