{"timescalecorr": 0.3764829933643341, "corr_listening": -0.027480177581310272, "corr_reading": -0.08903773874044418, "p_listening": 0.677, "p_reading": 0.928, "barbin": 0, "rgb": "#000000", "zyx": [6, 55, 23]}