{"timescalecorr": 0.4530045688152313, "corr_listening": 0.04229077696800232, "corr_reading": 0.007898564450442791, "p_listening": 0.234, "p_reading": 0.414, "barbin": 0, "rgb": "#000000", "zyx": [5, 89, 51]}