{"timescalecorr": 0.04184631258249283, "corr_listening": 0.02630031853914261, "corr_reading": -0.0458332858979702, "p_listening": 0.304, "p_reading": 0.76, "barbin": 0, "rgb": "#000000", "zyx": [9, 39, 52]}