{"timescalecorr": 0.9987332820892334, "corr_listening": -0.0188470296561718, "corr_reading": -0.024105068296194077, "p_listening": 0.925, "p_reading": 0.672, "barbin": 0, "rgb": "#000000", "zyx": [12, 69, 46]}