{"timescalecorr": 0.9700433611869812, "corr_listening": 0.01083756797015667, "corr_reading": 0.11633843183517456, "p_listening": 0.318, "p_reading": 0.027, "barbin": 0, "rgb": "#000000", "zyx": [11, 45, 76]}