{"timescalecorr": 0.0005561274010688066, "corr_listening": -0.002505798125639558, "corr_reading": 0.07207858562469482, "p_listening": 0.567, "p_reading": 0.114, "barbin": 0, "rgb": "#000000", "zyx": [9, 30, 35]}