{"timescalecorr": 0.6207996606826782, "corr_listening": -0.009571199305355549, "corr_reading": 0.17336180806159973, "p_listening": 0.569, "p_reading": 0.0, "barbin": 0, "rgb": "#000000", "zyx": [2, 85, 44]}