{"timescalecorr": 0.015198247507214546, "corr_listening": 0.07843577116727829, "corr_reading": 0.016240589320659637, "p_listening": 0.085, "p_reading": 0.387, "barbin": 0, "rgb": "#000000", "zyx": [18, 66, 74]}