{"timescalecorr": 4.252282087691128e-05, "corr_listening": -0.043806202709674835, "corr_reading": 0.030883658677339554, "p_listening": 0.996, "p_reading": 0.306, "barbin": 0, "rgb": "#000000", "zyx": [4, 36, 69]}