{"timescalecorr": 0.04921095818281174, "corr_listening": 0.008458741940557957, "corr_reading": 0.023966876789927483, "p_listening": 0.388, "p_reading": 0.355, "barbin": 0, "rgb": "#000000", "zyx": [22, 33, 47]}