{"timescalecorr": 0.890515923500061, "corr_listening": 0.1007474958896637, "corr_reading": 0.021147679537534714, "p_listening": 0.029, "p_reading": 0.361, "barbin": 0, "rgb": "#000000", "zyx": [15, 85, 72]}