{"timescalecorr": 0.12169178575277328, "corr_listening": -0.07940518110990524, "corr_reading": -0.126880943775177, "p_listening": 0.929, "p_reading": 0.988, "barbin": 0, "rgb": "#000000", "zyx": [24, 73, 46]}