{"timescalecorr": 0.00014207274944055825, "corr_listening": 0.044721703976392746, "corr_reading": 0.20199954509735107, "p_listening": 0.23, "p_reading": 0.0, "barbin": 1, "rgb": "#000000", "zyx": [21, 66, 32]}