{"timescalecorr": 0.9999940991401672, "corr_listening": -0.046332988888025284, "corr_reading": 0.04778977110981941, "p_listening": 0.852, "p_reading": 0.197, "barbin": 0, "rgb": "#000000", "zyx": [19, 74, 52]}