{"timescalecorr": 0.05012490600347519, "corr_listening": -0.010112378746271133, "corr_reading": -0.02809494361281395, "p_listening": 0.58, "p_reading": 0.852, "barbin": 0, "rgb": "#000000", "zyx": [9, 48, 50]}