{"timescalecorr": 0.2364366352558136, "corr_listening": -0.000778324669227004, "corr_reading": 0.04580596834421158, "p_listening": 0.568, "p_reading": 0.217, "barbin": 0, "rgb": "#000000", "zyx": [10, 51, 81]}