{"timescalecorr": 2.8918654138010425e-09, "corr_listening": 0.0386202372610569, "corr_reading": -0.09993550926446915, "p_listening": 0.181, "p_reading": 0.957, "barbin": 0, "rgb": "#000000", "zyx": [9, 53, 81]}