{"timescalecorr": 1.0762847557632682e-10, "corr_listening": -0.00505923293530941, "corr_reading": 0.053435683250427246, "p_listening": 0.899, "p_reading": 0.19, "barbin": 0, "rgb": "#000000", "zyx": [13, 93, 44]}