{"timescalecorr": 2.2174838250066387e-06, "corr_listening": -0.033659595996141434, "corr_reading": 0.07194461673498154, "p_listening": 0.734, "p_reading": 0.093, "barbin": 0, "rgb": "#000000", "zyx": [21, 64, 54]}