{"timescalecorr": 0.7078964114189148, "corr_listening": 0.44673725962638855, "corr_reading": 0.4058208763599396, "p_listening": 0.0, "p_reading": 0.0, "barbin": 4, "rgb": "#000000", "zyx": [18, 54, 41]}