{"timescalecorr": 0.0, "corr_listening": -0.10032758861780167, "corr_reading": 0.08136611431837082, "p_listening": 0.96, "p_reading": 0.083, "barbin": 0, "rgb": "#000000", "zyx": [11, 53, 36]}