{"timescalecorr": 0.03980448096990585, "corr_listening": 0.09231550991535187, "corr_reading": -0.049016594886779785, "p_listening": 0.041, "p_reading": 0.83, "barbin": 0, "rgb": "#000000", "zyx": [3, 56, 24]}