{"timescalecorr": 0.2913439869880676, "corr_listening": 0.08978183567523956, "corr_reading": 0.06848270446062088, "p_listening": 0.02, "p_reading": 0.029, "barbin": 0, "rgb": "#000000", "zyx": [17, 33, 32]}