{"timescalecorr": 1.6289762427845744e-08, "corr_listening": -0.029315287247300148, "corr_reading": -0.17929260432720184, "p_listening": 0.86, "p_reading": 1.0, "barbin": 0, "rgb": "#000000", "zyx": [19, 73, 30]}