{"timescalecorr": 0.00014685573114547879, "corr_listening": 0.037074796855449677, "corr_reading": 0.1596478372812271, "p_listening": 0.219, "p_reading": 0.006, "barbin": 0, "rgb": "#000000", "zyx": [21, 40, 38]}