{"timescalecorr": 0.9998785257339478, "corr_listening": -0.05950038135051727, "corr_reading": 0.01266386080533266, "p_listening": 0.888, "p_reading": 0.422, "barbin": 0, "rgb": "#000000", "zyx": [8, 53, 53]}