{"timescalecorr": 6.472953508011341e-19, "corr_listening": 0.04393526166677475, "corr_reading": -0.015244224108755589, "p_listening": 0.237, "p_reading": 0.624, "barbin": 0, "rgb": "#000000", "zyx": [19, 38, 60]}