{"timescalecorr": 0.18433304131031036, "corr_listening": 0.0017985799349844456, "corr_reading": 0.12092269957065582, "p_listening": 0.503, "p_reading": 0.003, "barbin": 0, "rgb": "#000000", "zyx": [24, 46, 46]}