{"timescalecorr": 0.029750630259513855, "corr_listening": 0.07950476557016373, "corr_reading": 0.06347335875034332, "p_listening": 0.09, "p_reading": 0.132, "barbin": 0, "rgb": "#000000", "zyx": [14, 20, 46]}