{"timescalecorr": 0.24950872361660004, "corr_listening": 0.1078503206372261, "corr_reading": 0.09330498427152634, "p_listening": 0.011, "p_reading": 0.037, "barbin": 1, "rgb": "#000000", "zyx": [9, 64, 79]}