{"timescalecorr": 0.47561919689178467, "corr_listening": 0.04439100995659828, "corr_reading": 0.109436996281147, "p_listening": 0.152, "p_reading": 0.03, "barbin": 0, "rgb": "#000000", "zyx": [24, 33, 47]}