{"timescalecorr": 0.0003830863570328802, "corr_listening": 0.051292337477207184, "corr_reading": -0.009610024280846119, "p_listening": 0.115, "p_reading": 0.555, "barbin": 0, "rgb": "#000000", "zyx": [4, 80, 61]}