{"timescalecorr": 0.21609212458133698, "corr_listening": 0.15061776340007782, "corr_reading": 0.038229189813137054, "p_listening": 0.002, "p_reading": 0.273, "barbin": 0, "rgb": "#000000", "zyx": [22, 83, 56]}