{"timescalecorr": 0.0002124220918631181, "corr_listening": -0.009540842846035957, "corr_reading": -0.0073247947730124, "p_listening": 0.803, "p_reading": 0.746, "barbin": 0, "rgb": "#000000", "zyx": [7, 76, 69]}