{"timescalecorr": 2.5208786169628183e-08, "corr_listening": 0.09314446151256561, "corr_reading": 0.03055916167795658, "p_listening": 0.065, "p_reading": 0.262, "barbin": 0, "rgb": "#000000", "zyx": [4, 73, 25]}