{"timescalecorr": 0.0035769962705671787, "corr_listening": -0.003529846202582121, "corr_reading": -0.0044754487462341785, "p_listening": 0.539, "p_reading": 0.529, "barbin": 0, "rgb": "#000000", "zyx": [7, 40, 42]}