{"timescalecorr": 2.5174893281132427e-09, "corr_listening": -0.07320758700370789, "corr_reading": 0.03369193896651268, "p_listening": 0.892, "p_reading": 0.283, "barbin": 0, "rgb": "#000000", "zyx": [24, 47, 38]}