{"timescalecorr": 0.9020158052444458, "corr_listening": 0.30357128381729126, "corr_reading": 0.36392080783843994, "p_listening": 0.0, "p_reading": 0.0, "barbin": 4, "rgb": "#000000", "zyx": [11, 36, 37]}