{"timescalecorr": 0.02867286466062069, "corr_listening": -0.004237303510308266, "corr_reading": 0.06856102496385574, "p_listening": 0.534, "p_reading": 0.093, "barbin": 0, "rgb": "#000000", "zyx": [21, 41, 33]}