{"timescalecorr": 0.7869080305099487, "corr_listening": 0.011691679246723652, "corr_reading": 0.05487564206123352, "p_listening": 0.429, "p_reading": 0.068, "barbin": 0, "rgb": "#000000", "zyx": [12, 24, 34]}