{"timescalecorr": 0.04089728742837906, "corr_listening": -0.0013680215924978256, "corr_reading": -0.03135720640420914, "p_listening": 0.536, "p_reading": 0.699, "barbin": 0, "rgb": "#000000", "zyx": [4, 57, 40]}