{"timescalecorr": 0.034331198781728745, "corr_listening": 0.09241555631160736, "corr_reading": 0.10279353708028793, "p_listening": 0.016, "p_reading": 0.033, "barbin": 0, "rgb": "#000000", "zyx": [8, 50, 56]}