{"timescalecorr": 0.7305495142936707, "corr_listening": 0.03536515682935715, "corr_reading": 0.07584293931722641, "p_listening": 0.257, "p_reading": 0.094, "barbin": 0, "rgb": "#000000", "zyx": [6, 41, 44]}