{"timescalecorr": 0.3697669506072998, "corr_listening": 0.06928738206624985, "corr_reading": 0.08700643479824066, "p_listening": 0.02, "p_reading": 0.067, "barbin": 0, "rgb": "#000000", "zyx": [11, 67, 27]}