{"timescalecorr": 0.1355697363615036, "corr_listening": -0.02958255633711815, "corr_reading": -0.07771342247724533, "p_listening": 0.689, "p_reading": 0.934, "barbin": 0, "rgb": "#000000", "zyx": [10, 61, 46]}