{"timescalecorr": 0.0, "corr_listening": 0.02328803576529026, "corr_reading": 0.12341904640197754, "p_listening": 0.353, "p_reading": 0.02, "barbin": 0, "rgb": "#000000", "zyx": [16, 64, 28]}