{"timescalecorr": 2.811861632423529e-09, "corr_listening": -0.001615992747247219, "corr_reading": 0.017879245802760124, "p_listening": 0.641, "p_reading": 0.372, "barbin": 0, "rgb": "#000000", "zyx": [12, 65, 53]}