{"timescalecorr": 0.04861006140708923, "corr_listening": 0.16122524440288544, "corr_reading": 0.043609779328107834, "p_listening": 0.002, "p_reading": 0.067, "barbin": 1, "rgb": "#000000", "zyx": [22, 64, 53]}