{"timescalecorr": 0.0006700553931295872, "corr_listening": 0.034510787576436996, "corr_reading": 0.0018652589060366154, "p_listening": 0.288, "p_reading": 0.509, "barbin": 0, "rgb": "#000000", "zyx": [15, 45, 61]}