{"timescalecorr": 0.0926579087972641, "corr_listening": 0.04825417697429657, "corr_reading": -0.05810745432972908, "p_listening": 0.137, "p_reading": 0.87, "barbin": 0, "rgb": "#000000", "zyx": [11, 47, 54]}