{"timescalecorr": 0.2593071162700653, "corr_listening": 0.04851040244102478, "corr_reading": 0.07033791393041611, "p_listening": 0.201, "p_reading": 0.11, "barbin": 0, "rgb": "#000000", "zyx": [10, 33, 30]}