{"timescalecorr": 0.787964940071106, "corr_listening": 0.38806599378585815, "corr_reading": 0.0755007266998291, "p_listening": 0.0, "p_reading": 0.022, "barbin": 3, "rgb": "#000000", "zyx": [9, 87, 39]}