{"timescalecorr": 0.8223928213119507, "corr_listening": 0.012186923064291477, "corr_reading": -0.13416264951229095, "p_listening": 0.4, "p_reading": 0.989, "barbin": 0, "rgb": "#000000", "zyx": [18, 72, 29]}