{"timescalecorr": 9.832500836637337e-06, "corr_listening": -0.019454235211014748, "corr_reading": -0.00804691668599844, "p_listening": 0.694, "p_reading": 0.546, "barbin": 0, "rgb": "#000000", "zyx": [5, 33, 60]}