{"timescalecorr": 0.837141752243042, "corr_listening": 0.5717297792434692, "corr_reading": 0.4567253887653351, "p_listening": 0.0, "p_reading": 0.0, "barbin": 4, "rgb": "#000000", "zyx": [16, 41, 65]}