{"timescalecorr": 0.05294562131166458, "corr_listening": -0.07262984663248062, "corr_reading": 0.055399324744939804, "p_listening": 0.896, "p_reading": 0.164, "barbin": 0, "rgb": "#000000", "zyx": [6, 48, 65]}