{"timescalecorr": 0.06286830455064774, "corr_listening": 0.052006788551807404, "corr_reading": 0.0783608928322792, "p_listening": 0.116, "p_reading": 0.088, "barbin": 0, "rgb": "#000000", "zyx": [15, 89, 68]}