{"timescalecorr": 0.0, "corr_listening": -0.09304353594779968, "corr_reading": -0.04761441424489021, "p_listening": 0.946, "p_reading": 0.802, "barbin": 0, "rgb": "#000000", "zyx": [2, 86, 68]}