{"timescalecorr": 0.1895531713962555, "corr_listening": -0.020201873034238815, "corr_reading": 0.038456205278635025, "p_listening": 0.633, "p_reading": 0.24, "barbin": 0, "rgb": "#000000", "zyx": [26, 39, 56]}