{"timescalecorr": 0.5679117441177368, "corr_listening": -0.03149689733982086, "corr_reading": 0.06917300820350647, "p_listening": 0.716, "p_reading": 0.001, "barbin": 0, "rgb": "#000000", "zyx": [16, 81, 60]}