{"timescalecorr": 0.01416060235351324, "corr_listening": 0.01788194663822651, "corr_reading": -0.01801818236708641, "p_listening": 0.389, "p_reading": 0.602, "barbin": 0, "rgb": "#000000", "zyx": [7, 50, 56]}