{"timescalecorr": 0.12217513471841812, "corr_listening": -0.017709583044052124, "corr_reading": 0.14642828702926636, "p_listening": 0.633, "p_reading": 0.0, "barbin": 0, "rgb": "#000000", "zyx": [6, 90, 61]}