{"timescalecorr": 0.0008238645968958735, "corr_listening": 0.1349124163389206, "corr_reading": 0.06621897220611572, "p_listening": 0.01, "p_reading": 0.097, "barbin": 1, "rgb": "#000000", "zyx": [23, 57, 40]}