{"timescalecorr": 0.5508223176002502, "corr_listening": 0.18772633373737335, "corr_reading": 0.20699182152748108, "p_listening": 0.0, "p_reading": 0.001, "barbin": 2, "rgb": "#000000", "zyx": [9, 49, 33]}