{"timescalecorr": 0.1596907079219818, "corr_listening": 0.2944910228252411, "corr_reading": 0.036144133657217026, "p_listening": 0.0, "p_reading": 0.201, "barbin": 2, "rgb": "#000000", "zyx": [11, 33, 35]}