{"timescalecorr": 0.983646035194397, "corr_listening": -0.09976492077112198, "corr_reading": 0.02439447119832039, "p_listening": 0.962, "p_reading": 0.348, "barbin": 0, "rgb": "#000000", "zyx": [11, 45, 51]}