{"timescalecorr": 0.273642361164093, "corr_listening": 0.04526171833276749, "corr_reading": 0.13124243915081024, "p_listening": 0.173, "p_reading": 0.008, "barbin": 0, "rgb": "#000000", "zyx": [13, 35, 72]}