{"timescalecorr": 0.7085924744606018, "corr_listening": 0.007994947023689747, "corr_reading": 0.013085604645311832, "p_listening": 0.338, "p_reading": 0.36, "barbin": 0, "rgb": "#000000", "zyx": [16, 47, 50]}