{"timescalecorr": 0.22724927961826324, "corr_listening": -0.018364736810326576, "corr_reading": 0.038172103464603424, "p_listening": 0.627, "p_reading": 0.152, "barbin": 0, "rgb": "#000000", "zyx": [6, 85, 60]}