{"timescalecorr": 0.00031817698618397117, "corr_listening": 0.08797264099121094, "corr_reading": 0.020952574908733368, "p_listening": 0.06, "p_reading": 0.327, "barbin": 0, "rgb": "#000000", "zyx": [8, 73, 65]}