{"timescalecorr": 0.1808730512857437, "corr_listening": 0.06699734926223755, "corr_reading": 0.05241532623767853, "p_listening": 0.028, "p_reading": 0.193, "barbin": 0, "rgb": "#000000", "zyx": [4, 78, 40]}