{"timescalecorr": NaN, "corr_listening": -0.02472974732518196, "corr_reading": -0.003792399540543556, "p_listening": 0.821, "p_reading": 0.515, "barbin": 0, "rgb": "#000000", "zyx": [6, 40, 50]}