{"timescalecorr": 0.11123480647802353, "corr_listening": 0.1911543905735016, "corr_reading": 0.1433664709329605, "p_listening": 0.002, "p_reading": 0.003, "barbin": 2, "rgb": "#000000", "zyx": [9, 75, 58]}