{"timescalecorr": 0.2055615931749344, "corr_listening": -0.07098276168107986, "corr_reading": -0.11753919720649719, "p_listening": 0.943, "p_reading": 0.978, "barbin": 0, "rgb": "#000000", "zyx": [7, 25, 47]}