{"timescalecorr": 0.6828680634498596, "corr_listening": 0.22755564749240875, "corr_reading": 0.13538382947444916, "p_listening": 0.0, "p_reading": 0.006, "barbin": 2, "rgb": "#000000", "zyx": [9, 70, 72]}