{"timescalecorr": 0.1605549156665802, "corr_listening": -0.012158025056123734, "corr_reading": 0.02050129696726799, "p_listening": 0.999, "p_reading": 0.369, "barbin": 0, "rgb": "#000000", "zyx": [10, 73, 80]}