{"timescalecorr": 0.0012708883732557297, "corr_listening": 0.0028812852688133717, "corr_reading": -0.010139096528291702, "p_listening": 0.034, "p_reading": 0.562, "barbin": 0, "rgb": "#000000", "zyx": [19, 29, 37]}