{"timescalecorr": 0.6163457036018372, "corr_listening": 0.313654363155365, "corr_reading": 0.35947951674461365, "p_listening": 0.0, "p_reading": 0.0, "barbin": 4, "rgb": "#000000", "zyx": [10, 84, 36]}