{"timescalecorr": 0.7836945056915283, "corr_listening": -0.014303039759397507, "corr_reading": 0.011235186830163002, "p_listening": 0.622, "p_reading": 0.417, "barbin": 0, "rgb": "#000000", "zyx": [5, 50, 77]}