{"timescalecorr": 0.05301159620285034, "corr_listening": 0.08279082924127579, "corr_reading": 0.006100718397647142, "p_listening": 0.064, "p_reading": 0.14, "barbin": 0, "rgb": "#000000", "zyx": [3, 42, 46]}