{"timescalecorr": 0.9022441506385803, "corr_listening": 0.09700991958379745, "corr_reading": 0.15283198654651642, "p_listening": 0.044, "p_reading": 0.007, "barbin": 1, "rgb": "#000000", "zyx": [14, 57, 28]}