{"timescalecorr": 6.719249512343595e-08, "corr_listening": 0.04454665631055832, "corr_reading": 0.03557034209370613, "p_listening": 0.094, "p_reading": 0.264, "barbin": 0, "rgb": "#000000", "zyx": [14, 16, 44]}