{"timescalecorr": 8.796815563982818e-06, "corr_listening": -0.027352074161171913, "corr_reading": -0.006626820657402277, "p_listening": 0.704, "p_reading": 0.557, "barbin": 0, "rgb": "#000000", "zyx": [21, 72, 35]}