{"timescalecorr": 0.00063327606767416, "corr_listening": -0.10084550827741623, "corr_reading": -0.08239975571632385, "p_listening": 0.953, "p_reading": 0.928, "barbin": 0, "rgb": "#000000", "zyx": [10, 35, 70]}