{"timescalecorr": 0.00023653628886677325, "corr_listening": -0.018857663497328758, "corr_reading": 0.08228673785924911, "p_listening": 0.762, "p_reading": 0.092, "barbin": 0, "rgb": "#000000", "zyx": [22, 38, 34]}