{"timescalecorr": 0.07989069074392319, "corr_listening": 0.05067676305770874, "corr_reading": -2.447511360514909e-05, "p_listening": 0.094, "p_reading": 0.742, "barbin": 0, "rgb": "#000000", "zyx": [2, 54, 30]}