{"timescalecorr": 3.641474904725328e-06, "corr_listening": 0.003857825882732868, "corr_reading": 0.03786524012684822, "p_listening": 0.511, "p_reading": 0.256, "barbin": 0, "rgb": "#000000", "zyx": [14, 40, 47]}