{"timescalecorr": 0.09885167330503464, "corr_listening": -0.03839818015694618, "corr_reading": 0.11376871168613434, "p_listening": 0.829, "p_reading": 0.016, "barbin": 0, "rgb": "#000000", "zyx": [15, 32, 70]}