{"timescalecorr": 0.9987770318984985, "corr_listening": -0.09854108095169067, "corr_reading": -0.004453757777810097, "p_listening": 0.959, "p_reading": 0.531, "barbin": 0, "rgb": "#000000", "zyx": [13, 73, 43]}