{"timescalecorr": 0.0, "corr_listening": -0.028670096769928932, "corr_reading": 0.07881665229797363, "p_listening": 0.806, "p_reading": 0.051, "barbin": 0, "rgb": "#000000", "zyx": [13, 83, 44]}