{"timescalecorr": 0.0004302924207877368, "corr_listening": -0.028591478243470192, "corr_reading": 0.01650026999413967, "p_listening": 0.695, "p_reading": 0.376, "barbin": 0, "rgb": "#000000", "zyx": [13, 36, 51]}