{"timescalecorr": 0.1429164707660675, "corr_listening": 0.25122883915901184, "corr_reading": 0.014814350754022598, "p_listening": 0.0, "p_reading": 0.402, "barbin": 1, "rgb": "#000000", "zyx": [11, 81, 59]}