{"timescalecorr": 0.8706995248794556, "corr_listening": 0.10598716139793396, "corr_reading": 0.08692469447851181, "p_listening": 0.023, "p_reading": 0.065, "barbin": 0, "rgb": "#000000", "zyx": [21, 73, 48]}