{"timescalecorr": 0.19782783091068268, "corr_listening": -0.03477521613240242, "corr_reading": 0.07431987673044205, "p_listening": 0.743, "p_reading": 0.032, "barbin": 0, "rgb": "#000000", "zyx": [0, 82, 69]}