{"timescalecorr": 0.009886913001537323, "corr_listening": -0.043551161885261536, "corr_reading": 0.0585581511259079, "p_listening": 0.853, "p_reading": 0.151, "barbin": 0, "rgb": "#000000", "zyx": [5, 85, 34]}