{"timescalecorr": 0.0, "corr_listening": -1.0052081051981077e-05, "corr_reading": 0.06478714197874069, "p_listening": 0.528, "p_reading": 0.138, "barbin": 0, "rgb": "#000000", "zyx": [11, 54, 72]}