{"timescalecorr": 0.00013525654503609985, "corr_listening": -0.027476701885461807, "corr_reading": -0.05200016871094704, "p_listening": 0.692, "p_reading": 0.81, "barbin": 0, "rgb": "#000000", "zyx": [26, 49, 61]}