{"timescalecorr": 0.1968800574541092, "corr_listening": -0.006807032972574234, "corr_reading": 0.12680841982364655, "p_listening": 0.557, "p_reading": 0.02, "barbin": 0, "rgb": "#000000", "zyx": [12, 87, 47]}