{"timescalecorr": 0.2345879077911377, "corr_listening": 0.015588914975523949, "corr_reading": 0.0033084081951528788, "p_listening": 0.35, "p_reading": 0.055, "barbin": 0, "rgb": "#000000", "zyx": [4, 82, 39]}