{"timescalecorr": 0.748832106590271, "corr_listening": -0.011152749881148338, "corr_reading": -0.1687828004360199, "p_listening": 0.568, "p_reading": 1.0, "barbin": 0, "rgb": "#000000", "zyx": [24, 71, 69]}