{"timescalecorr": 0.03043661266565323, "corr_listening": -0.02005028910934925, "corr_reading": 0.03392709791660309, "p_listening": 0.85, "p_reading": 0.106, "barbin": 0, "rgb": "#000000", "zyx": [0, 75, 71]}