{"timescalecorr": 0.18548709154129028, "corr_listening": -0.002538802567869425, "corr_reading": 0.03237427398562431, "p_listening": 0.512, "p_reading": 0.089, "barbin": 0, "rgb": "#000000", "zyx": [2, 88, 50]}