{"timescalecorr": 0.013581273145973682, "corr_listening": 0.04959508031606674, "corr_reading": 0.05275654047727585, "p_listening": 0.206, "p_reading": 0.199, "barbin": 0, "rgb": "#000000", "zyx": [9, 82, 60]}