{"timescalecorr": 0.12727122008800507, "corr_listening": 0.03323127701878548, "corr_reading": 0.09645146131515503, "p_listening": 0.064, "p_reading": 0.05, "barbin": 0, "rgb": "#000000", "zyx": [12, 23, 38]}