{"timescalecorr": 3.4595529996295227e-07, "corr_listening": 0.048112042248249054, "corr_reading": 0.0534302294254303, "p_listening": 0.18, "p_reading": 0.149, "barbin": 0, "rgb": "#000000", "zyx": [4, 75, 31]}