{"timescalecorr": 0.991317093372345, "corr_listening": 0.04130586236715317, "corr_reading": -0.02984425239264965, "p_listening": 0.253, "p_reading": 0.691, "barbin": 0, "rgb": "#000000", "zyx": [10, 62, 35]}