{"timescalecorr": 0.07272971421480179, "corr_listening": 0.09077136963605881, "corr_reading": 0.039226241409778595, "p_listening": 0.008, "p_reading": 0.264, "barbin": 0, "rgb": "#000000", "zyx": [19, 39, 30]}