{"timescalecorr": 2.4576725203562244e-12, "corr_listening": -0.09354901313781738, "corr_reading": -0.011999194510281086, "p_listening": 0.942, "p_reading": 0.586, "barbin": 0, "rgb": "#000000", "zyx": [18, 66, 78]}