{"timescalecorr": 0.9567117094993591, "corr_listening": 0.11082787066698074, "corr_reading": 0.0037085823714733124, "p_listening": 0.032, "p_reading": 0.465, "barbin": 0, "rgb": "#000000", "zyx": [7, 38, 36]}