{"timescalecorr": 0.5452011227607727, "corr_listening": 0.16045407950878143, "corr_reading": 0.07473880797624588, "p_listening": 0.001, "p_reading": 0.119, "barbin": 1, "rgb": "#000000", "zyx": [10, 70, 28]}