{"timescalecorr": 0.00023959118698257953, "corr_listening": 0.011766210198402405, "corr_reading": -0.022194575518369675, "p_listening": 0.396, "p_reading": 0.656, "barbin": 0, "rgb": "#000000", "zyx": [20, 72, 69]}