{"timescalecorr": 8.639121418241302e-09, "corr_listening": -0.003219200996682048, "corr_reading": 0.020482465624809265, "p_listening": 0.618, "p_reading": 0.364, "barbin": 0, "rgb": "#000000", "zyx": [2, 87, 35]}