{"timescalecorr": 0.837191104888916, "corr_listening": 0.19152309000492096, "corr_reading": 0.22642762959003448, "p_listening": 0.001, "p_reading": 0.0, "barbin": 3, "rgb": "#000000", "zyx": [9, 41, 33]}