{"timescalecorr": 0.6671614646911621, "corr_listening": -0.00019887903181370348, "corr_reading": -0.045109380036592484, "p_listening": 0.542, "p_reading": 0.788, "barbin": 0, "rgb": "#000000", "zyx": [12, 82, 57]}