{"timescalecorr": 0.6962008476257324, "corr_listening": 0.047836627811193466, "corr_reading": 0.06766767799854279, "p_listening": 0.077, "p_reading": 0.05, "barbin": 0, "rgb": "#000000", "zyx": [15, 85, 39]}