{"timescalecorr": 0.5779023766517639, "corr_listening": 0.06059083342552185, "corr_reading": 0.051726121455430984, "p_listening": 0.102, "p_reading": 0.195, "barbin": 0, "rgb": "#000000", "zyx": [17, 24, 37]}