{"timescalecorr": 0.9927870631217957, "corr_listening": 0.05188414081931114, "corr_reading": 0.1376393586397171, "p_listening": 0.206, "p_reading": 0.005, "barbin": 0, "rgb": "#000000", "zyx": [14, 56, 33]}