{"timescalecorr": 0.7422736287117004, "corr_listening": 0.2912544012069702, "corr_reading": 0.09111697226762772, "p_listening": 0.0, "p_reading": 0.051, "barbin": 2, "rgb": "#000000", "zyx": [13, 78, 35]}