{"timescalecorr": 0.36245906352996826, "corr_listening": 0.22330118715763092, "corr_reading": 0.02023296244442463, "p_listening": 0.0, "p_reading": 0.349, "barbin": 1, "rgb": "#000000", "zyx": [16, 35, 64]}