{"timescalecorr": 0.0005218277801759541, "corr_listening": -0.17954887449741364, "corr_reading": -0.03539172187447548, "p_listening": 0.999, "p_reading": 0.718, "barbin": 0, "rgb": "#000000", "zyx": [0, 84, 67]}