{"timescalecorr": 0.37441208958625793, "corr_listening": -0.02907884120941162, "corr_reading": -0.04546673968434334, "p_listening": 0.707, "p_reading": 0.76, "barbin": 0, "rgb": "#000000", "zyx": [23, 73, 52]}