{"timescalecorr": 0.08980485796928406, "corr_listening": 0.1477285921573639, "corr_reading": 0.24833737313747406, "p_listening": 0.004, "p_reading": 0.0, "barbin": 2, "rgb": "#000000", "zyx": [19, 30, 48]}