{"timescalecorr": 0.7338212728500366, "corr_listening": 0.3369268476963043, "corr_reading": 0.11346200853586197, "p_listening": 0.0, "p_reading": 0.021, "barbin": 3, "rgb": "#000000", "zyx": [26, 60, 57]}