{"timescalecorr": 0.958582878112793, "corr_listening": 0.019806012511253357, "corr_reading": 0.08362612128257751, "p_listening": 0.373, "p_reading": 0.06, "barbin": 0, "rgb": "#000000", "zyx": [16, 78, 32]}