{"timescalecorr": 0.7388225197792053, "corr_listening": 0.4165363609790802, "corr_reading": 0.33920514583587646, "p_listening": 0.0, "p_reading": 0.0, "barbin": 4, "rgb": "#000000", "zyx": [14, 40, 30]}