{"timescalecorr": 3.594053555750876e-20, "corr_listening": 0.015651574358344078, "corr_reading": -0.14794005453586578, "p_listening": 0.412, "p_reading": 0.999, "barbin": 0, "rgb": "#000000", "zyx": [14, 51, 35]}