{"timescalecorr": 0.021370038390159607, "corr_listening": -0.03528258576989174, "corr_reading": -0.004475204274058342, "p_listening": 0.724, "p_reading": 0.534, "barbin": 0, "rgb": "#000000", "zyx": [4, 43, 47]}