{"timescalecorr": 0.04438285902142525, "corr_listening": -0.051179371774196625, "corr_reading": 0.15732134878635406, "p_listening": 0.831, "p_reading": 0.004, "barbin": 0, "rgb": "#000000", "zyx": [3, 46, 29]}