{"timescalecorr": 0.16336402297019958, "corr_listening": 0.12308191508054733, "corr_reading": -0.04095365107059479, "p_listening": 0.014, "p_reading": 0.771, "barbin": 0, "rgb": "#000000", "zyx": [19, 28, 65]}