{"timescalecorr": 0.25612568855285645, "corr_listening": 0.09344317018985748, "corr_reading": 0.0408158004283905, "p_listening": 0.05, "p_reading": 0.087, "barbin": 0, "rgb": "#000000", "zyx": [20, 75, 40]}