{"timescalecorr": 0.1532803475856781, "corr_listening": 0.04790979251265526, "corr_reading": 0.12442359328269958, "p_listening": 0.111, "p_reading": 0.011, "barbin": 0, "rgb": "#000000", "zyx": [20, 47, 35]}