{"timescalecorr": NaN, "corr_listening": -0.02919953130185604, "corr_reading": 0.034645844250917435, "p_listening": 0.961, "p_reading": 0.092, "barbin": 0, "rgb": "#000000", "zyx": [3, 59, 35]}