{"timescalecorr": 0.32316070795059204, "corr_listening": -0.05437200516462326, "corr_reading": -0.0016106517286971211, "p_listening": 0.821, "p_reading": 0.65, "barbin": 0, "rgb": "#000000", "zyx": [11, 45, 50]}