{"timescalecorr": 0.02688952535390854, "corr_listening": 0.005932329222559929, "corr_reading": 0.034058958292007446, "p_listening": 0.002, "p_reading": 0.268, "barbin": 0, "rgb": "#000000", "zyx": [16, 22, 60]}