{"timescalecorr": 0.0, "corr_listening": -0.13900068402290344, "corr_reading": 0.004957153461873531, "p_listening": 1.0, "p_reading": 0.499, "barbin": 0, "rgb": "#000000", "zyx": [10, 71, 80]}