{"timescalecorr": 0.6442116498947144, "corr_listening": 0.3063504695892334, "corr_reading": 0.16727855801582336, "p_listening": 0.0, "p_reading": 0.001, "barbin": 3, "rgb": "#000000", "zyx": [25, 42, 49]}