{"timescalecorr": 1.0977013076285402e-08, "corr_listening": -0.057072706520557404, "corr_reading": -0.1052984893321991, "p_listening": 0.917, "p_reading": 0.961, "barbin": 0, "rgb": "#000000", "zyx": [22, 84, 47]}