{"timescalecorr": 0.17477020621299744, "corr_listening": 0.024193143472075462, "corr_reading": -0.03509257733821869, "p_listening": 0.065, "p_reading": 0.981, "barbin": 0, "rgb": "#000000", "zyx": [18, 28, 45]}