{"timescalecorr": 3.195070163997116e-08, "corr_listening": 0.012950362637639046, "corr_reading": -0.023343175649642944, "p_listening": 0.375, "p_reading": 0.639, "barbin": 0, "rgb": "#000000", "zyx": [6, 94, 59]}