{"timescalecorr": 9.859517291488373e-08, "corr_listening": 0.0021275244653224945, "corr_reading": 0.07704084366559982, "p_listening": 0.516, "p_reading": 0.1, "barbin": 0, "rgb": "#000000", "zyx": [11, 38, 49]}