{"timescalecorr": 0.0353734977543354, "corr_listening": 0.006150550674647093, "corr_reading": -0.017114713788032532, "p_listening": 0.295, "p_reading": 0.614, "barbin": 0, "rgb": "#000000", "zyx": [8, 79, 49]}