{"timescalecorr": 0.8543171882629395, "corr_listening": 0.41988301277160645, "corr_reading": 0.2560461163520813, "p_listening": 0.0, "p_reading": 0.0, "barbin": 4, "rgb": "#000000", "zyx": [16, 40, 68]}