{"timescalecorr": 0.9481071829795837, "corr_listening": 0.2636834979057312, "corr_reading": 0.25375640392303467, "p_listening": 0.0, "p_reading": 0.0, "barbin": 4, "rgb": "#000000", "zyx": [23, 64, 38]}