{"timescalecorr": 0.9963134527206421, "corr_listening": 0.011520796455442905, "corr_reading": -0.021632462739944458, "p_listening": 0.41, "p_reading": 0.829, "barbin": 0, "rgb": "#000000", "zyx": [23, 80, 62]}