{"timescalecorr": 0.0, "corr_listening": 0.14315862953662872, "corr_reading": -0.013495517894625664, "p_listening": 0.001, "p_reading": 0.594, "barbin": 0, "rgb": "#000000", "zyx": [10, 51, 31]}