{"timescalecorr": 0.009282173588871956, "corr_listening": 0.09441418945789337, "corr_reading": -0.02957196906208992, "p_listening": 0.032, "p_reading": 0.845, "barbin": 0, "rgb": "#000000", "zyx": [10, 20, 57]}