{"timescalecorr": 0.10634877532720566, "corr_listening": -0.033755358308553696, "corr_reading": -0.01735367625951767, "p_listening": 0.763, "p_reading": 0.611, "barbin": 0, "rgb": "#000000", "zyx": [15, 49, 79]}