{"timescalecorr": 6.132605534503455e-11, "corr_listening": 0.03970623388886452, "corr_reading": -0.06978951394557953, "p_listening": 0.202, "p_reading": 0.915, "barbin": 0, "rgb": "#000000", "zyx": [14, 74, 45]}