{"timescalecorr": 0.5128542184829712, "corr_listening": 0.12752850353717804, "corr_reading": 0.14521820843219757, "p_listening": 0.015, "p_reading": 0.002, "barbin": 1, "rgb": "#000000", "zyx": [9, 40, 37]}