{"timescalecorr": 0.00015056498523335904, "corr_listening": -0.003191449213773012, "corr_reading": -0.070241779088974, "p_listening": 0.507, "p_reading": 0.887, "barbin": 0, "rgb": "#000000", "zyx": [9, 32, 41]}