{"timescalecorr": 0.7882346510887146, "corr_listening": -0.002313303994014859, "corr_reading": -0.02471303381025791, "p_listening": 0.76, "p_reading": 0.681, "barbin": 0, "rgb": "#000000", "zyx": [3, 62, 71]}