{"timescalecorr": 0.4743722975254059, "corr_listening": -0.05370555818080902, "corr_reading": 0.03805126994848251, "p_listening": 0.787, "p_reading": 0.204, "barbin": 0, "rgb": "#000000", "zyx": [18, 67, 58]}