{"timescalecorr": 0.6080140471458435, "corr_listening": -0.03350936248898506, "corr_reading": 0.015600389800965786, "p_listening": 0.856, "p_reading": 0.355, "barbin": 0, "rgb": "#000000", "zyx": [8, 37, 42]}