{"timescalecorr": 0.05319163203239441, "corr_listening": 0.21884776651859283, "corr_reading": 0.007799271494150162, "p_listening": 0.0, "p_reading": 0.459, "barbin": 1, "rgb": "#000000", "zyx": [19, 31, 47]}