{"timescalecorr": NaN, "corr_listening": -0.07590079307556152, "corr_reading": 0.0818176344037056, "p_listening": 0.882, "p_reading": 0.081, "barbin": 0, "rgb": "#000000", "zyx": [15, 25, 56]}