{"timescalecorr": 0.04506120830774307, "corr_listening": 0.025373205542564392, "corr_reading": -0.020179323852062225, "p_listening": 0.292, "p_reading": 0.658, "barbin": 0, "rgb": "#000000", "zyx": [15, 23, 38]}