{"timescalecorr": 0.704376220703125, "corr_listening": 0.006159413605928421, "corr_reading": 0.12901301681995392, "p_listening": 0.448, "p_reading": 0.009, "barbin": 0, "rgb": "#000000", "zyx": [4, 57, 69]}