{"timescalecorr": 1.2873285413661506e-05, "corr_listening": -0.0367574505507946, "corr_reading": 0.19176141917705536, "p_listening": 0.928, "p_reading": 0.0, "barbin": 0, "rgb": "#000000", "zyx": [19, 61, 62]}