{"timescalecorr": 6.302601906896851e-15, "corr_listening": -0.03371705859899521, "corr_reading": -0.00810793787240982, "p_listening": 0.73, "p_reading": 0.611, "barbin": 0, "rgb": "#000000", "zyx": [11, 64, 63]}