{"timescalecorr": 2.0161094405192287e-20, "corr_listening": -0.06508816033601761, "corr_reading": 0.000334299576934427, "p_listening": 0.927, "p_reading": 0.486, "barbin": 0, "rgb": "#000000", "zyx": [10, 45, 40]}