{"timescalecorr": 0.6197916269302368, "corr_listening": 0.3677469491958618, "corr_reading": 0.28946882486343384, "p_listening": 0.0, "p_reading": 0.0, "barbin": 4, "rgb": "#000000", "zyx": [21, 34, 56]}