{"timescalecorr": 0.030815763399004936, "corr_listening": 0.004905246198177338, "corr_reading": 0.04212580621242523, "p_listening": 0.46, "p_reading": 0.064, "barbin": 0, "rgb": "#000000", "zyx": [10, 73, 64]}