{"timescalecorr": 0.033935245126485825, "corr_listening": 0.0027850812766700983, "corr_reading": 0.10414507985115051, "p_listening": 0.473, "p_reading": 0.047, "barbin": 0, "rgb": "#000000", "zyx": [21, 47, 43]}