{"timescalecorr": 0.5830535888671875, "corr_listening": 0.05062044411897659, "corr_reading": 0.1213565468788147, "p_listening": 0.2, "p_reading": 0.018, "barbin": 0, "rgb": "#000000", "zyx": [14, 31, 66]}