{"timescalecorr": 0.07374075055122375, "corr_listening": 0.15296760201454163, "corr_reading": 0.00780632346868515, "p_listening": 0.003, "p_reading": 0.448, "barbin": 0, "rgb": "#000000", "zyx": [16, 43, 41]}