{"timescalecorr": 1.3225605525653148e-17, "corr_listening": -0.10991393774747849, "corr_reading": 0.07329236716032028, "p_listening": 0.965, "p_reading": 0.087, "barbin": 0, "rgb": "#000000", "zyx": [8, 64, 73]}