{"timescalecorr": NaN, "corr_listening": -0.09184402972459793, "corr_reading": -0.020810795947909355, "p_listening": 0.947, "p_reading": 0.764, "barbin": 0, "rgb": "#000000", "zyx": [17, 44, 67]}