{"timescalecorr": 0.7732212543487549, "corr_listening": 0.04847225919365883, "corr_reading": 0.08183187991380692, "p_listening": 0.214, "p_reading": 0.095, "barbin": 0, "rgb": "#000000", "zyx": [16, 70, 76]}