{"timescalecorr": 0.5278909802436829, "corr_listening": -0.01459197886288166, "corr_reading": 0.08882683515548706, "p_listening": 0.7, "p_reading": 0.005, "barbin": 0, "rgb": "#000000", "zyx": [7, 89, 61]}