{"timescalecorr": 0.8115246295928955, "corr_listening": 0.2389870285987854, "corr_reading": 0.24625927209854126, "p_listening": 0.0, "p_reading": 0.0, "barbin": 3, "rgb": "#000000", "zyx": [18, 50, 68]}