{"timescalecorr": 0.18879985809326172, "corr_listening": 0.08010716736316681, "corr_reading": 0.0034125340171158314, "p_listening": 0.044, "p_reading": 0.486, "barbin": 0, "rgb": "#000000", "zyx": [10, 58, 83]}