{"timescalecorr": 0.7594435214996338, "corr_listening": 0.059653401374816895, "corr_reading": 0.036170341074466705, "p_listening": 0.142, "p_reading": 0.017, "barbin": 0, "rgb": "#000000", "zyx": [11, 58, 52]}