{"timescalecorr": 0.0, "corr_listening": -0.03108992427587509, "corr_reading": -0.009991994127631187, "p_listening": 0.708, "p_reading": 0.587, "barbin": 0, "rgb": "#000000", "zyx": [10, 68, 68]}