{"timescalecorr": 0.07229460775852203, "corr_listening": 0.03519197925925255, "corr_reading": -0.005729556083679199, "p_listening": 0.269, "p_reading": 0.545, "barbin": 0, "rgb": "#000000", "zyx": [17, 21, 37]}