{"timescalecorr": 0.9485965967178345, "corr_listening": 0.005386753007769585, "corr_reading": -0.04132823273539543, "p_listening": 0.429, "p_reading": 0.77, "barbin": 0, "rgb": "#000000", "zyx": [15, 37, 60]}