{"timescalecorr": 0.0011924422578886151, "corr_listening": 0.024509068578481674, "corr_reading": 0.09012801945209503, "p_listening": 0.348, "p_reading": 0.007, "barbin": 0, "rgb": "#000000", "zyx": [21, 71, 38]}