{"timescalecorr": 0.0011209658114239573, "corr_listening": 0.007187598384916782, "corr_reading": -0.005765364971011877, "p_listening": 0.4, "p_reading": 0.569, "barbin": 0, "rgb": "#000000", "zyx": [8, 57, 37]}