{"timescalecorr": 0.12421532720327377, "corr_listening": 0.018923837691545486, "corr_reading": 0.02159612439572811, "p_listening": 0.372, "p_reading": 0.334, "barbin": 0, "rgb": "#000000", "zyx": [12, 90, 58]}