{"timescalecorr": 0.08318236470222473, "corr_listening": 0.1731180101633072, "corr_reading": 0.0004560239613056183, "p_listening": 0.003, "p_reading": 0.51, "barbin": 0, "rgb": "#000000", "zyx": [5, 60, 67]}