{"timescalecorr": 0.9300482273101807, "corr_listening": 0.19348084926605225, "corr_reading": 0.1489698886871338, "p_listening": 0.0, "p_reading": 0.009, "barbin": 2, "rgb": "#000000", "zyx": [27, 57, 46]}