{"timescalecorr": 0.7109432816505432, "corr_listening": 0.015120635740458965, "corr_reading": 0.0646468922495842, "p_listening": 0.422, "p_reading": 0.087, "barbin": 0, "rgb": "#000000", "zyx": [4, 65, 36]}