{"timescalecorr": 0.878243625164032, "corr_listening": 0.10731424391269684, "corr_reading": 0.1373681128025055, "p_listening": 0.023, "p_reading": 0.002, "barbin": 1, "rgb": "#000000", "zyx": [5, 35, 36]}