{"timescalecorr": 0.004207049962133169, "corr_listening": 0.04606247693300247, "corr_reading": 0.02062063291668892, "p_listening": 0.082, "p_reading": 0.121, "barbin": 0, "rgb": "#000000", "zyx": [9, 60, 23]}