{"timescalecorr": 0.006206974387168884, "corr_listening": 0.17623278498649597, "corr_reading": 0.1746625155210495, "p_listening": 0.001, "p_reading": 0.0, "barbin": 2, "rgb": "#000000", "zyx": [17, 79, 68]}