{"timescalecorr": 0.18333791196346283, "corr_listening": 0.06583333015441895, "corr_reading": 0.1461692750453949, "p_listening": 0.096, "p_reading": 0.01, "barbin": 1, "rgb": "#000000", "zyx": [15, 55, 72]}