{"timescalecorr": 0.2884959876537323, "corr_listening": -0.04398494213819504, "corr_reading": 0.1465427428483963, "p_listening": 0.796, "p_reading": 0.0, "barbin": 0, "rgb": "#000000", "zyx": [5, 78, 33]}