{"timescalecorr": 0.0027192647103220224, "corr_listening": 0.019528307020664215, "corr_reading": 0.08012731373310089, "p_listening": 0.326, "p_reading": 0.097, "barbin": 0, "rgb": "#000000", "zyx": [17, 72, 37]}