{"timescalecorr": 0.0, "corr_listening": 0.06722821295261383, "corr_reading": -0.07995060086250305, "p_listening": 0.116, "p_reading": 0.916, "barbin": 0, "rgb": "#000000", "zyx": [19, 89, 44]}