{"timescalecorr": 0.4064355790615082, "corr_listening": 0.013933866284787655, "corr_reading": -0.0073157805018126965, "p_listening": 0.383, "p_reading": 0.546, "barbin": 0, "rgb": "#000000", "zyx": [25, 40, 58]}