{"timescalecorr": 0.033513642847537994, "corr_listening": 0.10528624057769775, "corr_reading": 0.19100332260131836, "p_listening": 0.019, "p_reading": 0.001, "barbin": 1, "rgb": "#000000", "zyx": [12, 41, 53]}