{"timescalecorr": 0.013566850684583187, "corr_listening": -0.116281658411026, "corr_reading": -0.008947530761361122, "p_listening": 0.981, "p_reading": 0.552, "barbin": 0, "rgb": "#000000", "zyx": [5, 44, 28]}