{"timescalecorr": 1.0526471061976817e-19, "corr_listening": -0.06957589834928513, "corr_reading": -0.08066725730895996, "p_listening": 0.892, "p_reading": 0.914, "barbin": 0, "rgb": "#000000", "zyx": [19, 65, 41]}