{"timescalecorr": 0.00012191623682156205, "corr_listening": 0.14621689915657043, "corr_reading": 0.012868396006524563, "p_listening": 0.005, "p_reading": 0.389, "barbin": 0, "rgb": "#000000", "zyx": [10, 78, 60]}