{"timescalecorr": 0.0033009059261530638, "corr_listening": 0.06749369204044342, "corr_reading": 0.06767897307872772, "p_listening": 0.073, "p_reading": 0.117, "barbin": 0, "rgb": "#000000", "zyx": [2, 40, 36]}