{"timescalecorr": 0.02992742508649826, "corr_listening": 0.029030535370111465, "corr_reading": 0.005708405282348394, "p_listening": 0.277, "p_reading": 0.418, "barbin": 0, "rgb": "#000000", "zyx": [14, 52, 77]}