{"timescalecorr": 0.5442207455635071, "corr_listening": 0.03003540448844433, "corr_reading": 0.005407792516052723, "p_listening": 0.219, "p_reading": 0.444, "barbin": 0, "rgb": "#000000", "zyx": [3, 49, 29]}