{"timescalecorr": 0.001273554633371532, "corr_listening": 0.06590933352708817, "corr_reading": -0.055784694850444794, "p_listening": 0.121, "p_reading": 0.845, "barbin": 0, "rgb": "#000000", "zyx": [13, 16, 44]}