{"timescalecorr": 5.238643439042789e-07, "corr_listening": 0.05177472159266472, "corr_reading": 0.02007387951016426, "p_listening": 0.04, "p_reading": 0.356, "barbin": 0, "rgb": "#000000", "zyx": [12, 67, 33]}