{"timescalecorr": 0.0, "corr_listening": -0.018303049728274345, "corr_reading": -0.043186627328395844, "p_listening": 0.624, "p_reading": 0.775, "barbin": 0, "rgb": "#000000", "zyx": [11, 42, 28]}