{"timescalecorr": 0.916708767414093, "corr_listening": 0.12223531305789948, "corr_reading": 0.21066159009933472, "p_listening": 0.009, "p_reading": 0.0, "barbin": 2, "rgb": "#000000", "zyx": [9, 60, 27]}