{"timescalecorr": 0.7579535841941833, "corr_listening": 0.19702382385730743, "corr_reading": 0.07953999936580658, "p_listening": 0.001, "p_reading": 0.093, "barbin": 1, "rgb": "#000000", "zyx": [9, 78, 37]}