{"timescalecorr": 0.9445509314537048, "corr_listening": 0.0017458118963986635, "corr_reading": 0.0302908793091774, "p_listening": 0.032, "p_reading": 0.161, "barbin": 0, "rgb": "#000000", "zyx": [6, 34, 70]}