{"timescalecorr": 0.5914643406867981, "corr_listening": 0.16882023215293884, "corr_reading": 0.06897268444299698, "p_listening": 0.003, "p_reading": 0.075, "barbin": 1, "rgb": "#000000", "zyx": [6, 69, 72]}