{"timescalecorr": 7.287310666015401e-08, "corr_listening": 0.0058026984333992004, "corr_reading": 0.00537455640733242, "p_listening": 0.474, "p_reading": 0.454, "barbin": 0, "rgb": "#000000", "zyx": [22, 70, 58]}