{"timescalecorr": 0.853402316570282, "corr_listening": -0.12042835354804993, "corr_reading": -0.022663317620754242, "p_listening": 0.98, "p_reading": 0.648, "barbin": 0, "rgb": "#000000", "zyx": [10, 73, 45]}