{"timescalecorr": 4.833428465644829e-05, "corr_listening": -0.07454987615346909, "corr_reading": 0.02828146517276764, "p_listening": 0.917, "p_reading": 0.312, "barbin": 0, "rgb": "#000000", "zyx": [8, 57, 78]}