{"timescalecorr": 0.003684025024995208, "corr_listening": -0.011156558990478516, "corr_reading": 0.06354943662881851, "p_listening": 0.573, "p_reading": 0.051, "barbin": 0, "rgb": "#000000", "zyx": [20, 55, 60]}