{"timescalecorr": 0.0008128599729388952, "corr_listening": -0.030438285320997238, "corr_reading": 0.027244465425610542, "p_listening": 0.788, "p_reading": 0.296, "barbin": 0, "rgb": "#000000", "zyx": [9, 46, 70]}