{"timescalecorr": 0.0, "corr_listening": 0.08595725148916245, "corr_reading": 0.004535868298262358, "p_listening": 0.059, "p_reading": 0.459, "barbin": 0, "rgb": "#000000", "zyx": [21, 33, 64]}