{"timescalecorr": 0.00014044945419300348, "corr_listening": 0.10734289139509201, "corr_reading": 0.058305636048316956, "p_listening": 0.007, "p_reading": 0.031, "barbin": 0, "rgb": "#000000", "zyx": [6, 87, 56]}