{"timescalecorr": NaN, "corr_listening": -0.036026570945978165, "corr_reading": 0.04668951779603958, "p_listening": 0.946, "p_reading": 0.21, "barbin": 0, "rgb": "#000000", "zyx": [22, 55, 54]}