{"timescalecorr": 0.6982766389846802, "corr_listening": 0.18269513547420502, "corr_reading": 0.1982955038547516, "p_listening": 0.002, "p_reading": 0.001, "barbin": 2, "rgb": "#000000", "zyx": [18, 25, 47]}