{"timescalecorr": 0.7656654715538025, "corr_listening": 0.16275499761104584, "corr_reading": 0.17544466257095337, "p_listening": 0.002, "p_reading": 0.001, "barbin": 2, "rgb": "#000000", "zyx": [21, 50, 69]}