{"timescalecorr": 0.9244816303253174, "corr_listening": 0.06345824152231216, "corr_reading": -0.01164478063583374, "p_listening": 0.121, "p_reading": 0.552, "barbin": 0, "rgb": "#000000", "zyx": [2, 78, 44]}