{"timescalecorr": 0.3271455466747284, "corr_listening": 0.16158105432987213, "corr_reading": 0.14370201528072357, "p_listening": 0.002, "p_reading": 0.004, "barbin": 2, "rgb": "#000000", "zyx": [14, 78, 56]}