{"timescalecorr": 0.008008044213056564, "corr_listening": 0.0451262891292572, "corr_reading": -0.012795055285096169, "p_listening": 0.222, "p_reading": 0.91, "barbin": 0, "rgb": "#000000", "zyx": [18, 44, 73]}