{"timescalecorr": 0.00010268148616887629, "corr_listening": -0.09038184583187103, "corr_reading": 3.663732059067115e-05, "p_listening": 0.981, "p_reading": 0.11, "barbin": 0, "rgb": "#000000", "zyx": [26, 68, 58]}