{"timescalecorr": 0.15182216465473175, "corr_listening": -0.062318019568920135, "corr_reading": 0.07109244167804718, "p_listening": 0.868, "p_reading": 0.117, "barbin": 0, "rgb": "#000000", "zyx": [22, 48, 55]}