{"timescalecorr": 0.7901208400726318, "corr_listening": -0.037351079285144806, "corr_reading": -0.0023206165060400963, "p_listening": 0.737, "p_reading": 0.524, "barbin": 0, "rgb": "#000000", "zyx": [0, 83, 70]}