{"timescalecorr": 0.0, "corr_listening": -0.07751982659101486, "corr_reading": -0.09176591038703918, "p_listening": 0.923, "p_reading": 0.928, "barbin": 0, "rgb": "#000000", "zyx": [20, 47, 68]}