{"timescalecorr": 0.0002915182267315686, "corr_listening": -0.0623568519949913, "corr_reading": 0.009379834868013859, "p_listening": 0.884, "p_reading": 0.15, "barbin": 0, "rgb": "#000000", "zyx": [3, 88, 40]}