{"timescalecorr": 0.4446665048599243, "corr_listening": 0.05879245698451996, "corr_reading": 0.2384403496980667, "p_listening": 0.165, "p_reading": 0.0, "barbin": 1, "rgb": "#000000", "zyx": [10, 74, 30]}