{"timescalecorr": 0.01743440516293049, "corr_listening": 0.03183688223361969, "corr_reading": -8.5015082731843e-05, "p_listening": 0.179, "p_reading": 0.492, "barbin": 0, "rgb": "#000000", "zyx": [16, 59, 28]}