{"timescalecorr": 0.000516088679432869, "corr_listening": 0.12040172517299652, "corr_reading": -0.0131297055631876, "p_listening": 0.014, "p_reading": 0.645, "barbin": 0, "rgb": "#000000", "zyx": [18, 56, 71]}