{"timescalecorr": 0.008804569020867348, "corr_listening": -0.05705588310956955, "corr_reading": 0.017126332968473434, "p_listening": 0.836, "p_reading": 0.317, "barbin": 0, "rgb": "#000000", "zyx": [22, 63, 46]}