{"timescalecorr": 0.5333499312400818, "corr_listening": 0.13547144830226898, "corr_reading": 0.04169125482439995, "p_listening": 0.0, "p_reading": 0.211, "barbin": 0, "rgb": "#000000", "zyx": [17, 54, 72]}