{"timescalecorr": 0.0, "corr_listening": 0.058097995817661285, "corr_reading": -0.03254595026373863, "p_listening": 0.06, "p_reading": 0.703, "barbin": 0, "rgb": "#000000", "zyx": [17, 68, 48]}