{"timescalecorr": 0.00032431891304440796, "corr_listening": -0.013122699223458767, "corr_reading": -0.04407559335231781, "p_listening": 0.58, "p_reading": 0.781, "barbin": 0, "rgb": "#000000", "zyx": [20, 36, 33]}