{"timescalecorr": 0.008183064870536327, "corr_listening": 0.10520495474338531, "corr_reading": 0.0576147586107254, "p_listening": 0.038, "p_reading": 0.181, "barbin": 0, "rgb": "#000000", "zyx": [8, 86, 44]}