{"timescalecorr": 2.6310764951631427e-05, "corr_listening": 0.06769756972789764, "corr_reading": 0.06764117628335953, "p_listening": 0.128, "p_reading": 0.048, "barbin": 0, "rgb": "#000000", "zyx": [25, 56, 38]}