{"timescalecorr": 0.0, "corr_listening": -0.17526403069496155, "corr_reading": -0.03192183002829552, "p_listening": 0.999, "p_reading": 0.694, "barbin": 0, "rgb": "#000000", "zyx": [6, 76, 67]}