{"timescalecorr": 0.3955422043800354, "corr_listening": 0.029694005846977234, "corr_reading": -0.0070952847599983215, "p_listening": 0.16, "p_reading": 0.543, "barbin": 0, "rgb": "#000000", "zyx": [11, 67, 29]}