{"timescalecorr": 0.016404202207922935, "corr_listening": -0.013058221898972988, "corr_reading": 0.047357939183712006, "p_listening": 0.566, "p_reading": 0.007, "barbin": 0, "rgb": "#000000", "zyx": [6, 77, 76]}