{"timescalecorr": 0.6279929876327515, "corr_listening": -0.06459739059209824, "corr_reading": 0.020990880206227303, "p_listening": 0.925, "p_reading": 0.276, "barbin": 0, "rgb": "#000000", "zyx": [11, 73, 65]}