{"timescalecorr": 0.07750733941793442, "corr_listening": -0.00856719072908163, "corr_reading": 0.08782553672790527, "p_listening": 0.67, "p_reading": 0.06, "barbin": 0, "rgb": "#000000", "zyx": [8, 44, 74]}