{"timescalecorr": 0.0, "corr_listening": -0.07333887368440628, "corr_reading": -0.03781978785991669, "p_listening": 0.901, "p_reading": 0.736, "barbin": 0, "rgb": "#000000", "zyx": [19, 58, 61]}