{"timescalecorr": 0.9893041849136353, "corr_listening": 0.09657545387744904, "corr_reading": -0.024898845702409744, "p_listening": 0.056, "p_reading": 0.821, "barbin": 0, "rgb": "#000000", "zyx": [20, 85, 62]}