{"timescalecorr": 0.1041882187128067, "corr_listening": 0.004222920164465904, "corr_reading": 0.049417730420827866, "p_listening": 0.453, "p_reading": 0.202, "barbin": 0, "rgb": "#000000", "zyx": [18, 78, 47]}