{"timescalecorr": 0.029485691338777542, "corr_listening": 0.0565946102142334, "corr_reading": 0.02088257111608982, "p_listening": 0.17, "p_reading": 0.173, "barbin": 0, "rgb": "#000000", "zyx": [14, 51, 26]}