{"timescalecorr": 4.851037971320693e-08, "corr_listening": -0.026878222823143005, "corr_reading": -0.028917277231812477, "p_listening": 0.647, "p_reading": 0.683, "barbin": 0, "rgb": "#000000", "zyx": [6, 52, 23]}