{"timescalecorr": 0.9952852129936218, "corr_listening": -0.005626006051898003, "corr_reading": -0.016017509624361992, "p_listening": 0.532, "p_reading": 0.617, "barbin": 0, "rgb": "#000000", "zyx": [10, 28, 41]}