{"timescalecorr": 0.7691032290458679, "corr_listening": 0.2228030115365982, "corr_reading": 0.12027373909950256, "p_listening": 0.0, "p_reading": 0.024, "barbin": 2, "rgb": "#000000", "zyx": [8, 40, 70]}