{"timescalecorr": 1.2622678781121915e-13, "corr_listening": -0.007084641605615616, "corr_reading": -0.032244887202978134, "p_listening": 0.547, "p_reading": 0.658, "barbin": 0, "rgb": "#000000", "zyx": [7, 43, 63]}