{"timescalecorr": 0.00331440893933177, "corr_listening": -0.02216847613453865, "corr_reading": 4.787370562553406e-05, "p_listening": 0.649, "p_reading": 0.488, "barbin": 0, "rgb": "#000000", "zyx": [20, 53, 58]}