{"timescalecorr": 0.4988238513469696, "corr_listening": 0.03475040942430496, "corr_reading": 0.20109984278678894, "p_listening": 0.293, "p_reading": 0.0, "barbin": 1, "rgb": "#000000", "zyx": [24, 58, 39]}