{"timescalecorr": 0.949428915977478, "corr_listening": 0.32312819361686707, "corr_reading": 0.0930841937661171, "p_listening": 0.0, "p_reading": 0.073, "barbin": 3, "rgb": "#000000", "zyx": [8, 49, 29]}