{"timescalecorr": 0.24768580496311188, "corr_listening": -0.0038822339847683907, "corr_reading": -0.07439178973436356, "p_listening": 0.54, "p_reading": 0.914, "barbin": 0, "rgb": "#000000", "zyx": [15, 67, 72]}