{"timescalecorr": 9.041143389509898e-10, "corr_listening": -0.01709713041782379, "corr_reading": 0.12996554374694824, "p_listening": 0.623, "p_reading": 0.003, "barbin": 0, "rgb": "#000000", "zyx": [17, 68, 34]}