{"timescalecorr": 0.05450403690338135, "corr_listening": 0.029193339869379997, "corr_reading": 0.06403660774230957, "p_listening": 0.089, "p_reading": 0.105, "barbin": 0, "rgb": "#000000", "zyx": [16, 71, 45]}