{"timescalecorr": 0.004272200632840395, "corr_listening": -0.020706038922071457, "corr_reading": 0.012438034638762474, "p_listening": 0.644, "p_reading": 0.372, "barbin": 0, "rgb": "#000000", "zyx": [10, 54, 22]}