{"timescalecorr": 1.3195792689657537e-06, "corr_listening": 0.04240981489419937, "corr_reading": -0.04848190024495125, "p_listening": 0.117, "p_reading": 0.815, "barbin": 0, "rgb": "#000000", "zyx": [9, 20, 54]}