{"timescalecorr": 0.0, "corr_listening": -0.08712772279977798, "corr_reading": 0.009107394143939018, "p_listening": 0.938, "p_reading": 0.014, "barbin": 0, "rgb": "#000000", "zyx": [13, 52, 80]}