{"timescalecorr": 0.8091708421707153, "corr_listening": 0.18580873310565948, "corr_reading": 0.12022094428539276, "p_listening": 0.001, "p_reading": 0.017, "barbin": 2, "rgb": "#000000", "zyx": [16, 66, 57]}