{"timescalecorr": 0.21910086274147034, "corr_listening": 0.06696536391973495, "corr_reading": 0.06330296397209167, "p_listening": 0.042, "p_reading": 0.139, "barbin": 0, "rgb": "#000000", "zyx": [13, 37, 62]}