{"timescalecorr": 0.017007576301693916, "corr_listening": -0.0025093590375036, "corr_reading": 0.02205781452357769, "p_listening": 0.507, "p_reading": 0.0, "barbin": 0, "rgb": "#000000", "zyx": [15, 67, 75]}