{"timescalecorr": 0.612284243106842, "corr_listening": 0.0755312442779541, "corr_reading": -0.15455079078674316, "p_listening": 0.084, "p_reading": 0.996, "barbin": 0, "rgb": "#000000", "zyx": [18, 29, 31]}