{"timescalecorr": 2.8336446522558845e-09, "corr_listening": 0.0610630065202713, "corr_reading": -0.0709700658917427, "p_listening": 0.041, "p_reading": 0.921, "barbin": 0, "rgb": "#000000", "zyx": [18, 83, 37]}