{"timescalecorr": 0.002790335798636079, "corr_listening": -0.01991310715675354, "corr_reading": -0.0033881741110235453, "p_listening": 0.781, "p_reading": 0.512, "barbin": 0, "rgb": "#000000", "zyx": [14, 16, 59]}