{"timescalecorr": 0.6418458819389343, "corr_listening": 6.739319360349327e-06, "corr_reading": 0.03157540038228035, "p_listening": 0.522, "p_reading": 0.253, "barbin": 0, "rgb": "#000000", "zyx": [22, 28, 42]}