{"timescalecorr": 0.03338241204619408, "corr_listening": 0.013612708076834679, "corr_reading": 0.09817050397396088, "p_listening": 0.318, "p_reading": 0.019, "barbin": 0, "rgb": "#000000", "zyx": [7, 64, 57]}