{"timescalecorr": 6.886008122819476e-06, "corr_listening": -0.01258728839457035, "corr_reading": -0.0028849614318460226, "p_listening": 0.578, "p_reading": 0.539, "barbin": 0, "rgb": "#000000", "zyx": [16, 17, 44]}