{"timescalecorr": 0.5429847836494446, "corr_listening": 0.2743021249771118, "corr_reading": 0.06236749887466431, "p_listening": 0.0, "p_reading": 0.118, "barbin": 2, "rgb": "#000000", "zyx": [18, 66, 53]}