{"timescalecorr": 0.4214320182800293, "corr_listening": 0.028331784531474113, "corr_reading": -0.036198414862155914, "p_listening": 0.311, "p_reading": 0.733, "barbin": 0, "rgb": "#000000", "zyx": [8, 87, 46]}