{"timescalecorr": 0.006311994045972824, "corr_listening": -0.037995968014001846, "corr_reading": -0.01160967443138361, "p_listening": 0.75, "p_reading": 0.627, "barbin": 0, "rgb": "#000000", "zyx": [14, 19, 46]}