{"timescalecorr": 8.070284820860252e-05, "corr_listening": 0.04837236553430557, "corr_reading": -0.004018712788820267, "p_listening": 0.202, "p_reading": 0.52, "barbin": 0, "rgb": "#000000", "zyx": [14, 37, 26]}