{"timescalecorr": 2.1167904668689674e-12, "corr_listening": -0.022594187408685684, "corr_reading": -0.08270718902349472, "p_listening": 0.61, "p_reading": 0.924, "barbin": 0, "rgb": "#000000", "zyx": [20, 87, 54]}