{"timescalecorr": 6.278197517417539e-09, "corr_listening": 0.04743150249123573, "corr_reading": -0.03107508271932602, "p_listening": 0.166, "p_reading": 0.745, "barbin": 0, "rgb": "#000000", "zyx": [3, 87, 35]}