{"timescalecorr": 0.4748002290725708, "corr_listening": -0.02554122544825077, "corr_reading": -0.00903700664639473, "p_listening": 0.68, "p_reading": 0.643, "barbin": 0, "rgb": "#000000", "zyx": [12, 91, 50]}