{"timescalecorr": 0.8086318969726562, "corr_listening": 0.045854922384023666, "corr_reading": 0.15017646551132202, "p_listening": 0.203, "p_reading": 0.01, "barbin": 0, "rgb": "#000000", "zyx": [14, 42, 73]}