{"timescalecorr": 1.2325386479668243e-13, "corr_listening": -0.0607830248773098, "corr_reading": 0.04970516264438629, "p_listening": 0.841, "p_reading": 0.084, "barbin": 0, "rgb": "#000000", "zyx": [9, 72, 46]}