{"timescalecorr": 0.6383978724479675, "corr_listening": 0.26496291160583496, "corr_reading": 0.19660736620426178, "p_listening": 0.0, "p_reading": 0.0, "barbin": 3, "rgb": "#000000", "zyx": [17, 36, 70]}