{"timescalecorr": 0.6866868138313293, "corr_listening": 0.15952052175998688, "corr_reading": 0.3365038335323334, "p_listening": 0.01, "p_reading": 0.0, "barbin": 3, "rgb": "#000000", "zyx": [21, 63, 37]}