{"timescalecorr": 0.4922424852848053, "corr_listening": -0.08758094161748886, "corr_reading": 0.05514029413461685, "p_listening": 0.95, "p_reading": 0.151, "barbin": 0, "rgb": "#000000", "zyx": [15, 80, 74]}