{"timescalecorr": 0.17112332582473755, "corr_listening": 0.16283288598060608, "corr_reading": 0.2718402147293091, "p_listening": 0.0, "p_reading": 0.0, "barbin": 3, "rgb": "#000000", "zyx": [13, 40, 29]}