{"timescalecorr": 0.019528279080986977, "corr_listening": 0.2054903656244278, "corr_reading": 0.06880994886159897, "p_listening": 0.001, "p_reading": 0.002, "barbin": 1, "rgb": "#000000", "zyx": [15, 85, 45]}