{"timescalecorr": 0.035900410264730453, "corr_listening": 0.015644943341612816, "corr_reading": -0.006291041150689125, "p_listening": 0.36, "p_reading": 0.816, "barbin": 0, "rgb": "#000000", "zyx": [15, 42, 64]}