{"timescalecorr": 0.08201223611831665, "corr_listening": 0.14168787002563477, "corr_reading": 0.02183334343135357, "p_listening": 0.002, "p_reading": 0.334, "barbin": 0, "rgb": "#000000", "zyx": [21, 27, 47]}