{"timescalecorr": 0.8334466814994812, "corr_listening": -0.005347060970962048, "corr_reading": -0.06399184465408325, "p_listening": 0.517, "p_reading": 0.863, "barbin": 0, "rgb": "#000000", "zyx": [5, 51, 40]}