{"timescalecorr": 0.038106877356767654, "corr_listening": -0.014862816780805588, "corr_reading": 0.017018884420394897, "p_listening": 0.73, "p_reading": 0.015, "barbin": 0, "rgb": "#000000", "zyx": [19, 82, 60]}