{"timescalecorr": 0.11261322349309921, "corr_listening": -0.014382469467818737, "corr_reading": 0.11047543585300446, "p_listening": 0.729, "p_reading": 0.0, "barbin": 0, "rgb": "#000000", "zyx": [20, 53, 72]}