{"timescalecorr": 0.0687062069773674, "corr_listening": -0.0059817079454660416, "corr_reading": 0.06839853525161743, "p_listening": 0.505, "p_reading": 0.103, "barbin": 0, "rgb": "#000000", "zyx": [6, 31, 60]}