{"timescalecorr": 0.8203299641609192, "corr_listening": -0.018234282732009888, "corr_reading": -0.02364163100719452, "p_listening": 0.621, "p_reading": 0.685, "barbin": 0, "rgb": "#000000", "zyx": [14, 19, 36]}