{"timescalecorr": 0.49189630150794983, "corr_listening": 0.053046468645334244, "corr_reading": 0.1751181036233902, "p_listening": 0.18, "p_reading": 0.0, "barbin": 1, "rgb": "#000000", "zyx": [6, 86, 50]}