{"timescalecorr": 0.00921312253922224, "corr_listening": 0.060119908303022385, "corr_reading": 0.01607276126742363, "p_listening": 0.086, "p_reading": 0.365, "barbin": 0, "rgb": "#000000", "zyx": [7, 79, 78]}