{"timescalecorr": 0.3443847894668579, "corr_listening": 0.12884584069252014, "corr_reading": -0.010215776041150093, "p_listening": 0.011, "p_reading": 0.577, "barbin": 0, "rgb": "#000000", "zyx": [14, 91, 61]}