{"timescalecorr": 0.27438247203826904, "corr_listening": 0.06273285299539566, "corr_reading": 0.019698934629559517, "p_listening": 0.14, "p_reading": 0.188, "barbin": 0, "rgb": "#000000", "zyx": [6, 85, 32]}