{"timescalecorr": 0.0002835363557096571, "corr_listening": -0.08559449762105942, "corr_reading": 0.05764799937605858, "p_listening": 0.927, "p_reading": 0.153, "barbin": 0, "rgb": "#000000", "zyx": [7, 57, 75]}