{"timescalecorr": 0.007368036545813084, "corr_listening": 0.013770902529358864, "corr_reading": 0.030492138117551804, "p_listening": 0.393, "p_reading": 0.208, "barbin": 0, "rgb": "#000000", "zyx": [12, 73, 53]}