{"timescalecorr": 0.2179618626832962, "corr_listening": 0.24050530791282654, "corr_reading": 0.20357897877693176, "p_listening": 0.0, "p_reading": 0.001, "barbin": 3, "rgb": "#000000", "zyx": [18, 70, 53]}