{"timescalecorr": 0.0034279164392501116, "corr_listening": 0.00045351905282586813, "corr_reading": 0.07089538127183914, "p_listening": 0.507, "p_reading": 0.121, "barbin": 0, "rgb": "#000000", "zyx": [9, 60, 49]}