{"timescalecorr": 7.839152438293695e-09, "corr_listening": 0.011683093383908272, "corr_reading": -0.04858868569135666, "p_listening": 0.44, "p_reading": 0.858, "barbin": 0, "rgb": "#000000", "zyx": [17, 62, 36]}