{"timescalecorr": 0.4982890486717224, "corr_listening": 0.14869049191474915, "corr_reading": 0.11795328557491302, "p_listening": 0.006, "p_reading": 0.003, "barbin": 1, "rgb": "#000000", "zyx": [15, 86, 41]}