{"timescalecorr": 1.0, "corr_listening": -0.16572679579257965, "corr_reading": -0.07261425256729126, "p_listening": 0.995, "p_reading": 0.864, "barbin": 0, "rgb": "#000000", "zyx": [6, 42, 64]}