{"timescalecorr": 0.000971882720477879, "corr_listening": -0.05779067799448967, "corr_reading": 0.02011299319565296, "p_listening": 0.888, "p_reading": 0.182, "barbin": 0, "rgb": "#000000", "zyx": [23, 76, 60]}