{"timescalecorr": 1.8605593510301333e-08, "corr_listening": 0.03599727153778076, "corr_reading": -0.026668652892112732, "p_listening": 0.231, "p_reading": 0.846, "barbin": 0, "rgb": "#000000", "zyx": [14, 73, 40]}