{"timescalecorr": 5.413341597204635e-08, "corr_listening": 0.04544844105839729, "corr_reading": 0.036167096346616745, "p_listening": 0.106, "p_reading": 0.247, "barbin": 0, "rgb": "#000000", "zyx": [13, 50, 71]}