{"timescalecorr": 0.020017683506011963, "corr_listening": 0.054193541407585144, "corr_reading": 0.3028509020805359, "p_listening": 0.142, "p_reading": 0.0, "barbin": 2, "rgb": "#000000", "zyx": [21, 25, 51]}