{"timescalecorr": 2.748710634103979e-11, "corr_listening": 0.18586885929107666, "corr_reading": 0.12708960473537445, "p_listening": 0.0, "p_reading": 0.013, "barbin": 2, "rgb": "#000000", "zyx": [3, 64, 34]}