{"timescalecorr": 0.8398103713989258, "corr_listening": 0.13040760159492493, "corr_reading": -0.00031727447640150785, "p_listening": 0.011, "p_reading": 0.555, "barbin": 0, "rgb": "#000000", "zyx": [14, 23, 36]}