{"timescalecorr": 0.1573910266160965, "corr_listening": -7.470606942661107e-05, "corr_reading": 0.03064267337322235, "p_listening": 0.677, "p_reading": 0.313, "barbin": 0, "rgb": "#000000", "zyx": [12, 35, 74]}