{"timescalecorr": 0.28287604451179504, "corr_listening": -0.04808839410543442, "corr_reading": 0.010397463105618954, "p_listening": 0.805, "p_reading": 0.166, "barbin": 0, "rgb": "#000000", "zyx": [6, 92, 54]}