{"timescalecorr": 0.04799502715468407, "corr_listening": 0.0650620087981224, "corr_reading": 0.08642011880874634, "p_listening": 0.106, "p_reading": 0.082, "barbin": 0, "rgb": "#000000", "zyx": [19, 62, 70]}