{"timescalecorr": 0.001068290788680315, "corr_listening": -0.0003779909457080066, "corr_reading": 0.07381965219974518, "p_listening": 0.838, "p_reading": 0.108, "barbin": 0, "rgb": "#000000", "zyx": [1, 46, 67]}