{"timescalecorr": 0.5844659805297852, "corr_listening": 0.033467140048742294, "corr_reading": 0.11984771490097046, "p_listening": 0.296, "p_reading": 0.018, "barbin": 0, "rgb": "#000000", "zyx": [5, 91, 56]}