{"timescalecorr": 0.24843698740005493, "corr_listening": -0.018773023039102554, "corr_reading": 0.022986559197306633, "p_listening": 0.65, "p_reading": 0.308, "barbin": 0, "rgb": "#000000", "zyx": [16, 19, 57]}