{"timescalecorr": 4.330268893681932e-06, "corr_listening": -0.013147803023457527, "corr_reading": 0.058350224047899246, "p_listening": 0.576, "p_reading": 0.178, "barbin": 0, "rgb": "#000000", "zyx": [18, 76, 54]}