{"timescalecorr": 0.08500367403030396, "corr_listening": -0.010130956768989563, "corr_reading": 0.1157086193561554, "p_listening": 0.572, "p_reading": 0.018, "barbin": 0, "rgb": "#000000", "zyx": [16, 53, 68]}