{"timescalecorr": 0.013767631724476814, "corr_listening": 0.0006820876151323318, "corr_reading": 0.104750856757164, "p_listening": 0.476, "p_reading": 0.05, "barbin": 0, "rgb": "#000000", "zyx": [3, 35, 66]}