{"timescalecorr": 0.003967862110584974, "corr_listening": -0.04355153441429138, "corr_reading": 0.011546999216079712, "p_listening": 0.776, "p_reading": 0.407, "barbin": 0, "rgb": "#000000", "zyx": [18, 82, 64]}