{"timescalecorr": 0.013358966447412968, "corr_listening": -0.01848318986594677, "corr_reading": -0.06540751457214355, "p_listening": 0.642, "p_reading": 0.879, "barbin": 0, "rgb": "#000000", "zyx": [10, 18, 48]}