{"timescalecorr": 0.5978055596351624, "corr_listening": 0.013751070015132427, "corr_reading": 0.04367749020457268, "p_listening": 0.383, "p_reading": 0.208, "barbin": 0, "rgb": "#000000", "zyx": [13, 60, 68]}