{"timescalecorr": 1.3077625646227203e-24, "corr_listening": 0.005399904679507017, "corr_reading": 0.005963628645986319, "p_listening": 0.381, "p_reading": 0.457, "barbin": 0, "rgb": "#000000", "zyx": [5, 56, 66]}