{"timescalecorr": 0.1460568606853485, "corr_listening": 0.22083920240402222, "corr_reading": -0.010945074260234833, "p_listening": 0.0, "p_reading": 0.589, "barbin": 1, "rgb": "#000000", "zyx": [16, 29, 58]}