{"timescalecorr": 0.18251171708106995, "corr_listening": 0.15615108609199524, "corr_reading": 0.046087734401226044, "p_listening": 0.0, "p_reading": 0.204, "barbin": 1, "rgb": "#000000", "zyx": [14, 90, 58]}