{"timescalecorr": 0.3804042339324951, "corr_listening": 0.00968767050653696, "corr_reading": 0.07538799941539764, "p_listening": 0.364, "p_reading": 0.092, "barbin": 0, "rgb": "#000000", "zyx": [22, 50, 31]}