{"timescalecorr": 0.017328882589936256, "corr_listening": -0.01606813259422779, "corr_reading": 0.23642446100711823, "p_listening": 0.622, "p_reading": 0.0, "barbin": 1, "rgb": "#000000", "zyx": [9, 58, 26]}