{"timescalecorr": 0.17200380563735962, "corr_listening": -2.675227790405188e-07, "corr_reading": -0.008677948266267776, "p_listening": 0.518, "p_reading": 0.572, "barbin": 0, "rgb": "#000000", "zyx": [13, 92, 52]}