{"timescalecorr": 0.43700677156448364, "corr_listening": -0.01002525445073843, "corr_reading": -0.01933242380619049, "p_listening": 0.534, "p_reading": 0.793, "barbin": 0, "rgb": "#000000", "zyx": [7, 82, 74]}