{"timescalecorr": 0.9586994647979736, "corr_listening": 0.02408689633011818, "corr_reading": 0.15566763281822205, "p_listening": 0.342, "p_reading": 0.003, "barbin": 0, "rgb": "#000000", "zyx": [4, 83, 59]}