{"timescalecorr": 0.057215794920921326, "corr_listening": -0.002320661209523678, "corr_reading": 0.06672969460487366, "p_listening": 0.526, "p_reading": 0.003, "barbin": 0, "rgb": "#000000", "zyx": [7, 29, 48]}