{"timescalecorr": 0.0020025866106152534, "corr_listening": -0.003611551132053137, "corr_reading": 0.0406976044178009, "p_listening": 0.708, "p_reading": 0.211, "barbin": 0, "rgb": "#000000", "zyx": [14, 67, 24]}