{"timescalecorr": 0.0013272897340357304, "corr_listening": 0.029405627399683, "corr_reading": 0.031929608434438705, "p_listening": 0.292, "p_reading": 0.3, "barbin": 0, "rgb": "#000000", "zyx": [8, 39, 57]}