{"timescalecorr": 0.004453443922102451, "corr_listening": 0.2699982821941376, "corr_reading": -0.15770110487937927, "p_listening": 0.0, "p_reading": 0.996, "barbin": 0, "rgb": "#000000", "zyx": [19, 33, 52]}