{"timescalecorr": 0.9806466102600098, "corr_listening": 0.3845764398574829, "corr_reading": 0.21656496822834015, "p_listening": 0.0, "p_reading": 0.0, "barbin": 4, "rgb": "#000000", "zyx": [10, 77, 34]}