{"timescalecorr": 0.17507383227348328, "corr_listening": 0.23413100838661194, "corr_reading": 0.04766859486699104, "p_listening": 0.0, "p_reading": 0.187, "barbin": 1, "rgb": "#000000", "zyx": [16, 37, 37]}