{"timescalecorr": 0.2351350486278534, "corr_listening": 0.00609588623046875, "corr_reading": 0.031914129853248596, "p_listening": 0.491, "p_reading": 0.233, "barbin": 0, "rgb": "#000000", "zyx": [6, 55, 76]}