{"timescalecorr": 1.9064393654844025e-06, "corr_listening": -0.0001609115715837106, "corr_reading": -0.023572079837322235, "p_listening": 0.52, "p_reading": 0.681, "barbin": 0, "rgb": "#000000", "zyx": [18, 75, 58]}