{"timescalecorr": 9.944145624941805e-15, "corr_listening": 0.03794348984956741, "corr_reading": -0.023826973512768745, "p_listening": 0.212, "p_reading": 0.681, "barbin": 0, "rgb": "#000000", "zyx": [17, 87, 39]}