{"timescalecorr": 0.06678232550621033, "corr_listening": -0.08329654484987259, "corr_reading": 0.011731673032045364, "p_listening": 0.933, "p_reading": 0.423, "barbin": 0, "rgb": "#000000", "zyx": [20, 59, 44]}