{"timescalecorr": 4.0796712141855096e-07, "corr_listening": 0.0025857845321297646, "corr_reading": 0.17120707035064697, "p_listening": 0.493, "p_reading": 0.002, "barbin": 0, "rgb": "#000000", "zyx": [9, 37, 29]}