{"timescalecorr": 0.13079990446567535, "corr_listening": 0.10759948939085007, "corr_reading": -0.0035947321448475122, "p_listening": 0.016, "p_reading": 0.529, "barbin": 0, "rgb": "#000000", "zyx": [25, 48, 59]}