{"timescalecorr": 0.0001367288496112451, "corr_listening": 0.06159363314509392, "corr_reading": 0.008844718337059021, "p_listening": 0.093, "p_reading": 0.411, "barbin": 0, "rgb": "#000000", "zyx": [3, 88, 66]}