{"timescalecorr": NaN, "corr_listening": -0.08544338494539261, "corr_reading": 0.05936901643872261, "p_listening": 0.988, "p_reading": 0.147, "barbin": 0, "rgb": "#000000", "zyx": [4, 89, 69]}