{"timescalecorr": 0.4629552662372589, "corr_listening": 0.23220613598823547, "corr_reading": 0.22754992544651031, "p_listening": 0.0, "p_reading": 0.0, "barbin": 3, "rgb": "#000000", "zyx": [21, 61, 72]}