{"timescalecorr": 0.5346933007240295, "corr_listening": 0.03647995740175247, "corr_reading": 0.03790062665939331, "p_listening": 0.254, "p_reading": 0.276, "barbin": 0, "rgb": "#000000", "zyx": [14, 72, 29]}