{"timescalecorr": 0.00037447144859470427, "corr_listening": 0.06646572798490524, "corr_reading": -0.0030918484553694725, "p_listening": 0.081, "p_reading": 0.501, "barbin": 0, "rgb": "#000000", "zyx": [8, 59, 24]}