{"timescalecorr": 0.10198794305324554, "corr_listening": 0.026995528489351273, "corr_reading": 0.004366997163742781, "p_listening": 0.303, "p_reading": 0.483, "barbin": 0, "rgb": "#000000", "zyx": [24, 71, 64]}