{"timescalecorr": 0.33424508571624756, "corr_listening": 0.029915496706962585, "corr_reading": 0.08308858424425125, "p_listening": 0.294, "p_reading": 0.009, "barbin": 0, "rgb": "#000000", "zyx": [8, 78, 33]}