{"timescalecorr": 0.02487671747803688, "corr_listening": 0.05982283130288124, "corr_reading": 0.0348430760204792, "p_listening": 0.138, "p_reading": 0.112, "barbin": 0, "rgb": "#000000", "zyx": [19, 61, 30]}