{"timescalecorr": 0.30545151233673096, "corr_listening": 0.21464866399765015, "corr_reading": 0.08589453250169754, "p_listening": 0.0, "p_reading": 0.074, "barbin": 2, "rgb": "#000000", "zyx": [18, 27, 54]}