{"timescalecorr": 1.5799678232397696e-10, "corr_listening": 0.06698309630155563, "corr_reading": -0.009327081963419914, "p_listening": 0.0, "p_reading": 0.584, "barbin": 0, "rgb": "#000000", "zyx": [24, 55, 35]}