{"timescalecorr": 8.455744437974033e-11, "corr_listening": -0.09196005016565323, "corr_reading": 0.01631702482700348, "p_listening": 0.944, "p_reading": 0.419, "barbin": 0, "rgb": "#000000", "zyx": [22, 38, 54]}