{"timescalecorr": 0.0, "corr_listening": -0.02403886429965496, "corr_reading": 0.0003037611022591591, "p_listening": 0.827, "p_reading": 0.487, "barbin": 0, "rgb": "#000000", "zyx": [18, 58, 50]}