{"timescalecorr": 0.2842186391353607, "corr_listening": -0.04565763473510742, "corr_reading": -0.06495407968759537, "p_listening": 0.779, "p_reading": 0.868, "barbin": 0, "rgb": "#000000", "zyx": [17, 51, 44]}