{"timescalecorr": 0.6787565350532532, "corr_listening": 0.27480384707450867, "corr_reading": 0.2120278775691986, "p_listening": 0.0, "p_reading": 0.0, "barbin": 3, "rgb": "#000000", "zyx": [21, 51, 42]}