{"timescalecorr": 0.9557502865791321, "corr_listening": 0.000139198440592736, "corr_reading": -0.011928221210837364, "p_listening": 0.415, "p_reading": 0.582, "barbin": 0, "rgb": "#000000", "zyx": [10, 64, 41]}