{"timescalecorr": 0.43814292550086975, "corr_listening": -0.05204178765416145, "corr_reading": 0.1027885153889656, "p_listening": 0.807, "p_reading": 0.046, "barbin": 0, "rgb": "#000000", "zyx": [25, 38, 60]}