{"timescalecorr": 0.012173485942184925, "corr_listening": -0.03399103134870529, "corr_reading": 0.022774314507842064, "p_listening": 0.683, "p_reading": 0.331, "barbin": 0, "rgb": "#000000", "zyx": [17, 84, 69]}