{"timescalecorr": 0.19637125730514526, "corr_listening": 0.0032258257269859314, "corr_reading": -0.015337731689214706, "p_listening": 0.456, "p_reading": 0.652, "barbin": 0, "rgb": "#000000", "zyx": [6, 45, 37]}