{"timescalecorr": 5.769597464677645e-06, "corr_listening": -0.005941359791904688, "corr_reading": 0.045401640236377716, "p_listening": 0.553, "p_reading": 0.204, "barbin": 0, "rgb": "#000000", "zyx": [18, 40, 68]}