{"timescalecorr": 0.76938796043396, "corr_listening": -0.015242235735058784, "corr_reading": 0.06871660053730011, "p_listening": 0.709, "p_reading": 0.121, "barbin": 0, "rgb": "#000000", "zyx": [24, 43, 37]}