{"timescalecorr": 0.30276769399642944, "corr_listening": 6.636953912675381e-05, "corr_reading": -0.03038225881755352, "p_listening": 0.405, "p_reading": 0.714, "barbin": 0, "rgb": "#000000", "zyx": [12, 17, 50]}