{"timescalecorr": 0.03263546898961067, "corr_listening": -0.0001620620023459196, "corr_reading": 0.10599830746650696, "p_listening": 0.523, "p_reading": 0.031, "barbin": 0, "rgb": "#000000", "zyx": [7, 34, 46]}