{"timescalecorr": 0.008174790069460869, "corr_listening": -8.19941851659678e-06, "corr_reading": 0.0436953529715538, "p_listening": 0.469, "p_reading": 0.229, "barbin": 0, "rgb": "#000000", "zyx": [19, 40, 67]}