{"timescalecorr": 0.0008668984519317746, "corr_listening": -0.10705292224884033, "corr_reading": 0.005789525341242552, "p_listening": 0.975, "p_reading": 0.412, "barbin": 0, "rgb": "#000000", "zyx": [8, 90, 49]}