{"timescalecorr": 0.2532363831996918, "corr_listening": -0.18350252509117126, "corr_reading": 0.10011846572160721, "p_listening": 1.0, "p_reading": 0.041, "barbin": 0, "rgb": "#000000", "zyx": [0, 81, 63]}