{"timescalecorr": 0.670570969581604, "corr_listening": 0.03281133249402046, "corr_reading": 0.04095405340194702, "p_listening": 0.276, "p_reading": 0.165, "barbin": 0, "rgb": "#000000", "zyx": [25, 63, 67]}