{"timescalecorr": 0.2361137568950653, "corr_listening": -0.01646129973232746, "corr_reading": -0.0321507602930069, "p_listening": 0.683, "p_reading": 0.734, "barbin": 0, "rgb": "#000000", "zyx": [2, 82, 56]}