{"timescalecorr": 0.9112020134925842, "corr_listening": 0.18940751254558563, "corr_reading": 0.09900454431772232, "p_listening": 0.002, "p_reading": 0.025, "barbin": 1, "rgb": "#000000", "zyx": [15, 87, 41]}