{"timescalecorr": 0.9258741140365601, "corr_listening": 0.07729904353618622, "corr_reading": 0.15632928907871246, "p_listening": 0.08, "p_reading": 0.001, "barbin": 1, "rgb": "#000000", "zyx": [13, 47, 54]}