{"timescalecorr": 0.49639397859573364, "corr_listening": 0.07286854088306427, "corr_reading": 0.16677945852279663, "p_listening": 0.026, "p_reading": 0.0, "barbin": 1, "rgb": "#000000", "zyx": [15, 87, 59]}