{"timescalecorr": 0.0, "corr_listening": -0.03157743066549301, "corr_reading": -0.0005648244405165315, "p_listening": 0.712, "p_reading": 0.5, "barbin": 0, "rgb": "#000000", "zyx": [5, 74, 71]}