{"timescalecorr": 0.8086070418357849, "corr_listening": 0.1489434838294983, "corr_reading": -0.021973896771669388, "p_listening": 0.01, "p_reading": 0.65, "barbin": 0, "rgb": "#000000", "zyx": [9, 58, 84]}