{"timescalecorr": 0.0536433607339859, "corr_listening": -0.0034194402396678925, "corr_reading": 0.13417230546474457, "p_listening": 0.553, "p_reading": 0.012, "barbin": 0, "rgb": "#000000", "zyx": [19, 34, 44]}