{"timescalecorr": 8.79128378983296e-07, "corr_listening": 0.05551167577505112, "corr_reading": -0.05792371928691864, "p_listening": 0.191, "p_reading": 0.842, "barbin": 0, "rgb": "#000000", "zyx": [23, 72, 70]}