{"timescalecorr": 0.976438581943512, "corr_listening": -0.010293074883520603, "corr_reading": 0.09514552354812622, "p_listening": 0.608, "p_reading": 0.053, "barbin": 0, "rgb": "#000000", "zyx": [21, 36, 49]}