{"timescalecorr": 0.5240569114685059, "corr_listening": 0.16697350144386292, "corr_reading": 0.012159029021859169, "p_listening": 0.001, "p_reading": 0.428, "barbin": 0, "rgb": "#000000", "zyx": [17, 44, 51]}