{"timescalecorr": 9.261650120606646e-05, "corr_listening": -0.09639666974544525, "corr_reading": 0.0683818832039833, "p_listening": 0.95, "p_reading": 0.095, "barbin": 0, "rgb": "#000000", "zyx": [23, 81, 53]}