{"timescalecorr": 0.05992741882801056, "corr_listening": -0.11440040171146393, "corr_reading": 0.03844418376684189, "p_listening": 0.975, "p_reading": 0.126, "barbin": 0, "rgb": "#000000", "zyx": [17, 77, 51]}