{"timescalecorr": 1.1947860230065999e-06, "corr_listening": -0.15454496443271637, "corr_reading": 0.039330754429101944, "p_listening": 0.997, "p_reading": 0.071, "barbin": 0, "rgb": "#000000", "zyx": [18, 54, 51]}