{"timescalecorr": 7.411945261992514e-06, "corr_listening": -0.02728504128754139, "corr_reading": 0.050560325384140015, "p_listening": 0.712, "p_reading": 0.197, "barbin": 0, "rgb": "#000000", "zyx": [16, 81, 48]}