{"timescalecorr": 0.11070124804973602, "corr_listening": -0.038458485156297684, "corr_reading": 0.16000157594680786, "p_listening": 0.794, "p_reading": 0.002, "barbin": 0, "rgb": "#000000", "zyx": [1, 89, 43]}