{"timescalecorr": 0.00019981763034593314, "corr_listening": -0.09340041130781174, "corr_reading": 0.06605777144432068, "p_listening": 0.952, "p_reading": 0.109, "barbin": 0, "rgb": "#000000", "zyx": [12, 20, 62]}