{"timescalecorr": 2.4423700324405218e-06, "corr_listening": 0.0552004799246788, "corr_reading": -0.012971365824341774, "p_listening": 0.175, "p_reading": 0.555, "barbin": 0, "rgb": "#000000", "zyx": [20, 37, 56]}