{"timescalecorr": 0.09980060905218124, "corr_listening": 0.08825284242630005, "corr_reading": -0.08224628865718842, "p_listening": 0.075, "p_reading": 0.913, "barbin": 0, "rgb": "#000000", "zyx": [10, 19, 50]}