{"timescalecorr": 1.8212779103864846e-13, "corr_listening": 0.10562233626842499, "corr_reading": 0.054243285208940506, "p_listening": 0.03, "p_reading": 0.116, "barbin": 0, "rgb": "#000000", "zyx": [15, 38, 32]}