{"timescalecorr": 1.9076269381912425e-06, "corr_listening": 0.006622167304158211, "corr_reading": -0.0045352354645729065, "p_listening": 0.352, "p_reading": 0.531, "barbin": 0, "rgb": "#000000", "zyx": [21, 70, 49]}