{"timescalecorr": 0.008957235142588615, "corr_listening": 0.030621357262134552, "corr_reading": 0.031151507049798965, "p_listening": 0.276, "p_reading": 0.304, "barbin": 0, "rgb": "#000000", "zyx": [5, 45, 65]}