{"timescalecorr": 0.0006788269965909421, "corr_listening": 0.049984514713287354, "corr_reading": -0.03913523256778717, "p_listening": 0.185, "p_reading": 0.843, "barbin": 0, "rgb": "#000000", "zyx": [7, 54, 69]}