{"timescalecorr": 0.0004954488831572235, "corr_listening": -0.10549592226743698, "corr_reading": 0.061023302376270294, "p_listening": 0.997, "p_reading": 0.15, "barbin": 0, "rgb": "#000000", "zyx": [11, 61, 21]}