{"timescalecorr": 0.15515045821666718, "corr_listening": 0.09907497465610504, "corr_reading": 0.010589875280857086, "p_listening": 0.023, "p_reading": 0.3, "barbin": 0, "rgb": "#000000", "zyx": [17, 74, 30]}