{"timescalecorr": 0.5224555134773254, "corr_listening": 0.02395414188504219, "corr_reading": 0.1306500881910324, "p_listening": 0.345, "p_reading": 0.014, "barbin": 0, "rgb": "#000000", "zyx": [12, 58, 25]}