{"timescalecorr": 0.6395537853240967, "corr_listening": 0.1341528743505478, "corr_reading": 0.4416806101799011, "p_listening": 0.013, "p_reading": 0.0, "barbin": 4, "rgb": "#000000", "zyx": [13, 35, 29]}