{"timescalecorr": 0.8475564122200012, "corr_listening": 0.09826921671628952, "corr_reading": 0.02170773223042488, "p_listening": 0.045, "p_reading": 0.332, "barbin": 0, "rgb": "#000000", "zyx": [9, 39, 50]}