{"timescalecorr": 0.891761302947998, "corr_listening": 0.08966204524040222, "corr_reading": -0.00030355644412338734, "p_listening": 0.032, "p_reading": 0.534, "barbin": 0, "rgb": "#000000", "zyx": [10, 69, 43]}