{"timescalecorr": 0.8831105828285217, "corr_listening": 0.15819619596004486, "corr_reading": 0.2220829278230667, "p_listening": 0.006, "p_reading": 0.0, "barbin": 2, "rgb": "#000000", "zyx": [21, 29, 50]}