{"timescalecorr": 0.9525646567344666, "corr_listening": -0.0003592239518184215, "corr_reading": -0.11859805881977081, "p_listening": 0.639, "p_reading": 0.975, "barbin": 0, "rgb": "#000000", "zyx": [7, 57, 52]}