{"timescalecorr": 0.14746032655239105, "corr_listening": 0.005906304344534874, "corr_reading": -0.009774493984878063, "p_listening": 0.427, "p_reading": 0.576, "barbin": 0, "rgb": "#000000", "zyx": [3, 58, 43]}