{"timescalecorr": 0.15862810611724854, "corr_listening": 0.0012299756053835154, "corr_reading": -0.10858477652072906, "p_listening": 0.487, "p_reading": 0.968, "barbin": 0, "rgb": "#000000", "zyx": [17, 41, 34]}