{"timescalecorr": 9.393361644072229e-09, "corr_listening": -0.051400817930698395, "corr_reading": -0.01076109055429697, "p_listening": 0.82, "p_reading": 0.656, "barbin": 0, "rgb": "#000000", "zyx": [13, 79, 43]}