{"timescalecorr": 0.46105852723121643, "corr_listening": -0.037962812930345535, "corr_reading": 0.09853918105363846, "p_listening": 0.809, "p_reading": 0.0, "barbin": 0, "rgb": "#000000", "zyx": [8, 89, 50]}