{"timescalecorr": 0.0008678895537741482, "corr_listening": 0.022892581298947334, "corr_reading": 0.0894155502319336, "p_listening": 0.025, "p_reading": 0.059, "barbin": 0, "rgb": "#000000", "zyx": [11, 78, 76]}