{"timescalecorr": 0.6839244961738586, "corr_listening": 0.10216543078422546, "corr_reading": 0.14814534783363342, "p_listening": 0.039, "p_reading": 0.006, "barbin": 1, "rgb": "#000000", "zyx": [15, 88, 68]}