{"timescalecorr": 0.008363249711692333, "corr_listening": 0.034823592752218246, "corr_reading": -0.060232698917388916, "p_listening": 0.125, "p_reading": 0.929, "barbin": 0, "rgb": "#000000", "zyx": [24, 76, 54]}