{"timescalecorr": 0.29899173974990845, "corr_listening": 0.0037277257069945335, "corr_reading": 0.05928633362054825, "p_listening": 0.33, "p_reading": 0.155, "barbin": 0, "rgb": "#000000", "zyx": [13, 17, 61]}