{"timescalecorr": 0.8541083335876465, "corr_listening": 0.4061656892299652, "corr_reading": 0.25016799569129944, "p_listening": 0.0, "p_reading": 0.0, "barbin": 4, "rgb": "#000000", "zyx": [16, 70, 74]}