{"timescalecorr": 0.29780226945877075, "corr_listening": 0.0681564062833786, "corr_reading": 0.22891046106815338, "p_listening": 0.135, "p_reading": 0.0, "barbin": 1, "rgb": "#000000", "zyx": [20, 62, 40]}