{"timescalecorr": 0.011446790769696236, "corr_listening": 0.14424782991409302, "corr_reading": 0.0893540307879448, "p_listening": 0.003, "p_reading": 0.058, "barbin": 1, "rgb": "#000000", "zyx": [18, 78, 57]}