{"timescalecorr": 5.865983621333726e-05, "corr_listening": -0.033991698175668716, "corr_reading": 0.03462216258049011, "p_listening": 0.72, "p_reading": 0.272, "barbin": 0, "rgb": "#000000", "zyx": [2, 91, 52]}