{"timescalecorr": 1.5231945336290317e-17, "corr_listening": 0.026565225794911385, "corr_reading": -0.023312851786613464, "p_listening": 0.334, "p_reading": 0.672, "barbin": 0, "rgb": "#000000", "zyx": [6, 68, 82]}