{"timescalecorr": 0.25928279757499695, "corr_listening": 0.08019878715276718, "corr_reading": 0.25664323568344116, "p_listening": 0.0, "p_reading": 0.0, "barbin": 2, "rgb": "#000000", "zyx": [9, 73, 57]}