{"timescalecorr": 0.7161848545074463, "corr_listening": 0.018330181017518044, "corr_reading": 0.05439789965748787, "p_listening": 0.391, "p_reading": 0.172, "barbin": 0, "rgb": "#000000", "zyx": [9, 76, 80]}