{"timescalecorr": 0.870988130569458, "corr_listening": 0.11993696540594101, "corr_reading": -0.028833940625190735, "p_listening": 0.017, "p_reading": 0.691, "barbin": 0, "rgb": "#000000", "zyx": [5, 73, 66]}