{"timescalecorr": 0.1516416072845459, "corr_listening": 0.03237530589103699, "corr_reading": -0.07410024106502533, "p_listening": 0.295, "p_reading": 0.889, "barbin": 0, "rgb": "#000000", "zyx": [20, 53, 57]}