{"timescalecorr": 0.9689569473266602, "corr_listening": 0.26507341861724854, "corr_reading": 0.1171155795454979, "p_listening": 0.0, "p_reading": 0.034, "barbin": 2, "rgb": "#000000", "zyx": [10, 70, 31]}