{"timescalecorr": 0.3543547987937927, "corr_listening": 0.034930046647787094, "corr_reading": -0.01699511893093586, "p_listening": 0.247, "p_reading": 0.616, "barbin": 0, "rgb": "#000000", "zyx": [8, 64, 44]}