{"timescalecorr": 0.0021868539042770863, "corr_listening": 0.0955362543463707, "corr_reading": 0.11563336849212646, "p_listening": 0.052, "p_reading": 0.016, "barbin": 1, "rgb": "#000000", "zyx": [20, 70, 34]}