{"timescalecorr": NaN, "corr_listening": -0.11643557250499725, "corr_reading": 0.014301606453955173, "p_listening": 0.983, "p_reading": 0.416, "barbin": 0, "rgb": "#000000", "zyx": [18, 28, 65]}