{"timescalecorr": 0.4021189212799072, "corr_listening": -0.018024491146206856, "corr_reading": 0.12670178711414337, "p_listening": 0.699, "p_reading": 0.005, "barbin": 0, "rgb": "#000000", "zyx": [8, 67, 74]}