{"timescalecorr": 0.0038935556076467037, "corr_listening": 0.001606097910553217, "corr_reading": 0.19907927513122559, "p_listening": 0.455, "p_reading": 0.0, "barbin": 1, "rgb": "#000000", "zyx": [12, 46, 29]}