{"timescalecorr": 0.890076220035553, "corr_listening": 0.08618767559528351, "corr_reading": 0.10732907056808472, "p_listening": 0.071, "p_reading": 0.032, "barbin": 0, "rgb": "#000000", "zyx": [17, 69, 56]}