{"timescalecorr": 0.554212749004364, "corr_listening": 0.3219681978225708, "corr_reading": 0.17571254074573517, "p_listening": 0.0, "p_reading": 0.001, "barbin": 3, "rgb": "#000000", "zyx": [18, 48, 69]}