{"timescalecorr": 0.004738172050565481, "corr_listening": 0.025582879781723022, "corr_reading": -0.14020483195781708, "p_listening": 0.197, "p_reading": 0.994, "barbin": 0, "rgb": "#000000", "zyx": [3, 69, 32]}