{"timescalecorr": 2.3796667747433276e-08, "corr_listening": -0.038520343601703644, "corr_reading": 0.006771214306354523, "p_listening": 0.746, "p_reading": 0.433, "barbin": 0, "rgb": "#000000", "zyx": [5, 93, 48]}