{"timescalecorr": 0.9968121647834778, "corr_listening": -0.010917809791862965, "corr_reading": -0.021286800503730774, "p_listening": 0.586, "p_reading": 0.803, "barbin": 0, "rgb": "#000000", "zyx": [10, 66, 62]}