{"timescalecorr": 0.004424246959388256, "corr_listening": 0.09095518290996552, "corr_reading": 0.0034673232585191727, "p_listening": 0.054, "p_reading": 0.164, "barbin": 0, "rgb": "#000000", "zyx": [18, 57, 75]}