{"timescalecorr": 8.705414415999257e-07, "corr_listening": 0.066732257604599, "corr_reading": 0.010542260482907295, "p_listening": 0.135, "p_reading": 0.037, "barbin": 0, "rgb": "#000000", "zyx": [5, 73, 34]}