{"timescalecorr": 0.6555339694023132, "corr_listening": 0.06609931588172913, "corr_reading": 0.03175383061170578, "p_listening": 0.045, "p_reading": 0.115, "barbin": 0, "rgb": "#000000", "zyx": [9, 40, 59]}