{"timescalecorr": 4.154199473305198e-07, "corr_listening": -0.03837735950946808, "corr_reading": -0.046793513000011444, "p_listening": 0.725, "p_reading": 0.788, "barbin": 0, "rgb": "#000000", "zyx": [7, 52, 56]}