{"timescalecorr": 0.17107783257961273, "corr_listening": -0.10526661574840546, "corr_reading": 0.0011683441698551178, "p_listening": 0.967, "p_reading": 0.472, "barbin": 0, "rgb": "#000000", "zyx": [21, 26, 61]}