{"timescalecorr": 0.730568528175354, "corr_listening": 0.343762069940567, "corr_reading": -0.10303840786218643, "p_listening": 0.0, "p_reading": 0.97, "barbin": 1, "rgb": "#000000", "zyx": [11, 88, 68]}