{"timescalecorr": 0.28209248185157776, "corr_listening": 0.03313272073864937, "corr_reading": -0.004130084998905659, "p_listening": 0.114, "p_reading": 0.544, "barbin": 0, "rgb": "#000000", "zyx": [11, 54, 55]}