{"timescalecorr": 0.1290806084871292, "corr_listening": 0.0338241346180439, "corr_reading": 0.042270250618457794, "p_listening": 0.016, "p_reading": 0.246, "barbin": 0, "rgb": "#000000", "zyx": [9, 34, 40]}