{"timescalecorr": 0.48847696185112, "corr_listening": 0.03992622345685959, "corr_reading": 0.021999649703502655, "p_listening": 0.025, "p_reading": 0.323, "barbin": 0, "rgb": "#000000", "zyx": [10, 41, 72]}