{"timescalecorr": 0.0001340370945399627, "corr_listening": 0.15602608025074005, "corr_reading": 0.1915118396282196, "p_listening": 0.001, "p_reading": 0.004, "barbin": 2, "rgb": "#000000", "zyx": [23, 56, 33]}