{"timescalecorr": 0.14240385591983795, "corr_listening": 0.03978651016950607, "corr_reading": -0.10037142783403397, "p_listening": 0.242, "p_reading": 0.976, "barbin": 0, "rgb": "#000000", "zyx": [22, 64, 65]}