{"timescalecorr": 6.675493932561949e-05, "corr_listening": 0.06469269096851349, "corr_reading": -0.02179386280477047, "p_listening": 0.079, "p_reading": 0.645, "barbin": 0, "rgb": "#000000", "zyx": [12, 63, 52]}