{"timescalecorr": 0.4518211781978607, "corr_listening": -0.0031289011240005493, "corr_reading": 0.2620502710342407, "p_listening": 0.531, "p_reading": 0.0, "barbin": 1, "rgb": "#000000", "zyx": [8, 73, 56]}