{"timescalecorr": 0.16776283085346222, "corr_listening": -0.036279331892728806, "corr_reading": 0.005838058423250914, "p_listening": 0.738, "p_reading": 0.435, "barbin": 0, "rgb": "#000000", "zyx": [8, 40, 56]}