{"timescalecorr": 0.020607126876711845, "corr_listening": -0.040311239659786224, "corr_reading": -0.006035143043845892, "p_listening": 0.827, "p_reading": 0.577, "barbin": 0, "rgb": "#000000", "zyx": [12, 38, 72]}