{"timescalecorr": 0.6759353280067444, "corr_listening": 0.29560208320617676, "corr_reading": 0.27512720227241516, "p_listening": 0.0, "p_reading": 0.0, "barbin": 4, "rgb": "#000000", "zyx": [12, 77, 31]}