{"timescalecorr": 0.16232800483703613, "corr_listening": 0.09060967713594437, "corr_reading": 0.10191771388053894, "p_listening": 0.072, "p_reading": 0.026, "barbin": 0, "rgb": "#000000", "zyx": [9, 63, 77]}