{"timescalecorr": 0.0, "corr_listening": -0.02186831831932068, "corr_reading": -0.0015152611304074526, "p_listening": 0.643, "p_reading": 0.51, "barbin": 0, "rgb": "#000000", "zyx": [12, 78, 79]}