{"timescalecorr": 1.6480828435305739e-06, "corr_listening": -0.018771087750792503, "corr_reading": -0.023207755759358406, "p_listening": 0.725, "p_reading": 0.644, "barbin": 0, "rgb": "#000000", "zyx": [14, 48, 34]}