{"timescalecorr": 0.01026817224919796, "corr_listening": -0.01994824782013893, "corr_reading": 0.01105237565934658, "p_listening": 0.624, "p_reading": 0.431, "barbin": 0, "rgb": "#000000", "zyx": [24, 62, 36]}