{"timescalecorr": 0.9792185425758362, "corr_listening": -0.02757197991013527, "corr_reading": 0.08245854079723358, "p_listening": 0.724, "p_reading": 0.082, "barbin": 0, "rgb": "#000000", "zyx": [12, 82, 65]}