{"timescalecorr": 7.574246410513297e-05, "corr_listening": 0.009438209235668182, "corr_reading": 0.023578619584441185, "p_listening": 0.283, "p_reading": 0.341, "barbin": 0, "rgb": "#000000", "zyx": [14, 19, 48]}