{"timescalecorr": 9.795443969840001e-12, "corr_listening": -0.0070116096176207066, "corr_reading": -0.022970588877797127, "p_listening": 0.733, "p_reading": 0.668, "barbin": 0, "rgb": "#000000", "zyx": [15, 42, 26]}