{"timescalecorr": 0.018744517117738724, "corr_listening": 0.09929332882165909, "corr_reading": 0.068899005651474, "p_listening": 0.014, "p_reading": 0.087, "barbin": 0, "rgb": "#000000", "zyx": [12, 59, 69]}