{"timescalecorr": 0.0, "corr_listening": -0.058738432824611664, "corr_reading": 0.045187365263700485, "p_listening": 0.918, "p_reading": 0.038, "barbin": 0, "rgb": "#000000", "zyx": [19, 86, 61]}