{"timescalecorr": NaN, "corr_listening": 0.009451079182326794, "corr_reading": -0.012483456172049046, "p_listening": 0.326, "p_reading": 0.616, "barbin": 0, "rgb": "#000000", "zyx": [9, 26, 56]}