{"timescalecorr": 5.241194571681262e-07, "corr_listening": 0.06258869171142578, "corr_reading": 0.011389688588678837, "p_listening": 0.156, "p_reading": 0.36, "barbin": 0, "rgb": "#000000", "zyx": [16, 44, 46]}