{"timescalecorr": 0.34137317538261414, "corr_listening": 0.12465560436248779, "corr_reading": 0.09158311039209366, "p_listening": 0.016, "p_reading": 0.061, "barbin": 1, "rgb": "#000000", "zyx": [9, 65, 60]}