{"timescalecorr": 0.731119692325592, "corr_listening": 0.016424808651208878, "corr_reading": -0.03145306557416916, "p_listening": 0.264, "p_reading": 0.735, "barbin": 0, "rgb": "#000000", "zyx": [24, 67, 62]}