{"timescalecorr": 0.006016204599291086, "corr_listening": 0.18122385442256927, "corr_reading": 0.0018195364391431212, "p_listening": 0.002, "p_reading": 0.479, "barbin": 0, "rgb": "#000000", "zyx": [20, 48, 56]}