{"timescalecorr": 0.0, "corr_listening": -0.05870204418897629, "corr_reading": 0.005032211542129517, "p_listening": 0.891, "p_reading": 0.432, "barbin": 0, "rgb": "#000000", "zyx": [5, 52, 61]}