{"timescalecorr": 7.863369955174448e-10, "corr_listening": -0.057441212236881256, "corr_reading": -0.05058126896619797, "p_listening": 0.908, "p_reading": 0.827, "barbin": 0, "rgb": "#000000", "zyx": [2, 48, 72]}