{"timescalecorr": NaN, "corr_listening": 0.07519485801458359, "corr_reading": -0.01708664745092392, "p_listening": 0.096, "p_reading": 0.989, "barbin": 0, "rgb": "#000000", "zyx": [17, 60, 31]}