{"timescalecorr": 0.2240159511566162, "corr_listening": 0.01479344628751278, "corr_reading": -0.002225937321782112, "p_listening": 0.366, "p_reading": 0.534, "barbin": 0, "rgb": "#000000", "zyx": [15, 37, 27]}