{"timescalecorr": 0.0003004875034093857, "corr_listening": 0.059265319257974625, "corr_reading": -0.09898495674133301, "p_listening": 0.141, "p_reading": 0.953, "barbin": 0, "rgb": "#000000", "zyx": [5, 68, 71]}