{"timescalecorr": 0.10424153506755829, "corr_listening": 0.006874567829072475, "corr_reading": 0.221434086561203, "p_listening": 0.473, "p_reading": 0.0, "barbin": 1, "rgb": "#000000", "zyx": [23, 58, 54]}