{"timescalecorr": 0.00016523156955372542, "corr_listening": 0.013621551916003227, "corr_reading": 0.0018398165702819824, "p_listening": 0.398, "p_reading": 0.493, "barbin": 0, "rgb": "#000000", "zyx": [15, 70, 76]}