{"timescalecorr": 8.275783329736441e-06, "corr_listening": 0.029684273526072502, "corr_reading": 0.001149023068137467, "p_listening": 0.29, "p_reading": 0.46, "barbin": 0, "rgb": "#000000", "zyx": [6, 82, 64]}