{"timescalecorr": 0.06567814201116562, "corr_listening": -0.0451488196849823, "corr_reading": 0.1194818764925003, "p_listening": 0.842, "p_reading": 0.015, "barbin": 0, "rgb": "#000000", "zyx": [15, 55, 70]}