{"timescalecorr": 0.8536720871925354, "corr_listening": 0.0836484283208847, "corr_reading": 0.0483500100672245, "p_listening": 0.065, "p_reading": 0.202, "barbin": 0, "rgb": "#000000", "zyx": [17, 74, 68]}