{"timescalecorr": 2.2491235540655907e-09, "corr_listening": -0.019273970276117325, "corr_reading": 0.0016155325574800372, "p_listening": 0.721, "p_reading": 0.412, "barbin": 0, "rgb": "#000000", "zyx": [24, 33, 42]}