{"timescalecorr": 0.0003805270534940064, "corr_listening": 4.643993452191353e-05, "corr_reading": -0.14061187207698822, "p_listening": 0.496, "p_reading": 0.998, "barbin": 0, "rgb": "#000000", "zyx": [20, 73, 44]}