{"timescalecorr": 0.00012992385018151253, "corr_listening": 0.06451108306646347, "corr_reading": -0.01583445444703102, "p_listening": 0.131, "p_reading": 0.598, "barbin": 0, "rgb": "#000000", "zyx": [19, 44, 63]}