{"timescalecorr": 0.3457079231739044, "corr_listening": 0.021501654759049416, "corr_reading": 0.01315497700124979, "p_listening": 0.307, "p_reading": 0.42, "barbin": 0, "rgb": "#000000", "zyx": [13, 79, 39]}