{"timescalecorr": 0.13987202942371368, "corr_listening": 0.15952171385288239, "corr_reading": -0.0019000553293153644, "p_listening": 0.005, "p_reading": 0.628, "barbin": 0, "rgb": "#000000", "zyx": [2, 44, 65]}