{"timescalecorr": 0.0013009286485612392, "corr_listening": 0.003831658512353897, "corr_reading": 0.02702152729034424, "p_listening": 0.47, "p_reading": 0.006, "barbin": 0, "rgb": "#000000", "zyx": [4, 74, 36]}