{"timescalecorr": 0.9821922183036804, "corr_listening": 0.007495483383536339, "corr_reading": 0.062074899673461914, "p_listening": 0.398, "p_reading": 0.044, "barbin": 0, "rgb": "#000000", "zyx": [14, 33, 62]}