{"timescalecorr": 4.01906754632364e-06, "corr_listening": 0.06181186065077782, "corr_reading": 0.004100391641259193, "p_listening": 0.042, "p_reading": 0.324, "barbin": 0, "rgb": "#000000", "zyx": [13, 78, 45]}