{"timescalecorr": 0.0004770795057993382, "corr_listening": -0.0658109113574028, "corr_reading": 0.06452848017215729, "p_listening": 0.963, "p_reading": 0.118, "barbin": 0, "rgb": "#000000", "zyx": [8, 52, 25]}