{"timescalecorr": 0.0019498500041663647, "corr_listening": 0.004566770512610674, "corr_reading": -0.016722429543733597, "p_listening": 0.172, "p_reading": 0.943, "barbin": 0, "rgb": "#000000", "zyx": [14, 43, 78]}