{"timescalecorr": 0.04170549288392067, "corr_listening": -0.043206047266721725, "corr_reading": 0.010098375380039215, "p_listening": 0.785, "p_reading": 0.361, "barbin": 0, "rgb": "#000000", "zyx": [18, 86, 49]}