{"timescalecorr": 4.996452480554581e-05, "corr_listening": -0.0026432336308062077, "corr_reading": -0.03700823336839676, "p_listening": 0.581, "p_reading": 0.727, "barbin": 0, "rgb": "#000000", "zyx": [2, 74, 40]}