{"timescalecorr": 0.015452408231794834, "corr_listening": 0.06008683145046234, "corr_reading": -0.016624314710497856, "p_listening": 0.082, "p_reading": 0.592, "barbin": 0, "rgb": "#000000", "zyx": [6, 51, 27]}