{"timescalecorr": 1.335943807134754e-06, "corr_listening": 0.04719041287899017, "corr_reading": 0.004080727230757475, "p_listening": 0.206, "p_reading": 0.211, "barbin": 0, "rgb": "#000000", "zyx": [0, 85, 41]}