{"timescalecorr": 0.3473227322101593, "corr_listening": 0.07154037058353424, "corr_reading": 0.008911165408790112, "p_listening": 0.099, "p_reading": 0.438, "barbin": 0, "rgb": "#000000", "zyx": [6, 61, 75]}