{"timescalecorr": 0.9960988163948059, "corr_listening": 0.058829426765441895, "corr_reading": -0.001130659133195877, "p_listening": 0.095, "p_reading": 0.51, "barbin": 0, "rgb": "#000000", "zyx": [7, 81, 58]}