{"timescalecorr": 0.0, "corr_listening": -0.0010475460439920425, "corr_reading": 0.04014526307582855, "p_listening": 0.517, "p_reading": 0.242, "barbin": 0, "rgb": "#000000", "zyx": [2, 51, 36]}