{"timescalecorr": 0.21308866143226624, "corr_listening": -0.05187539756298065, "corr_reading": -0.034293193370103836, "p_listening": 0.812, "p_reading": 0.738, "barbin": 0, "rgb": "#000000", "zyx": [14, 87, 55]}