{"timescalecorr": 0.0003157674800604582, "corr_listening": 0.00024553024559281766, "corr_reading": -0.019425487145781517, "p_listening": 0.109, "p_reading": 0.613, "barbin": 0, "rgb": "#000000", "zyx": [21, 80, 40]}