{"timescalecorr": 0.014056663028895855, "corr_listening": -0.15818294882774353, "corr_reading": -0.020298875868320465, "p_listening": 0.998, "p_reading": 0.63, "barbin": 0, "rgb": "#000000", "zyx": [15, 23, 34]}