{"timescalecorr": 0.8737137317657471, "corr_listening": 0.23384642601013184, "corr_reading": 0.07963752746582031, "p_listening": 0.0, "p_reading": 0.079, "barbin": 2, "rgb": "#000000", "zyx": [17, 36, 33]}