{"timescalecorr": 0.006075586192309856, "corr_listening": 0.006644370965659618, "corr_reading": 0.03044186905026436, "p_listening": 0.399, "p_reading": 0.201, "barbin": 0, "rgb": "#000000", "zyx": [5, 77, 64]}