{"timescalecorr": 5.055488145444542e-06, "corr_listening": -0.20808382332324982, "corr_reading": -0.0038764136843383312, "p_listening": 1.0, "p_reading": 0.531, "barbin": 0, "rgb": "#000000", "zyx": [6, 66, 51]}