{"timescalecorr": 0.8649728894233704, "corr_listening": 0.07698686420917511, "corr_reading": -0.08764009922742844, "p_listening": 0.096, "p_reading": 0.951, "barbin": 0, "rgb": "#000000", "zyx": [6, 27, 50]}