{"timescalecorr": 0.26298490166664124, "corr_listening": 0.3265565037727356, "corr_reading": -0.0534045584499836, "p_listening": 0.0, "p_reading": 0.833, "barbin": 1, "rgb": "#000000", "zyx": [24, 43, 45]}