{"timescalecorr": 0.735245406627655, "corr_listening": -0.06785617768764496, "corr_reading": -0.013457748107612133, "p_listening": 0.935, "p_reading": 0.593, "barbin": 0, "rgb": "#000000", "zyx": [14, 18, 50]}