{"timescalecorr": 0.002001443412154913, "corr_listening": 0.04678910970687866, "corr_reading": -0.05560068413615227, "p_listening": 0.195, "p_reading": 0.851, "barbin": 0, "rgb": "#000000", "zyx": [8, 53, 65]}