{"timescalecorr": 0.7966703772544861, "corr_listening": -0.03845461085438728, "corr_reading": -0.049872592091560364, "p_listening": 0.778, "p_reading": 0.795, "barbin": 0, "rgb": "#000000", "zyx": [7, 90, 39]}