{"timescalecorr": 2.1333100619358447e-07, "corr_listening": 0.03823721036314964, "corr_reading": 0.012591594830155373, "p_listening": 0.032, "p_reading": 0.418, "barbin": 0, "rgb": "#000000", "zyx": [7, 55, 55]}