{"timescalecorr": 2.4461132772102268e-11, "corr_listening": 0.00610433891415596, "corr_reading": -0.14150680601596832, "p_listening": 0.448, "p_reading": 0.992, "barbin": 0, "rgb": "#000000", "zyx": [15, 61, 74]}