{"timescalecorr": 6.506574663944775e-06, "corr_listening": -0.00893792137503624, "corr_reading": 0.01944952830672264, "p_listening": 0.556, "p_reading": 0.324, "barbin": 0, "rgb": "#000000", "zyx": [19, 80, 60]}