{"timescalecorr": 1.7475537106292904e-06, "corr_listening": 0.03784405067563057, "corr_reading": -0.025870876386761665, "p_listening": 0.282, "p_reading": 0.726, "barbin": 0, "rgb": "#000000", "zyx": [8, 89, 62]}