{"timescalecorr": 0.32027730345726013, "corr_listening": 0.1965797394514084, "corr_reading": 0.045715466141700745, "p_listening": 0.0, "p_reading": 0.197, "barbin": 1, "rgb": "#000000", "zyx": [12, 85, 51]}