{"timescalecorr": 0.012156992219388485, "corr_listening": 0.06974679231643677, "corr_reading": -0.11602278053760529, "p_listening": 0.139, "p_reading": 0.972, "barbin": 0, "rgb": "#000000", "zyx": [8, 49, 47]}