{"timescalecorr": 1.1457907334033735e-07, "corr_listening": -0.04936714097857475, "corr_reading": -0.133172407746315, "p_listening": 0.799, "p_reading": 0.986, "barbin": 0, "rgb": "#000000", "zyx": [11, 21, 39]}