{"timescalecorr": 2.914416370458639e-07, "corr_listening": -0.021367475390434265, "corr_reading": 0.08233523368835449, "p_listening": 0.692, "p_reading": 0.075, "barbin": 0, "rgb": "#000000", "zyx": [13, 89, 35]}