{"timescalecorr": 0.09861251711845398, "corr_listening": 0.0835644006729126, "corr_reading": 0.1226116418838501, "p_listening": 0.069, "p_reading": 0.017, "barbin": 1, "rgb": "#000000", "zyx": [5, 36, 68]}