{"timescalecorr": 0.0031830433290451765, "corr_listening": -0.04245004057884216, "corr_reading": 0.008796516805887222, "p_listening": 0.886, "p_reading": 0.195, "barbin": 0, "rgb": "#000000", "zyx": [15, 67, 35]}