{"timescalecorr": 0.10974971204996109, "corr_listening": 0.04763426631689072, "corr_reading": 0.0903465747833252, "p_listening": 0.165, "p_reading": 0.003, "barbin": 0, "rgb": "#000000", "zyx": [3, 69, 64]}