{"timescalecorr": 0.12256087362766266, "corr_listening": 0.20780238509178162, "corr_reading": 0.1334257572889328, "p_listening": 0.0, "p_reading": 0.013, "barbin": 2, "rgb": "#000000", "zyx": [15, 41, 74]}