{"timescalecorr": 0.0001442349166609347, "corr_listening": 0.10406243801116943, "corr_reading": -0.0032822582870721817, "p_listening": 0.021, "p_reading": 0.517, "barbin": 0, "rgb": "#000000", "zyx": [9, 36, 33]}