{"timescalecorr": 0.08051496744155884, "corr_listening": -0.02319788932800293, "corr_reading": -0.033535078167915344, "p_listening": 0.662, "p_reading": 0.731, "barbin": 0, "rgb": "#000000", "zyx": [15, 31, 72]}