{"timescalecorr": 0.14591103792190552, "corr_listening": 0.011090472340583801, "corr_reading": 0.03707307577133179, "p_listening": 0.165, "p_reading": 0.251, "barbin": 0, "rgb": "#000000", "zyx": [18, 83, 42]}