{"timescalecorr": 1.063910559651049e-07, "corr_listening": -0.028336193412542343, "corr_reading": 0.1331043541431427, "p_listening": 0.699, "p_reading": 0.011, "barbin": 0, "rgb": "#000000", "zyx": [6, 59, 73]}