{"timescalecorr": 0.9707435965538025, "corr_listening": -0.11450012773275375, "corr_reading": 0.0970931276679039, "p_listening": 0.971, "p_reading": 0.041, "barbin": 0, "rgb": "#000000", "zyx": [11, 38, 28]}