{"timescalecorr": 0.00015763570263516158, "corr_listening": 0.08809852600097656, "corr_reading": -0.09460972249507904, "p_listening": 0.048, "p_reading": 0.967, "barbin": 0, "rgb": "#000000", "zyx": [4, 52, 32]}