{"timescalecorr": 0.0014924489660188556, "corr_listening": -0.05215996876358986, "corr_reading": 0.02375444583594799, "p_listening": 0.934, "p_reading": 0.299, "barbin": 0, "rgb": "#000000", "zyx": [2, 45, 28]}