{"timescalecorr": 0.6704021096229553, "corr_listening": -0.010358228348195553, "corr_reading": -0.0692131444811821, "p_listening": 0.568, "p_reading": 0.908, "barbin": 0, "rgb": "#000000", "zyx": [16, 87, 69]}