{"timescalecorr": 0.5668906569480896, "corr_listening": 0.17155517637729645, "corr_reading": 0.18793714046478271, "p_listening": 0.001, "p_reading": 0.0, "barbin": 2, "rgb": "#000000", "zyx": [19, 31, 59]}