{"timescalecorr": 2.7156402211403474e-05, "corr_listening": -0.08976331353187561, "corr_reading": 0.02282930724322796, "p_listening": 0.959, "p_reading": 0.333, "barbin": 0, "rgb": "#000000", "zyx": [25, 62, 67]}