{"timescalecorr": 0.04459192603826523, "corr_listening": 0.12590011954307556, "corr_reading": 0.028245417401194572, "p_listening": 0.017, "p_reading": 0.075, "barbin": 0, "rgb": "#000000", "zyx": [7, 83, 42]}