{"timescalecorr": 0.9960112571716309, "corr_listening": 0.06986552476882935, "corr_reading": 0.036254141479730606, "p_listening": 0.069, "p_reading": 0.237, "barbin": 0, "rgb": "#000000", "zyx": [4, 35, 36]}