{"timescalecorr": 0.2929858863353729, "corr_listening": -0.06417801976203918, "corr_reading": 0.0799870565533638, "p_listening": 0.875, "p_reading": 0.077, "barbin": 0, "rgb": "#000000", "zyx": [18, 46, 72]}