{"timescalecorr": 0.03938201442360878, "corr_listening": 0.0410558246076107, "corr_reading": -0.06702376157045364, "p_listening": 0.057, "p_reading": 0.883, "barbin": 0, "rgb": "#000000", "zyx": [0, 82, 58]}