{"timescalecorr": 0.0001462911459384486, "corr_listening": -0.0069189914502203465, "corr_reading": 0.017819194123148918, "p_listening": 0.565, "p_reading": 0.384, "barbin": 0, "rgb": "#000000", "zyx": [3, 38, 58]}