{"timescalecorr": 0.2600114047527313, "corr_listening": 0.0015635458985343575, "corr_reading": -0.005381353199481964, "p_listening": 0.18, "p_reading": 0.505, "barbin": 0, "rgb": "#000000", "zyx": [18, 19, 47]}