{"timescalecorr": 0.0013595802010968328, "corr_listening": -0.0440857969224453, "corr_reading": -0.09381994605064392, "p_listening": 0.789, "p_reading": 0.927, "barbin": 0, "rgb": "#000000", "zyx": [6, 60, 57]}