{"timescalecorr": 0.041472673416137695, "corr_listening": 0.043276261538267136, "corr_reading": 0.04496052488684654, "p_listening": 0.001, "p_reading": 0.237, "barbin": 0, "rgb": "#000000", "zyx": [22, 39, 54]}