{"timescalecorr": 3.772461943524208e-12, "corr_listening": -0.0072624655440449715, "corr_reading": -0.017175691202282906, "p_listening": 0.56, "p_reading": 0.63, "barbin": 0, "rgb": "#000000", "zyx": [6, 86, 74]}