{"timescalecorr": 3.6085555620957166e-05, "corr_listening": -0.03415139392018318, "corr_reading": 0.00514304731041193, "p_listening": 0.724, "p_reading": 0.465, "barbin": 0, "rgb": "#000000", "zyx": [14, 41, 47]}