{"timescalecorr": 8.584452007198706e-05, "corr_listening": 0.00094171694945544, "corr_reading": 0.01718714088201523, "p_listening": 0.481, "p_reading": 0.349, "barbin": 0, "rgb": "#000000", "zyx": [11, 26, 37]}