{"timescalecorr": 1.2235413748840074e-07, "corr_listening": 0.0003565752995200455, "corr_reading": -0.023441588506102562, "p_listening": 0.151, "p_reading": 0.696, "barbin": 0, "rgb": "#000000", "zyx": [13, 55, 49]}