{"timescalecorr": 0.010074310004711151, "corr_listening": 0.04568430781364441, "corr_reading": -0.1384558081626892, "p_listening": 0.216, "p_reading": 0.992, "barbin": 0, "rgb": "#000000", "zyx": [17, 40, 45]}