{"timescalecorr": 0.9388731718063354, "corr_listening": 0.16008928418159485, "corr_reading": 0.15876483917236328, "p_listening": 0.001, "p_reading": 0.002, "barbin": 2, "rgb": "#000000", "zyx": [10, 42, 75]}