{"timescalecorr": 0.0009704335825517774, "corr_listening": -0.021640673279762268, "corr_reading": 0.0909474641084671, "p_listening": 0.629, "p_reading": 0.061, "barbin": 0, "rgb": "#000000", "zyx": [19, 38, 72]}