{"timescalecorr": 0.8864758610725403, "corr_listening": 0.17412017285823822, "corr_reading": 0.20251506567001343, "p_listening": 0.0, "p_reading": 0.0, "barbin": 2, "rgb": "#000000", "zyx": [12, 32, 65]}