{"timescalecorr": 0.3830990791320801, "corr_listening": -0.041534509509801865, "corr_reading": 0.03574277460575104, "p_listening": 0.822, "p_reading": 0.232, "barbin": 0, "rgb": "#000000", "zyx": [3, 91, 63]}