{"timescalecorr": 0.0, "corr_listening": -0.00038529897574335337, "corr_reading": -0.02108217589557171, "p_listening": 0.797, "p_reading": 0.635, "barbin": 0, "rgb": "#000000", "zyx": [13, 80, 45]}