{"timescalecorr": 0.0, "corr_listening": -0.07163837552070618, "corr_reading": -0.15049263834953308, "p_listening": 0.903, "p_reading": 0.994, "barbin": 0, "rgb": "#000000", "zyx": [23, 68, 64]}