{"timescalecorr": 0.41401901841163635, "corr_listening": 0.06760022044181824, "corr_reading": 0.031246211379766464, "p_listening": 0.052, "p_reading": 0.291, "barbin": 0, "rgb": "#000000", "zyx": [9, 70, 41]}