{"timescalecorr": 1.590121645467235e-10, "corr_listening": -0.07730917632579803, "corr_reading": 0.006592987105250359, "p_listening": 0.897, "p_reading": 0.448, "barbin": 0, "rgb": "#000000", "zyx": [4, 69, 25]}