{"timescalecorr": 0.7332504391670227, "corr_listening": 0.03675972670316696, "corr_reading": -0.04433389753103256, "p_listening": 0.243, "p_reading": 0.818, "barbin": 0, "rgb": "#000000", "zyx": [13, 88, 46]}