{"timescalecorr": 0.031116908416152, "corr_listening": -0.03745781630277634, "corr_reading": -0.0356474295258522, "p_listening": 0.758, "p_reading": 0.76, "barbin": 0, "rgb": "#000000", "zyx": [10, 59, 70]}