{"timescalecorr": 0.9983152151107788, "corr_listening": -0.021409975364804268, "corr_reading": 0.02991681918501854, "p_listening": 0.656, "p_reading": 0.183, "barbin": 0, "rgb": "#000000", "zyx": [13, 88, 42]}