{"timescalecorr": 7.991944883656288e-09, "corr_listening": 0.01832478679716587, "corr_reading": 0.024724842980504036, "p_listening": 0.385, "p_reading": 0.339, "barbin": 0, "rgb": "#000000", "zyx": [15, 37, 47]}