{"timescalecorr": 0.0018993576522916555, "corr_listening": 0.0019595990888774395, "corr_reading": 0.05154963582754135, "p_listening": 0.505, "p_reading": 0.216, "barbin": 0, "rgb": "#000000", "zyx": [26, 39, 53]}