{"timescalecorr": 0.0020766642410308123, "corr_listening": -0.002208639867603779, "corr_reading": 0.009420479647815228, "p_listening": 0.521, "p_reading": 0.386, "barbin": 0, "rgb": "#000000", "zyx": [18, 88, 43]}