{"timescalecorr": 0.0014255421701818705, "corr_listening": 0.06536798179149628, "corr_reading": -0.11830814927816391, "p_listening": 0.123, "p_reading": 0.972, "barbin": 0, "rgb": "#000000", "zyx": [4, 59, 32]}