{"timescalecorr": 0.002457203809171915, "corr_listening": -0.0025847870856523514, "corr_reading": -0.01817082054913044, "p_listening": 0.532, "p_reading": 0.632, "barbin": 0, "rgb": "#000000", "zyx": [17, 21, 57]}