{"timescalecorr": 0.005174961872398853, "corr_listening": -0.05509059876203537, "corr_reading": 0.0334710069000721, "p_listening": 0.971, "p_reading": 0.289, "barbin": 0, "rgb": "#000000", "zyx": [9, 41, 66]}