{"timescalecorr": 0.024297555908560753, "corr_listening": 0.018582632765173912, "corr_reading": 0.03726290911436081, "p_listening": 0.38, "p_reading": 0.282, "barbin": 0, "rgb": "#000000", "zyx": [13, 74, 46]}