{"timescalecorr": 4.4244089281164634e-08, "corr_listening": 0.013735704123973846, "corr_reading": -0.011643778532743454, "p_listening": 0.387, "p_reading": 0.641, "barbin": 0, "rgb": "#000000", "zyx": [5, 86, 60]}