{"timescalecorr": 0.16137441992759705, "corr_listening": 0.12836474180221558, "corr_reading": 0.15340928733348846, "p_listening": 0.017, "p_reading": 0.003, "barbin": 1, "rgb": "#000000", "zyx": [3, 69, 72]}