{"timescalecorr": 0.6148661375045776, "corr_listening": 0.012427875772118568, "corr_reading": 0.03917399421334267, "p_listening": 0.407, "p_reading": 0.132, "barbin": 0, "rgb": "#000000", "zyx": [8, 79, 30]}