{"timescalecorr": 6.428009236003618e-10, "corr_listening": -0.012531084939837456, "corr_reading": 0.07725284993648529, "p_listening": 0.738, "p_reading": 0.05, "barbin": 0, "rgb": "#000000", "zyx": [5, 65, 61]}