{"timescalecorr": NaN, "corr_listening": -0.09943613409996033, "corr_reading": -0.04609702154994011, "p_listening": 0.969, "p_reading": 0.89, "barbin": 0, "rgb": "#000000", "zyx": [9, 72, 66]}