{"timescalecorr": 0.07302484661340714, "corr_listening": 0.04542031139135361, "corr_reading": 0.09963688254356384, "p_listening": 0.115, "p_reading": 0.018, "barbin": 0, "rgb": "#000000", "zyx": [9, 81, 50]}