{"timescalecorr": 0.000586985144764185, "corr_listening": -0.0004396691801957786, "corr_reading": -0.172454833984375, "p_listening": 0.859, "p_reading": 0.998, "barbin": 0, "rgb": "#000000", "zyx": [21, 24, 54]}