{"timescalecorr": 0.9888551831245422, "corr_listening": 0.02425854280591011, "corr_reading": -0.0069337873719632626, "p_listening": 0.23, "p_reading": 0.516, "barbin": 0, "rgb": "#000000", "zyx": [11, 61, 65]}