{"timescalecorr": 4.1975525277848647e-08, "corr_listening": 0.04095957800745964, "corr_reading": -0.02997635118663311, "p_listening": 0.263, "p_reading": 0.765, "barbin": 0, "rgb": "#000000", "zyx": [19, 54, 45]}