{"timescalecorr": 0.10617044568061829, "corr_listening": 0.1335422843694687, "corr_reading": 0.005904983729124069, "p_listening": 0.011, "p_reading": 0.165, "barbin": 0, "rgb": "#000000", "zyx": [14, 89, 67]}