{"timescalecorr": 0.048240773379802704, "corr_listening": 0.028475476428866386, "corr_reading": -0.011892192997038364, "p_listening": 0.283, "p_reading": 0.573, "barbin": 0, "rgb": "#000000", "zyx": [14, 51, 23]}