{"timescalecorr": 0.38843128085136414, "corr_listening": 0.13525700569152832, "corr_reading": 0.0035284520126879215, "p_listening": 0.006, "p_reading": 0.467, "barbin": 0, "rgb": "#000000", "zyx": [25, 46, 56]}