{"timescalecorr": 1.633112879062537e-05, "corr_listening": -0.03943920135498047, "corr_reading": 0.004659716039896011, "p_listening": 0.747, "p_reading": 0.449, "barbin": 0, "rgb": "#000000", "zyx": [9, 69, 63]}