{"timescalecorr": 0.08667465299367905, "corr_listening": 0.1169348657131195, "corr_reading": 0.07511340081691742, "p_listening": 0.014, "p_reading": 0.113, "barbin": 0, "rgb": "#000000", "zyx": [16, 52, 34]}