{"timescalecorr": 0.6008903384208679, "corr_listening": 0.03809184208512306, "corr_reading": 0.15117745101451874, "p_listening": 0.234, "p_reading": 0.004, "barbin": 0, "rgb": "#000000", "zyx": [22, 28, 50]}