{"timescalecorr": 0.00021835690131410956, "corr_listening": 0.05374537780880928, "corr_reading": -0.017332369461655617, "p_listening": 0.191, "p_reading": 0.633, "barbin": 0, "rgb": "#000000", "zyx": [19, 72, 40]}