{"timescalecorr": 9.68780540233638e-08, "corr_listening": 0.10041750967502594, "corr_reading": -0.0036050528287887573, "p_listening": 0.01, "p_reading": 0.79, "barbin": 0, "rgb": "#000000", "zyx": [4, 66, 43]}