{"timescalecorr": 0.19661259651184082, "corr_listening": 0.11958596110343933, "corr_reading": 0.06627578288316727, "p_listening": 0.027, "p_reading": 0.09, "barbin": 0, "rgb": "#000000", "zyx": [12, 30, 60]}