{"timescalecorr": 0.4948313236236572, "corr_listening": 0.2727036774158478, "corr_reading": 0.192779079079628, "p_listening": 0.0, "p_reading": 0.0, "barbin": 3, "rgb": "#000000", "zyx": [10, 46, 75]}