{"timescalecorr": 0.0009441672009415925, "corr_listening": 0.09643451124429703, "corr_reading": -0.07647738605737686, "p_listening": 0.033, "p_reading": 0.978, "barbin": 0, "rgb": "#000000", "zyx": [16, 67, 29]}