{"timescalecorr": 1.5131487625792651e-15, "corr_listening": 0.04683014750480652, "corr_reading": -0.0046792360953986645, "p_listening": 0.229, "p_reading": 0.564, "barbin": 0, "rgb": "#000000", "zyx": [13, 76, 65]}