{"timescalecorr": 0.6030644774436951, "corr_listening": 0.16239774227142334, "corr_reading": 0.07419390976428986, "p_listening": 0.0, "p_reading": 0.063, "barbin": 1, "rgb": "#000000", "zyx": [21, 61, 73]}