{"timescalecorr": 0.03193838894367218, "corr_listening": -0.0071294368244707584, "corr_reading": 0.030099263414740562, "p_listening": 0.557, "p_reading": 0.31, "barbin": 0, "rgb": "#000000", "zyx": [14, 84, 58]}