{"timescalecorr": 1.2773269020271982e-07, "corr_listening": -0.02504817023873329, "corr_reading": 0.05007447674870491, "p_listening": 0.709, "p_reading": 0.136, "barbin": 0, "rgb": "#000000", "zyx": [3, 46, 37]}