{"timescalecorr": 0.001453447388485074, "corr_listening": 0.04603630676865578, "corr_reading": 0.05379069969058037, "p_listening": 0.207, "p_reading": 0.178, "barbin": 0, "rgb": "#000000", "zyx": [5, 77, 45]}