{"timescalecorr": 0.45513784885406494, "corr_listening": 0.2526664137840271, "corr_reading": 0.09421791136264801, "p_listening": 0.0, "p_reading": 0.059, "barbin": 2, "rgb": "#000000", "zyx": [1, 76, 47]}