{"timescalecorr": 0.0003700803790707141, "corr_listening": 0.03117704577744007, "corr_reading": 0.021067088469862938, "p_listening": 0.295, "p_reading": 0.254, "barbin": 0, "rgb": "#000000", "zyx": [11, 47, 55]}