{"timescalecorr": 3.627405362749414e-07, "corr_listening": 0.021356696262955666, "corr_reading": 0.018318194895982742, "p_listening": 0.347, "p_reading": 0.333, "barbin": 0, "rgb": "#000000", "zyx": [1, 85, 37]}