{"timescalecorr": 0.751732349395752, "corr_listening": 0.11691779643297195, "corr_reading": 0.033945709466934204, "p_listening": 0.027, "p_reading": 0.249, "barbin": 0, "rgb": "#000000", "zyx": [22, 55, 33]}