{"timescalecorr": 0.008374117314815521, "corr_listening": -0.008242722600698471, "corr_reading": 0.00740956561639905, "p_listening": 0.588, "p_reading": 0.451, "barbin": 0, "rgb": "#000000", "zyx": [8, 75, 34]}