{"timescalecorr": 2.1343465050449595e-05, "corr_listening": -0.007141288369894028, "corr_reading": -0.12740300595760345, "p_listening": 0.605, "p_reading": 0.983, "barbin": 0, "rgb": "#000000", "zyx": [12, 42, 28]}