{"timescalecorr": 0.5657027959823608, "corr_listening": 0.15910077095031738, "corr_reading": 0.022695764899253845, "p_listening": 0.005, "p_reading": 0.319, "barbin": 0, "rgb": "#000000", "zyx": [4, 46, 34]}