{"timescalecorr": 4.315246405894868e-05, "corr_listening": 0.12461435794830322, "corr_reading": 0.032964907586574554, "p_listening": 0.019, "p_reading": 0.025, "barbin": 0, "rgb": "#000000", "zyx": [4, 83, 39]}