{"timescalecorr": 0.7785007953643799, "corr_listening": -0.0002425697457510978, "corr_reading": 0.04732919856905937, "p_listening": 0.879, "p_reading": 0.216, "barbin": 0, "rgb": "#000000", "zyx": [24, 70, 60]}