{"timescalecorr": 0.7779312133789062, "corr_listening": 0.3736743628978729, "corr_reading": 0.1503501683473587, "p_listening": 0.0, "p_reading": 0.004, "barbin": 4, "rgb": "#000000", "zyx": [23, 52, 64]}