{"timescalecorr": 0.5114750266075134, "corr_listening": -0.030474485829472542, "corr_reading": -0.021814990788698196, "p_listening": 0.773, "p_reading": 0.688, "barbin": 0, "rgb": "#000000", "zyx": [4, 71, 68]}