{"timescalecorr": 3.021602196895401e-06, "corr_listening": -0.006692168302834034, "corr_reading": 0.03971049189567566, "p_listening": 0.523, "p_reading": 0.127, "barbin": 0, "rgb": "#000000", "zyx": [14, 69, 74]}