{"timescalecorr": 0.3493574261665344, "corr_listening": 0.16357547044754028, "corr_reading": 0.12366548925638199, "p_listening": 0.0, "p_reading": 0.019, "barbin": 1, "rgb": "#000000", "zyx": [22, 58, 69]}