{"timescalecorr": 0.0, "corr_listening": -0.0459924191236496, "corr_reading": -0.10159951448440552, "p_listening": 0.946, "p_reading": 0.967, "barbin": 0, "rgb": "#000000", "zyx": [9, 31, 38]}