{"timescalecorr": 0.00022400193847715855, "corr_listening": 0.03353361785411835, "corr_reading": 0.0077628097496926785, "p_listening": 0.274, "p_reading": 0.445, "barbin": 0, "rgb": "#000000", "zyx": [11, 48, 51]}