{"timescalecorr": 0.9999999403953552, "corr_listening": 0.008253253996372223, "corr_reading": -0.005079815164208412, "p_listening": 0.41, "p_reading": 0.54, "barbin": 0, "rgb": "#000000", "zyx": [4, 64, 82]}