{"timescalecorr": 0.0, "corr_listening": -0.06326491385698318, "corr_reading": 0.07553823292255402, "p_listening": 0.922, "p_reading": 0.05, "barbin": 0, "rgb": "#000000", "zyx": [20, 54, 66]}