{"timescalecorr": 2.945546486164989e-17, "corr_listening": 0.07720936834812164, "corr_reading": -0.019975226372480392, "p_listening": 0.09, "p_reading": 0.6, "barbin": 0, "rgb": "#000000", "zyx": [13, 26, 46]}