{"timescalecorr": 0.07206252217292786, "corr_listening": 0.024674853309988976, "corr_reading": 0.06480288505554199, "p_listening": 0.313, "p_reading": 0.107, "barbin": 0, "rgb": "#000000", "zyx": [16, 38, 55]}