{"timescalecorr": 0.0025397520512342453, "corr_listening": 0.026971913874149323, "corr_reading": -0.0227193646132946, "p_listening": 0.324, "p_reading": 0.671, "barbin": 0, "rgb": "#000000", "zyx": [13, 52, 75]}