{"timescalecorr": 4.0497071371679687e-16, "corr_listening": 0.06958355009555817, "corr_reading": -0.008019923232495785, "p_listening": 0.123, "p_reading": 0.562, "barbin": 0, "rgb": "#000000", "zyx": [19, 68, 39]}