{"timescalecorr": 0.0, "corr_listening": -0.06110076606273651, "corr_reading": -0.009252519346773624, "p_listening": 0.951, "p_reading": 0.632, "barbin": 0, "rgb": "#000000", "zyx": [17, 72, 60]}