{"timescalecorr": 0.47736164927482605, "corr_listening": 0.10419835895299911, "corr_reading": 0.0009660515934228897, "p_listening": 0.025, "p_reading": 0.484, "barbin": 0, "rgb": "#000000", "zyx": [24, 31, 47]}