{"timescalecorr": 0.13708935678005219, "corr_listening": 0.25872743129730225, "corr_reading": 0.05267253890633583, "p_listening": 0.0, "p_reading": 0.172, "barbin": 2, "rgb": "#000000", "zyx": [25, 47, 43]}