{"timescalecorr": 1.637676359678153e-05, "corr_listening": -0.011727260425686836, "corr_reading": 0.010840121656656265, "p_listening": 0.588, "p_reading": 0.4, "barbin": 0, "rgb": "#000000", "zyx": [10, 83, 38]}