{"timescalecorr": 0.33046165108680725, "corr_listening": 0.05434868484735489, "corr_reading": 0.011678636074066162, "p_listening": 0.153, "p_reading": 0.295, "barbin": 0, "rgb": "#000000", "zyx": [9, 86, 66]}