{"timescalecorr": 0.0, "corr_listening": -0.012038481421768665, "corr_reading": -0.09148521721363068, "p_listening": 0.91, "p_reading": 0.948, "barbin": 0, "rgb": "#000000", "zyx": [16, 83, 48]}