{"timescalecorr": 0.0, "corr_listening": -4.12066510762088e-05, "corr_reading": 0.029963163658976555, "p_listening": 0.575, "p_reading": 0.292, "barbin": 0, "rgb": "#000000", "zyx": [8, 33, 42]}