{"timescalecorr": 0.9692049622535706, "corr_listening": -0.09362717717885971, "corr_reading": -0.011880094185471535, "p_listening": 0.942, "p_reading": 0.854, "barbin": 0, "rgb": "#000000", "zyx": [10, 31, 72]}