{"timescalecorr": 4.903064836980775e-05, "corr_listening": -0.0316961407661438, "corr_reading": 0.03123987466096878, "p_listening": 0.714, "p_reading": 0.268, "barbin": 0, "rgb": "#000000", "zyx": [8, 48, 37]}