{"timescalecorr": 0.0005338829942047596, "corr_listening": 0.06643223017454147, "corr_reading": 0.08458272367715836, "p_listening": 0.128, "p_reading": 0.06, "barbin": 0, "rgb": "#000000", "zyx": [15, 85, 37]}