{"timescalecorr": 0.8199601769447327, "corr_listening": -0.006080154329538345, "corr_reading": 0.05958161875605583, "p_listening": 0.559, "p_reading": 0.15, "barbin": 0, "rgb": "#000000", "zyx": [24, 76, 51]}