{"timescalecorr": 0.4106196463108063, "corr_listening": 0.006743288598954678, "corr_reading": -0.022316813468933105, "p_listening": 0.455, "p_reading": 0.642, "barbin": 0, "rgb": "#000000", "zyx": [3, 60, 33]}