{"timescalecorr": 1.786974507922423e-06, "corr_listening": 0.010788654908537865, "corr_reading": -0.029008259996771812, "p_listening": 0.435, "p_reading": 0.675, "barbin": 0, "rgb": "#000000", "zyx": [7, 43, 46]}