{"timescalecorr": 0.9891583919525146, "corr_listening": 0.08023989945650101, "corr_reading": 0.12019504606723785, "p_listening": 0.09, "p_reading": 0.022, "barbin": 1, "rgb": "#000000", "zyx": [27, 61, 52]}