{"timescalecorr": 1.2481817748266621e-06, "corr_listening": -0.08583785593509674, "corr_reading": 0.03627708926796913, "p_listening": 0.923, "p_reading": 0.26, "barbin": 0, "rgb": "#000000", "zyx": [1, 43, 62]}