{"timescalecorr": 0.0003362151328474283, "corr_listening": 0.12159037590026855, "corr_reading": 0.17278429865837097, "p_listening": 0.018, "p_reading": 0.001, "barbin": 1, "rgb": "#000000", "zyx": [6, 44, 31]}