{"timescalecorr": 0.07466034591197968, "corr_listening": 0.25818589329719543, "corr_reading": 0.06107061356306076, "p_listening": 0.0, "p_reading": 0.161, "barbin": 2, "rgb": "#000000", "zyx": [13, 20, 49]}