{"timescalecorr": 0.0, "corr_listening": 0.03895990550518036, "corr_reading": -0.069931261241436, "p_listening": 0.244, "p_reading": 0.899, "barbin": 0, "rgb": "#000000", "zyx": [10, 84, 54]}