{"timescalecorr": 0.0002237248554592952, "corr_listening": -0.01986464112997055, "corr_reading": -0.010277029126882553, "p_listening": 0.886, "p_reading": 0.703, "barbin": 0, "rgb": "#000000", "zyx": [1, 83, 38]}