{"timescalecorr": 0.09750323742628098, "corr_listening": -0.0008268076926469803, "corr_reading": 0.029341338202357292, "p_listening": 0.521, "p_reading": 0.314, "barbin": 0, "rgb": "#000000", "zyx": [18, 22, 40]}