{"timescalecorr": NaN, "corr_listening": -0.004273436963558197, "corr_reading": -0.036267492920160294, "p_listening": 0.527, "p_reading": 0.727, "barbin": 0, "rgb": "#000000", "zyx": [12, 16, 58]}