{"timescalecorr": 0.10807745903730392, "corr_listening": 0.1444787085056305, "corr_reading": 0.056129615753889084, "p_listening": 0.006, "p_reading": 0.035, "barbin": 1, "rgb": "#000000", "zyx": [11, 50, 30]}