{"timescalecorr": 0.12216556817293167, "corr_listening": -0.0454702191054821, "corr_reading": 0.004595859441906214, "p_listening": 0.793, "p_reading": 0.052, "barbin": 0, "rgb": "#000000", "zyx": [16, 52, 75]}