{"timescalecorr": 0.12025478482246399, "corr_listening": 0.10310930013656616, "corr_reading": 0.07954046130180359, "p_listening": 0.028, "p_reading": 0.07, "barbin": 0, "rgb": "#000000", "zyx": [10, 27, 60]}