{"timescalecorr": 0.2514825463294983, "corr_listening": -0.025981256738305092, "corr_reading": -0.06005840748548508, "p_listening": 0.65, "p_reading": 0.851, "barbin": 0, "rgb": "#000000", "zyx": [19, 40, 60]}