{"timescalecorr": 0.0007113903411664069, "corr_listening": -0.10114305466413498, "corr_reading": -0.07775527238845825, "p_listening": 0.992, "p_reading": 0.967, "barbin": 0, "rgb": "#000000", "zyx": [10, 85, 55]}