{"timescalecorr": 0.051990170031785965, "corr_listening": 0.2809257507324219, "corr_reading": 0.08284201472997665, "p_listening": 0.0, "p_reading": 0.077, "barbin": 2, "rgb": "#000000", "zyx": [8, 73, 27]}