{"timescalecorr": 0.9999994039535522, "corr_listening": -0.05749056488275528, "corr_reading": 0.07318848371505737, "p_listening": 0.936, "p_reading": 0.108, "barbin": 0, "rgb": "#000000", "zyx": [0, 83, 52]}