{"timescalecorr": 0.2048415094614029, "corr_listening": -0.029934795573353767, "corr_reading": 0.11364927887916565, "p_listening": 0.669, "p_reading": 0.023, "barbin": 0, "rgb": "#000000", "zyx": [15, 22, 37]}