{"timescalecorr": 0.5631140470504761, "corr_listening": 0.0030746236443519592, "corr_reading": 0.07049712538719177, "p_listening": 0.464, "p_reading": 0.095, "barbin": 0, "rgb": "#000000", "zyx": [5, 73, 72]}