{"timescalecorr": 0.004360012710094452, "corr_listening": -0.0366123765707016, "corr_reading": 0.026326319202780724, "p_listening": 0.736, "p_reading": 0.354, "barbin": 0, "rgb": "#000000", "zyx": [17, 43, 27]}