{"timescalecorr": 0.9078977108001709, "corr_listening": 0.09946334362030029, "corr_reading": 0.00020237562421243638, "p_listening": 0.053, "p_reading": 0.496, "barbin": 0, "rgb": "#000000", "zyx": [18, 80, 62]}