{"timescalecorr": 0.0200350321829319, "corr_listening": 0.054894573986530304, "corr_reading": 0.012014751322567463, "p_listening": 0.01, "p_reading": 0.398, "barbin": 0, "rgb": "#000000", "zyx": [17, 76, 74]}