{"timescalecorr": 0.47934776544570923, "corr_listening": 0.043225474655628204, "corr_reading": 0.09188511967658997, "p_listening": 0.183, "p_reading": 0.064, "barbin": 0, "rgb": "#000000", "zyx": [16, 34, 56]}