{"timescalecorr": 8.333528967341408e-05, "corr_listening": 0.05142613872885704, "corr_reading": 0.007872063666582108, "p_listening": 0.178, "p_reading": 0.178, "barbin": 0, "rgb": "#000000", "zyx": [3, 53, 65]}