{"timescalecorr": 0.02316567860543728, "corr_listening": -0.05747556686401367, "corr_reading": 0.04386821761727333, "p_listening": 0.927, "p_reading": 0.146, "barbin": 0, "rgb": "#000000", "zyx": [8, 65, 47]}