{"timescalecorr": 2.1325961582105344e-23, "corr_listening": -0.03699426352977753, "corr_reading": 0.04074476659297943, "p_listening": 0.742, "p_reading": 0.221, "barbin": 0, "rgb": "#000000", "zyx": [13, 64, 38]}