{"timescalecorr": 1.1200225671676233e-17, "corr_listening": -0.02451731078326702, "corr_reading": 0.0723094493150711, "p_listening": 0.666, "p_reading": 0.025, "barbin": 0, "rgb": "#000000", "zyx": [22, 78, 39]}