{"timescalecorr": 0.0, "corr_listening": -0.0047403438948094845, "corr_reading": -0.0799042358994484, "p_listening": 0.569, "p_reading": 1.0, "barbin": 0, "rgb": "#000000", "zyx": [16, 53, 78]}