{"timescalecorr": 1.1244834240642376e-05, "corr_listening": -0.01877494901418686, "corr_reading": -0.02654530294239521, "p_listening": 0.719, "p_reading": 0.79, "barbin": 0, "rgb": "#000000", "zyx": [1, 91, 57]}