{"timescalecorr": 0.9938713312149048, "corr_listening": 0.07632767409086227, "corr_reading": 0.10649590939283371, "p_listening": 0.086, "p_reading": 0.031, "barbin": 0, "rgb": "#000000", "zyx": [20, 34, 58]}