{"timescalecorr": 0.1384456306695938, "corr_listening": -0.004278113134205341, "corr_reading": 0.045758817344903946, "p_listening": 0.553, "p_reading": 0.06, "barbin": 0, "rgb": "#000000", "zyx": [4, 61, 36]}