{"timescalecorr": 0.12956388294696808, "corr_listening": 0.052686646580696106, "corr_reading": -0.0056038107722997665, "p_listening": 0.193, "p_reading": 0.535, "barbin": 0, "rgb": "#000000", "zyx": [4, 51, 32]}