{"timescalecorr": 0.7858780026435852, "corr_listening": 0.004485976882278919, "corr_reading": 0.07128584384918213, "p_listening": 0.32, "p_reading": 0.117, "barbin": 0, "rgb": "#000000", "zyx": [10, 53, 63]}