{"timescalecorr": 0.5710123181343079, "corr_listening": 0.058331239968538284, "corr_reading": 0.16176368296146393, "p_listening": 0.183, "p_reading": 0.0, "barbin": 1, "rgb": "#000000", "zyx": [15, 25, 38]}