{"timescalecorr": 0.7672030329704285, "corr_listening": 0.09267786145210266, "corr_reading": 0.23891893029212952, "p_listening": 0.056, "p_reading": 0.0, "barbin": 2, "rgb": "#000000", "zyx": [24, 37, 48]}