{"timescalecorr": 0.7949027419090271, "corr_listening": 0.06534352898597717, "corr_reading": 0.05034618824720383, "p_listening": 0.141, "p_reading": 0.205, "barbin": 0, "rgb": "#000000", "zyx": [7, 69, 65]}