{"timescalecorr": 0.005347437225282192, "corr_listening": -0.06303820759057999, "corr_reading": 0.02843969129025936, "p_listening": 0.841, "p_reading": 0.295, "barbin": 0, "rgb": "#000000", "zyx": [9, 34, 53]}