{"timescalecorr": 0.7619256377220154, "corr_listening": 0.32528528571128845, "corr_reading": 0.4367009699344635, "p_listening": 0.0, "p_reading": 0.0, "barbin": 4, "rgb": "#000000", "zyx": [14, 44, 73]}