{"timescalecorr": 0.4667966067790985, "corr_listening": -0.054219890385866165, "corr_reading": 0.014663811773061752, "p_listening": 0.862, "p_reading": 0.351, "barbin": 0, "rgb": "#000000", "zyx": [3, 80, 58]}