{"timescalecorr": 1.4962261047912762e-06, "corr_listening": 0.0628155991435051, "corr_reading": -0.11317570507526398, "p_listening": 0.095, "p_reading": 0.98, "barbin": 0, "rgb": "#000000", "zyx": [4, 36, 57]}