{"timescalecorr": 0.8632797002792358, "corr_listening": 0.07297883927822113, "corr_reading": 0.2941133975982666, "p_listening": 0.067, "p_reading": 0.0, "barbin": 2, "rgb": "#000000", "zyx": [6, 39, 70]}