{"timescalecorr": 0.009150954894721508, "corr_listening": 0.1776248812675476, "corr_reading": -0.03466663137078285, "p_listening": 0.001, "p_reading": 0.954, "barbin": 0, "rgb": "#000000", "zyx": [13, 53, 48]}