{"timescalecorr": 1.0552350339194288e-32, "corr_listening": 0.016387687996029854, "corr_reading": -0.0019946990069001913, "p_listening": 0.403, "p_reading": 0.731, "barbin": 0, "rgb": "#000000", "zyx": [22, 50, 55]}