{"timescalecorr": 0.0010121356463059783, "corr_listening": -0.048066094517707825, "corr_reading": 0.010579869151115417, "p_listening": 0.817, "p_reading": 0.389, "barbin": 0, "rgb": "#000000", "zyx": [18, 18, 45]}