{"timescalecorr": 0.2959335446357727, "corr_listening": 0.04411895573139191, "corr_reading": 0.022567665204405785, "p_listening": 0.16, "p_reading": 0.339, "barbin": 0, "rgb": "#000000", "zyx": [15, 56, 65]}