{"timescalecorr": 0.967162549495697, "corr_listening": 0.2116883397102356, "corr_reading": 0.15859390795230865, "p_listening": 0.0, "p_reading": 0.002, "barbin": 2, "rgb": "#000000", "zyx": [12, 73, 52]}