{"timescalecorr": 1.8901164366980083e-07, "corr_listening": -0.00462764548137784, "corr_reading": 0.06675785034894943, "p_listening": 0.703, "p_reading": 0.134, "barbin": 0, "rgb": "#000000", "zyx": [8, 62, 84]}