{"timescalecorr": 1.1867121174624629e-10, "corr_listening": -0.2470959722995758, "corr_reading": 0.05795813724398613, "p_listening": 1.0, "p_reading": 0.125, "barbin": 0, "rgb": "#000000", "zyx": [5, 84, 37]}