{"timescalecorr": 8.907553362895923e-19, "corr_listening": 0.24202755093574524, "corr_reading": 0.03456379100680351, "p_listening": 0.0, "p_reading": 0.17, "barbin": 1, "rgb": "#000000", "zyx": [8, 88, 39]}