{"timescalecorr": 0.9344412684440613, "corr_listening": 0.08630775660276413, "corr_reading": -0.03894210234284401, "p_listening": 0.067, "p_reading": 0.746, "barbin": 0, "rgb": "#000000", "zyx": [16, 76, 73]}