{"timescalecorr": 3.1512338260873555e-15, "corr_listening": -0.10671732574701309, "corr_reading": -0.005266308784484863, "p_listening": 0.979, "p_reading": 0.708, "barbin": 0, "rgb": "#000000", "zyx": [5, 49, 49]}