{"timescalecorr": 0.010867259465157986, "corr_listening": 0.013981025665998459, "corr_reading": 0.0027292396407574415, "p_listening": 0.416, "p_reading": 0.238, "barbin": 0, "rgb": "#000000", "zyx": [7, 49, 49]}