{"timescalecorr": 0.8485797047615051, "corr_listening": -0.17665144801139832, "corr_reading": 0.0390804298222065, "p_listening": 0.998, "p_reading": 0.282, "barbin": 0, "rgb": "#000000", "zyx": [8, 44, 46]}