{"timescalecorr": 0.14022663235664368, "corr_listening": 0.1592455357313156, "corr_reading": -0.18079796433448792, "p_listening": 0.003, "p_reading": 0.997, "barbin": 0, "rgb": "#000000", "zyx": [19, 29, 65]}