{"timescalecorr": 6.269380037338124e-08, "corr_listening": -0.002735120477154851, "corr_reading": -0.006605247966945171, "p_listening": 0.522, "p_reading": 0.549, "barbin": 0, "rgb": "#000000", "zyx": [17, 78, 60]}