{"timescalecorr": 0.2434631884098053, "corr_listening": -0.08629301190376282, "corr_reading": 0.13666638731956482, "p_listening": 0.941, "p_reading": 0.0, "barbin": 0, "rgb": "#000000", "zyx": [2, 86, 63]}