{"timescalecorr": 0.5530252456665039, "corr_listening": 0.2852577865123749, "corr_reading": 0.17986999452114105, "p_listening": 0.0, "p_reading": 0.003, "barbin": 3, "rgb": "#000000", "zyx": [15, 79, 39]}