{"timescalecorr": 0.0, "corr_listening": -0.02516128495335579, "corr_reading": -0.0001786743086995557, "p_listening": 0.649, "p_reading": 0.51, "barbin": 0, "rgb": "#000000", "zyx": [12, 73, 61]}