{"timescalecorr": 0.7065823674201965, "corr_listening": 0.021860498934984207, "corr_reading": 0.06567033380270004, "p_listening": 0.236, "p_reading": 0.132, "barbin": 0, "rgb": "#000000", "zyx": [19, 77, 38]}