{"timescalecorr": 0.0018040500581264496, "corr_listening": 0.0804382935166359, "corr_reading": 0.009432559832930565, "p_listening": 0.076, "p_reading": 0.319, "barbin": 0, "rgb": "#000000", "zyx": [1, 77, 58]}