{"timescalecorr": 0.8808984756469727, "corr_listening": 0.003887780709192157, "corr_reading": 0.010335931554436684, "p_listening": 0.447, "p_reading": 0.442, "barbin": 0, "rgb": "#000000", "zyx": [10, 52, 52]}