{"timescalecorr": 0.0, "corr_listening": 0.09318780899047852, "corr_reading": -0.06143990904092789, "p_listening": 0.049, "p_reading": 0.913, "barbin": 0, "rgb": "#000000", "zyx": [26, 54, 62]}