{"timescalecorr": 6.25887466298991e-08, "corr_listening": -0.0681617259979248, "corr_reading": -0.05222335085272789, "p_listening": 0.896, "p_reading": 0.789, "barbin": 0, "rgb": "#000000", "zyx": [10, 79, 31]}