{"timescalecorr": 0.10553867369890213, "corr_listening": 0.027174703776836395, "corr_reading": 0.08972132205963135, "p_listening": 0.12, "p_reading": 0.061, "barbin": 0, "rgb": "#000000", "zyx": [16, 34, 41]}