{"timescalecorr": 0.040747422724962234, "corr_listening": 0.03439248353242874, "corr_reading": -0.05175799876451492, "p_listening": 0.275, "p_reading": 0.821, "barbin": 0, "rgb": "#000000", "zyx": [24, 56, 63]}