{"timescalecorr": 0.6311303973197937, "corr_listening": 0.016802780330181122, "corr_reading": -0.030788784846663475, "p_listening": 0.394, "p_reading": 0.879, "barbin": 0, "rgb": "#000000", "zyx": [4, 46, 44]}