{"timescalecorr": 3.481215117062675e-06, "corr_listening": 0.004850870463997126, "corr_reading": 0.10773598402738571, "p_listening": 0.459, "p_reading": 0.003, "barbin": 0, "rgb": "#000000", "zyx": [3, 72, 71]}