{"timescalecorr": 0.5502477288246155, "corr_listening": 0.056594111025333405, "corr_reading": 0.16695848107337952, "p_listening": 0.128, "p_reading": 0.003, "barbin": 1, "rgb": "#000000", "zyx": [17, 38, 45]}