{"timescalecorr": 0.00021746609127148986, "corr_listening": -0.05632142722606659, "corr_reading": -0.013080092146992683, "p_listening": 0.825, "p_reading": 0.621, "barbin": 0, "rgb": "#000000", "zyx": [3, 62, 66]}