{"timescalecorr": 0.20591388642787933, "corr_listening": -0.10702793300151825, "corr_reading": -0.0073989457450807095, "p_listening": 0.969, "p_reading": 0.591, "barbin": 0, "rgb": "#000000", "zyx": [5, 63, 24]}