{"timescalecorr": 0.050056662410497665, "corr_listening": 0.17270639538764954, "corr_reading": -0.06223239749670029, "p_listening": 0.0, "p_reading": 0.865, "barbin": 0, "rgb": "#000000", "zyx": [14, 87, 59]}