{"timescalecorr": 0.043583162128925323, "corr_listening": -0.0046549104154109955, "corr_reading": 0.0821545198559761, "p_listening": 0.556, "p_reading": 0.0, "barbin": 0, "rgb": "#000000", "zyx": [9, 86, 42]}