{"timescalecorr": 0.024269750341773033, "corr_listening": -0.05302107334136963, "corr_reading": 0.062207095324993134, "p_listening": 0.791, "p_reading": 0.088, "barbin": 0, "rgb": "#000000", "zyx": [12, 21, 52]}