{"timescalecorr": 1.402438038115489e-20, "corr_listening": 0.10130688548088074, "corr_reading": -0.09107550978660583, "p_listening": 0.016, "p_reading": 0.965, "barbin": 0, "rgb": "#000000", "zyx": [15, 88, 51]}