{"timescalecorr": 0.0002369323483435437, "corr_listening": 0.0818391814827919, "corr_reading": -0.12993115186691284, "p_listening": 0.07, "p_reading": 0.991, "barbin": 0, "rgb": "#000000", "zyx": [4, 93, 41]}