{"timescalecorr": 0.052587367594242096, "corr_listening": 0.053404953330755234, "corr_reading": 0.03144516795873642, "p_listening": 0.119, "p_reading": 0.036, "barbin": 0, "rgb": "#000000", "zyx": [14, 61, 67]}