{"timescalecorr": 4.569963857647963e-05, "corr_listening": 0.08792489022016525, "corr_reading": -0.1523379534482956, "p_listening": 0.047, "p_reading": 0.993, "barbin": 0, "rgb": "#000000", "zyx": [21, 70, 55]}