{"timescalecorr": 0.7504963278770447, "corr_listening": 0.03151143342256546, "corr_reading": 0.24234263598918915, "p_listening": 0.248, "p_reading": 0.0, "barbin": 1, "rgb": "#000000", "zyx": [10, 68, 32]}