{"timescalecorr": 0.9970698356628418, "corr_listening": -0.0004321573651395738, "corr_reading": 0.0015793386846780777, "p_listening": 0.908, "p_reading": 0.329, "barbin": 0, "rgb": "#000000", "zyx": [16, 90, 46]}