{"timescalecorr": 0.15824700891971588, "corr_listening": -0.005241000093519688, "corr_reading": 0.13177001476287842, "p_listening": 0.529, "p_reading": 0.014, "barbin": 0, "rgb": "#000000", "zyx": [19, 48, 67]}