{"timescalecorr": 8.948747563408688e-06, "corr_listening": 0.0027839243412017822, "corr_reading": -0.012602332979440689, "p_listening": 0.491, "p_reading": 0.584, "barbin": 0, "rgb": "#000000", "zyx": [15, 19, 56]}