{"timescalecorr": 0.710797131061554, "corr_listening": 0.10583976656198502, "corr_reading": -0.05157952010631561, "p_listening": 0.031, "p_reading": 0.821, "barbin": 0, "rgb": "#000000", "zyx": [13, 60, 28]}