{"timescalecorr": 0.8868242502212524, "corr_listening": 0.05127076804637909, "corr_reading": 0.021683234721422195, "p_listening": 0.119, "p_reading": 0.166, "barbin": 0, "rgb": "#000000", "zyx": [17, 26, 65]}