{"timescalecorr": 0.2187190055847168, "corr_listening": 0.028657305985689163, "corr_reading": 0.03950813040137291, "p_listening": 0.314, "p_reading": 0.208, "barbin": 0, "rgb": "#000000", "zyx": [16, 52, 64]}