{"timescalecorr": 0.6503733396530151, "corr_listening": 0.06342945992946625, "corr_reading": 0.004322428721934557, "p_listening": 0.121, "p_reading": 0.168, "barbin": 0, "rgb": "#000000", "zyx": [7, 82, 43]}