{"timescalecorr": 1.1870023261290226e-16, "corr_listening": -0.004556888714432716, "corr_reading": 0.005109510850161314, "p_listening": 1.0, "p_reading": 0.364, "barbin": 0, "rgb": "#000000", "zyx": [22, 57, 56]}