{"timescalecorr": 0.2645310163497925, "corr_listening": 0.03440086171030998, "corr_reading": 0.042118147015571594, "p_listening": 0.198, "p_reading": 0.245, "barbin": 0, "rgb": "#000000", "zyx": [4, 62, 70]}