{"timescalecorr": 0.004158360417932272, "corr_listening": 5.603515455732122e-05, "corr_reading": 0.10256724804639816, "p_listening": 0.486, "p_reading": 0.034, "barbin": 0, "rgb": "#000000", "zyx": [6, 46, 37]}