{"timescalecorr": 0.44291579723358154, "corr_listening": 0.16241393983364105, "corr_reading": 0.14064443111419678, "p_listening": 0.0, "p_reading": 0.001, "barbin": 2, "rgb": "#000000", "zyx": [3, 67, 72]}