{"timescalecorr": 0.24085359275341034, "corr_listening": -0.18752889335155487, "corr_reading": 0.07770591974258423, "p_listening": 0.999, "p_reading": 0.032, "barbin": 0, "rgb": "#000000", "zyx": [23, 80, 59]}