{"timescalecorr": 0.0005531152128241956, "corr_listening": 0.008309786207973957, "corr_reading": 0.018143605440855026, "p_listening": 0.479, "p_reading": 0.237, "barbin": 0, "rgb": "#000000", "zyx": [9, 88, 57]}