{"timescalecorr": 0.015980279073119164, "corr_listening": 0.0019807920325547457, "corr_reading": 0.11620271950960159, "p_listening": 0.497, "p_reading": 0.03, "barbin": 0, "rgb": "#000000", "zyx": [22, 65, 38]}