{"timescalecorr": 0.7583896517753601, "corr_listening": 0.0008626436465419829, "corr_reading": -0.020007938146591187, "p_listening": 0.374, "p_reading": 0.639, "barbin": 0, "rgb": "#000000", "zyx": [20, 22, 48]}