{"timescalecorr": 2.0131629696606979e-07, "corr_listening": -0.07300705462694168, "corr_reading": 0.010365934111177921, "p_listening": 0.883, "p_reading": 0.358, "barbin": 0, "rgb": "#000000", "zyx": [6, 63, 80]}