{"timescalecorr": 0.8324759602546692, "corr_listening": 0.03569836914539337, "corr_reading": 0.06019476428627968, "p_listening": 0.199, "p_reading": 0.169, "barbin": 0, "rgb": "#000000", "zyx": [6, 30, 65]}