{"timescalecorr": 2.844084008302161e-07, "corr_listening": 0.01647367887198925, "corr_reading": 0.0749223604798317, "p_listening": 0.381, "p_reading": 0.099, "barbin": 0, "rgb": "#000000", "zyx": [7, 39, 56]}