{"timescalecorr": 0.00040777670801617205, "corr_listening": 0.07618299126625061, "corr_reading": 0.06081916019320488, "p_listening": 0.048, "p_reading": 0.145, "barbin": 0, "rgb": "#000000", "zyx": [11, 58, 73]}