{"timescalecorr": 0.01194358617067337, "corr_listening": -0.015080464072525501, "corr_reading": -0.05736599117517471, "p_listening": 0.59, "p_reading": 0.87, "barbin": 0, "rgb": "#000000", "zyx": [14, 56, 54]}