{"timescalecorr": 0.01917177438735962, "corr_listening": -0.0447862334549427, "corr_reading": 0.12314002215862274, "p_listening": 0.929, "p_reading": 0.021, "barbin": 0, "rgb": "#000000", "zyx": [25, 41, 62]}