{"timescalecorr": 0.002185142831876874, "corr_listening": 0.11163356900215149, "corr_reading": 0.047648780047893524, "p_listening": 0.007, "p_reading": 0.22, "barbin": 0, "rgb": "#000000", "zyx": [13, 44, 32]}