{"timescalecorr": 0.28026673197746277, "corr_listening": -0.012678835541009903, "corr_reading": 0.1806875616312027, "p_listening": 0.57, "p_reading": 0.0, "barbin": 0, "rgb": "#000000", "zyx": [15, 72, 49]}