{"timescalecorr": 0.5777702927589417, "corr_listening": 0.10655330866575241, "corr_reading": 0.15098807215690613, "p_listening": 0.035, "p_reading": 0.001, "barbin": 1, "rgb": "#000000", "zyx": [25, 54, 48]}