{"timescalecorr": 0.16113817691802979, "corr_listening": -0.014203565195202827, "corr_reading": 0.00036298594204708934, "p_listening": 0.595, "p_reading": 0.497, "barbin": 0, "rgb": "#000000", "zyx": [7, 45, 38]}