{"timescalecorr": 0.5600578784942627, "corr_listening": 0.24915023148059845, "corr_reading": 0.3103936016559601, "p_listening": 0.0, "p_reading": 0.0, "barbin": 4, "rgb": "#000000", "zyx": [9, 59, 33]}