{"timescalecorr": 0.00021247817494440824, "corr_listening": 0.07829250395298004, "corr_reading": 0.029120352119207382, "p_listening": 0.1, "p_reading": 0.317, "barbin": 0, "rgb": "#000000", "zyx": [13, 71, 56]}