{"timescalecorr": 0.02242923714220524, "corr_listening": 0.03401869907975197, "corr_reading": -0.1957254409790039, "p_listening": 0.172, "p_reading": 1.0, "barbin": 0, "rgb": "#000000", "zyx": [19, 80, 57]}