{"timescalecorr": 0.4661961495876312, "corr_listening": 0.08903558552265167, "corr_reading": 0.08841831982135773, "p_listening": 0.03, "p_reading": 0.011, "barbin": 0, "rgb": "#000000", "zyx": [14, 34, 56]}