{"timescalecorr": 0.001464720582589507, "corr_listening": -0.11692662537097931, "corr_reading": 0.09235837310552597, "p_listening": 0.984, "p_reading": 0.056, "barbin": 0, "rgb": "#000000", "zyx": [2, 48, 67]}