{"timescalecorr": 0.06841005384922028, "corr_listening": 0.10173060745000839, "corr_reading": 0.1471167653799057, "p_listening": 0.032, "p_reading": 0.005, "barbin": 1, "rgb": "#000000", "zyx": [7, 47, 76]}