{"timescalecorr": 2.901653260778403e-06, "corr_listening": 0.042216379195451736, "corr_reading": -0.00236367154866457, "p_listening": 0.229, "p_reading": 0.518, "barbin": 0, "rgb": "#000000", "zyx": [11, 87, 50]}