{"timescalecorr": 0.7287908792495728, "corr_listening": 0.13122625648975372, "corr_reading": 0.11379798501729965, "p_listening": 0.011, "p_reading": 0.018, "barbin": 1, "rgb": "#000000", "zyx": [8, 69, 50]}