{"timescalecorr": 0.00038375338772311807, "corr_listening": 0.026622112840414047, "corr_reading": -0.0072589656338095665, "p_listening": 0.332, "p_reading": 0.59, "barbin": 0, "rgb": "#000000", "zyx": [3, 83, 63]}