{"timescalecorr": 0.05981246754527092, "corr_listening": 0.06589681655168533, "corr_reading": -0.015076554380357265, "p_listening": 0.136, "p_reading": 0.611, "barbin": 0, "rgb": "#000000", "zyx": [15, 25, 55]}