{"timescalecorr": 0.16629983484745026, "corr_listening": -0.022803228348493576, "corr_reading": -0.008036868646740913, "p_listening": 0.621, "p_reading": 0.569, "barbin": 0, "rgb": "#000000", "zyx": [18, 56, 45]}