{"timescalecorr": 0.9415335059165955, "corr_listening": -0.013450482860207558, "corr_reading": 0.07560628652572632, "p_listening": 0.935, "p_reading": 0.078, "barbin": 0, "rgb": "#000000", "zyx": [13, 47, 33]}