{"timescalecorr": 0.10347893834114075, "corr_listening": 0.010960533283650875, "corr_reading": -0.05018939822912216, "p_listening": 0.397, "p_reading": 0.803, "barbin": 0, "rgb": "#000000", "zyx": [19, 69, 28]}