{"timescalecorr": 0.5846742391586304, "corr_listening": 0.1938973218202591, "corr_reading": 0.20575185120105743, "p_listening": 0.0, "p_reading": 0.0, "barbin": 2, "rgb": "#000000", "zyx": [20, 60, 73]}