{"timescalecorr": 2.3673857318939895e-10, "corr_listening": 0.008055496029555798, "corr_reading": -0.03452172875404358, "p_listening": 0.261, "p_reading": 0.731, "barbin": 0, "rgb": "#000000", "zyx": [16, 65, 48]}