{"timescalecorr": 0.0, "corr_listening": 0.012686940841376781, "corr_reading": -0.04608245566487312, "p_listening": 0.103, "p_reading": 0.795, "barbin": 0, "rgb": "#000000", "zyx": [5, 50, 26]}