{"timescalecorr": 0.0, "corr_listening": -0.009897958487272263, "corr_reading": 0.00043401180300861597, "p_listening": 0.59, "p_reading": 0.47, "barbin": 0, "rgb": "#000000", "zyx": [14, 54, 38]}