{"timescalecorr": 1.6495366184088311e-09, "corr_listening": 0.03689642250537872, "corr_reading": 0.09518313407897949, "p_listening": 0.268, "p_reading": 0.048, "barbin": 0, "rgb": "#000000", "zyx": [10, 83, 37]}