{"timescalecorr": 4.881234758613573e-07, "corr_listening": 0.22631405293941498, "corr_reading": 0.0012032066006213427, "p_listening": 0.0, "p_reading": 0.471, "barbin": 1, "rgb": "#000000", "zyx": [11, 80, 30]}