{"timescalecorr": 0.05024411529302597, "corr_listening": -0.018302423879504204, "corr_reading": -0.0013632189948111773, "p_listening": 0.645, "p_reading": 0.53, "barbin": 0, "rgb": "#000000", "zyx": [9, 79, 57]}