{"timescalecorr": 0.0015357467345893383, "corr_listening": 0.0041352794505655766, "corr_reading": -0.009390614926815033, "p_listening": 0.397, "p_reading": 0.548, "barbin": 0, "rgb": "#000000", "zyx": [22, 73, 36]}