{"timescalecorr": 0.8561392426490784, "corr_listening": 0.08914308995008469, "corr_reading": 0.05839685723185539, "p_listening": 0.018, "p_reading": 0.166, "barbin": 0, "rgb": "#000000", "zyx": [12, 68, 49]}