{"timescalecorr": 0.0, "corr_listening": -0.04244286194443703, "corr_reading": -0.07404181361198425, "p_listening": 0.757, "p_reading": 0.907, "barbin": 0, "rgb": "#000000", "zyx": [7, 67, 49]}