{"timescalecorr": 0.5851625800132751, "corr_listening": 0.3059813678264618, "corr_reading": 0.20316475629806519, "p_listening": 0.0, "p_reading": 0.0, "barbin": 4, "rgb": "#000000", "zyx": [9, 73, 50]}