{"timescalecorr": 0.09072300046682358, "corr_listening": 0.29031217098236084, "corr_reading": 0.034875962883234024, "p_listening": 0.0, "p_reading": 0.057, "barbin": 2, "rgb": "#000000", "zyx": [9, 79, 68]}