{"timescalecorr": 0.07543811202049255, "corr_listening": -0.0979335606098175, "corr_reading": 0.016549255698919296, "p_listening": 0.961, "p_reading": 0.379, "barbin": 0, "rgb": "#000000", "zyx": [9, 24, 53]}