{"timescalecorr": 0.9746145606040955, "corr_listening": 0.15646567940711975, "corr_reading": -1.1801636901509482e-05, "p_listening": 0.001, "p_reading": 0.688, "barbin": 0, "rgb": "#000000", "zyx": [3, 75, 61]}