{"timescalecorr": 0.000372405193047598, "corr_listening": -0.0065573351457715034, "corr_reading": -0.025920316576957703, "p_listening": 0.683, "p_reading": 0.685, "barbin": 0, "rgb": "#000000", "zyx": [5, 53, 71]}