{"timescalecorr": 0.03358164802193642, "corr_listening": 0.04915263503789902, "corr_reading": 0.06048518419265747, "p_listening": 0.156, "p_reading": 0.146, "barbin": 0, "rgb": "#000000", "zyx": [2, 88, 63]}