{"timescalecorr": 0.2306017130613327, "corr_listening": -0.020837053656578064, "corr_reading": 0.12133704125881195, "p_listening": 0.636, "p_reading": 0.013, "barbin": 0, "rgb": "#000000", "zyx": [14, 75, 43]}