{"timescalecorr": 6.419684359570965e-05, "corr_listening": -0.03770551085472107, "corr_reading": -0.04862996190786362, "p_listening": 0.826, "p_reading": 0.861, "barbin": 0, "rgb": "#000000", "zyx": [2, 75, 45]}