{"timescalecorr": 5.682487244484946e-05, "corr_listening": 0.009213892742991447, "corr_reading": 0.11362078785896301, "p_listening": 0.075, "p_reading": 0.024, "barbin": 0, "rgb": "#000000", "zyx": [24, 46, 47]}