{"timescalecorr": 0.004131908994168043, "corr_listening": 0.015132955275475979, "corr_reading": 0.042683497071266174, "p_listening": 0.309, "p_reading": 0.2, "barbin": 0, "rgb": "#000000", "zyx": [11, 72, 46]}