{"timescalecorr": 0.3499371409416199, "corr_listening": -0.0076401010155677795, "corr_reading": 0.009129514917731285, "p_listening": 0.572, "p_reading": 0.344, "barbin": 0, "rgb": "#000000", "zyx": [6, 87, 52]}