{"timescalecorr": 0.9812739491462708, "corr_listening": 0.010167274624109268, "corr_reading": 0.04891602322459221, "p_listening": 0.426, "p_reading": 0.2, "barbin": 0, "rgb": "#000000", "zyx": [3, 54, 63]}