{"timescalecorr": 3.1838684662943706e-05, "corr_listening": -0.0054235393181443214, "corr_reading": 0.04418066143989563, "p_listening": 0.59, "p_reading": 0.243, "barbin": 0, "rgb": "#000000", "zyx": [21, 76, 56]}