{"timescalecorr": 0.9915991425514221, "corr_listening": -0.008080711588263512, "corr_reading": 0.2316773235797882, "p_listening": 0.549, "p_reading": 0.0, "barbin": 1, "rgb": "#000000", "zyx": [18, 71, 50]}