{"timescalecorr": 0.0, "corr_listening": -0.012300667352974415, "corr_reading": -0.0555025190114975, "p_listening": 0.573, "p_reading": 0.981, "barbin": 0, "rgb": "#000000", "zyx": [22, 36, 65]}