{"timescalecorr": 5.6048552465881585e-08, "corr_listening": -0.01655467599630356, "corr_reading": -0.042180582880973816, "p_listening": 0.835, "p_reading": 0.75, "barbin": 0, "rgb": "#000000", "zyx": [7, 33, 55]}