{"timescalecorr": 1.1926052138733212e-05, "corr_listening": -0.02469300851225853, "corr_reading": -0.14011511206626892, "p_listening": 0.672, "p_reading": 0.989, "barbin": 0, "rgb": "#000000", "zyx": [5, 77, 61]}