{"timescalecorr": 1.338104453629807e-11, "corr_listening": -0.03453506529331207, "corr_reading": -0.04190443083643913, "p_listening": 0.717, "p_reading": 0.786, "barbin": 0, "rgb": "#000000", "zyx": [24, 68, 41]}