{"timescalecorr": 0.00011750342673622072, "corr_listening": 0.02071116492152214, "corr_reading": 0.03254881873726845, "p_listening": 0.209, "p_reading": 0.278, "barbin": 0, "rgb": "#000000", "zyx": [5, 34, 67]}