{"timescalecorr": 0.10720213502645493, "corr_listening": -0.02681591548025608, "corr_reading": -0.014585938304662704, "p_listening": 0.686, "p_reading": 0.601, "barbin": 0, "rgb": "#000000", "zyx": [4, 42, 42]}