{"timescalecorr": 0.15474562346935272, "corr_listening": 0.07138311862945557, "corr_reading": 0.0755615159869194, "p_listening": 0.018, "p_reading": 0.004, "barbin": 0, "rgb": "#000000", "zyx": [10, 69, 51]}