{"timescalecorr": 0.017917435616254807, "corr_listening": 0.0007351040840148926, "corr_reading": -0.003988335374742746, "p_listening": 0.506, "p_reading": 0.612, "barbin": 0, "rgb": "#000000", "zyx": [4, 76, 33]}