{"timescalecorr": 0.9881532788276672, "corr_listening": -0.008638918399810791, "corr_reading": -0.01407711859792471, "p_listening": 0.643, "p_reading": 0.604, "barbin": 0, "rgb": "#000000", "zyx": [14, 71, 38]}