{"timescalecorr": 0.9988996386528015, "corr_listening": 0.03464329242706299, "corr_reading": 0.02580542117357254, "p_listening": 0.287, "p_reading": 0.31, "barbin": 0, "rgb": "#000000", "zyx": [19, 19, 46]}