{"timescalecorr": 0.00020955264335498214, "corr_listening": 0.03434927761554718, "corr_reading": 0.012057660147547722, "p_listening": 0.309, "p_reading": 0.423, "barbin": 0, "rgb": "#000000", "zyx": [24, 55, 59]}