{"timescalecorr": 0.0008820787770673633, "corr_listening": -0.03082016482949257, "corr_reading": -0.012637477368116379, "p_listening": 0.704, "p_reading": 0.562, "barbin": 0, "rgb": "#000000", "zyx": [11, 89, 48]}