{"timescalecorr": 0.8403614163398743, "corr_listening": -0.02874188870191574, "corr_reading": -0.20720024406909943, "p_listening": 0.674, "p_reading": 1.0, "barbin": 0, "rgb": "#000000", "zyx": [9, 73, 58]}