{"timescalecorr": 0.0, "corr_listening": -0.002675700234249234, "corr_reading": -0.004336616024374962, "p_listening": 0.528, "p_reading": 0.839, "barbin": 0, "rgb": "#000000", "zyx": [5, 47, 77]}