{"timescalecorr": 4.9696533096721396e-05, "corr_listening": 0.1456373929977417, "corr_reading": 0.02396211586892605, "p_listening": 0.001, "p_reading": 0.124, "barbin": 0, "rgb": "#000000", "zyx": [9, 48, 59]}