{"timescalecorr": 7.990219271815369e-13, "corr_listening": 0.03463509678840637, "corr_reading": -0.09075480699539185, "p_listening": 0.274, "p_reading": 0.935, "barbin": 0, "rgb": "#000000", "zyx": [5, 79, 44]}