{"timescalecorr": 0.0861106812953949, "corr_listening": 0.0061110821552574635, "corr_reading": 0.05007859319448471, "p_listening": 0.438, "p_reading": 0.193, "barbin": 0, "rgb": "#000000", "zyx": [14, 41, 50]}