{"timescalecorr": 0.1142922043800354, "corr_listening": 0.03582318499684334, "corr_reading": -0.003641689196228981, "p_listening": 0.269, "p_reading": 0.845, "barbin": 0, "rgb": "#000000", "zyx": [26, 53, 61]}