{"timescalecorr": 1.8735463527264073e-05, "corr_listening": -0.016533074900507927, "corr_reading": 0.01711304485797882, "p_listening": 0.633, "p_reading": 0.394, "barbin": 0, "rgb": "#000000", "zyx": [12, 29, 43]}