{"timescalecorr": 0.1477225422859192, "corr_listening": 0.0036125772166997194, "corr_reading": 0.032671090215444565, "p_listening": 0.328, "p_reading": 0.196, "barbin": 0, "rgb": "#000000", "zyx": [9, 39, 42]}