{"timescalecorr": 0.4871993660926819, "corr_listening": 0.1163218542933464, "corr_reading": 0.11216758191585541, "p_listening": 0.0, "p_reading": 0.0, "barbin": 1, "rgb": "#000000", "zyx": [15, 84, 60]}