{"timescalecorr": 0.9993365406990051, "corr_listening": -0.04744311049580574, "corr_reading": 0.003357876557856798, "p_listening": 0.842, "p_reading": 0.427, "barbin": 0, "rgb": "#000000", "zyx": [17, 69, 42]}