{"timescalecorr": 1.0627752899949883e-08, "corr_listening": -0.0014612363884225488, "corr_reading": 0.014045998454093933, "p_listening": 0.555, "p_reading": 0.206, "barbin": 0, "rgb": "#000000", "zyx": [6, 61, 36]}