{"timescalecorr": 0.890174925327301, "corr_listening": -0.01832982525229454, "corr_reading": 0.003883614670485258, "p_listening": 0.656, "p_reading": 0.474, "barbin": 0, "rgb": "#000000", "zyx": [9, 64, 67]}