{"timescalecorr": 2.33968333596124e-09, "corr_listening": 9.891943773254752e-05, "corr_reading": -0.050635941326618195, "p_listening": 0.346, "p_reading": 0.801, "barbin": 0, "rgb": "#000000", "zyx": [8, 42, 66]}