{"timescalecorr": 0.2731606960296631, "corr_listening": 0.007339827716350555, "corr_reading": 0.06024644523859024, "p_listening": 0.461, "p_reading": 0.088, "barbin": 0, "rgb": "#000000", "zyx": [15, 69, 71]}