{"timescalecorr": 0.5456289052963257, "corr_listening": -0.1256968230009079, "corr_reading": 0.14311374723911285, "p_listening": 0.997, "p_reading": 0.001, "barbin": 0, "rgb": "#000000", "zyx": [9, 77, 77]}