{"timescalecorr": 0.8946419358253479, "corr_listening": 0.04224944859743118, "corr_reading": 0.022125648334622383, "p_listening": 0.176, "p_reading": 0.326, "barbin": 0, "rgb": "#000000", "zyx": [2, 69, 31]}