{"timescalecorr": 0.894995927810669, "corr_listening": -0.19610370695590973, "corr_reading": -0.04799426719546318, "p_listening": 0.999, "p_reading": 0.802, "barbin": 0, "rgb": "#000000", "zyx": [0, 81, 49]}