{"timescalecorr": 0.14560756087303162, "corr_listening": 0.0015224094968289137, "corr_reading": -0.14503057301044464, "p_listening": 0.465, "p_reading": 1.0, "barbin": 0, "rgb": "#000000", "zyx": [20, 69, 41]}