{"timescalecorr": 0.016687948256731033, "corr_listening": -0.004093195777386427, "corr_reading": 0.06844224035739899, "p_listening": 0.68, "p_reading": 0.113, "barbin": 0, "rgb": "#000000", "zyx": [12, 57, 29]}