{"timescalecorr": 1.484820677433163e-05, "corr_listening": 0.03555186092853546, "corr_reading": -0.0234996248036623, "p_listening": 0.265, "p_reading": 0.672, "barbin": 0, "rgb": "#000000", "zyx": [22, 36, 48]}