{"timescalecorr": 0.7760949730873108, "corr_listening": -0.057304009795188904, "corr_reading": 0.02984369546175003, "p_listening": 0.909, "p_reading": 0.024, "barbin": 0, "rgb": "#000000", "zyx": [1, 83, 64]}