{"timescalecorr": 0.04700698330998421, "corr_listening": -0.10797519981861115, "corr_reading": 0.04560970142483711, "p_listening": 0.968, "p_reading": 0.242, "barbin": 0, "rgb": "#000000", "zyx": [3, 34, 38]}