{"timescalecorr": 0.9374166131019592, "corr_listening": 0.012704076245427132, "corr_reading": 0.05696626380085945, "p_listening": 0.341, "p_reading": 0.065, "barbin": 0, "rgb": "#000000", "zyx": [19, 86, 60]}