{"timescalecorr": 0.0035471199080348015, "corr_listening": -0.018413545563817024, "corr_reading": 0.040606360882520676, "p_listening": 0.605, "p_reading": 0.21, "barbin": 0, "rgb": "#000000", "zyx": [10, 62, 47]}