{"timescalecorr": 0.1338273584842682, "corr_listening": -0.09094329178333282, "corr_reading": 0.06209786236286163, "p_listening": 0.933, "p_reading": 0.13, "barbin": 0, "rgb": "#000000", "zyx": [13, 38, 67]}