{"timescalecorr": 0.6772424578666687, "corr_listening": 0.12746644020080566, "corr_reading": 0.18470434844493866, "p_listening": 0.0, "p_reading": 0.0, "barbin": 2, "rgb": "#000000", "zyx": [9, 67, 78]}