{"timescalecorr": 0.3714565634727478, "corr_listening": 0.1255008578300476, "corr_reading": -0.008198946714401245, "p_listening": 0.002, "p_reading": 0.548, "barbin": 0, "rgb": "#000000", "zyx": [2, 71, 68]}