{"timescalecorr": 0.22488565742969513, "corr_listening": -0.059704218059778214, "corr_reading": 0.05030949413776398, "p_listening": 0.913, "p_reading": 0.147, "barbin": 0, "rgb": "#000000", "zyx": [9, 91, 53]}