{"timescalecorr": 0.14923903346061707, "corr_listening": 0.09515898674726486, "corr_reading": -0.011915063485503197, "p_listening": 0.057, "p_reading": 0.863, "barbin": 0, "rgb": "#000000", "zyx": [22, 56, 44]}