{"timescalecorr": 0.0, "corr_listening": -0.09658951312303543, "corr_reading": -0.0708930641412735, "p_listening": 0.948, "p_reading": 0.878, "barbin": 0, "rgb": "#000000", "zyx": [18, 45, 53]}