{"timescalecorr": 0.033760540187358856, "corr_listening": 0.025874825194478035, "corr_reading": 0.002816449850797653, "p_listening": 0.297, "p_reading": 0.509, "barbin": 0, "rgb": "#000000", "zyx": [17, 65, 65]}