{"timescalecorr": 0.5881105065345764, "corr_listening": 0.24014315009117126, "corr_reading": 0.13631732761859894, "p_listening": 0.0, "p_reading": 0.002, "barbin": 2, "rgb": "#000000", "zyx": [26, 59, 55]}