{"timescalecorr": 8.651492680655792e-05, "corr_listening": -0.06491915136575699, "corr_reading": 0.09666020423173904, "p_listening": 0.89, "p_reading": 0.049, "barbin": 0, "rgb": "#000000", "zyx": [14, 46, 69]}