{"timescalecorr": 2.9809341867803596e-05, "corr_listening": -0.03382837027311325, "corr_reading": 0.04547969251871109, "p_listening": 0.74, "p_reading": 0.197, "barbin": 0, "rgb": "#000000", "zyx": [15, 35, 34]}