{"timescalecorr": 0.9948007464408875, "corr_listening": 0.04491531476378441, "corr_reading": 0.10589119046926498, "p_listening": 0.216, "p_reading": 0.043, "barbin": 0, "rgb": "#000000", "zyx": [4, 47, 30]}