{"timescalecorr": 0.4337942898273468, "corr_listening": 0.15925872325897217, "corr_reading": -0.09466671943664551, "p_listening": 0.002, "p_reading": 0.952, "barbin": 0, "rgb": "#000000", "zyx": [17, 72, 57]}