{"timescalecorr": 0.0005801092484034598, "corr_listening": 0.1322999894618988, "corr_reading": 0.11348233371973038, "p_listening": 0.016, "p_reading": 0.028, "barbin": 1, "rgb": "#000000", "zyx": [15, 79, 73]}