{"timescalecorr": 0.23559962213039398, "corr_listening": 0.13112574815750122, "corr_reading": 0.051895491778850555, "p_listening": 0.0, "p_reading": 0.191, "barbin": 0, "rgb": "#000000", "zyx": [18, 67, 50]}