{"timescalecorr": 0.9842053651809692, "corr_listening": 0.16024504601955414, "corr_reading": 0.04754507914185524, "p_listening": 0.002, "p_reading": 0.211, "barbin": 1, "rgb": "#000000", "zyx": [9, 52, 25]}