{"timescalecorr": 0.0004907790571451187, "corr_listening": -0.18889650702476501, "corr_reading": -0.051880307495594025, "p_listening": 1.0, "p_reading": 0.805, "barbin": 0, "rgb": "#000000", "zyx": [13, 69, 60]}