{"timescalecorr": 0.9983559250831604, "corr_listening": -0.024229276925325394, "corr_reading": -0.038453880697488785, "p_listening": 0.63, "p_reading": 0.772, "barbin": 0, "rgb": "#000000", "zyx": [1, 43, 45]}