{"timescalecorr": 9.317566451727544e-08, "corr_listening": 0.16806599497795105, "corr_reading": 0.011313770897686481, "p_listening": 0.001, "p_reading": 0.444, "barbin": 0, "rgb": "#000000", "zyx": [18, 26, 59]}