{"timescalecorr": 0.12558405101299286, "corr_listening": 0.0034914349671453238, "corr_reading": 0.05394012853503227, "p_listening": 0.478, "p_reading": 0.126, "barbin": 0, "rgb": "#000000", "zyx": [8, 57, 40]}