{"timescalecorr": 0.2303454726934433, "corr_listening": 0.20323482155799866, "corr_reading": 0.03708551824092865, "p_listening": 0.0, "p_reading": 0.273, "barbin": 1, "rgb": "#000000", "zyx": [18, 40, 37]}