{"timescalecorr": 0.5396111011505127, "corr_listening": 0.005163976456969976, "corr_reading": 0.12022688239812851, "p_listening": 0.46, "p_reading": 0.017, "barbin": 0, "rgb": "#000000", "zyx": [18, 25, 60]}