{"timescalecorr": 0.3607228994369507, "corr_listening": 0.03822050616145134, "corr_reading": -0.006963451858609915, "p_listening": 0.227, "p_reading": 0.696, "barbin": 0, "rgb": "#000000", "zyx": [18, 68, 33]}