{"timescalecorr": 0.002272787969559431, "corr_listening": 0.1499621421098709, "corr_reading": 0.05355435237288475, "p_listening": 0.001, "p_reading": 0.173, "barbin": 1, "rgb": "#000000", "zyx": [12, 70, 74]}