{"timescalecorr": 0.00010455526353325695, "corr_listening": 0.07093748450279236, "corr_reading": -0.020647283643484116, "p_listening": 0.114, "p_reading": 0.653, "barbin": 0, "rgb": "#000000", "zyx": [12, 62, 48]}