{"timescalecorr": 0.5146067142486572, "corr_listening": 0.24909022450447083, "corr_reading": 0.21680353581905365, "p_listening": 0.0, "p_reading": 0.0, "barbin": 3, "rgb": "#000000", "zyx": [6, 63, 61]}