{"timescalecorr": 1.2246900314131431e-17, "corr_listening": -0.00215377239510417, "corr_reading": 0.0020030366722494364, "p_listening": 0.597, "p_reading": 0.309, "barbin": 0, "rgb": "#000000", "zyx": [7, 55, 48]}