{"timescalecorr": 0.06524588167667389, "corr_listening": 0.0462622195482254, "corr_reading": 0.09495538473129272, "p_listening": 0.234, "p_reading": 0.029, "barbin": 0, "rgb": "#000000", "zyx": [16, 59, 49]}