{"timescalecorr": 0.002133250003680587, "corr_listening": -0.1760478913784027, "corr_reading": 0.034362152218818665, "p_listening": 1.0, "p_reading": 0.156, "barbin": 0, "rgb": "#000000", "zyx": [21, 25, 49]}