{"timescalecorr": 0.9482877254486084, "corr_listening": 0.19827041029930115, "corr_reading": 0.10024784505367279, "p_listening": 0.002, "p_reading": 0.052, "barbin": 1, "rgb": "#000000", "zyx": [19, 53, 48]}