{"timescalecorr": 0.001900114817544818, "corr_listening": 0.016565358266234398, "corr_reading": 0.007227676920592785, "p_listening": 0.385, "p_reading": 0.459, "barbin": 0, "rgb": "#000000", "zyx": [12, 59, 25]}