{"timescalecorr": 0.32238897681236267, "corr_listening": 0.1826774924993515, "corr_reading": 0.19216227531433105, "p_listening": 0.002, "p_reading": 0.0, "barbin": 2, "rgb": "#000000", "zyx": [13, 70, 52]}