{"timescalecorr": 0.6623328924179077, "corr_listening": 0.20673656463623047, "corr_reading": 0.2683623433113098, "p_listening": 0.0, "p_reading": 0.0, "barbin": 3, "rgb": "#000000", "zyx": [25, 56, 40]}