{"timescalecorr": 0.016375504434108734, "corr_listening": 0.010685107670724392, "corr_reading": 0.025122875347733498, "p_listening": 0.459, "p_reading": 0.275, "barbin": 0, "rgb": "#000000", "zyx": [23, 65, 65]}