{"timescalecorr": 0.9989691376686096, "corr_listening": 0.012115776538848877, "corr_reading": -0.07045771181583405, "p_listening": 0.42, "p_reading": 0.908, "barbin": 0, "rgb": "#000000", "zyx": [6, 50, 60]}