{"timescalecorr": 0.0192264337092638, "corr_listening": 0.03687630966305733, "corr_reading": -0.01737895980477333, "p_listening": 0.236, "p_reading": 0.621, "barbin": 0, "rgb": "#000000", "zyx": [1, 76, 52]}