{"timescalecorr": 1.2641751823139202e-07, "corr_listening": 0.06441773474216461, "corr_reading": 0.08480621129274368, "p_listening": 0.129, "p_reading": 0.071, "barbin": 0, "rgb": "#000000", "zyx": [6, 56, 28]}