{"timescalecorr": 1.6125215312329244e-12, "corr_listening": -0.107387013733387, "corr_reading": 0.022753950208425522, "p_listening": 0.966, "p_reading": 0.166, "barbin": 0, "rgb": "#000000", "zyx": [15, 66, 46]}