{"timescalecorr": 0.00018633015861269087, "corr_listening": -0.040407344698905945, "corr_reading": 0.07998634874820709, "p_listening": 0.723, "p_reading": 0.103, "barbin": 0, "rgb": "#000000", "zyx": [12, 16, 56]}