{"timescalecorr": 0.0, "corr_listening": -0.07656953483819962, "corr_reading": -0.10485278069972992, "p_listening": 0.91, "p_reading": 0.961, "barbin": 0, "rgb": "#000000", "zyx": [18, 32, 42]}