{"timescalecorr": 0.017878010869026184, "corr_listening": 0.007101396564394236, "corr_reading": 0.009371835738420486, "p_listening": 0.428, "p_reading": 0.403, "barbin": 0, "rgb": "#000000", "zyx": [14, 34, 39]}