{"timescalecorr": NaN, "corr_listening": -0.1502404510974884, "corr_reading": 0.004393384791910648, "p_listening": 0.994, "p_reading": 0.386, "barbin": 0, "rgb": "#000000", "zyx": [21, 32, 65]}