{"timescalecorr": 0.001399228349328041, "corr_listening": -0.23484690487384796, "corr_reading": 0.026998477056622505, "p_listening": 1.0, "p_reading": 0.323, "barbin": 0, "rgb": "#000000", "zyx": [19, 69, 31]}