{"timescalecorr": 0.8773326277732849, "corr_listening": 0.05855075269937515, "corr_reading": 0.11750635504722595, "p_listening": 0.146, "p_reading": 0.024, "barbin": 0, "rgb": "#000000", "zyx": [21, 29, 49]}