{"timescalecorr": 5.071139526080515e-07, "corr_listening": -0.08458888530731201, "corr_reading": 0.042332686483860016, "p_listening": 0.927, "p_reading": 0.208, "barbin": 0, "rgb": "#000000", "zyx": [13, 29, 59]}