{"timescalecorr": 0.0, "corr_listening": -0.03244325891137123, "corr_reading": -0.043263763189315796, "p_listening": 0.732, "p_reading": 0.838, "barbin": 0, "rgb": "#000000", "zyx": [19, 83, 61]}