{"timescalecorr": 0.5787994265556335, "corr_listening": 0.21607322990894318, "corr_reading": 0.2435743510723114, "p_listening": 0.0, "p_reading": 0.0, "barbin": 3, "rgb": "#000000", "zyx": [24, 50, 40]}