{"timescalecorr": 0.8949880599975586, "corr_listening": 0.0057959044352173805, "corr_reading": -0.0085243945941329, "p_listening": 0.449, "p_reading": 0.556, "barbin": 0, "rgb": "#000000", "zyx": [9, 79, 63]}