{"timescalecorr": 9.028448561682056e-13, "corr_listening": 0.058425117284059525, "corr_reading": -0.0043778251856565475, "p_listening": 0.158, "p_reading": 0.552, "barbin": 0, "rgb": "#000000", "zyx": [10, 51, 23]}