{"timescalecorr": 0.08441122621297836, "corr_listening": 0.0002845350536517799, "corr_reading": 0.010998041369020939, "p_listening": 0.192, "p_reading": 0.238, "barbin": 0, "rgb": "#000000", "zyx": [8, 54, 82]}