{"timescalecorr": 0.9972243309020996, "corr_listening": -0.05833283066749573, "corr_reading": 0.05727963149547577, "p_listening": 0.901, "p_reading": 0.169, "barbin": 0, "rgb": "#000000", "zyx": [4, 63, 44]}