{"timescalecorr": 5.770557891082717e-06, "corr_listening": -0.07801508158445358, "corr_reading": 0.0007428938988596201, "p_listening": 0.903, "p_reading": 0.482, "barbin": 0, "rgb": "#000000", "zyx": [22, 25, 54]}