{"timescalecorr": 0.7003708481788635, "corr_listening": -0.032947368919849396, "corr_reading": 0.09412048757076263, "p_listening": 0.748, "p_reading": 0.053, "barbin": 0, "rgb": "#000000", "zyx": [10, 27, 40]}