{"timescalecorr": 0.04398450255393982, "corr_listening": 0.0898091122508049, "corr_reading": -0.06793583929538727, "p_listening": 0.063, "p_reading": 0.88, "barbin": 0, "rgb": "#000000", "zyx": [21, 50, 31]}