{"timescalecorr": 4.846647811973526e-07, "corr_listening": 0.08961755037307739, "corr_reading": 0.01662382110953331, "p_listening": 0.038, "p_reading": 0.24, "barbin": 0, "rgb": "#000000", "zyx": [3, 56, 63]}