{"timescalecorr": 0.4474398195743561, "corr_listening": 0.021168360486626625, "corr_reading": 0.04826745390892029, "p_listening": 0.344, "p_reading": 0.185, "barbin": 0, "rgb": "#000000", "zyx": [13, 77, 29]}