{"timescalecorr": 0.7259286642074585, "corr_listening": 0.05713174492120743, "corr_reading": 0.01841215416789055, "p_listening": 0.163, "p_reading": 0.4, "barbin": 0, "rgb": "#000000", "zyx": [18, 47, 36]}