{"timescalecorr": 0.027825385332107544, "corr_listening": -0.004028137307614088, "corr_reading": 0.011915383860468864, "p_listening": 0.57, "p_reading": 0.379, "barbin": 0, "rgb": "#000000", "zyx": [18, 49, 38]}