{"timescalecorr": 0.013999844901263714, "corr_listening": 0.000880005769431591, "corr_reading": 0.11737454682588577, "p_listening": 0.504, "p_reading": 0.02, "barbin": 0, "rgb": "#000000", "zyx": [24, 58, 56]}