{"timescalecorr": 0.99969482421875, "corr_listening": 0.03185950219631195, "corr_reading": -0.047359779477119446, "p_listening": 0.088, "p_reading": 0.778, "barbin": 0, "rgb": "#000000", "zyx": [21, 50, 36]}