{"timescalecorr": 0.000480441638501361, "corr_listening": -0.0859663337469101, "corr_reading": 0.05392967909574509, "p_listening": 1.0, "p_reading": 0.166, "barbin": 0, "rgb": "#000000", "zyx": [0, 81, 52]}