{"timescalecorr": 3.110399759975735e-08, "corr_listening": -0.01777913048863411, "corr_reading": 0.062237292528152466, "p_listening": 0.633, "p_reading": 0.139, "barbin": 0, "rgb": "#000000", "zyx": [18, 78, 51]}