{"timescalecorr": 0.00574649078771472, "corr_listening": 0.009982888586819172, "corr_reading": -0.025797110050916672, "p_listening": 0.447, "p_reading": 0.664, "barbin": 0, "rgb": "#000000", "zyx": [7, 45, 58]}