{"timescalecorr": 0.0033575769048184156, "corr_listening": -0.10592115670442581, "corr_reading": 0.00041532720206305385, "p_listening": 0.964, "p_reading": 0.42, "barbin": 0, "rgb": "#000000", "zyx": [19, 65, 50]}