{"timescalecorr": 0.01647348515689373, "corr_listening": 0.04304516315460205, "corr_reading": 0.002925213659182191, "p_listening": 0.108, "p_reading": 0.463, "barbin": 0, "rgb": "#000000", "zyx": [12, 63, 29]}