{"timescalecorr": 1.27391342917213e-13, "corr_listening": -0.04249820485711098, "corr_reading": 0.0329166054725647, "p_listening": 0.756, "p_reading": 0.274, "barbin": 0, "rgb": "#000000", "zyx": [12, 71, 71]}