{"timescalecorr": 0.1569773405790329, "corr_listening": 0.03420202434062958, "corr_reading": 0.01910153590142727, "p_listening": 0.213, "p_reading": 0.281, "barbin": 0, "rgb": "#000000", "zyx": [7, 84, 62]}