{"timescalecorr": 0.056128185242414474, "corr_listening": 0.04455875605344772, "corr_reading": -0.05645394325256348, "p_listening": 0.227, "p_reading": 0.841, "barbin": 0, "rgb": "#000000", "zyx": [23, 40, 65]}