{"timescalecorr": 5.200097916713275e-07, "corr_listening": -0.07945000380277634, "corr_reading": 0.028695017099380493, "p_listening": 0.926, "p_reading": 0.287, "barbin": 0, "rgb": "#000000", "zyx": [14, 88, 57]}