{"timescalecorr": 0.0010128299472853541, "corr_listening": 0.0620930977165699, "corr_reading": 0.019700005650520325, "p_listening": 0.147, "p_reading": 0.344, "barbin": 0, "rgb": "#000000", "zyx": [11, 41, 62]}