{"timescalecorr": 1.3522434016977058e-07, "corr_listening": -0.015976596623659134, "corr_reading": -0.04622938483953476, "p_listening": 0.782, "p_reading": 0.913, "barbin": 0, "rgb": "#000000", "zyx": [22, 81, 64]}