{"timescalecorr": 0.0004196595400571823, "corr_listening": -0.008990584872663021, "corr_reading": 0.05694982409477234, "p_listening": 0.835, "p_reading": 0.009, "barbin": 0, "rgb": "#000000", "zyx": [18, 53, 32]}