{"timescalecorr": 1.1567420870051137e-06, "corr_listening": -0.07286081463098526, "corr_reading": 0.01428224053233862, "p_listening": 0.883, "p_reading": 0.422, "barbin": 0, "rgb": "#000000", "zyx": [11, 32, 56]}