{"timescalecorr": 0.0002650526294019073, "corr_listening": 0.06028027832508087, "corr_reading": 0.014823917299509048, "p_listening": 0.143, "p_reading": 0.422, "barbin": 0, "rgb": "#000000", "zyx": [26, 70, 41]}