{"timescalecorr": 0.0036632672417908907, "corr_listening": -8.511266059940681e-06, "corr_reading": -0.11920997500419617, "p_listening": 0.499, "p_reading": 0.984, "barbin": 0, "rgb": "#000000", "zyx": [9, 38, 67]}