{"timescalecorr": 0.5181152820587158, "corr_listening": 0.02447330765426159, "corr_reading": 0.014756976626813412, "p_listening": 0.297, "p_reading": 0.3, "barbin": 0, "rgb": "#000000", "zyx": [6, 69, 40]}