{"timescalecorr": 0.3838241994380951, "corr_listening": -0.05033915489912033, "corr_reading": 0.08799092471599579, "p_listening": 0.831, "p_reading": 0.057, "barbin": 0, "rgb": "#000000", "zyx": [13, 46, 70]}