{"timescalecorr": 0.2388722002506256, "corr_listening": 0.06428927183151245, "corr_reading": -0.022678855806589127, "p_listening": 0.132, "p_reading": 0.668, "barbin": 0, "rgb": "#000000", "zyx": [23, 66, 50]}