{"timescalecorr": 0.20734600722789764, "corr_listening": 0.10928680002689362, "corr_reading": 0.03548593819141388, "p_listening": 0.03, "p_reading": 0.286, "barbin": 0, "rgb": "#000000", "zyx": [9, 50, 63]}