{"timescalecorr": 0.009329470805823803, "corr_listening": -0.07596572488546371, "corr_reading": 0.05103560537099838, "p_listening": 0.9, "p_reading": 0.187, "barbin": 0, "rgb": "#000000", "zyx": [18, 46, 74]}