{"timescalecorr": 0.40278035402297974, "corr_listening": 0.028013816103339195, "corr_reading": 0.05354408174753189, "p_listening": 0.314, "p_reading": 0.194, "barbin": 0, "rgb": "#000000", "zyx": [11, 73, 40]}