{"timescalecorr": 0.018364468589425087, "corr_listening": 0.12029054015874863, "corr_reading": 0.025929654017090797, "p_listening": 0.022, "p_reading": 0.334, "barbin": 0, "rgb": "#000000", "zyx": [13, 84, 59]}