{"timescalecorr": 1.0128684380106279e-06, "corr_listening": -0.007793985307216644, "corr_reading": -0.010155106894671917, "p_listening": 0.561, "p_reading": 0.567, "barbin": 0, "rgb": "#000000", "zyx": [14, 49, 25]}