{"timescalecorr": 0.33266115188598633, "corr_listening": 0.008935661986470222, "corr_reading": 0.10690759122371674, "p_listening": 0.373, "p_reading": 0.002, "barbin": 0, "rgb": "#000000", "zyx": [16, 87, 41]}