{"timescalecorr": 0.46292051672935486, "corr_listening": -0.10282720625400543, "corr_reading": 0.0516689270734787, "p_listening": 0.961, "p_reading": 0.0, "barbin": 0, "rgb": "#000000", "zyx": [3, 78, 38]}