{"timescalecorr": 0.08068238198757172, "corr_listening": 0.0662221685051918, "corr_reading": -0.03634709119796753, "p_listening": 0.137, "p_reading": 0.749, "barbin": 0, "rgb": "#000000", "zyx": [14, 28, 41]}