{"timescalecorr": 0.9014481902122498, "corr_listening": 0.13538280129432678, "corr_reading": -0.001109457341954112, "p_listening": 0.011, "p_reading": 0.525, "barbin": 0, "rgb": "#000000", "zyx": [14, 62, 36]}