{"timescalecorr": 0.6140679121017456, "corr_listening": 0.02728770673274994, "corr_reading": 0.023202452808618546, "p_listening": 0.343, "p_reading": 0.313, "barbin": 0, "rgb": "#000000", "zyx": [15, 73, 38]}