{"timescalecorr": 0.23813247680664062, "corr_listening": 0.1216069906949997, "corr_reading": -0.0012615746818482876, "p_listening": 0.019, "p_reading": 0.518, "barbin": 0, "rgb": "#000000", "zyx": [13, 87, 46]}