{"timescalecorr": 1.8156358578061416e-12, "corr_listening": 0.09408029168844223, "corr_reading": 0.019426025450229645, "p_listening": 0.055, "p_reading": 0.258, "barbin": 0, "rgb": "#000000", "zyx": [13, 21, 38]}