{"timescalecorr": 0.895173966884613, "corr_listening": 0.19525420665740967, "corr_reading": 0.10171855241060257, "p_listening": 0.0, "p_reading": 0.04, "barbin": 1, "rgb": "#000000", "zyx": [23, 28, 47]}