{"timescalecorr": 0.006862851791083813, "corr_listening": 0.08339125663042068, "corr_reading": 0.006868680473417044, "p_listening": 0.07, "p_reading": 0.446, "barbin": 0, "rgb": "#000000", "zyx": [4, 77, 63]}