{"timescalecorr": 0.012671155855059624, "corr_listening": 0.19015568494796753, "corr_reading": -0.0809946283698082, "p_listening": 0.001, "p_reading": 0.911, "barbin": 0, "rgb": "#000000", "zyx": [25, 39, 56]}