{"timescalecorr": 0.00801575742661953, "corr_listening": 3.280199962318875e-05, "corr_reading": -0.006362525280565023, "p_listening": 0.502, "p_reading": 0.991, "barbin": 0, "rgb": "#000000", "zyx": [9, 22, 54]}