{"timescalecorr": 4.074793277862414e-14, "corr_listening": -0.059786099940538406, "corr_reading": 0.019038626924157143, "p_listening": 0.833, "p_reading": 0.323, "barbin": 0, "rgb": "#000000", "zyx": [3, 68, 75]}