{"timescalecorr": 0.0055821905843913555, "corr_listening": -0.0034217271022498608, "corr_reading": 0.004182274453341961, "p_listening": 0.546, "p_reading": 0.428, "barbin": 0, "rgb": "#000000", "zyx": [10, 85, 61]}