{"timescalecorr": 0.0952426940202713, "corr_listening": 0.004962268751114607, "corr_reading": 0.051322028040885925, "p_listening": 0.305, "p_reading": 0.182, "barbin": 0, "rgb": "#000000", "zyx": [17, 51, 51]}