{"timescalecorr": 0.921008825302124, "corr_listening": 0.024397660046815872, "corr_reading": -0.049529191106557846, "p_listening": 0.322, "p_reading": 0.827, "barbin": 0, "rgb": "#000000", "zyx": [9, 38, 58]}