{"timescalecorr": 0.9955869317054749, "corr_listening": 0.11540164053440094, "corr_reading": -0.05574081838130951, "p_listening": 0.026, "p_reading": 0.824, "barbin": 0, "rgb": "#000000", "zyx": [13, 93, 45]}