{"timescalecorr": 0.1774766743183136, "corr_listening": 0.05934546887874603, "corr_reading": -0.034660764038562775, "p_listening": 0.156, "p_reading": 0.735, "barbin": 0, "rgb": "#000000", "zyx": [15, 89, 51]}