{"timescalecorr": 0.914176881313324, "corr_listening": 0.27807503938674927, "corr_reading": 0.1987755000591278, "p_listening": 0.0, "p_reading": 0.0, "barbin": 3, "rgb": "#000000", "zyx": [17, 51, 67]}