{"timescalecorr": 0.5457047820091248, "corr_listening": 0.20770610868930817, "corr_reading": 0.21997055411338806, "p_listening": 0.0, "p_reading": 0.0, "barbin": 3, "rgb": "#000000", "zyx": [21, 60, 69]}