{"timescalecorr": 0.03586047142744064, "corr_listening": 0.09974821656942368, "corr_reading": 0.0025078642647713423, "p_listening": 0.025, "p_reading": 0.27, "barbin": 0, "rgb": "#000000", "zyx": [2, 70, 33]}