{"timescalecorr": 0.16706658899784088, "corr_listening": 0.1156061440706253, "corr_reading": 0.0383622832596302, "p_listening": 0.002, "p_reading": 0.248, "barbin": 0, "rgb": "#000000", "zyx": [20, 81, 55]}