{"timescalecorr": 0.0014231917448341846, "corr_listening": 0.09788766503334045, "corr_reading": 0.025396231561899185, "p_listening": 0.046, "p_reading": 0.308, "barbin": 0, "rgb": "#000000", "zyx": [14, 47, 69]}