{"timescalecorr": 0.06318612396717072, "corr_listening": 0.08964955806732178, "corr_reading": -0.08123844861984253, "p_listening": 0.066, "p_reading": 0.937, "barbin": 0, "rgb": "#000000", "zyx": [8, 49, 45]}