{"timescalecorr": 1.0487819054105785e-05, "corr_listening": -0.021161925047636032, "corr_reading": -0.05844229832291603, "p_listening": 0.663, "p_reading": 0.862, "barbin": 0, "rgb": "#000000", "zyx": [9, 18, 52]}