{"timescalecorr": 0.0, "corr_listening": -0.0814291462302208, "corr_reading": -0.03183126449584961, "p_listening": 0.932, "p_reading": 0.704, "barbin": 0, "rgb": "#000000", "zyx": [6, 28, 46]}