{"timescalecorr": 0.0031774649396538734, "corr_listening": -0.0002488819300197065, "corr_reading": 0.06004623696208, "p_listening": 0.641, "p_reading": 0.134, "barbin": 0, "rgb": "#000000", "zyx": [0, 82, 64]}