{"timescalecorr": 0.9999995231628418, "corr_listening": 0.007059392053633928, "corr_reading": -0.007461043074727058, "p_listening": 0.295, "p_reading": 0.538, "barbin": 0, "rgb": "#000000", "zyx": [8, 33, 49]}