{"timescalecorr": 0.9999940395355225, "corr_listening": 0.047236811369657516, "corr_reading": 0.022323258221149445, "p_listening": 0.118, "p_reading": 0.306, "barbin": 0, "rgb": "#000000", "zyx": [2, 67, 36]}