{"timescalecorr": 0.0, "corr_listening": -0.06780965626239777, "corr_reading": -0.02625996246933937, "p_listening": 0.951, "p_reading": 0.66, "barbin": 0, "rgb": "#000000", "zyx": [2, 38, 57]}