{"timescalecorr": 0.041741032153367996, "corr_listening": 0.06583405286073685, "corr_reading": 0.07228520512580872, "p_listening": 0.14, "p_reading": 0.098, "barbin": 0, "rgb": "#000000", "zyx": [12, 48, 69]}