{"timescalecorr": 0.261089563369751, "corr_listening": 0.0363711416721344, "corr_reading": 0.03160266578197479, "p_listening": 0.201, "p_reading": 0.254, "barbin": 0, "rgb": "#000000", "zyx": [8, 47, 40]}