{"timescalecorr": 0.999472439289093, "corr_listening": 0.11176224797964096, "corr_reading": -0.06569479405879974, "p_listening": 0.037, "p_reading": 0.87, "barbin": 0, "rgb": "#000000", "zyx": [10, 72, 56]}