{"timescalecorr": 1.6274876543320715e-05, "corr_listening": -0.08156003057956696, "corr_reading": -0.06422345340251923, "p_listening": 0.945, "p_reading": 0.864, "barbin": 0, "rgb": "#000000", "zyx": [19, 87, 58]}