{"timescalecorr": 0.020087970420718193, "corr_listening": 0.038067594170570374, "corr_reading": 0.003210285911336541, "p_listening": 0.076, "p_reading": 0.474, "barbin": 0, "rgb": "#000000", "zyx": [9, 59, 64]}