{"timescalecorr": 0.04754773527383804, "corr_listening": 0.07351905107498169, "corr_reading": -0.05713503807783127, "p_listening": 0.109, "p_reading": 0.895, "barbin": 0, "rgb": "#000000", "zyx": [9, 35, 56]}