{"timescalecorr": 0.05718503147363663, "corr_listening": -0.006098705343902111, "corr_reading": 0.1012175977230072, "p_listening": 0.569, "p_reading": 0.042, "barbin": 0, "rgb": "#000000", "zyx": [24, 59, 40]}