{"timescalecorr": 0.0, "corr_listening": 0.05886203795671463, "corr_reading": -0.09504981338977814, "p_listening": 0.131, "p_reading": 0.963, "barbin": 0, "rgb": "#000000", "zyx": [10, 24, 36]}