{"timescalecorr": 0.453106164932251, "corr_listening": -0.019299738109111786, "corr_reading": 0.10957733541727066, "p_listening": 0.885, "p_reading": 0.011, "barbin": 0, "rgb": "#000000", "zyx": [13, 43, 32]}