{"timescalecorr": 0.25835850834846497, "corr_listening": -0.004493393003940582, "corr_reading": -0.030144747346639633, "p_listening": 0.508, "p_reading": 0.72, "barbin": 0, "rgb": "#000000", "zyx": [5, 40, 72]}