{"timescalecorr": 0.0017098629614338279, "corr_listening": -0.06888176500797272, "corr_reading": 0.053957853466272354, "p_listening": 0.884, "p_reading": 0.152, "barbin": 0, "rgb": "#000000", "zyx": [6, 67, 48]}