{"timescalecorr": 0.00014936715888325125, "corr_listening": 0.019234485924243927, "corr_reading": -0.003136197803542018, "p_listening": 0.385, "p_reading": 0.679, "barbin": 0, "rgb": "#000000", "zyx": [19, 56, 72]}