{"timescalecorr": 0.1263805627822876, "corr_listening": -0.11087668687105179, "corr_reading": -0.13115645945072174, "p_listening": 0.982, "p_reading": 0.994, "barbin": 0, "rgb": "#000000", "zyx": [7, 23, 54]}