{"timescalecorr": 0.7670786380767822, "corr_listening": 0.008584964089095592, "corr_reading": -0.07379089295864105, "p_listening": 0.413, "p_reading": 0.898, "barbin": 0, "rgb": "#000000", "zyx": [20, 56, 44]}