{"timescalecorr": 0.0, "corr_listening": -0.04854248836636543, "corr_reading": -0.008597416803240776, "p_listening": 0.797, "p_reading": 0.689, "barbin": 0, "rgb": "#000000", "zyx": [6, 87, 43]}