{"timescalecorr": 0.0, "corr_listening": -0.055652499198913574, "corr_reading": -0.04435965046286583, "p_listening": 0.935, "p_reading": 0.935, "barbin": 0, "rgb": "#000000", "zyx": [22, 81, 63]}