{"timescalecorr": 0.001203515799716115, "corr_listening": 0.2088107466697693, "corr_reading": -0.019496750086545944, "p_listening": 0.0, "p_reading": 0.637, "barbin": 0, "rgb": "#000000", "zyx": [14, 85, 58]}