{"timescalecorr": 0.016627658158540726, "corr_listening": 0.011288737878203392, "corr_reading": 0.07865405082702637, "p_listening": 0.374, "p_reading": 0.052, "barbin": 0, "rgb": "#000000", "zyx": [17, 62, 52]}