{"timescalecorr": 0.2300456017255783, "corr_listening": -0.011167480610311031, "corr_reading": 0.026036890223622322, "p_listening": 0.869, "p_reading": 0.086, "barbin": 0, "rgb": "#000000", "zyx": [8, 44, 77]}