{"timescalecorr": 0.780918300151825, "corr_listening": 0.24779918789863586, "corr_reading": 0.15813042223453522, "p_listening": 0.0, "p_reading": 0.004, "barbin": 3, "rgb": "#000000", "zyx": [12, 86, 40]}