{"timescalecorr": 0.8552054166793823, "corr_listening": 0.08558923006057739, "corr_reading": 0.18371567130088806, "p_listening": 0.037, "p_reading": 0.0, "barbin": 1, "rgb": "#000000", "zyx": [19, 45, 73]}