{"timescalecorr": 0.8619400858879089, "corr_listening": -0.030605418607592583, "corr_reading": -0.012226693332195282, "p_listening": 0.727, "p_reading": 0.646, "barbin": 0, "rgb": "#000000", "zyx": [23, 79, 46]}