{"timescalecorr": 0.0, "corr_listening": 0.04996015876531601, "corr_reading": -0.07310335338115692, "p_listening": 0.207, "p_reading": 0.883, "barbin": 0, "rgb": "#000000", "zyx": [14, 56, 24]}