{"timescalecorr": 0.6566467881202698, "corr_listening": -0.01857122592628002, "corr_reading": 0.22633153200149536, "p_listening": 0.634, "p_reading": 0.0, "barbin": 1, "rgb": "#000000", "zyx": [8, 70, 50]}