{"timescalecorr": 0.008757169358432293, "corr_listening": 0.20595620572566986, "corr_reading": 0.002820761874318123, "p_listening": 0.0, "p_reading": 0.462, "barbin": 1, "rgb": "#000000", "zyx": [18, 33, 61]}