{"timescalecorr": 0.9420357942581177, "corr_listening": 0.26512885093688965, "corr_reading": 0.18943116068840027, "p_listening": 0.0, "p_reading": 0.001, "barbin": 3, "rgb": "#000000", "zyx": [11, 75, 39]}