{"timescalecorr": 0.18323008716106415, "corr_listening": 0.17012090981006622, "corr_reading": 0.1249888464808464, "p_listening": 0.0, "p_reading": 0.023, "barbin": 1, "rgb": "#000000", "zyx": [15, 25, 50]}