{"timescalecorr": 0.1502213031053543, "corr_listening": 0.1911756694316864, "corr_reading": 0.0028794105164706707, "p_listening": 0.0, "p_reading": 0.39, "barbin": 0, "rgb": "#000000", "zyx": [9, 78, 72]}