{"timescalecorr": 0.2526354193687439, "corr_listening": -0.018293604254722595, "corr_reading": -0.0013535860925912857, "p_listening": 0.631, "p_reading": 0.525, "barbin": 0, "rgb": "#000000", "zyx": [13, 83, 76]}