{"timescalecorr": 0.9382703900337219, "corr_listening": 0.24202874302864075, "corr_reading": 0.043192245066165924, "p_listening": 0.0, "p_reading": 0.213, "barbin": 1, "rgb": "#000000", "zyx": [26, 45, 52]}