{"timescalecorr": 0.0, "corr_listening": -0.020960643887519836, "corr_reading": -8.762552897678688e-05, "p_listening": 0.638, "p_reading": 0.993, "barbin": 0, "rgb": "#000000", "zyx": [27, 54, 52]}