{"timescalecorr": 0.9999516010284424, "corr_listening": -0.08567051589488983, "corr_reading": -0.10317403078079224, "p_listening": 0.938, "p_reading": 0.963, "barbin": 0, "rgb": "#000000", "zyx": [21, 52, 37]}