{"timescalecorr": 0.4406093955039978, "corr_listening": -0.06060415506362915, "corr_reading": 0.05287399888038635, "p_listening": 0.85, "p_reading": 0.184, "barbin": 0, "rgb": "#000000", "zyx": [4, 37, 39]}