{"timescalecorr": 0.1124478206038475, "corr_listening": -0.035895783454179764, "corr_reading": -0.05763021111488342, "p_listening": 0.935, "p_reading": 0.91, "barbin": 0, "rgb": "#000000", "zyx": [20, 70, 38]}