{"timescalecorr": 0.07353148609399796, "corr_listening": 0.1223258376121521, "corr_reading": 0.06191282719373703, "p_listening": 0.017, "p_reading": 0.085, "barbin": 0, "rgb": "#000000", "zyx": [19, 41, 32]}