{"timescalecorr": 3.5311308028484285e-16, "corr_listening": -0.017950525507330894, "corr_reading": 0.06419656425714493, "p_listening": 0.668, "p_reading": 0.116, "barbin": 0, "rgb": "#000000", "zyx": [13, 42, 41]}