{"timescalecorr": 0.005298970732837915, "corr_listening": -0.029720008373260498, "corr_reading": 0.025076165795326233, "p_listening": 0.694, "p_reading": 0.257, "barbin": 0, "rgb": "#000000", "zyx": [4, 38, 70]}