{"timescalecorr": 0.24080535769462585, "corr_listening": -0.06309133023023605, "corr_reading": -0.033025112003088, "p_listening": 0.867, "p_reading": 0.715, "barbin": 0, "rgb": "#000000", "zyx": [8, 42, 49]}