{"timescalecorr": 0.43440839648246765, "corr_listening": -0.05643283948302269, "corr_reading": -0.07198108732700348, "p_listening": 0.851, "p_reading": 0.915, "barbin": 0, "rgb": "#000000", "zyx": [11, 34, 67]}