{"timescalecorr": 0.002058099489659071, "corr_listening": 0.17138279974460602, "corr_reading": 0.11956273764371872, "p_listening": 0.0, "p_reading": 0.018, "barbin": 1, "rgb": "#000000", "zyx": [20, 42, 66]}