{"timescalecorr": 0.0028222245164215565, "corr_listening": -0.02584097534418106, "corr_reading": 0.0038002128712832928, "p_listening": 0.69, "p_reading": 0.468, "barbin": 0, "rgb": "#000000", "zyx": [10, 75, 80]}