{"timescalecorr": 0.20543240010738373, "corr_listening": -0.04561346024274826, "corr_reading": 0.19658488035202026, "p_listening": 0.792, "p_reading": 0.0, "barbin": 0, "rgb": "#000000", "zyx": [7, 80, 35]}