{"timescalecorr": 6.965061402297579e-06, "corr_listening": -0.08630423247814178, "corr_reading": -0.10709955543279648, "p_listening": 0.938, "p_reading": 0.971, "barbin": 0, "rgb": "#000000", "zyx": [22, 47, 70]}