{"timescalecorr": 0.0, "corr_listening": -0.1315774768590927, "corr_reading": 0.011615652590990067, "p_listening": 0.983, "p_reading": 0.411, "barbin": 0, "rgb": "#000000", "zyx": [6, 53, 55]}