{"timescalecorr": 0.6961278319358826, "corr_listening": 0.0416407585144043, "corr_reading": 0.024551860988140106, "p_listening": 0.082, "p_reading": 0.335, "barbin": 0, "rgb": "#000000", "zyx": [9, 82, 62]}