{"timescalecorr": 0.0, "corr_listening": -0.1357823759317398, "corr_reading": 0.010280197486281395, "p_listening": 0.991, "p_reading": 0.403, "barbin": 0, "rgb": "#000000", "zyx": [15, 68, 59]}