{"timescalecorr": 0.01649239845573902, "corr_listening": -0.0165886078029871, "corr_reading": 0.08358337730169296, "p_listening": 0.75, "p_reading": 0.077, "barbin": 0, "rgb": "#000000", "zyx": [7, 36, 61]}