{"timescalecorr": 0.004239940550178289, "corr_listening": -0.010210446082055569, "corr_reading": 0.009349692612886429, "p_listening": 0.749, "p_reading": 0.437, "barbin": 0, "rgb": "#000000", "zyx": [7, 48, 40]}