{"timescalecorr": 0.002436841605231166, "corr_listening": 0.13358187675476074, "corr_reading": -0.29826441407203674, "p_listening": 0.012, "p_reading": 1.0, "barbin": 0, "rgb": "#000000", "zyx": [18, 33, 31]}