{"timescalecorr": 2.748641314553879e-10, "corr_listening": 0.04456186294555664, "corr_reading": -0.0002645188942551613, "p_listening": 0.199, "p_reading": 0.518, "barbin": 0, "rgb": "#000000", "zyx": [10, 76, 39]}