{"timescalecorr": 0.18942047655582428, "corr_listening": -0.09812942892313004, "corr_reading": -0.002829494420439005, "p_listening": 0.958, "p_reading": 0.77, "barbin": 0, "rgb": "#000000", "zyx": [6, 83, 43]}