{"timescalecorr": 0.23438550531864166, "corr_listening": -0.06121301278471947, "corr_reading": -0.1406150460243225, "p_listening": 0.859, "p_reading": 0.991, "barbin": 0, "rgb": "#000000", "zyx": [18, 69, 64]}