{"timescalecorr": 0.01285033393651247, "corr_listening": -0.11039850115776062, "corr_reading": 0.11803781986236572, "p_listening": 0.971, "p_reading": 0.021, "barbin": 0, "rgb": "#000000", "zyx": [7, 38, 65]}