{"timescalecorr": 0.001650612335652113, "corr_listening": -0.08731253445148468, "corr_reading": -0.02720937691628933, "p_listening": 0.944, "p_reading": 0.655, "barbin": 0, "rgb": "#000000", "zyx": [11, 31, 67]}