{"timescalecorr": 0.0, "corr_listening": -0.004358468111604452, "corr_reading": -0.06131488084793091, "p_listening": 0.836, "p_reading": 0.863, "barbin": 0, "rgb": "#000000", "zyx": [5, 60, 48]}