{"timescalecorr": 0.5820907354354858, "corr_listening": 0.06966318190097809, "corr_reading": 0.03914346545934677, "p_listening": 0.03, "p_reading": 0.258, "barbin": 0, "rgb": "#000000", "zyx": [10, 60, 30]}