{"timescalecorr": 0.48118069767951965, "corr_listening": 0.0003400289861019701, "corr_reading": -0.04910871013998985, "p_listening": 0.27, "p_reading": 0.827, "barbin": 0, "rgb": "#000000", "zyx": [8, 57, 56]}