{"timescalecorr": 0.4981798827648163, "corr_listening": -0.013771637342870235, "corr_reading": 0.002935499884188175, "p_listening": 0.622, "p_reading": 0.524, "barbin": 0, "rgb": "#000000", "zyx": [5, 69, 36]}