{"timescalecorr": 5.789700026070932e-07, "corr_listening": 0.03646461293101311, "corr_reading": -0.0030881392303854227, "p_listening": 0.268, "p_reading": 0.552, "barbin": 0, "rgb": "#000000", "zyx": [21, 80, 56]}