{"timescalecorr": 6.1182581703178585e-06, "corr_listening": -0.001396272098645568, "corr_reading": -0.003953221719712019, "p_listening": 0.51, "p_reading": 0.629, "barbin": 0, "rgb": "#000000", "zyx": [2, 85, 61]}