{"timescalecorr": 3.124668000964448e-05, "corr_listening": 0.05214133486151695, "corr_reading": -0.042543184012174606, "p_listening": 0.175, "p_reading": 0.765, "barbin": 0, "rgb": "#000000", "zyx": [7, 62, 56]}