{"timescalecorr": 0.010481094010174274, "corr_listening": 0.004409543238580227, "corr_reading": 0.00039675086736679077, "p_listening": 0.513, "p_reading": 0.487, "barbin": 0, "rgb": "#000000", "zyx": [6, 52, 58]}