{"timescalecorr": 0.10482214391231537, "corr_listening": -0.014569957740604877, "corr_reading": 0.001931359525769949, "p_listening": 0.695, "p_reading": 0.497, "barbin": 0, "rgb": "#000000", "zyx": [10, 92, 46]}