{"timescalecorr": 1.2141604166515663e-08, "corr_listening": -0.0876971110701561, "corr_reading": 0.009762299247086048, "p_listening": 0.996, "p_reading": 0.448, "barbin": 0, "rgb": "#000000", "zyx": [19, 50, 75]}