{"timescalecorr": 0.0002918461977969855, "corr_listening": -0.008375221863389015, "corr_reading": -0.0002431515749776736, "p_listening": 0.956, "p_reading": 0.526, "barbin": 0, "rgb": "#000000", "zyx": [20, 85, 49]}