{"timescalecorr": 3.451029988355003e-05, "corr_listening": 0.0032859724014997482, "corr_reading": -0.03662210330367088, "p_listening": 0.432, "p_reading": 0.739, "barbin": 0, "rgb": "#000000", "zyx": [18, 54, 71]}