{"timescalecorr": 0.014409646391868591, "corr_listening": -0.0008501918637193739, "corr_reading": 0.030679812654852867, "p_listening": 0.496, "p_reading": 0.158, "barbin": 0, "rgb": "#000000", "zyx": [5, 33, 34]}