{"timescalecorr": 0.9994492530822754, "corr_listening": 0.005975476931780577, "corr_reading": -0.08702848106622696, "p_listening": 0.346, "p_reading": 0.931, "barbin": 0, "rgb": "#000000", "zyx": [7, 86, 31]}