{"timescalecorr": 2.844515734068409e-07, "corr_listening": 0.07177328318357468, "corr_reading": -6.879735155962408e-05, "p_listening": 0.1, "p_reading": 0.911, "barbin": 0, "rgb": "#000000", "zyx": [17, 31, 56]}