{"timescalecorr": 0.9734503030776978, "corr_listening": 0.018479669466614723, "corr_reading": 0.0195244699716568, "p_listening": 0.344, "p_reading": 0.354, "barbin": 0, "rgb": "#000000", "zyx": [7, 54, 53]}