{"timescalecorr": 6.169190852611806e-11, "corr_listening": -0.04524746164679527, "corr_reading": 0.0017521135741844773, "p_listening": 0.752, "p_reading": 0.479, "barbin": 0, "rgb": "#000000", "zyx": [21, 64, 45]}