{"timescalecorr": 0.5142539739608765, "corr_listening": 0.12003088742494583, "corr_reading": 0.10134698450565338, "p_listening": 0.01, "p_reading": 0.022, "barbin": 1, "rgb": "#000000", "zyx": [8, 50, 57]}