{"timescalecorr": 4.8661472646926995e-06, "corr_listening": -0.007663413882255554, "corr_reading": 0.0010506939142942429, "p_listening": 0.533, "p_reading": 0.482, "barbin": 0, "rgb": "#000000", "zyx": [16, 87, 67]}