{"timescalecorr": 0.649442195892334, "corr_listening": 0.0003122948110103607, "corr_reading": 0.10024164617061615, "p_listening": 0.498, "p_reading": 0.049, "barbin": 0, "rgb": "#000000", "zyx": [19, 75, 75]}