{"timescalecorr": 3.0485883262265645e-10, "corr_listening": -0.022221732884645462, "corr_reading": 0.005787394940853119, "p_listening": 0.648, "p_reading": 0.466, "barbin": 0, "rgb": "#000000", "zyx": [19, 67, 55]}