{"timescalecorr": 0.20769572257995605, "corr_listening": 0.09678065031766891, "corr_reading": 0.04652275890111923, "p_listening": 0.059, "p_reading": 0.156, "barbin": 0, "rgb": "#000000", "zyx": [11, 38, 69]}