{"timescalecorr": 0.00532414298504591, "corr_listening": -0.0532803051173687, "corr_reading": 0.08851669728755951, "p_listening": 0.912, "p_reading": 0.0, "barbin": 0, "rgb": "#000000", "zyx": [3, 83, 43]}