{"timescalecorr": 0.26753494143486023, "corr_listening": 0.034795649349689484, "corr_reading": -0.03988911956548691, "p_listening": 0.173, "p_reading": 0.76, "barbin": 0, "rgb": "#000000", "zyx": [16, 20, 46]}