{"timescalecorr": 0.08474237471818924, "corr_listening": 0.10646850615739822, "corr_reading": 0.03610996901988983, "p_listening": 0.02, "p_reading": 0.104, "barbin": 0, "rgb": "#000000", "zyx": [1, 70, 76]}