{"timescalecorr": 0.5394660234451294, "corr_listening": 0.13523918390274048, "corr_reading": 0.1903093457221985, "p_listening": 0.0, "p_reading": 0.0, "barbin": 2, "rgb": "#000000", "zyx": [9, 72, 75]}