{"timescalecorr": 0.3438135087490082, "corr_listening": -0.009661137126386166, "corr_reading": -0.027565807104110718, "p_listening": 0.655, "p_reading": 0.886, "barbin": 0, "rgb": "#000000", "zyx": [11, 34, 27]}