{"timescalecorr": 0.00466630095615983, "corr_listening": -0.003270624438300729, "corr_reading": 0.08293882012367249, "p_listening": 0.519, "p_reading": 0.109, "barbin": 0, "rgb": "#000000", "zyx": [5, 48, 41]}