{"timescalecorr": 0.670400083065033, "corr_listening": 0.01956738345324993, "corr_reading": 0.055451419204473495, "p_listening": 0.351, "p_reading": 0.157, "barbin": 0, "rgb": "#000000", "zyx": [6, 55, 81]}