{"timescalecorr": 0.004595666192471981, "corr_listening": -0.017024781554937363, "corr_reading": -0.0566166415810585, "p_listening": 0.602, "p_reading": 0.797, "barbin": 0, "rgb": "#000000", "zyx": [6, 35, 56]}