{"timescalecorr": 0.887658953666687, "corr_listening": 0.2829134166240692, "corr_reading": 0.18925440311431885, "p_listening": 0.0, "p_reading": 0.0, "barbin": 3, "rgb": "#000000", "zyx": [23, 63, 39]}