{"timescalecorr": 0.9091402888298035, "corr_listening": 0.4413679540157318, "corr_reading": 0.3282616436481476, "p_listening": 0.0, "p_reading": 0.0, "barbin": 4, "rgb": "#000000", "zyx": [7, 40, 32]}