{"timescalecorr": 0.6378409266471863, "corr_listening": -0.10563653707504272, "corr_reading": 0.015014649368822575, "p_listening": 0.98, "p_reading": 0.256, "barbin": 0, "rgb": "#000000", "zyx": [14, 18, 56]}