{"timescalecorr": 0.283039391040802, "corr_listening": 0.09888581931591034, "corr_reading": -0.02460101805627346, "p_listening": 0.024, "p_reading": 0.69, "barbin": 0, "rgb": "#000000", "zyx": [6, 84, 37]}