{"timescalecorr": 0.946894645690918, "corr_listening": 0.06274151802062988, "corr_reading": 0.022802390158176422, "p_listening": 0.143, "p_reading": 0.333, "barbin": 0, "rgb": "#000000", "zyx": [3, 45, 71]}