{"timescalecorr": 0.0001898878690553829, "corr_listening": -0.02607005648314953, "corr_reading": -0.001033639069646597, "p_listening": 0.686, "p_reading": 0.518, "barbin": 0, "rgb": "#000000", "zyx": [17, 58, 75]}