{"timescalecorr": 0.0, "corr_listening": 0.02271963097155094, "corr_reading": -0.13592548668384552, "p_listening": 0.031, "p_reading": 0.994, "barbin": 0, "rgb": "#000000", "zyx": [16, 65, 50]}