{"timescalecorr": 0.8612348437309265, "corr_listening": 0.12643639743328094, "corr_reading": 0.35258540511131287, "p_listening": 0.008, "p_reading": 0.0, "barbin": 3, "rgb": "#000000", "zyx": [11, 78, 74]}