{"timescalecorr": 0.5729002356529236, "corr_listening": -0.03352106735110283, "corr_reading": -0.03906556963920593, "p_listening": 0.736, "p_reading": 0.803, "barbin": 0, "rgb": "#000000", "zyx": [20, 40, 49]}