{"timescalecorr": NaN, "corr_listening": -0.09377525001764297, "corr_reading": -0.005929758306592703, "p_listening": 0.948, "p_reading": 0.947, "barbin": 0, "rgb": "#000000", "zyx": [12, 59, 66]}