{"timescalecorr": 0.996839165687561, "corr_listening": 0.025394216179847717, "corr_reading": 0.0044190846383571625, "p_listening": 0.322, "p_reading": 0.392, "barbin": 0, "rgb": "#000000", "zyx": [11, 25, 41]}