{"timescalecorr": 2.8219066734891385e-05, "corr_listening": -0.00039820620440877974, "corr_reading": 0.0013473692815750837, "p_listening": 0.517, "p_reading": 0.22, "barbin": 0, "rgb": "#000000", "zyx": [7, 58, 22]}