{"timescalecorr": 2.801326726142861e-09, "corr_listening": 0.03118879534304142, "corr_reading": 0.3024078607559204, "p_listening": 0.298, "p_reading": 0.0, "barbin": 2, "rgb": "#000000", "zyx": [24, 58, 34]}