{"timescalecorr": 0.008365709334611893, "corr_listening": 0.09576145559549332, "corr_reading": -0.08594249188899994, "p_listening": 0.046, "p_reading": 0.949, "barbin": 0, "rgb": "#000000", "zyx": [13, 49, 80]}