{"timescalecorr": 0.00035750388633459806, "corr_listening": 0.051979225128889084, "corr_reading": 0.07607193291187286, "p_listening": 0.186, "p_reading": 0.098, "barbin": 0, "rgb": "#000000", "zyx": [11, 35, 52]}