{"timescalecorr": 0.03316773474216461, "corr_listening": 0.013711048290133476, "corr_reading": 0.08132825791835785, "p_listening": 0.392, "p_reading": 0.081, "barbin": 0, "rgb": "#000000", "zyx": [13, 35, 30]}