{"timescalecorr": 0.9232240915298462, "corr_listening": 0.005339702591300011, "corr_reading": 0.025603951886296272, "p_listening": 0.498, "p_reading": 0.068, "barbin": 0, "rgb": "#000000", "zyx": [12, 17, 60]}