{"timescalecorr": 0.9683780074119568, "corr_listening": -0.016006406396627426, "corr_reading": -0.023397214710712433, "p_listening": 0.617, "p_reading": 0.68, "barbin": 0, "rgb": "#000000", "zyx": [17, 46, 55]}