{"timescalecorr": 0.06707868725061417, "corr_listening": 0.07987207174301147, "corr_reading": 0.006433519534766674, "p_listening": 0.077, "p_reading": 0.424, "barbin": 0, "rgb": "#000000", "zyx": [20, 69, 45]}