{"timescalecorr": NaN, "corr_listening": -0.11760804057121277, "corr_reading": -0.04864979907870293, "p_listening": 0.981, "p_reading": 0.797, "barbin": 0, "rgb": "#000000", "zyx": [19, 69, 43]}