{"timescalecorr": 0.004265289753675461, "corr_listening": -0.028187524527311325, "corr_reading": 0.08623918890953064, "p_listening": 0.726, "p_reading": 0.065, "barbin": 0, "rgb": "#000000", "zyx": [1, 83, 71]}