{"timescalecorr": 8.912062912713736e-05, "corr_listening": -0.008979935199022293, "corr_reading": -0.0004061795771121979, "p_listening": 0.755, "p_reading": 0.495, "barbin": 0, "rgb": "#000000", "zyx": [17, 38, 52]}