{"timescalecorr": 9.874334016462052e-15, "corr_listening": -0.0001947128912433982, "corr_reading": 0.030677394941449165, "p_listening": 0.506, "p_reading": 0.283, "barbin": 0, "rgb": "#000000", "zyx": [7, 55, 51]}