{"timescalecorr": 0.2592674791812897, "corr_listening": 0.047419264912605286, "corr_reading": -0.02169075608253479, "p_listening": 0.112, "p_reading": 0.645, "barbin": 0, "rgb": "#000000", "zyx": [4, 49, 70]}