{"timescalecorr": 0.14179430902004242, "corr_listening": 0.0023263527546077967, "corr_reading": 0.015942208468914032, "p_listening": 0.413, "p_reading": 0.398, "barbin": 0, "rgb": "#000000", "zyx": [6, 31, 65]}