{"timescalecorr": 0.0047028143890202045, "corr_listening": 0.10483406484127045, "corr_reading": 0.1510952115058899, "p_listening": 0.031, "p_reading": 0.005, "barbin": 1, "rgb": "#000000", "zyx": [21, 39, 47]}