{"timescalecorr": 0.24281425774097443, "corr_listening": 0.11024923622608185, "corr_reading": 0.0678764283657074, "p_listening": 0.031, "p_reading": 0.106, "barbin": 0, "rgb": "#000000", "zyx": [18, 38, 47]}