{"timescalecorr": 0.0, "corr_listening": -0.014510050415992737, "corr_reading": 0.0056120059452950954, "p_listening": 0.755, "p_reading": 0.369, "barbin": 0, "rgb": "#000000", "zyx": [4, 83, 67]}