{"timescalecorr": 0.44418084621429443, "corr_listening": 0.34076550602912903, "corr_reading": 0.22377710044384003, "p_listening": 0.0, "p_reading": 0.0, "barbin": 4, "rgb": "#000000", "zyx": [23, 39, 56]}