{"timescalecorr": 0.3323473632335663, "corr_listening": -0.027528787031769753, "corr_reading": 0.05258786678314209, "p_listening": 0.681, "p_reading": 0.181, "barbin": 0, "rgb": "#000000", "zyx": [16, 66, 73]}