{"timescalecorr": 0.003165444592013955, "corr_listening": 0.01913726143538952, "corr_reading": 0.01566418819129467, "p_listening": 0.355, "p_reading": 0.381, "barbin": 0, "rgb": "#000000", "zyx": [9, 88, 36]}