{"timescalecorr": 0.49048224091529846, "corr_listening": 0.0770377665758133, "corr_reading": 0.02770461142063141, "p_listening": 0.085, "p_reading": 0.32, "barbin": 0, "rgb": "#000000", "zyx": [16, 28, 43]}