{"timescalecorr": 0.01527383178472519, "corr_listening": 0.15483900904655457, "corr_reading": 0.10882975906133652, "p_listening": 0.0, "p_reading": 0.026, "barbin": 1, "rgb": "#000000", "zyx": [13, 86, 51]}