{"timescalecorr": 0.18076540529727936, "corr_listening": 0.05683838948607445, "corr_reading": 0.06406131386756897, "p_listening": 0.075, "p_reading": 0.056, "barbin": 0, "rgb": "#000000", "zyx": [5, 80, 32]}