{"timescalecorr": 0.8312401175498962, "corr_listening": 0.06486744433641434, "corr_reading": 0.13457322120666504, "p_listening": 0.153, "p_reading": 0.02, "barbin": 0, "rgb": "#000000", "zyx": [19, 52, 35]}