{"timescalecorr": 7.742461457382888e-05, "corr_listening": 0.01396873313933611, "corr_reading": -0.02703794464468956, "p_listening": 0.406, "p_reading": 0.771, "barbin": 0, "rgb": "#000000", "zyx": [6, 65, 49]}