{"timescalecorr": 0.0018584802746772766, "corr_listening": -0.014593943953514099, "corr_reading": 0.011436929926276207, "p_listening": 0.586, "p_reading": 0.391, "barbin": 0, "rgb": "#000000", "zyx": [6, 33, 65]}