{"timescalecorr": 7.342011372202251e-07, "corr_listening": -0.002675481140613556, "corr_reading": 0.010310301557183266, "p_listening": 0.639, "p_reading": 0.429, "barbin": 0, "rgb": "#000000", "zyx": [9, 60, 77]}