{"timescalecorr": 0.13456076383590698, "corr_listening": 0.11317962408065796, "corr_reading": 0.09267961978912354, "p_listening": 0.039, "p_reading": 0.068, "barbin": 1, "rgb": "#000000", "zyx": [20, 36, 40]}