{"timescalecorr": 0.2553599774837494, "corr_listening": 0.1289566606283188, "corr_reading": 0.1260451376438141, "p_listening": 0.001, "p_reading": 0.003, "barbin": 1, "rgb": "#000000", "zyx": [22, 61, 71]}