{"timescalecorr": 8.422412633990461e-08, "corr_listening": -0.050469040870666504, "corr_reading": -0.04023218899965286, "p_listening": 0.8, "p_reading": 0.746, "barbin": 0, "rgb": "#000000", "zyx": [3, 67, 43]}