{"timescalecorr": 0.333753377199173, "corr_listening": 0.14552609622478485, "corr_reading": 0.00026234425604343414, "p_listening": 0.003, "p_reading": 0.47, "barbin": 0, "rgb": "#000000", "zyx": [21, 48, 70]}