{"timescalecorr": 0.6667851805686951, "corr_listening": 0.2820061445236206, "corr_reading": -0.0042009539902210236, "p_listening": 0.0, "p_reading": 0.523, "barbin": 1, "rgb": "#000000", "zyx": [13, 72, 34]}