{"timescalecorr": 3.764319856259385e-13, "corr_listening": 0.029958317056298256, "corr_reading": -0.030853206291794777, "p_listening": 0.296, "p_reading": 0.913, "barbin": 0, "rgb": "#000000", "zyx": [15, 42, 42]}