{"timescalecorr": 0.46955814957618713, "corr_listening": 0.062490981072187424, "corr_reading": 0.04885496944189072, "p_listening": 0.044, "p_reading": 0.064, "barbin": 0, "rgb": "#000000", "zyx": [11, 54, 32]}