{"timescalecorr": 0.7561904191970825, "corr_listening": 0.06016885116696358, "corr_reading": 0.07010561227798462, "p_listening": 0.117, "p_reading": 0.0, "barbin": 0, "rgb": "#000000", "zyx": [8, 75, 31]}