{"timescalecorr": 0.7506217360496521, "corr_listening": 0.2387053221464157, "corr_reading": 0.012342697009444237, "p_listening": 0.0, "p_reading": 0.409, "barbin": 1, "rgb": "#000000", "zyx": [14, 81, 56]}