{"timescalecorr": 0.06889168173074722, "corr_listening": 0.1172502413392067, "corr_reading": 0.0413249209523201, "p_listening": 0.023, "p_reading": 0.225, "barbin": 0, "rgb": "#000000", "zyx": [12, 30, 39]}