{"timescalecorr": 0.010911243967711926, "corr_listening": -0.0530499629676342, "corr_reading": -0.0008583567687310278, "p_listening": 0.827, "p_reading": 0.657, "barbin": 0, "rgb": "#000000", "zyx": [0, 88, 47]}