{"timescalecorr": 0.09770103543996811, "corr_listening": 0.10290539264678955, "corr_reading": -0.021233027800917625, "p_listening": 0.037, "p_reading": 0.637, "barbin": 0, "rgb": "#000000", "zyx": [2, 74, 36]}