{"timescalecorr": 9.027618830259598e-08, "corr_listening": 0.048471733927726746, "corr_reading": -0.06310884654521942, "p_listening": 0.218, "p_reading": 0.881, "barbin": 0, "rgb": "#000000", "zyx": [12, 30, 46]}