{"timescalecorr": 0.004790410399436951, "corr_listening": 0.03943425044417381, "corr_reading": 0.008246134035289288, "p_listening": 0.228, "p_reading": 0.122, "barbin": 0, "rgb": "#000000", "zyx": [17, 64, 46]}