{"timescalecorr": 1.8471377188689075e-05, "corr_listening": -0.00804527010768652, "corr_reading": 0.09561783820390701, "p_listening": 0.56, "p_reading": 0.046, "barbin": 0, "rgb": "#000000", "zyx": [6, 77, 26]}