{"timescalecorr": 9.160320360024343e-07, "corr_listening": 0.05612678825855255, "corr_reading": 0.0821952298283577, "p_listening": 0.187, "p_reading": 0.084, "barbin": 0, "rgb": "#000000", "zyx": [20, 67, 46]}