{"timescalecorr": 0.0, "corr_listening": -0.05418873950839043, "corr_reading": -0.022007351741194725, "p_listening": 0.862, "p_reading": 0.955, "barbin": 0, "rgb": "#000000", "zyx": [3, 77, 29]}