{"timescalecorr": 0.9519501328468323, "corr_listening": -0.015197351574897766, "corr_reading": 0.03805220499634743, "p_listening": 0.656, "p_reading": 0.092, "barbin": 0, "rgb": "#000000", "zyx": [9, 88, 56]}