{"timescalecorr": 0.047352179884910583, "corr_listening": 0.017845338210463524, "corr_reading": 0.11026450991630554, "p_listening": 0.053, "p_reading": 0.037, "barbin": 0, "rgb": "#000000", "zyx": [13, 32, 67]}