{"timescalecorr": 0.2607952952384949, "corr_listening": 0.016262076795101166, "corr_reading": 0.038835398852825165, "p_listening": 0.312, "p_reading": 0.227, "barbin": 0, "rgb": "#000000", "zyx": [15, 67, 67]}