{"timescalecorr": 0.6654860377311707, "corr_listening": 0.1357368379831314, "corr_reading": 0.0067068771459162235, "p_listening": 0.01, "p_reading": 0.456, "barbin": 0, "rgb": "#000000", "zyx": [26, 45, 46]}