{"timescalecorr": 0.012212740257382393, "corr_listening": -0.07248495519161224, "corr_reading": -0.05523983761668205, "p_listening": 0.897, "p_reading": 0.839, "barbin": 0, "rgb": "#000000", "zyx": [3, 59, 79]}