{"timescalecorr": 0.890823245048523, "corr_listening": 0.012946085073053837, "corr_reading": -0.061601672321558, "p_listening": 0.367, "p_reading": 0.906, "barbin": 0, "rgb": "#000000", "zyx": [22, 55, 70]}