{"timescalecorr": 2.4245871372841066e-06, "corr_listening": -0.09242595732212067, "corr_reading": -0.005049578379839659, "p_listening": 0.938, "p_reading": 0.86, "barbin": 0, "rgb": "#000000", "zyx": [13, 70, 37]}