{"timescalecorr": 0.01809467189013958, "corr_listening": 0.04541975259780884, "corr_reading": -0.024898726493120193, "p_listening": 0.194, "p_reading": 0.672, "barbin": 0, "rgb": "#000000", "zyx": [23, 56, 44]}