{"timescalecorr": 0.0, "corr_listening": -0.0028828615322709084, "corr_reading": -0.00013344942999538034, "p_listening": 0.553, "p_reading": 0.505, "barbin": 0, "rgb": "#000000", "zyx": [9, 67, 46]}