{"timescalecorr": 4.296083716326393e-06, "corr_listening": 0.006904986687004566, "corr_reading": 0.05751657858490944, "p_listening": 0.432, "p_reading": 0.155, "barbin": 0, "rgb": "#000000", "zyx": [13, 89, 68]}