{"timescalecorr": 0.015155375003814697, "corr_listening": 0.03592262789607048, "corr_reading": -0.004144413862377405, "p_listening": 0.277, "p_reading": 0.571, "barbin": 0, "rgb": "#000000", "zyx": [18, 84, 38]}