{"timescalecorr": 0.32678136229515076, "corr_listening": 0.1775466650724411, "corr_reading": 0.06577003002166748, "p_listening": 0.002, "p_reading": 0.072, "barbin": 1, "rgb": "#000000", "zyx": [21, 42, 61]}