{"timescalecorr": 0.30871838331222534, "corr_listening": 0.018010469153523445, "corr_reading": 0.009774671867489815, "p_listening": 0.329, "p_reading": 0.439, "barbin": 0, "rgb": "#000000", "zyx": [5, 69, 25]}