{"timescalecorr": 0.5589303374290466, "corr_listening": 0.2086997926235199, "corr_reading": 0.2801717221736908, "p_listening": 0.001, "p_reading": 0.0, "barbin": 3, "rgb": "#000000", "zyx": [16, 43, 72]}