{"timescalecorr": 0.1190505102276802, "corr_listening": 0.03382660076022148, "corr_reading": 0.1361812800168991, "p_listening": 0.276, "p_reading": 0.013, "barbin": 0, "rgb": "#000000", "zyx": [22, 29, 50]}