{"timescalecorr": 7.73681032434359e-13, "corr_listening": 0.001611926592886448, "corr_reading": -0.12187460064888, "p_listening": 0.46, "p_reading": 0.968, "barbin": 0, "rgb": "#000000", "zyx": [19, 68, 61]}