{"timescalecorr": 0.9087350964546204, "corr_listening": -0.03757841885089874, "corr_reading": -0.10186123102903366, "p_listening": 0.766, "p_reading": 0.998, "barbin": 0, "rgb": "#000000", "zyx": [10, 24, 41]}