{"timescalecorr": 0.02110394835472107, "corr_listening": -0.004667138215154409, "corr_reading": 0.08128233999013901, "p_listening": 0.585, "p_reading": 0.063, "barbin": 0, "rgb": "#000000", "zyx": [10, 43, 52]}