{"timescalecorr": 0.30240732431411743, "corr_listening": 0.04362356290221214, "corr_reading": 0.05135560780763626, "p_listening": 0.233, "p_reading": 0.183, "barbin": 0, "rgb": "#000000", "zyx": [14, 34, 52]}