{"timescalecorr": 0.0, "corr_listening": 0.03329851105809212, "corr_reading": -0.03517243266105652, "p_listening": 0.304, "p_reading": 0.726, "barbin": 0, "rgb": "#000000", "zyx": [16, 21, 65]}