{"timescalecorr": 0.043953411281108856, "corr_listening": 0.04290289804339409, "corr_reading": 0.06048024073243141, "p_listening": 0.253, "p_reading": 0.165, "barbin": 0, "rgb": "#000000", "zyx": [20, 52, 65]}