{"timescalecorr": 0.27912431955337524, "corr_listening": 0.07762938737869263, "corr_reading": 0.08439792692661285, "p_listening": 0.079, "p_reading": 0.071, "barbin": 0, "rgb": "#000000", "zyx": [10, 57, 70]}