{"timescalecorr": 0.00017658789874985814, "corr_listening": -0.010885422118008137, "corr_reading": 0.0040864842012524605, "p_listening": 0.581, "p_reading": 0.455, "barbin": 0, "rgb": "#000000", "zyx": [8, 23, 48]}