{"timescalecorr": 0.08935096114873886, "corr_listening": -0.018058903515338898, "corr_reading": -0.03507779538631439, "p_listening": 0.638, "p_reading": 0.755, "barbin": 0, "rgb": "#000000", "zyx": [21, 54, 36]}