{"timescalecorr": 0.1912669837474823, "corr_listening": -0.06014207750558853, "corr_reading": -0.008737058378756046, "p_listening": 0.843, "p_reading": 0.561, "barbin": 0, "rgb": "#000000", "zyx": [0, 77, 61]}