{"timescalecorr": 0.5235331654548645, "corr_listening": 0.08330793678760529, "corr_reading": 0.24709102511405945, "p_listening": 0.018, "p_reading": 0.0, "barbin": 2, "rgb": "#000000", "zyx": [12, 47, 27]}