{"timescalecorr": 0.024577371776103973, "corr_listening": -0.023960107937455177, "corr_reading": -0.029925577342510223, "p_listening": 0.809, "p_reading": 0.746, "barbin": 0, "rgb": "#000000", "zyx": [16, 91, 56]}