{"timescalecorr": 0.3468906879425049, "corr_listening": 0.032016392797231674, "corr_reading": 0.04901358112692833, "p_listening": 0.314, "p_reading": 0.192, "barbin": 0, "rgb": "#000000", "zyx": [8, 53, 28]}