{"timescalecorr": 0.013839459046721458, "corr_listening": -0.0009973784908652306, "corr_reading": -0.009991705417633057, "p_listening": 0.83, "p_reading": 0.579, "barbin": 0, "rgb": "#000000", "zyx": [13, 19, 60]}