{"timescalecorr": 3.167383716418115e-11, "corr_listening": 0.035341277718544006, "corr_reading": -0.018494347110390663, "p_listening": 0.271, "p_reading": 0.749, "barbin": 0, "rgb": "#000000", "zyx": [20, 32, 65]}