{"timescalecorr": 0.003747969400137663, "corr_listening": 0.014778805896639824, "corr_reading": 0.029458679258823395, "p_listening": 0.388, "p_reading": 0.121, "barbin": 0, "rgb": "#000000", "zyx": [3, 66, 25]}