{"timescalecorr": 0.0, "corr_listening": -0.09101131558418274, "corr_reading": -0.03705456852912903, "p_listening": 0.998, "p_reading": 0.76, "barbin": 0, "rgb": "#000000", "zyx": [17, 50, 42]}