{"timescalecorr": 0.12992112338542938, "corr_listening": -0.03766459971666336, "corr_reading": 0.1546039879322052, "p_listening": 0.957, "p_reading": 0.008, "barbin": 0, "rgb": "#000000", "zyx": [17, 26, 32]}