{"timescalecorr": 0.0010763780446723104, "corr_listening": -0.01389386411756277, "corr_reading": 0.05832090228796005, "p_listening": 0.61, "p_reading": 0.164, "barbin": 0, "rgb": "#000000", "zyx": [4, 80, 44]}