{"timescalecorr": 0.006561672315001488, "corr_listening": 0.08037279546260834, "corr_reading": -0.010956496000289917, "p_listening": 0.066, "p_reading": 0.566, "barbin": 0, "rgb": "#000000", "zyx": [7, 82, 55]}