{"timescalecorr": 9.612178689097941e-18, "corr_listening": 0.02084030769765377, "corr_reading": -0.046797096729278564, "p_listening": 0.386, "p_reading": 0.777, "barbin": 0, "rgb": "#000000", "zyx": [12, 52, 52]}