{"timescalecorr": 0.0002685080689843744, "corr_listening": -0.14935672283172607, "corr_reading": -0.005130965728312731, "p_listening": 0.995, "p_reading": 0.572, "barbin": 0, "rgb": "#000000", "zyx": [16, 65, 24]}