{"timescalecorr": 0.1276055872440338, "corr_listening": -0.00012040336878271773, "corr_reading": 0.01993332989513874, "p_listening": 0.515, "p_reading": 0.181, "barbin": 0, "rgb": "#000000", "zyx": [7, 64, 63]}