{"timescalecorr": 0.9788321852684021, "corr_listening": -0.025194937363266945, "corr_reading": 0.12362721562385559, "p_listening": 0.85, "p_reading": 0.017, "barbin": 0, "rgb": "#000000", "zyx": [20, 43, 64]}