{"timescalecorr": 0.004210807848721743, "corr_listening": 1.8020718925981782e-06, "corr_reading": -0.014714964665472507, "p_listening": 0.522, "p_reading": 0.667, "barbin": 0, "rgb": "#000000", "zyx": [11, 29, 34]}