{"timescalecorr": 9.537765208733617e-07, "corr_listening": 0.033439915627241135, "corr_reading": 0.06929612159729004, "p_listening": 0.283, "p_reading": 0.121, "barbin": 0, "rgb": "#000000", "zyx": [16, 42, 45]}