{"timescalecorr": 0.0577145554125309, "corr_listening": -0.0887611135840416, "corr_reading": 0.062084395438432693, "p_listening": 0.961, "p_reading": 0.161, "barbin": 0, "rgb": "#000000", "zyx": [6, 75, 61]}