{"timescalecorr": 0.0, "corr_listening": -0.027653366327285767, "corr_reading": -0.0813026949763298, "p_listening": 0.715, "p_reading": 0.919, "barbin": 0, "rgb": "#000000", "zyx": [8, 65, 50]}