{"timescalecorr": 0.010204232297837734, "corr_listening": -0.0034632564056664705, "corr_reading": 0.01649824157357216, "p_listening": 0.523, "p_reading": 0.388, "barbin": 0, "rgb": "#000000", "zyx": [22, 59, 59]}