{"timescalecorr": 0.48391589522361755, "corr_listening": 0.16275238990783691, "corr_reading": 0.06798838078975677, "p_listening": 0.0, "p_reading": 0.0, "barbin": 1, "rgb": "#000000", "zyx": [10, 88, 63]}