{"timescalecorr": 0.9600392580032349, "corr_listening": 0.2767074704170227, "corr_reading": 0.05884750187397003, "p_listening": 0.0, "p_reading": 0.148, "barbin": 2, "rgb": "#000000", "zyx": [12, 49, 27]}