{"timescalecorr": 1.8009538749197418e-08, "corr_listening": 0.08902450650930405, "corr_reading": 0.09312082082033157, "p_listening": 0.002, "p_reading": 0.052, "barbin": 0, "rgb": "#000000", "zyx": [4, 63, 35]}