{"timescalecorr": 0.00017424229008611292, "corr_listening": 0.01188238151371479, "corr_reading": 0.0771365612745285, "p_listening": 0.221, "p_reading": 0.085, "barbin": 0, "rgb": "#000000", "zyx": [11, 68, 64]}