{"timescalecorr": 2.8531292628031224e-05, "corr_listening": -0.003050948493182659, "corr_reading": 0.15407122671604156, "p_listening": 0.524, "p_reading": 0.004, "barbin": 0, "rgb": "#000000", "zyx": [10, 86, 61]}