{"timescalecorr": 0.869242250919342, "corr_listening": 0.1920517385005951, "corr_reading": 0.1794104278087616, "p_listening": 0.0, "p_reading": 0.001, "barbin": 2, "rgb": "#000000", "zyx": [14, 42, 29]}