{"timescalecorr": 0.19105100631713867, "corr_listening": 0.10206148028373718, "corr_reading": 0.0683920606970787, "p_listening": 0.049, "p_reading": 0.102, "barbin": 0, "rgb": "#000000", "zyx": [12, 37, 62]}