{"timescalecorr": 0.004268587101250887, "corr_listening": 0.0001940655056387186, "corr_reading": -0.03982485830783844, "p_listening": 0.409, "p_reading": 0.733, "barbin": 0, "rgb": "#000000", "zyx": [3, 51, 40]}