{"timescalecorr": 0.84959876537323, "corr_listening": 0.13397882878780365, "corr_reading": 0.17192839086055756, "p_listening": 0.007, "p_reading": 0.002, "barbin": 2, "rgb": "#000000", "zyx": [18, 35, 34]}