{"timescalecorr": 0.4586639106273651, "corr_listening": 0.0680728629231453, "corr_reading": 0.15031138062477112, "p_listening": 0.03, "p_reading": 0.002, "barbin": 1, "rgb": "#000000", "zyx": [6, 35, 70]}