{"timescalecorr": 0.02850908786058426, "corr_listening": 0.00016869616229087114, "corr_reading": 0.003681416856124997, "p_listening": 0.271, "p_reading": 0.081, "barbin": 0, "rgb": "#000000", "zyx": [9, 54, 61]}