{"timescalecorr": 0.0010583052644506097, "corr_listening": -0.02335995063185692, "corr_reading": -0.02632325328886509, "p_listening": 0.667, "p_reading": 0.702, "barbin": 0, "rgb": "#000000", "zyx": [10, 42, 56]}