{"timescalecorr": 0.9202305674552917, "corr_listening": -0.0036448019091039896, "corr_reading": -0.006206100340932608, "p_listening": 0.688, "p_reading": 0.544, "barbin": 0, "rgb": "#000000", "zyx": [3, 83, 31]}