{"timescalecorr": 3.4942916964678594e-20, "corr_listening": -0.07098569720983505, "corr_reading": -0.038973573595285416, "p_listening": 0.89, "p_reading": 0.846, "barbin": 0, "rgb": "#000000", "zyx": [16, 36, 39]}