{"timescalecorr": 0.029618794098496437, "corr_listening": 0.0018415674567222595, "corr_reading": 0.024226948618888855, "p_listening": 0.486, "p_reading": 0.122, "barbin": 0, "rgb": "#000000", "zyx": [7, 89, 45]}