{"timescalecorr": 0.08232792466878891, "corr_listening": -0.023062046617269516, "corr_reading": -0.004502068739384413, "p_listening": 0.689, "p_reading": 0.517, "barbin": 0, "rgb": "#000000", "zyx": [11, 30, 41]}