{"timescalecorr": 0.6781746745109558, "corr_listening": 0.3015245497226715, "corr_reading": 0.22321541607379913, "p_listening": 0.0, "p_reading": 0.0, "barbin": 4, "rgb": "#000000", "zyx": [21, 57, 69]}