{"timescalecorr": 0.08304405957460403, "corr_listening": -0.0002477923408150673, "corr_reading": 0.028917796909809113, "p_listening": 0.541, "p_reading": 0.321, "barbin": 0, "rgb": "#000000", "zyx": [12, 51, 66]}