{"timescalecorr": 0.9865880012512207, "corr_listening": 0.013322995975613594, "corr_reading": 0.029292145743966103, "p_listening": 0.291, "p_reading": 0.297, "barbin": 0, "rgb": "#000000", "zyx": [11, 57, 71]}