{"timescalecorr": 0.0019649765454232693, "corr_listening": 0.015619393438100815, "corr_reading": -0.027346614748239517, "p_listening": 0.391, "p_reading": 0.665, "barbin": 0, "rgb": "#000000", "zyx": [5, 61, 30]}