{"timescalecorr": 0.7571189999580383, "corr_listening": 0.17125988006591797, "corr_reading": 0.10360431671142578, "p_listening": 0.0, "p_reading": 0.039, "barbin": 1, "rgb": "#000000", "zyx": [20, 41, 42]}