{"timescalecorr": 0.716684877872467, "corr_listening": 0.28387048840522766, "corr_reading": 0.3490213453769684, "p_listening": 0.0, "p_reading": 0.0, "barbin": 4, "rgb": "#000000", "zyx": [22, 37, 57]}