{"timescalecorr": 0.20554864406585693, "corr_listening": 0.15790987014770508, "corr_reading": 0.15050330758094788, "p_listening": 0.005, "p_reading": 0.002, "barbin": 2, "rgb": "#000000", "zyx": [18, 39, 54]}