{"timescalecorr": 0.0, "corr_listening": -0.14266544580459595, "corr_reading": 0.005448928102850914, "p_listening": 0.995, "p_reading": 0.472, "barbin": 0, "rgb": "#000000", "zyx": [7, 69, 81]}