{"timescalecorr": 1.9399998274494124e-10, "corr_listening": -0.024668307974934578, "corr_reading": -0.02794058434665203, "p_listening": 0.677, "p_reading": 0.945, "barbin": 0, "rgb": "#000000", "zyx": [18, 63, 71]}