{"timescalecorr": 0.40596431493759155, "corr_listening": 0.018296897411346436, "corr_reading": -0.08791062235832214, "p_listening": 0.182, "p_reading": 0.922, "barbin": 0, "rgb": "#000000", "zyx": [24, 64, 61]}