{"timescalecorr": 0.14207425713539124, "corr_listening": -0.010301589965820312, "corr_reading": -0.10571721941232681, "p_listening": 0.561, "p_reading": 0.962, "barbin": 0, "rgb": "#000000", "zyx": [7, 43, 38]}