{"timescalecorr": 0.10642431676387787, "corr_listening": 0.04498475044965744, "corr_reading": 0.24958309531211853, "p_listening": 0.232, "p_reading": 0.0, "barbin": 1, "rgb": "#000000", "zyx": [8, 62, 30]}