{"timescalecorr": 0.9705715179443359, "corr_listening": -0.005952965002506971, "corr_reading": -0.04995085299015045, "p_listening": 0.51, "p_reading": 0.89, "barbin": 0, "rgb": "#000000", "zyx": [18, 53, 29]}