{"timescalecorr": 0.8836032152175903, "corr_listening": 0.1681666225194931, "corr_reading": 0.04212965816259384, "p_listening": 0.001, "p_reading": 0.235, "barbin": 1, "rgb": "#000000", "zyx": [25, 49, 46]}