{"timescalecorr": 0.9097705483436584, "corr_listening": 0.11675146967172623, "corr_reading": 0.04880325496196747, "p_listening": 0.024, "p_reading": 0.161, "barbin": 0, "rgb": "#000000", "zyx": [11, 45, 31]}