{"timescalecorr": 0.008332713507115841, "corr_listening": 0.030830027535557747, "corr_reading": 0.025181280449032784, "p_listening": 0.285, "p_reading": 0.323, "barbin": 0, "rgb": "#000000", "zyx": [3, 37, 36]}