{"timescalecorr": 0.005067253950983286, "corr_listening": 0.1120324358344078, "corr_reading": 0.08075743913650513, "p_listening": 0.018, "p_reading": 0.062, "barbin": 0, "rgb": "#000000", "zyx": [25, 66, 64]}