{"timescalecorr": 0.3154846727848053, "corr_listening": 0.0052606090903282166, "corr_reading": 0.015217117965221405, "p_listening": 0.29, "p_reading": 0.401, "barbin": 0, "rgb": "#000000", "zyx": [23, 80, 63]}