{"timescalecorr": 0.131571426987648, "corr_listening": 0.015659697353839874, "corr_reading": 0.004529071971774101, "p_listening": 0.392, "p_reading": 0.399, "barbin": 0, "rgb": "#000000", "zyx": [5, 84, 32]}