{"timescalecorr": 0.6491681337356567, "corr_listening": 0.2952045202255249, "corr_reading": 0.23800842463970184, "p_listening": 0.0, "p_reading": 0.0, "barbin": 4, "rgb": "#000000", "zyx": [6, 45, 32]}