{"timescalecorr": 0.0006585382507182658, "corr_listening": 0.011292275972664356, "corr_reading": -0.16792592406272888, "p_listening": 0.268, "p_reading": 0.999, "barbin": 0, "rgb": "#000000", "zyx": [21, 24, 58]}