{"timescalecorr": 0.32449689507484436, "corr_listening": 0.13154511153697968, "corr_reading": 0.05798884853720665, "p_listening": 0.009, "p_reading": 0.159, "barbin": 0, "rgb": "#000000", "zyx": [23, 57, 65]}