{"timescalecorr": 0.5735058784484863, "corr_listening": 0.12328967452049255, "corr_reading": 0.14463268220424652, "p_listening": 0.019, "p_reading": 0.002, "barbin": 1, "rgb": "#000000", "zyx": [18, 45, 36]}