{"timescalecorr": 0.15090127289295197, "corr_listening": 0.07657654583454132, "corr_reading": -0.03921465203166008, "p_listening": 0.132, "p_reading": 0.75, "barbin": 0, "rgb": "#000000", "zyx": [14, 63, 26]}