{"timescalecorr": 4.381807229947299e-06, "corr_listening": -0.001972133293747902, "corr_reading": 0.08383475989103317, "p_listening": 0.526, "p_reading": 0.065, "barbin": 0, "rgb": "#000000", "zyx": [1, 89, 39]}