{"timescalecorr": 0.5756550431251526, "corr_listening": 0.2283148616552353, "corr_reading": 0.24769258499145508, "p_listening": 0.0, "p_reading": 0.0, "barbin": 3, "rgb": "#000000", "zyx": [20, 58, 73]}