{"timescalecorr": 2.7608313413196583e-09, "corr_listening": -0.015489824116230011, "corr_reading": -0.02634243853390217, "p_listening": 0.671, "p_reading": 0.703, "barbin": 0, "rgb": "#000000", "zyx": [9, 44, 68]}