{"timescalecorr": 0.020938817411661148, "corr_listening": 0.010506362654268742, "corr_reading": 0.05478080362081528, "p_listening": 0.361, "p_reading": 0.072, "barbin": 0, "rgb": "#000000", "zyx": [6, 77, 73]}