{"timescalecorr": 0.002942970721051097, "corr_listening": -0.0007822738261893392, "corr_reading": 0.02736375480890274, "p_listening": 0.484, "p_reading": 0.294, "barbin": 0, "rgb": "#000000", "zyx": [2, 91, 54]}