{"timescalecorr": 0.00019230683392379433, "corr_listening": 0.06237981095910072, "corr_reading": 0.08059275895357132, "p_listening": 0.137, "p_reading": 0.069, "barbin": 0, "rgb": "#000000", "zyx": [15, 59, 68]}