{"timescalecorr": 0.9970698356628418, "corr_listening": -0.005358616355806589, "corr_reading": 0.14273284375667572, "p_listening": 0.608, "p_reading": 0.009, "barbin": 0, "rgb": "#000000", "zyx": [8, 31, 45]}