{"timescalecorr": 6.650461431556565e-11, "corr_listening": 0.08623713999986649, "corr_reading": 0.15911808609962463, "p_listening": 0.016, "p_reading": 0.0, "barbin": 1, "rgb": "#000000", "zyx": [24, 67, 65]}