{"timescalecorr": 0.9999904036521912, "corr_listening": -0.06081720069050789, "corr_reading": 0.023554563522338867, "p_listening": 0.867, "p_reading": 0.309, "barbin": 0, "rgb": "#000000", "zyx": [13, 76, 45]}