{"timescalecorr": 3.770892362808809e-05, "corr_listening": 0.02652481012046337, "corr_reading": -0.25140467286109924, "p_listening": 0.302, "p_reading": 1.0, "barbin": 0, "rgb": "#000000", "zyx": [27, 46, 56]}