{"timescalecorr": 0.7315235733985901, "corr_listening": -0.01300600916147232, "corr_reading": 0.09259697049856186, "p_listening": 0.617, "p_reading": 0.004, "barbin": 0, "rgb": "#000000", "zyx": [10, 89, 60]}