{"timescalecorr": 6.031390935735265e-14, "corr_listening": -0.09456571191549301, "corr_reading": 0.027190497145056725, "p_listening": 0.949, "p_reading": 0.242, "barbin": 0, "rgb": "#000000", "zyx": [21, 62, 44]}