{"timescalecorr": 0.07077489048242569, "corr_listening": 0.03941677510738373, "corr_reading": 0.038779355585575104, "p_listening": 0.26, "p_reading": 0.229, "barbin": 0, "rgb": "#000000", "zyx": [3, 62, 70]}