{"timescalecorr": 0.0026937159709632397, "corr_listening": -0.038693126291036606, "corr_reading": -0.014498426578938961, "p_listening": 0.82, "p_reading": 0.614, "barbin": 0, "rgb": "#000000", "zyx": [11, 74, 65]}