{"timescalecorr": 0.009381740354001522, "corr_listening": 0.015167982317507267, "corr_reading": -0.04575304687023163, "p_listening": 0.312, "p_reading": 0.858, "barbin": 0, "rgb": "#000000", "zyx": [14, 38, 38]}