{"timescalecorr": 0.4261954426765442, "corr_listening": 0.1448875069618225, "corr_reading": 0.21619132161140442, "p_listening": 0.005, "p_reading": 0.0, "barbin": 2, "rgb": "#000000", "zyx": [12, 49, 30]}