{"timescalecorr": 2.6386905898137525e-13, "corr_listening": -0.02751658484339714, "corr_reading": -0.06480254232883453, "p_listening": 0.681, "p_reading": 0.84, "barbin": 0, "rgb": "#000000", "zyx": [26, 40, 56]}