{"timescalecorr": 0.027657417580485344, "corr_listening": 0.060464292764663696, "corr_reading": 0.0012047687778249383, "p_listening": 0.111, "p_reading": 0.43, "barbin": 0, "rgb": "#000000", "zyx": [23, 67, 56]}