{"timescalecorr": 0.036658771336078644, "corr_listening": 0.006991191301494837, "corr_reading": 0.02883514203131199, "p_listening": 0.429, "p_reading": 0.254, "barbin": 0, "rgb": "#000000", "zyx": [21, 63, 61]}