{"timescalecorr": 0.34892719984054565, "corr_listening": 0.22317691147327423, "corr_reading": 0.052481599152088165, "p_listening": 0.001, "p_reading": 0.18, "barbin": 1, "rgb": "#000000", "zyx": [16, 47, 74]}