{"timescalecorr": 0.018235627561807632, "corr_listening": 0.009896877221763134, "corr_reading": 0.018657345324754715, "p_listening": 0.387, "p_reading": 0.363, "barbin": 0, "rgb": "#000000", "zyx": [6, 91, 50]}