{"timescalecorr": 3.4043245999981764e-10, "corr_listening": -0.02993740513920784, "corr_reading": -0.024033421650528908, "p_listening": 0.813, "p_reading": 0.65, "barbin": 0, "rgb": "#000000", "zyx": [8, 29, 42]}