{"timescalecorr": 0.41969162225723267, "corr_listening": 0.20599037408828735, "corr_reading": 0.08056190609931946, "p_listening": 0.0, "p_reading": 0.101, "barbin": 1, "rgb": "#000000", "zyx": [6, 54, 64]}