{"timescalecorr": 0.269207239151001, "corr_listening": 0.0024876794777810574, "corr_reading": -0.024215923622250557, "p_listening": 0.488, "p_reading": 0.754, "barbin": 0, "rgb": "#000000", "zyx": [13, 66, 65]}