{"timescalecorr": 0.007245997898280621, "corr_listening": -0.056033823639154434, "corr_reading": 0.009848874062299728, "p_listening": 0.859, "p_reading": 0.454, "barbin": 0, "rgb": "#000000", "zyx": [11, 22, 44]}