{"timescalecorr": 0.0057216184213757515, "corr_listening": 0.15182267129421234, "corr_reading": -0.03522273525595665, "p_listening": 0.001, "p_reading": 0.711, "barbin": 0, "rgb": "#000000", "zyx": [14, 83, 70]}