{"timescalecorr": 0.848726749420166, "corr_listening": 0.10562482476234436, "corr_reading": 0.089876189827919, "p_listening": 0.029, "p_reading": 0.049, "barbin": 0, "rgb": "#000000", "zyx": [27, 54, 53]}