{"timescalecorr": 0.016822345554828644, "corr_listening": -0.023982388898730278, "corr_reading": -0.05232544615864754, "p_listening": 0.674, "p_reading": 0.838, "barbin": 0, "rgb": "#000000", "zyx": [18, 21, 44]}