{"timescalecorr": 0.0, "corr_listening": -0.05729847773909569, "corr_reading": -0.029196100309491158, "p_listening": 0.829, "p_reading": 0.692, "barbin": 0, "rgb": "#000000", "zyx": [13, 62, 36]}