{"timescalecorr": 0.001177727128379047, "corr_listening": -0.041500553488731384, "corr_reading": 0.07550255954265594, "p_listening": 0.759, "p_reading": 0.099, "barbin": 0, "rgb": "#000000", "zyx": [8, 77, 26]}