{"timescalecorr": 0.00275068124756217, "corr_listening": 0.0017445595003664494, "corr_reading": 0.020917342975735664, "p_listening": 0.48, "p_reading": 0.366, "barbin": 0, "rgb": "#000000", "zyx": [4, 55, 78]}