{"timescalecorr": 0.6154453158378601, "corr_listening": 0.13752438127994537, "corr_reading": -0.08157823234796524, "p_listening": 0.001, "p_reading": 0.917, "barbin": 0, "rgb": "#000000", "zyx": [18, 40, 62]}