{"timescalecorr": 9.770521103291685e-08, "corr_listening": 0.01619991473853588, "corr_reading": 0.14741499722003937, "p_listening": 0.344, "p_reading": 0.007, "barbin": 0, "rgb": "#000000", "zyx": [5, 82, 32]}