{"timescalecorr": 0.14491038024425507, "corr_listening": 0.11701589822769165, "corr_reading": 0.03317860886454582, "p_listening": 0.008, "p_reading": 0.188, "barbin": 0, "rgb": "#000000", "zyx": [11, 30, 44]}