{"timescalecorr": 0.5360323190689087, "corr_listening": 0.00641245860606432, "corr_reading": 0.08169291913509369, "p_listening": 0.306, "p_reading": 0.087, "barbin": 0, "rgb": "#000000", "zyx": [19, 48, 60]}