{"timescalecorr": 0.6825213432312012, "corr_listening": 0.18232396245002747, "corr_reading": 0.04889079928398132, "p_listening": 0.0, "p_reading": 0.211, "barbin": 1, "rgb": "#000000", "zyx": [10, 55, 79]}