{"timescalecorr": 0.0005932419444434345, "corr_listening": 0.12857449054718018, "corr_reading": -0.07892265915870667, "p_listening": 0.004, "p_reading": 0.91, "barbin": 0, "rgb": "#000000", "zyx": [17, 89, 51]}