{"timescalecorr": 0.12288680672645569, "corr_listening": 0.06075858697295189, "corr_reading": -0.01182966586202383, "p_listening": 0.142, "p_reading": 0.579, "barbin": 0, "rgb": "#000000", "zyx": [17, 32, 60]}