{"timescalecorr": 0.0, "corr_listening": -0.12377167493104935, "corr_reading": 0.010308590717613697, "p_listening": 0.994, "p_reading": 0.456, "barbin": 0, "rgb": "#000000", "zyx": [0, 80, 63]}