{"timescalecorr": 0.8419215083122253, "corr_listening": 0.0839616060256958, "corr_reading": 0.046369507908821106, "p_listening": 0.002, "p_reading": 0.114, "barbin": 0, "rgb": "#000000", "zyx": [16, 89, 45]}