{"timescalecorr": 0.0052595180459320545, "corr_listening": 0.1398182213306427, "corr_reading": 0.058414753526449203, "p_listening": 0.003, "p_reading": 0.175, "barbin": 0, "rgb": "#000000", "zyx": [19, 37, 64]}