{"timescalecorr": 3.782720102262147e-18, "corr_listening": 0.017236508429050446, "corr_reading": -0.02208034321665764, "p_listening": 0.284, "p_reading": 0.664, "barbin": 0, "rgb": "#000000", "zyx": [12, 43, 78]}