{"timescalecorr": 0.08720722049474716, "corr_listening": 0.06611962616443634, "corr_reading": 0.09514817595481873, "p_listening": 0.094, "p_reading": 0.049, "barbin": 0, "rgb": "#000000", "zyx": [7, 82, 38]}