{"timescalecorr": 0.48667803406715393, "corr_listening": 0.10669508576393127, "corr_reading": 0.05386120453476906, "p_listening": 0.036, "p_reading": 0.138, "barbin": 0, "rgb": "#000000", "zyx": [21, 53, 71]}