{"timescalecorr": 0.866279661655426, "corr_listening": 0.2924853265285492, "corr_reading": 0.16061045229434967, "p_listening": 0.0, "p_reading": 0.0, "barbin": 3, "rgb": "#000000", "zyx": [7, 71, 75]}