{"timescalecorr": 0.003930984064936638, "corr_listening": -0.006095206830650568, "corr_reading": 0.05424325540661812, "p_listening": 0.548, "p_reading": 0.022, "barbin": 0, "rgb": "#000000", "zyx": [6, 83, 72]}