{"timescalecorr": 0.13143020868301392, "corr_listening": 0.0012740148231387138, "corr_reading": 0.02900603413581848, "p_listening": 0.476, "p_reading": 0.312, "barbin": 0, "rgb": "#000000", "zyx": [11, 90, 70]}