{"timescalecorr": NaN, "corr_listening": -0.05453288555145264, "corr_reading": -0.06722462922334671, "p_listening": 0.821, "p_reading": 0.875, "barbin": 0, "rgb": "#000000", "zyx": [5, 58, 44]}