{"timescalecorr": 0.6024818420410156, "corr_listening": 0.0327998623251915, "corr_reading": 0.23537978529930115, "p_listening": 0.302, "p_reading": 0.0, "barbin": 1, "rgb": "#000000", "zyx": [13, 49, 39]}