{"timescalecorr": 0.0051794336177408695, "corr_listening": -0.029918134212493896, "corr_reading": -0.09138059616088867, "p_listening": 0.674, "p_reading": 0.951, "barbin": 0, "rgb": "#000000", "zyx": [14, 54, 53]}