{"timescalecorr": 0.9999993443489075, "corr_listening": 0.0012293694308027625, "corr_reading": 0.04040926322340965, "p_listening": 0.474, "p_reading": 0.212, "barbin": 0, "rgb": "#000000", "zyx": [24, 33, 58]}