{"timescalecorr": 0.9994373917579651, "corr_listening": -0.0026615799870342016, "corr_reading": 0.024988098070025444, "p_listening": 0.665, "p_reading": 0.301, "barbin": 0, "rgb": "#000000", "zyx": [22, 57, 53]}