{"timescalecorr": 3.909476001595189e-23, "corr_listening": 0.053883183747529984, "corr_reading": -0.04494062811136246, "p_listening": 0.196, "p_reading": 0.785, "barbin": 0, "rgb": "#000000", "zyx": [21, 26, 39]}