{"timescalecorr": 0.9039397239685059, "corr_listening": -0.022703368216753006, "corr_reading": -0.025954782962799072, "p_listening": 0.798, "p_reading": 0.816, "barbin": 0, "rgb": "#000000", "zyx": [2, 80, 64]}