{"timescalecorr": 0.8480366468429565, "corr_listening": 0.12107710540294647, "corr_reading": 0.0841442346572876, "p_listening": 0.025, "p_reading": 0.093, "barbin": 1, "rgb": "#000000", "zyx": [24, 54, 63]}