{"timescalecorr": 0.0, "corr_listening": -0.013769333250820637, "corr_reading": 0.03496474027633667, "p_listening": 0.938, "p_reading": 0.282, "barbin": 0, "rgb": "#000000", "zyx": [5, 73, 80]}