{"timescalecorr": 0.007182001136243343, "corr_listening": -0.10881980508565903, "corr_reading": 0.010305121541023254, "p_listening": 0.988, "p_reading": 0.439, "barbin": 0, "rgb": "#000000", "zyx": [6, 60, 48]}