{"timescalecorr": 2.928226758291963e-11, "corr_listening": 0.018599407747387886, "corr_reading": -0.008634701371192932, "p_listening": 0.401, "p_reading": 0.575, "barbin": 0, "rgb": "#000000", "zyx": [0, 78, 48]}