{"timescalecorr": 0.8374645709991455, "corr_listening": -0.07385820150375366, "corr_reading": -0.09087104350328445, "p_listening": 0.894, "p_reading": 0.937, "barbin": 0, "rgb": "#000000", "zyx": [8, 59, 26]}