{"timescalecorr": 0.0004010703996755183, "corr_listening": 0.0009546441142447293, "corr_reading": -0.043083373457193375, "p_listening": 0.471, "p_reading": 0.776, "barbin": 0, "rgb": "#000000", "zyx": [15, 20, 52]}