{"timescalecorr": 0.0, "corr_listening": 0.058235760778188705, "corr_reading": -0.19518759846687317, "p_listening": 0.141, "p_reading": 1.0, "barbin": 0, "rgb": "#000000", "zyx": [11, 26, 55]}