{"timescalecorr": 0.4700441360473633, "corr_listening": 0.031094664707779884, "corr_reading": 0.07387959957122803, "p_listening": 0.206, "p_reading": 0.101, "barbin": 0, "rgb": "#000000", "zyx": [7, 73, 29]}