{"timescalecorr": 0.536232054233551, "corr_listening": 0.08078377693891525, "corr_reading": -0.00029823556542396545, "p_listening": 0.092, "p_reading": 0.511, "barbin": 0, "rgb": "#000000", "zyx": [18, 25, 55]}