{"timescalecorr": 0.39900970458984375, "corr_listening": 0.22118927538394928, "corr_reading": 0.09134290367364883, "p_listening": 0.0, "p_reading": 0.045, "barbin": 2, "rgb": "#000000", "zyx": [14, 81, 52]}