{"timescalecorr": 0.0, "corr_listening": 0.023998329415917397, "corr_reading": -0.11598379909992218, "p_listening": 0.362, "p_reading": 0.96, "barbin": 0, "rgb": "#000000", "zyx": [26, 43, 48]}