{"timescalecorr": 0.0006046273629181087, "corr_listening": 0.04542049765586853, "corr_reading": 0.039513859897851944, "p_listening": 0.211, "p_reading": 0.269, "barbin": 0, "rgb": "#000000", "zyx": [22, 67, 33]}