{"timescalecorr": 0.0019820029847323895, "corr_listening": 0.09090492129325867, "corr_reading": -0.11565227806568146, "p_listening": 0.083, "p_reading": 0.967, "barbin": 0, "rgb": "#000000", "zyx": [17, 61, 25]}