{"timescalecorr": 0.5972145199775696, "corr_listening": -0.05861040577292442, "corr_reading": -0.00344582530669868, "p_listening": 0.943, "p_reading": 0.835, "barbin": 0, "rgb": "#000000", "zyx": [9, 89, 57]}