{"timescalecorr": 0.6416060924530029, "corr_listening": -0.040039028972387314, "corr_reading": 0.023487696424126625, "p_listening": 0.76, "p_reading": 0.207, "barbin": 0, "rgb": "#000000", "zyx": [18, 78, 40]}