{"timescalecorr": 0.004154691472649574, "corr_listening": 0.224749356508255, "corr_reading": -0.03984279930591583, "p_listening": 0.0, "p_reading": 0.737, "barbin": 0, "rgb": "#000000", "zyx": [19, 76, 34]}