{"timescalecorr": 0.9919254779815674, "corr_listening": 0.012579199858009815, "corr_reading": 0.024673281237483025, "p_listening": 0.393, "p_reading": 0.294, "barbin": 0, "rgb": "#000000", "zyx": [22, 40, 49]}