{"timescalecorr": 0.006165110506117344, "corr_listening": 0.03176146000623703, "corr_reading": 0.03009428270161152, "p_listening": 0.025, "p_reading": 0.307, "barbin": 0, "rgb": "#000000", "zyx": [17, 69, 32]}