{"timescalecorr": 0.8321256637573242, "corr_listening": 0.13850173354148865, "corr_reading": -0.006484929472208023, "p_listening": 0.012, "p_reading": 0.575, "barbin": 0, "rgb": "#000000", "zyx": [9, 47, 77]}