{"timescalecorr": 0.006218493450433016, "corr_listening": -0.01867244951426983, "corr_reading": -0.019648883491754532, "p_listening": 0.826, "p_reading": 0.633, "barbin": 0, "rgb": "#000000", "zyx": [20, 38, 52]}