{"timescalecorr": 3.6143646866548806e-05, "corr_listening": -0.08085108548402786, "corr_reading": 0.21449579298496246, "p_listening": 0.907, "p_reading": 0.0, "barbin": 0, "rgb": "#000000", "zyx": [8, 63, 23]}