{"timescalecorr": 0.9184849262237549, "corr_listening": 0.04621792957186699, "corr_reading": 0.020655257627367973, "p_listening": 0.226, "p_reading": 0.245, "barbin": 0, "rgb": "#000000", "zyx": [7, 77, 42]}