{"timescalecorr": 0.030834320932626724, "corr_listening": 0.012492646463215351, "corr_reading": -0.1529577672481537, "p_listening": 0.422, "p_reading": 0.995, "barbin": 0, "rgb": "#000000", "zyx": [16, 76, 30]}