{"timescalecorr": 0.048121728003025055, "corr_listening": -0.09551554918289185, "corr_reading": 0.015453482046723366, "p_listening": 0.953, "p_reading": 0.419, "barbin": 0, "rgb": "#000000", "zyx": [4, 66, 81]}