{"timescalecorr": 0.950086772441864, "corr_listening": 0.2807435989379883, "corr_reading": 0.2341300994157791, "p_listening": 0.0, "p_reading": 0.0, "barbin": 4, "rgb": "#000000", "zyx": [11, 76, 36]}