{"timescalecorr": 1.314574183197692e-05, "corr_listening": 0.0022443097550421953, "corr_reading": 0.03266580402851105, "p_listening": 0.11, "p_reading": 0.287, "barbin": 0, "rgb": "#000000", "zyx": [6, 62, 32]}