{"timescalecorr": 0.02121042273938656, "corr_listening": 0.04340750724077225, "corr_reading": -0.0851655825972557, "p_listening": 0.236, "p_reading": 0.927, "barbin": 0, "rgb": "#000000", "zyx": [18, 49, 72]}