{"timescalecorr": 0.12645432353019714, "corr_listening": 0.13106626272201538, "corr_reading": 0.14614570140838623, "p_listening": 0.013, "p_reading": 0.006, "barbin": 1, "rgb": "#000000", "zyx": [7, 75, 62]}