{"timescalecorr": 0.01261627022176981, "corr_listening": 0.09856542944908142, "corr_reading": -0.06601183861494064, "p_listening": 0.046, "p_reading": 0.855, "barbin": 0, "rgb": "#000000", "zyx": [23, 74, 61]}