{"timescalecorr": 2.375046278757509e-06, "corr_listening": 0.013655289076268673, "corr_reading": 0.06118079274892807, "p_listening": 0.413, "p_reading": 0.125, "barbin": 0, "rgb": "#000000", "zyx": [7, 61, 56]}