{"timescalecorr": 0.0, "corr_listening": -0.04874325916171074, "corr_reading": -0.0386221744120121, "p_listening": 0.774, "p_reading": 0.774, "barbin": 0, "rgb": "#000000", "zyx": [5, 43, 45]}