{"timescalecorr": 0.9874107837677002, "corr_listening": 0.004189766477793455, "corr_reading": 0.05931418016552925, "p_listening": 0.474, "p_reading": 0.039, "barbin": 0, "rgb": "#000000", "zyx": [21, 78, 53]}