{"timescalecorr": 0.3421652913093567, "corr_listening": 0.022585414350032806, "corr_reading": 0.0233993511646986, "p_listening": 0.355, "p_reading": 0.245, "barbin": 0, "rgb": "#000000", "zyx": [16, 26, 63]}