{"timescalecorr": 0.4847831130027771, "corr_listening": 0.012552261352539062, "corr_reading": 0.026438593864440918, "p_listening": 0.415, "p_reading": 0.312, "barbin": 0, "rgb": "#000000", "zyx": [17, 69, 47]}