{"timescalecorr": 0.0039636301808059216, "corr_listening": 0.03442143648862839, "corr_reading": -0.1343965232372284, "p_listening": 0.06, "p_reading": 0.991, "barbin": 0, "rgb": "#000000", "zyx": [12, 67, 34]}