{"timescalecorr": 8.985803614867674e-18, "corr_listening": 0.05739481747150421, "corr_reading": 0.0860217809677124, "p_listening": 0.098, "p_reading": 0.081, "barbin": 0, "rgb": "#000000", "zyx": [8, 67, 32]}