{"timescalecorr": 0.3682706654071808, "corr_listening": -0.018763143569231033, "corr_reading": 0.027753081172704697, "p_listening": 0.641, "p_reading": 0.322, "barbin": 0, "rgb": "#000000", "zyx": [10, 32, 67]}