{"timescalecorr": 0.001133082783780992, "corr_listening": -0.11570905148983002, "corr_reading": 0.0484941229224205, "p_listening": 0.97, "p_reading": 0.02, "barbin": 0, "rgb": "#000000", "zyx": [0, 85, 44]}