{"timescalecorr": 0.38940513134002686, "corr_listening": -0.0011953525245189667, "corr_reading": 0.012295767664909363, "p_listening": 0.528, "p_reading": 0.431, "barbin": 0, "rgb": "#000000", "zyx": [14, 26, 30]}