{"timescalecorr": 0.0002145099570043385, "corr_listening": -0.12164384871721268, "corr_reading": 0.002850731834769249, "p_listening": 0.989, "p_reading": 0.46, "barbin": 0, "rgb": "#000000", "zyx": [11, 17, 49]}