{"timescalecorr": 8.236237931669166e-07, "corr_listening": -0.05733850970864296, "corr_reading": 0.060956504195928574, "p_listening": 0.844, "p_reading": 0.141, "barbin": 0, "rgb": "#000000", "zyx": [17, 58, 55]}