{"timescalecorr": 0.9134907126426697, "corr_listening": 0.11644351482391357, "corr_reading": 0.011527376249432564, "p_listening": 0.032, "p_reading": 0.27, "barbin": 0, "rgb": "#000000", "zyx": [11, 45, 28]}