{"timescalecorr": 0.6836450099945068, "corr_listening": 0.1432235836982727, "corr_reading": 0.037190720438957214, "p_listening": 0.0, "p_reading": 0.231, "barbin": 0, "rgb": "#000000", "zyx": [11, 27, 49]}