{"timescalecorr": 3.6733999309035426e-07, "corr_listening": 0.016345936805009842, "corr_reading": 0.029810048639774323, "p_listening": 0.136, "p_reading": 0.052, "barbin": 0, "rgb": "#000000", "zyx": [8, 62, 52]}