{"timescalecorr": 0.42367175221443176, "corr_listening": -0.003751670941710472, "corr_reading": -0.11618611961603165, "p_listening": 0.533, "p_reading": 0.986, "barbin": 0, "rgb": "#000000", "zyx": [6, 36, 39]}