{"timescalecorr": 0.8296421766281128, "corr_listening": 0.03529369831085205, "corr_reading": 0.08535988628864288, "p_listening": 0.278, "p_reading": 0.061, "barbin": 0, "rgb": "#000000", "zyx": [5, 60, 79]}