{"timescalecorr": 0.009259877726435661, "corr_listening": -0.04858126491308212, "corr_reading": -0.003750849748030305, "p_listening": 0.792, "p_reading": 0.532, "barbin": 0, "rgb": "#000000", "zyx": [3, 75, 75]}