{"timescalecorr": 0.7964358329772949, "corr_listening": 0.061246130615472794, "corr_reading": 0.08574759215116501, "p_listening": 0.13, "p_reading": 0.062, "barbin": 0, "rgb": "#000000", "zyx": [21, 28, 49]}