{"timescalecorr": 0.9967885613441467, "corr_listening": -0.08687669038772583, "corr_reading": 0.06638367474079132, "p_listening": 0.934, "p_reading": 0.125, "barbin": 0, "rgb": "#000000", "zyx": [5, 61, 24]}