{"timescalecorr": 1.1681311732180256e-15, "corr_listening": 0.03710996359586716, "corr_reading": 0.027034441009163857, "p_listening": 0.219, "p_reading": 0.311, "barbin": 0, "rgb": "#000000", "zyx": [7, 58, 64]}