{"timescalecorr": 0.0, "corr_listening": 0.04630143567919731, "corr_reading": -0.18987326323986053, "p_listening": 0.024, "p_reading": 1.0, "barbin": 0, "rgb": "#000000", "zyx": [21, 36, 47]}