{"timescalecorr": 0.01787319965660572, "corr_listening": -0.008826617151498795, "corr_reading": -0.08564940094947815, "p_listening": 0.598, "p_reading": 0.988, "barbin": 0, "rgb": "#000000", "zyx": [12, 20, 44]}