{"timescalecorr": 0.7712196111679077, "corr_listening": 0.1334502100944519, "corr_reading": 0.030567262321710587, "p_listening": 0.0, "p_reading": 0.157, "barbin": 0, "rgb": "#000000", "zyx": [12, 78, 63]}