{"timescalecorr": 0.0420507937669754, "corr_listening": -0.026266124099493027, "corr_reading": 0.015416312962770462, "p_listening": 0.663, "p_reading": 0.338, "barbin": 0, "rgb": "#000000", "zyx": [22, 77, 55]}