{"timescalecorr": 0.33857569098472595, "corr_listening": 0.16479380428791046, "corr_reading": 0.09830129891633987, "p_listening": 0.0, "p_reading": 0.043, "barbin": 1, "rgb": "#000000", "zyx": [15, 63, 51]}