{"timescalecorr": 0.983550488948822, "corr_listening": 0.07744238525629044, "corr_reading": 0.12173282355070114, "p_listening": 0.099, "p_reading": 0.024, "barbin": 0, "rgb": "#000000", "zyx": [24, 51, 42]}