{"timescalecorr": 4.742263803869662e-10, "corr_listening": 0.0025497591122984886, "corr_reading": -0.012319665402173996, "p_listening": 0.475, "p_reading": 0.572, "barbin": 0, "rgb": "#000000", "zyx": [10, 24, 56]}