{"timescalecorr": 0.8055130839347839, "corr_listening": 0.07450565695762634, "corr_reading": 0.035844579339027405, "p_listening": 0.075, "p_reading": 0.277, "barbin": 0, "rgb": "#000000", "zyx": [10, 84, 73]}