{"timescalecorr": 0.1414596289396286, "corr_listening": 0.0620788037776947, "corr_reading": 0.04106980562210083, "p_listening": 0.134, "p_reading": 0.252, "barbin": 0, "rgb": "#000000", "zyx": [15, 39, 47]}