{"timescalecorr": 0.968075156211853, "corr_listening": 0.01813615672290325, "corr_reading": -0.020567843690514565, "p_listening": 0.404, "p_reading": 0.643, "barbin": 0, "rgb": "#000000", "zyx": [7, 88, 71]}