{"timescalecorr": 0.0, "corr_listening": -0.10618345439434052, "corr_reading": -0.18257105350494385, "p_listening": 0.973, "p_reading": 0.998, "barbin": 0, "rgb": "#000000", "zyx": [16, 22, 34]}