{"timescalecorr": 0.038879331201314926, "corr_listening": 0.03967638686299324, "corr_reading": 0.015486673451960087, "p_listening": 0.231, "p_reading": 0.376, "barbin": 0, "rgb": "#000000", "zyx": [5, 55, 29]}