{"timescalecorr": 0.4435371160507202, "corr_listening": -0.12147805839776993, "corr_reading": 0.11662567406892776, "p_listening": 0.989, "p_reading": 0.025, "barbin": 0, "rgb": "#000000", "zyx": [4, 70, 41]}