{"timescalecorr": 7.082899173838086e-07, "corr_listening": 0.02239680103957653, "corr_reading": -0.03313790634274483, "p_listening": 0.363, "p_reading": 0.684, "barbin": 0, "rgb": "#000000", "zyx": [9, 25, 47]}