{"timescalecorr": 0.0008511024061590433, "corr_listening": 0.03650977835059166, "corr_reading": 0.06613572686910629, "p_listening": 0.261, "p_reading": 0.012, "barbin": 0, "rgb": "#000000", "zyx": [14, 78, 29]}