{"timescalecorr": 0.20528735220432281, "corr_listening": 0.023816946893930435, "corr_reading": 0.18730245530605316, "p_listening": 0.342, "p_reading": 0.0, "barbin": 1, "rgb": "#000000", "zyx": [25, 51, 53]}