{"timescalecorr": 0.6618602871894836, "corr_listening": 0.00027519010473042727, "corr_reading": 0.0725659504532814, "p_listening": 0.488, "p_reading": 0.029, "barbin": 0, "rgb": "#000000", "zyx": [12, 84, 51]}