{"timescalecorr": 0.0, "corr_listening": -0.03390669822692871, "corr_reading": 0.005331079941242933, "p_listening": 0.723, "p_reading": 0.463, "barbin": 0, "rgb": "#000000", "zyx": [19, 71, 57]}