{"timescalecorr": 0.0655040517449379, "corr_listening": 0.19001169502735138, "corr_reading": 0.16225820779800415, "p_listening": 0.0, "p_reading": 0.004, "barbin": 2, "rgb": "#000000", "zyx": [7, 48, 30]}