{"timescalecorr": 0.2567892074584961, "corr_listening": 0.246933713555336, "corr_reading": 0.0740312859416008, "p_listening": 0.0, "p_reading": 0.113, "barbin": 2, "rgb": "#000000", "zyx": [25, 53, 43]}