{"timescalecorr": 0.003005369333550334, "corr_listening": -0.04172001779079437, "corr_reading": -0.0203337911516428, "p_listening": 0.777, "p_reading": 0.807, "barbin": 0, "rgb": "#000000", "zyx": [19, 63, 61]}