{"timescalecorr": 9.584478988244882e-08, "corr_listening": 0.16937024891376495, "corr_reading": -0.011834817938506603, "p_listening": 0.0, "p_reading": 0.594, "barbin": 0, "rgb": "#000000", "zyx": [24, 36, 50]}