{"timescalecorr": 1.3741072507400531e-05, "corr_listening": 0.10433375835418701, "corr_reading": 0.01494645606726408, "p_listening": 0.036, "p_reading": 0.379, "barbin": 0, "rgb": "#000000", "zyx": [9, 78, 26]}