{"timescalecorr": 0.44563934206962585, "corr_listening": 0.1777210682630539, "corr_reading": 0.15127751231193542, "p_listening": 0.002, "p_reading": 0.004, "barbin": 2, "rgb": "#000000", "zyx": [23, 41, 45]}