{"timescalecorr": 0.0015153918648138642, "corr_listening": -0.0021257582120597363, "corr_reading": -0.0003440631553530693, "p_listening": 0.564, "p_reading": 0.526, "barbin": 0, "rgb": "#000000", "zyx": [3, 67, 28]}