{"timescalecorr": 0.9160693287849426, "corr_listening": 0.3853098154067993, "corr_reading": 0.37044796347618103, "p_listening": 0.0, "p_reading": 0.0, "barbin": 4, "rgb": "#000000", "zyx": [11, 76, 31]}