{"timescalecorr": 2.7816946879602455e-13, "corr_listening": 0.09084372222423553, "corr_reading": -0.00017126320744864643, "p_listening": 0.063, "p_reading": 0.481, "barbin": 0, "rgb": "#000000", "zyx": [2, 39, 44]}