{"timescalecorr": 0.2642005681991577, "corr_listening": -0.056936975568532944, "corr_reading": -0.07605644315481186, "p_listening": 0.826, "p_reading": 0.892, "barbin": 0, "rgb": "#000000", "zyx": [2, 51, 34]}