{"timescalecorr": 0.008502721786499023, "corr_listening": 0.22016017138957977, "corr_reading": 0.16091620922088623, "p_listening": 0.0, "p_reading": 0.002, "barbin": 2, "rgb": "#000000", "zyx": [11, 69, 53]}