{"timescalecorr": 1.123972137584417e-09, "corr_listening": 0.009865758009254932, "corr_reading": 0.074515700340271, "p_listening": 0.448, "p_reading": 0.1, "barbin": 0, "rgb": "#000000", "zyx": [20, 25, 60]}