{"timescalecorr": 0.05747740715742111, "corr_listening": 0.0674925372004509, "corr_reading": 0.0037609711289405823, "p_listening": 0.107, "p_reading": 0.493, "barbin": 0, "rgb": "#000000", "zyx": [15, 64, 26]}