{"timescalecorr": 0.16668863594532013, "corr_listening": 0.04372931271791458, "corr_reading": -0.001576686860062182, "p_listening": 0.221, "p_reading": 0.608, "barbin": 0, "rgb": "#000000", "zyx": [10, 59, 58]}