{"timescalecorr": 0.4459652304649353, "corr_listening": 0.1460292935371399, "corr_reading": 0.20408868789672852, "p_listening": 0.001, "p_reading": 0.0, "barbin": 2, "rgb": "#000000", "zyx": [9, 45, 70]}