{"timescalecorr": 0.1183515414595604, "corr_listening": -0.03277866914868355, "corr_reading": 0.008096178062260151, "p_listening": 0.735, "p_reading": 0.449, "barbin": 0, "rgb": "#000000", "zyx": [5, 36, 63]}