{"timescalecorr": 0.07934173941612244, "corr_listening": 0.08799156546592712, "corr_reading": 0.0927266776561737, "p_listening": 0.06, "p_reading": 0.02, "barbin": 0, "rgb": "#000000", "zyx": [5, 71, 70]}