{"timescalecorr": 0.3842320144176483, "corr_listening": -0.06316924840211868, "corr_reading": 0.01624223217368126, "p_listening": 0.866, "p_reading": 0.207, "barbin": 0, "rgb": "#000000", "zyx": [21, 42, 31]}