{"timescalecorr": 9.651886648498476e-05, "corr_listening": 0.007159474305808544, "corr_reading": -0.08257956802845001, "p_listening": 0.116, "p_reading": 0.95, "barbin": 0, "rgb": "#000000", "zyx": [9, 53, 38]}