{"timescalecorr": 0.28170379996299744, "corr_listening": 0.10426390171051025, "corr_reading": -0.013401951640844345, "p_listening": 0.008, "p_reading": 0.607, "barbin": 0, "rgb": "#000000", "zyx": [9, 29, 54]}