{"timescalecorr": 0.24556075036525726, "corr_listening": 0.20713160932064056, "corr_reading": 0.20962068438529968, "p_listening": 0.0, "p_reading": 0.0, "barbin": 3, "rgb": "#000000", "zyx": [13, 71, 78]}