{"timescalecorr": 0.5361872315406799, "corr_listening": 0.15308453142642975, "corr_reading": -0.0029931357130408287, "p_listening": 0.004, "p_reading": 0.561, "barbin": 0, "rgb": "#000000", "zyx": [12, 77, 67]}