{"timescalecorr": 0.00014308682875707746, "corr_listening": -0.05023017153143883, "corr_reading": -0.005298506934195757, "p_listening": 0.814, "p_reading": 0.581, "barbin": 0, "rgb": "#000000", "zyx": [6, 35, 59]}