{"timescalecorr": 0.01740715466439724, "corr_listening": -0.002909610513597727, "corr_reading": -0.03893987461924553, "p_listening": 0.488, "p_reading": 0.765, "barbin": 0, "rgb": "#000000", "zyx": [17, 28, 44]}