{"timescalecorr": 4.0968831882537415e-08, "corr_listening": 0.0027024573646485806, "corr_reading": 0.10120763629674911, "p_listening": 0.151, "p_reading": 0.031, "barbin": 0, "rgb": "#000000", "zyx": [8, 73, 74]}