{"timescalecorr": 0.489346981048584, "corr_listening": 0.0611749067902565, "corr_reading": 0.0037725307047367096, "p_listening": 0.152, "p_reading": 0.025, "barbin": 0, "rgb": "#000000", "zyx": [5, 75, 43]}