{"timescalecorr": 0.8052022457122803, "corr_listening": 0.30578741431236267, "corr_reading": 0.5353136658668518, "p_listening": 0.0, "p_reading": 0.0, "barbin": 4, "rgb": "#000000", "zyx": [8, 64, 29]}