{"timescalecorr": 2.7906737684602057e-11, "corr_listening": 0.06891933083534241, "corr_reading": -0.015276200138032436, "p_listening": 0.113, "p_reading": 0.574, "barbin": 0, "rgb": "#000000", "zyx": [18, 50, 44]}