{"timescalecorr": 0.07765278220176697, "corr_listening": 0.008979336358606815, "corr_reading": 0.006913132034242153, "p_listening": 0.428, "p_reading": 0.427, "barbin": 0, "rgb": "#000000", "zyx": [14, 44, 68]}