{"timescalecorr": 0.027413977310061455, "corr_listening": 0.04864814877510071, "corr_reading": 0.01918947696685791, "p_listening": 0.225, "p_reading": 0.291, "barbin": 0, "rgb": "#000000", "zyx": [14, 62, 70]}