{"timescalecorr": 0.05160147696733475, "corr_listening": -0.02873990498483181, "corr_reading": 0.1006016731262207, "p_listening": 0.702, "p_reading": 0.055, "barbin": 0, "rgb": "#000000", "zyx": [8, 64, 83]}