{"timescalecorr": 0.5556885600090027, "corr_listening": 0.15892040729522705, "corr_reading": 0.11763429641723633, "p_listening": 0.003, "p_reading": 0.013, "barbin": 1, "rgb": "#000000", "zyx": [4, 65, 40]}