{"timescalecorr": 0.17891806364059448, "corr_listening": -0.008648828603327274, "corr_reading": -0.04662793502211571, "p_listening": 0.586, "p_reading": 0.796, "barbin": 0, "rgb": "#000000", "zyx": [13, 55, 30]}