{"timescalecorr": 0.0011491331970319152, "corr_listening": -0.022815192118287086, "corr_reading": 0.09444669634103775, "p_listening": 0.996, "p_reading": 0.042, "barbin": 0, "rgb": "#000000", "zyx": [6, 34, 62]}