{"timescalecorr": 0.9128378033638, "corr_listening": 0.2718287706375122, "corr_reading": 0.14892792701721191, "p_listening": 0.0, "p_reading": 0.004, "barbin": 3, "rgb": "#000000", "zyx": [17, 83, 55]}