{"timescalecorr": 0.06169924885034561, "corr_listening": 0.04806256294250488, "corr_reading": 0.005926287733018398, "p_listening": 0.227, "p_reading": 0.108, "barbin": 0, "rgb": "#000000", "zyx": [12, 29, 58]}