{"timescalecorr": 0.07050546258687973, "corr_listening": 0.04110366851091385, "corr_reading": -0.01567969284951687, "p_listening": 0.052, "p_reading": 0.643, "barbin": 0, "rgb": "#000000", "zyx": [6, 67, 29]}