{"timescalecorr": 0.0026609948836266994, "corr_listening": 0.21342992782592773, "corr_reading": 0.12586167454719543, "p_listening": 0.0, "p_reading": 0.018, "barbin": 2, "rgb": "#000000", "zyx": [20, 75, 35]}