{"timescalecorr": 0.27979710698127747, "corr_listening": 0.1136636808514595, "corr_reading": 0.04230692610144615, "p_listening": 0.006, "p_reading": 0.187, "barbin": 0, "rgb": "#000000", "zyx": [10, 69, 36]}