{"timescalecorr": 0.16007070243358612, "corr_listening": 0.04242143779993057, "corr_reading": 0.03418012335896492, "p_listening": 0.233, "p_reading": 0.236, "barbin": 0, "rgb": "#000000", "zyx": [4, 87, 33]}