{"timescalecorr": 0.17353405058383942, "corr_listening": 0.08487692475318909, "corr_reading": 0.027552159503102303, "p_listening": 0.071, "p_reading": 0.321, "barbin": 0, "rgb": "#000000", "zyx": [10, 35, 47]}