{"timescalecorr": 0.5203692317008972, "corr_listening": 0.14937031269073486, "corr_reading": 0.058541931211948395, "p_listening": 0.005, "p_reading": 0.144, "barbin": 1, "rgb": "#000000", "zyx": [21, 81, 54]}