{"timescalecorr": 8.500605304107012e-07, "corr_listening": -0.06747964024543762, "corr_reading": -0.04551473632454872, "p_listening": 0.895, "p_reading": 0.907, "barbin": 0, "rgb": "#000000", "zyx": [3, 85, 34]}