{"timescalecorr": 0.3625373840332031, "corr_listening": 0.1317378431558609, "corr_reading": 0.006671648006886244, "p_listening": 0.014, "p_reading": 0.43, "barbin": 0, "rgb": "#000000", "zyx": [3, 48, 61]}