{"timescalecorr": 0.0, "corr_listening": -0.04668160900473595, "corr_reading": 0.06182375177741051, "p_listening": 0.8, "p_reading": 0.13, "barbin": 0, "rgb": "#000000", "zyx": [9, 71, 62]}