{"timescalecorr": 0.9992179274559021, "corr_listening": 0.012255976907908916, "corr_reading": -0.034056030213832855, "p_listening": 0.419, "p_reading": 0.722, "barbin": 0, "rgb": "#000000", "zyx": [19, 21, 44]}