{"timescalecorr": 0.14854401350021362, "corr_listening": -0.07358832657337189, "corr_reading": 0.06680560857057571, "p_listening": 0.904, "p_reading": 0.117, "barbin": 0, "rgb": "#000000", "zyx": [3, 64, 36]}