{"timescalecorr": NaN, "corr_listening": -0.07103558629751205, "corr_reading": 0.10108417272567749, "p_listening": 0.884, "p_reading": 0.0, "barbin": 0, "rgb": "#000000", "zyx": [7, 76, 36]}