{"timescalecorr": 0.41382962465286255, "corr_listening": 0.16787554323673248, "corr_reading": 0.02345031127333641, "p_listening": 0.001, "p_reading": 0.349, "barbin": 0, "rgb": "#000000", "zyx": [18, 67, 40]}