{"timescalecorr": 1.4632312250739687e-08, "corr_listening": 0.15552709996700287, "corr_reading": 0.018309451639652252, "p_listening": 0.002, "p_reading": 0.357, "barbin": 0, "rgb": "#000000", "zyx": [17, 26, 47]}