{"timescalecorr": 0.13692781329154968, "corr_listening": 0.01799977757036686, "corr_reading": 0.14856436848640442, "p_listening": 0.371, "p_reading": 0.0, "barbin": 0, "rgb": "#000000", "zyx": [5, 76, 70]}