{"timescalecorr": 0.11593122780323029, "corr_listening": 0.04875269532203674, "corr_reading": 0.024605749174952507, "p_listening": 0.2, "p_reading": 0.356, "barbin": 0, "rgb": "#000000", "zyx": [20, 49, 53]}