{"timescalecorr": 0.32474103569984436, "corr_listening": 0.1273835003376007, "corr_reading": 0.08290157467126846, "p_listening": 0.011, "p_reading": 0.033, "barbin": 1, "rgb": "#000000", "zyx": [12, 37, 66]}