{"timescalecorr": 0.017879832535982132, "corr_listening": 0.11661931872367859, "corr_reading": 0.05651193857192993, "p_listening": 0.022, "p_reading": 0.015, "barbin": 0, "rgb": "#000000", "zyx": [12, 64, 24]}