{"timescalecorr": 0.488128125667572, "corr_listening": -0.07511402666568756, "corr_reading": 0.004937451798468828, "p_listening": 0.899, "p_reading": 0.481, "barbin": 0, "rgb": "#000000", "zyx": [5, 69, 41]}