{"timescalecorr": 0.033095844089984894, "corr_listening": -0.008374931290745735, "corr_reading": -0.011863881722092628, "p_listening": 0.953, "p_reading": 0.582, "barbin": 0, "rgb": "#000000", "zyx": [20, 80, 67]}