{"timescalecorr": 0.8560989499092102, "corr_listening": 0.0733196958899498, "corr_reading": -0.04063345864415169, "p_listening": 0.003, "p_reading": 0.922, "barbin": 0, "rgb": "#000000", "zyx": [12, 46, 36]}