{"timescalecorr": 0.2647398114204407, "corr_listening": 0.0005174703546799719, "corr_reading": 0.009856177493929863, "p_listening": 0.04, "p_reading": 0.443, "barbin": 0, "rgb": "#000000", "zyx": [10, 63, 21]}