{"timescalecorr": 0.319794237613678, "corr_listening": -0.014385335147380829, "corr_reading": 0.1088913232088089, "p_listening": 0.977, "p_reading": 0.027, "barbin": 0, "rgb": "#000000", "zyx": [3, 69, 73]}