{"timescalecorr": 0.000541924440767616, "corr_listening": 0.011394063010811806, "corr_reading": 0.1220010444521904, "p_listening": 0.374, "p_reading": 0.01, "barbin": 0, "rgb": "#000000", "zyx": [17, 45, 58]}