{"timescalecorr": 0.9368598461151123, "corr_listening": 0.06689240783452988, "corr_reading": 0.07395647466182709, "p_listening": 0.136, "p_reading": 0.072, "barbin": 0, "rgb": "#000000", "zyx": [12, 71, 59]}