{"timescalecorr": 5.587685696084588e-12, "corr_listening": 0.01974332332611084, "corr_reading": 0.06670884788036346, "p_listening": 0.362, "p_reading": 0.113, "barbin": 0, "rgb": "#000000", "zyx": [13, 25, 72]}