{"timescalecorr": 1.3820781186169029e-09, "corr_listening": -0.0997612327337265, "corr_reading": -0.024790683761239052, "p_listening": 0.962, "p_reading": 0.659, "barbin": 0, "rgb": "#000000", "zyx": [18, 55, 74]}