{"timescalecorr": 7.136171007005032e-06, "corr_listening": 0.012797918170690536, "corr_reading": 0.07112672179937363, "p_listening": 0.38, "p_reading": 0.097, "barbin": 0, "rgb": "#000000", "zyx": [3, 89, 67]}