{"timescalecorr": 0.8152084350585938, "corr_listening": 0.3779483437538147, "corr_reading": 0.11330647766590118, "p_listening": 0.0, "p_reading": 0.031, "barbin": 3, "rgb": "#000000", "zyx": [14, 77, 53]}