{"timescalecorr": 0.00263269804418087, "corr_listening": 0.0653211697936058, "corr_reading": 0.027625666931271553, "p_listening": 0.104, "p_reading": 0.226, "barbin": 0, "rgb": "#000000", "zyx": [14, 16, 55]}