{"timescalecorr": 0.0, "corr_listening": -0.001479382044635713, "corr_reading": -0.030097858980298042, "p_listening": 0.561, "p_reading": 0.734, "barbin": 0, "rgb": "#000000", "zyx": [19, 60, 56]}