{"timescalecorr": 0.6490002870559692, "corr_listening": 0.16514529287815094, "corr_reading": 0.12984496355056763, "p_listening": 0.0, "p_reading": 0.012, "barbin": 1, "rgb": "#000000", "zyx": [12, 79, 70]}