{"timescalecorr": 0.2268047034740448, "corr_listening": 0.055373795330524445, "corr_reading": 0.03809941187500954, "p_listening": 0.093, "p_reading": 0.22, "barbin": 0, "rgb": "#000000", "zyx": [5, 81, 45]}