{"timescalecorr": 0.008803925476968288, "corr_listening": -0.011425896547734737, "corr_reading": 0.020719362422823906, "p_listening": 0.926, "p_reading": 0.348, "barbin": 0, "rgb": "#000000", "zyx": [13, 61, 39]}