{"timescalecorr": 0.004382673185318708, "corr_listening": 0.11254850775003433, "corr_reading": 0.029736367985606194, "p_listening": 0.021, "p_reading": 0.189, "barbin": 0, "rgb": "#000000", "zyx": [21, 75, 47]}