{"timescalecorr": 0.03328578546643257, "corr_listening": 0.12507447600364685, "corr_reading": 0.1377754509449005, "p_listening": 0.02, "p_reading": 0.006, "barbin": 1, "rgb": "#000000", "zyx": [18, 56, 53]}