{"timescalecorr": 3.8597087797226625e-17, "corr_listening": 0.015133563429117203, "corr_reading": 0.02117500826716423, "p_listening": 0.398, "p_reading": 0.377, "barbin": 0, "rgb": "#000000", "zyx": [10, 35, 36]}