{"timescalecorr": 0.1118895635008812, "corr_listening": -0.0400950126349926, "corr_reading": 0.024725213646888733, "p_listening": 0.876, "p_reading": 0.333, "barbin": 0, "rgb": "#000000", "zyx": [10, 45, 76]}