{"timescalecorr": 0.006725311744958162, "corr_listening": 0.02672848105430603, "corr_reading": -0.013439690694212914, "p_listening": 0.239, "p_reading": 0.833, "barbin": 0, "rgb": "#000000", "zyx": [11, 69, 38]}