{"timescalecorr": 0.14665912091732025, "corr_listening": 0.019973844289779663, "corr_reading": 0.011839181184768677, "p_listening": 0.369, "p_reading": 0.35, "barbin": 0, "rgb": "#000000", "zyx": [9, 80, 69]}