{"timescalecorr": 0.03899197652935982, "corr_listening": 0.11773430556058884, "corr_reading": 0.08374322950839996, "p_listening": 0.024, "p_reading": 0.082, "barbin": 1, "rgb": "#000000", "zyx": [6, 52, 28]}