{"timescalecorr": 1.0, "corr_listening": 0.017852947115898132, "corr_reading": -0.08266451954841614, "p_listening": 0.362, "p_reading": 0.911, "barbin": 0, "rgb": "#000000", "zyx": [21, 61, 46]}