{"timescalecorr": 4.500685008679284e-06, "corr_listening": 0.06873860955238342, "corr_reading": -0.020186375826597214, "p_listening": 0.093, "p_reading": 0.756, "barbin": 0, "rgb": "#000000", "zyx": [11, 39, 62]}