{"timescalecorr": 0.0, "corr_listening": -0.06264135986566544, "corr_reading": -0.05623254552483559, "p_listening": 0.863, "p_reading": 0.807, "barbin": 0, "rgb": "#000000", "zyx": [4, 74, 56]}