{"timescalecorr": 0.2333974540233612, "corr_listening": 0.07549706101417542, "corr_reading": -0.04611559957265854, "p_listening": 0.115, "p_reading": 0.871, "barbin": 0, "rgb": "#000000", "zyx": [3, 91, 50]}