{"timescalecorr": 0.26854047179222107, "corr_listening": 0.017458299174904823, "corr_reading": 0.05218106880784035, "p_listening": 0.392, "p_reading": 0.157, "barbin": 0, "rgb": "#000000", "zyx": [12, 21, 56]}