{"timescalecorr": 0.9559919238090515, "corr_listening": -0.03256513550877571, "corr_reading": 0.0020157163962721825, "p_listening": 0.865, "p_reading": 0.497, "barbin": 0, "rgb": "#000000", "zyx": [11, 23, 43]}