{"timescalecorr": 0.11997760832309723, "corr_listening": 0.08572109788656235, "corr_reading": 0.028506269678473473, "p_listening": 0.055, "p_reading": 0.295, "barbin": 0, "rgb": "#000000", "zyx": [3, 80, 37]}