{"timescalecorr": 0.9602848887443542, "corr_listening": -0.014087584801018238, "corr_reading": 0.11033517122268677, "p_listening": 0.66, "p_reading": 0.001, "barbin": 0, "rgb": "#000000", "zyx": [24, 77, 55]}