{"timescalecorr": 0.00036494547384791076, "corr_listening": 0.07911386340856552, "corr_reading": 0.07477637380361557, "p_listening": 0.029, "p_reading": 0.062, "barbin": 0, "rgb": "#000000", "zyx": [9, 54, 52]}