{"timescalecorr": 5.157538680578e-07, "corr_listening": 0.0002665768261067569, "corr_reading": -0.0959920808672905, "p_listening": 0.266, "p_reading": 0.953, "barbin": 0, "rgb": "#000000", "zyx": [7, 89, 35]}