{"timescalecorr": 0.20117464661598206, "corr_listening": 0.20302514731884003, "corr_reading": 0.18848413228988647, "p_listening": 0.001, "p_reading": 0.0, "barbin": 2, "rgb": "#000000", "zyx": [23, 43, 44]}