{"timescalecorr": 0.9629104733467102, "corr_listening": 0.015238970518112183, "corr_reading": 0.031394463032484055, "p_listening": 0.387, "p_reading": 0.298, "barbin": 0, "rgb": "#000000", "zyx": [2, 88, 65]}