{"timescalecorr": 2.6245407756808614e-12, "corr_listening": -0.00358772836625576, "corr_reading": -0.12153846025466919, "p_listening": 0.503, "p_reading": 0.976, "barbin": 0, "rgb": "#000000", "zyx": [15, 56, 40]}