{"timescalecorr": 0.0133120222017169, "corr_listening": 0.0015046593034639955, "corr_reading": -0.0008178234566003084, "p_listening": 0.448, "p_reading": 0.49, "barbin": 0, "rgb": "#000000", "zyx": [25, 57, 60]}