{"timescalecorr": 8.79836079548113e-05, "corr_listening": 0.13609690964221954, "corr_reading": 0.08847496658563614, "p_listening": 0.006, "p_reading": 0.046, "barbin": 1, "rgb": "#000000", "zyx": [11, 60, 36]}