{"timescalecorr": 0.5872937440872192, "corr_listening": 0.21976283192634583, "corr_reading": 0.06974489986896515, "p_listening": 0.0, "p_reading": 0.099, "barbin": 1, "rgb": "#000000", "zyx": [25, 46, 58]}