{"timescalecorr": 0.016534781083464622, "corr_listening": 0.06804196536540985, "corr_reading": -0.0015690181171521544, "p_listening": 0.01, "p_reading": 0.562, "barbin": 0, "rgb": "#000000", "zyx": [20, 77, 72]}