{"timescalecorr": 0.21201874315738678, "corr_listening": 0.0035027775447815657, "corr_reading": 0.008326563984155655, "p_listening": 0.427, "p_reading": 0.438, "barbin": 0, "rgb": "#000000", "zyx": [22, 59, 55]}