{"timescalecorr": 9.190862471086803e-08, "corr_listening": -0.027320483699440956, "corr_reading": -0.030200518667697906, "p_listening": 0.667, "p_reading": 0.863, "barbin": 0, "rgb": "#000000", "zyx": [10, 85, 58]}