{"timescalecorr": 0.0, "corr_listening": -0.019730066880583763, "corr_reading": -0.01749144122004509, "p_listening": 0.633, "p_reading": 0.703, "barbin": 0, "rgb": "#000000", "zyx": [20, 61, 37]}