{"timescalecorr": 2.807846044561302e-07, "corr_listening": -0.011342847719788551, "corr_reading": -0.09830161929130554, "p_listening": 0.536, "p_reading": 0.957, "barbin": 0, "rgb": "#000000", "zyx": [16, 92, 47]}