{"timescalecorr": 0.48195940256118774, "corr_listening": 0.06841513514518738, "corr_reading": 0.02864183858036995, "p_listening": 0.086, "p_reading": 0.314, "barbin": 0, "rgb": "#000000", "zyx": [16, 79, 54]}