{"timescalecorr": 0.0, "corr_listening": -0.0593118891119957, "corr_reading": -0.0274042971432209, "p_listening": 0.876, "p_reading": 0.675, "barbin": 0, "rgb": "#000000", "zyx": [4, 81, 49]}