{"timescalecorr": 2.611595029122782e-08, "corr_listening": 0.06063661351799965, "corr_reading": -0.0005804752581752837, "p_listening": 0.15, "p_reading": 0.566, "barbin": 0, "rgb": "#000000", "zyx": [9, 77, 39]}