{"timescalecorr": 0.01382449734956026, "corr_listening": 0.19134505093097687, "corr_reading": 0.06634444743394852, "p_listening": 0.0, "p_reading": 0.106, "barbin": 1, "rgb": "#000000", "zyx": [6, 63, 58]}