{"timescalecorr": 0.9858698844909668, "corr_listening": 0.08166604489088058, "corr_reading": 0.14526893198490143, "p_listening": 0.058, "p_reading": 0.012, "barbin": 1, "rgb": "#000000", "zyx": [16, 89, 43]}