{"timescalecorr": 4.3527947912735954e-10, "corr_listening": -0.029549412429332733, "corr_reading": -0.12272787094116211, "p_listening": 0.696, "p_reading": 0.983, "barbin": 0, "rgb": "#000000", "zyx": [7, 48, 23]}