{"timescalecorr": 0.426977276802063, "corr_listening": 0.029651742428541183, "corr_reading": -0.029284946620464325, "p_listening": 0.327, "p_reading": 0.705, "barbin": 0, "rgb": "#000000", "zyx": [22, 73, 67]}