{"timescalecorr": 0.10479020327329636, "corr_listening": 0.08884366601705551, "corr_reading": 0.03564457595348358, "p_listening": 0.057, "p_reading": 0.157, "barbin": 0, "rgb": "#000000", "zyx": [18, 61, 67]}