{"timescalecorr": 2.8588510758709162e-05, "corr_listening": -0.08966711908578873, "corr_reading": -0.002753875683993101, "p_listening": 0.95, "p_reading": 0.509, "barbin": 0, "rgb": "#000000", "zyx": [9, 69, 58]}