{"timescalecorr": 0.18826265633106232, "corr_listening": 0.08168711513280869, "corr_reading": 0.12949205935001373, "p_listening": 0.019, "p_reading": 0.012, "barbin": 1, "rgb": "#000000", "zyx": [9, 56, 29]}