{"timescalecorr": 0.0890427678823471, "corr_listening": 0.006708640139549971, "corr_reading": 0.010280036367475986, "p_listening": 0.28, "p_reading": 0.31, "barbin": 0, "rgb": "#000000", "zyx": [14, 84, 68]}