{"timescalecorr": 0.0045785424299538136, "corr_listening": -0.1034901812672615, "corr_reading": 0.08262370526790619, "p_listening": 0.944, "p_reading": 0.077, "barbin": 0, "rgb": "#000000", "zyx": [15, 88, 44]}