{"timescalecorr": 0.8136309385299683, "corr_listening": 0.004803245887160301, "corr_reading": 0.11536280810832977, "p_listening": 0.279, "p_reading": 0.012, "barbin": 0, "rgb": "#000000", "zyx": [8, 62, 31]}