{"timescalecorr": 6.180475509154348e-08, "corr_listening": -0.03725830465555191, "corr_reading": 0.009962392039597034, "p_listening": 0.737, "p_reading": 0.144, "barbin": 0, "rgb": "#000000", "zyx": [7, 89, 69]}