{"timescalecorr": 0.00325319217517972, "corr_listening": 0.06938299536705017, "corr_reading": 0.006092323921620846, "p_listening": 0.124, "p_reading": 0.422, "barbin": 0, "rgb": "#000000", "zyx": [17, 45, 48]}