{"timescalecorr": 0.8943435549736023, "corr_listening": 0.5255029797554016, "corr_reading": 0.3417293429374695, "p_listening": 0.0, "p_reading": 0.0, "barbin": 4, "rgb": "#000000", "zyx": [11, 74, 37]}