{"timescalecorr": 0.0, "corr_listening": -0.10945490002632141, "corr_reading": -0.007847992703318596, "p_listening": 0.972, "p_reading": 0.543, "barbin": 0, "rgb": "#000000", "zyx": [14, 77, 78]}