{"timescalecorr": 0.26560282707214355, "corr_listening": 0.014814033173024654, "corr_reading": 0.13135862350463867, "p_listening": 0.436, "p_reading": 0.0, "barbin": 0, "rgb": "#000000", "zyx": [17, 54, 33]}