{"timescalecorr": 7.59973417530091e-09, "corr_listening": 0.04298177361488342, "corr_reading": -0.002406552666798234, "p_listening": 0.221, "p_reading": 0.577, "barbin": 0, "rgb": "#000000", "zyx": [12, 30, 38]}