{"timescalecorr": 0.0, "corr_listening": -0.054003216326236725, "corr_reading": 0.005164327099919319, "p_listening": 0.832, "p_reading": 0.477, "barbin": 0, "rgb": "#000000", "zyx": [3, 63, 61]}