{"timescalecorr": 0.0004789307713508606, "corr_listening": 0.018376758322119713, "corr_reading": 0.02516557089984417, "p_listening": 0.236, "p_reading": 0.259, "barbin": 0, "rgb": "#000000", "zyx": [11, 62, 27]}