{"timescalecorr": 0.0, "corr_listening": 0.07389706373214722, "corr_reading": -0.036135315895080566, "p_listening": 0.124, "p_reading": 0.709, "barbin": 0, "rgb": "#000000", "zyx": [13, 21, 48]}