{"timescalecorr": 0.013774319551885128, "corr_listening": -0.04305814206600189, "corr_reading": 0.0902637168765068, "p_listening": 0.756, "p_reading": 0.021, "barbin": 0, "rgb": "#000000", "zyx": [5, 90, 51]}