{"timescalecorr": 0.337851345539093, "corr_listening": -0.04579337313771248, "corr_reading": -0.08008503168821335, "p_listening": 0.836, "p_reading": 0.917, "barbin": 0, "rgb": "#000000", "zyx": [17, 31, 36]}