{"timescalecorr": 0.10351099073886871, "corr_listening": 0.03672332316637039, "corr_reading": 0.05132867023348808, "p_listening": 0.261, "p_reading": 0.051, "barbin": 0, "rgb": "#000000", "zyx": [18, 53, 31]}