{"timescalecorr": 0.3218316435813904, "corr_listening": 0.03701736032962799, "corr_reading": 0.024209575727581978, "p_listening": 0.245, "p_reading": 0.328, "barbin": 0, "rgb": "#000000", "zyx": [11, 44, 36]}