{"timescalecorr": 0.07651365548372269, "corr_listening": -0.0520503930747509, "corr_reading": 0.10310197621583939, "p_listening": 0.815, "p_reading": 0.037, "barbin": 0, "rgb": "#000000", "zyx": [14, 30, 43]}