{"timescalecorr": 0.9991827011108398, "corr_listening": 0.0989435687661171, "corr_reading": 0.0117571372538805, "p_listening": 0.039, "p_reading": 0.416, "barbin": 0, "rgb": "#000000", "zyx": [18, 40, 43]}