{"timescalecorr": 0.006262635812163353, "corr_listening": -0.024294517934322357, "corr_reading": 0.04892796650528908, "p_listening": 0.655, "p_reading": 0.224, "barbin": 0, "rgb": "#000000", "zyx": [19, 62, 56]}