{"timescalecorr": 0.028396688401699066, "corr_listening": 0.07250077277421951, "corr_reading": 0.0726877823472023, "p_listening": 0.089, "p_reading": 0.114, "barbin": 0, "rgb": "#000000", "zyx": [16, 73, 70]}