{"timescalecorr": 0.7701339721679688, "corr_listening": 0.1872522383928299, "corr_reading": 0.40873634815216064, "p_listening": 0.0, "p_reading": 0.0, "barbin": 4, "rgb": "#000000", "zyx": [21, 34, 44]}