{"timescalecorr": 0.0003649788268376142, "corr_listening": -0.04560026153922081, "corr_reading": 0.026747431606054306, "p_listening": 0.997, "p_reading": 0.327, "barbin": 0, "rgb": "#000000", "zyx": [20, 70, 47]}