{"timescalecorr": 0.0, "corr_listening": -0.0002841960813384503, "corr_reading": -0.029085252434015274, "p_listening": 0.501, "p_reading": 0.67, "barbin": 0, "rgb": "#000000", "zyx": [6, 68, 54]}