{"timescalecorr": 0.2617441713809967, "corr_listening": 0.059484317898750305, "corr_reading": 0.03246626630425453, "p_listening": 0.153, "p_reading": 0.294, "barbin": 0, "rgb": "#000000", "zyx": [2, 44, 64]}