{"timescalecorr": 0.08719804883003235, "corr_listening": 0.018002277240157127, "corr_reading": -0.04276763275265694, "p_listening": 0.349, "p_reading": 0.777, "barbin": 0, "rgb": "#000000", "zyx": [15, 65, 34]}