{"timescalecorr": 0.006251730490475893, "corr_listening": 0.14737361669540405, "corr_reading": 0.010893750004470348, "p_listening": 0.004, "p_reading": 0.431, "barbin": 0, "rgb": "#000000", "zyx": [2, 65, 68]}