{"timescalecorr": 0.0336725153028965, "corr_listening": -0.02587229758501053, "corr_reading": 0.1340889036655426, "p_listening": 0.687, "p_reading": 0.011, "barbin": 0, "rgb": "#000000", "zyx": [16, 38, 53]}