{"timescalecorr": 0.00062058016192168, "corr_listening": -0.08006176352500916, "corr_reading": -0.04034801572561264, "p_listening": 0.959, "p_reading": 0.833, "barbin": 0, "rgb": "#000000", "zyx": [15, 27, 63]}