{"timescalecorr": 0.0012804351281374693, "corr_listening": -0.029936455190181732, "corr_reading": -0.03646378219127655, "p_listening": 0.715, "p_reading": 0.8, "barbin": 0, "rgb": "#000000", "zyx": [19, 49, 31]}