{"timescalecorr": NaN, "corr_listening": -0.05066264793276787, "corr_reading": 0.06645023077726364, "p_listening": 0.847, "p_reading": 0.034, "barbin": 0, "rgb": "#000000", "zyx": [22, 78, 67]}