{"timescalecorr": 0.0014400265645235777, "corr_listening": 0.008945014327764511, "corr_reading": 0.13791416585445404, "p_listening": 0.13, "p_reading": 0.001, "barbin": 0, "rgb": "#000000", "zyx": [15, 74, 39]}