{"timescalecorr": 0.0, "corr_listening": -0.01524478942155838, "corr_reading": -0.02178756147623062, "p_listening": 0.662, "p_reading": 0.71, "barbin": 0, "rgb": "#000000", "zyx": [4, 52, 26]}