{"timescalecorr": 0.278997540473938, "corr_listening": 0.09527799487113953, "corr_reading": 0.13450409471988678, "p_listening": 0.02, "p_reading": 0.013, "barbin": 1, "rgb": "#000000", "zyx": [12, 26, 42]}