{"timescalecorr": 0.9428642988204956, "corr_listening": 0.3546651303768158, "corr_reading": 0.3856841027736664, "p_listening": 0.0, "p_reading": 0.0, "barbin": 4, "rgb": "#000000", "zyx": [9, 57, 73]}