{"timescalecorr": 4.944440412657514e-10, "corr_listening": 0.08455391973257065, "corr_reading": -0.023341430351138115, "p_listening": 0.085, "p_reading": 0.672, "barbin": 0, "rgb": "#000000", "zyx": [8, 64, 80]}