{"timescalecorr": 0.0, "corr_listening": 0.009641099721193314, "corr_reading": -0.06324207782745361, "p_listening": 0.434, "p_reading": 0.863, "barbin": 0, "rgb": "#000000", "zyx": [2, 85, 71]}