{"timescalecorr": 0.9088827967643738, "corr_listening": -0.0896465852856636, "corr_reading": 0.0790671557188034, "p_listening": 0.952, "p_reading": 0.077, "barbin": 0, "rgb": "#000000", "zyx": [16, 73, 38]}