{"timescalecorr": 0.8541839718818665, "corr_listening": 0.0023891665041446686, "corr_reading": 0.1648137867450714, "p_listening": 0.475, "p_reading": 0.002, "barbin": 0, "rgb": "#000000", "zyx": [21, 47, 31]}