{"timescalecorr": 0.6912514567375183, "corr_listening": 0.22842994332313538, "corr_reading": 0.03703945130109787, "p_listening": 0.0, "p_reading": 0.253, "barbin": 1, "rgb": "#000000", "zyx": [15, 81, 50]}