{"timescalecorr": 0.0, "corr_listening": -0.0648185983300209, "corr_reading": 0.05036814883351326, "p_listening": 0.858, "p_reading": 0.215, "barbin": 0, "rgb": "#000000", "zyx": [13, 36, 50]}