{"timescalecorr": 0.09757845103740692, "corr_listening": 0.032415252178907394, "corr_reading": -0.07682473957538605, "p_listening": 0.291, "p_reading": 0.932, "barbin": 0, "rgb": "#000000", "zyx": [16, 82, 52]}