{"timescalecorr": 0.016573134809732437, "corr_listening": 0.021542103961110115, "corr_reading": -0.030979573726654053, "p_listening": 0.383, "p_reading": 0.709, "barbin": 0, "rgb": "#000000", "zyx": [11, 58, 53]}