{"timescalecorr": 3.92695284290312e-07, "corr_listening": -0.01419286709278822, "corr_reading": 0.0101291723549366, "p_listening": 0.813, "p_reading": 0.132, "barbin": 0, "rgb": "#000000", "zyx": [22, 70, 54]}