{"timescalecorr": 0.0001229430636158213, "corr_listening": 0.05812527984380722, "corr_reading": -0.06205814704298973, "p_listening": 0.149, "p_reading": 0.902, "barbin": 0, "rgb": "#000000", "zyx": [21, 40, 48]}