{"timescalecorr": 0.0004703206359408796, "corr_listening": 0.024046139791607857, "corr_reading": 0.030081171542406082, "p_listening": 0.294, "p_reading": 0.309, "barbin": 0, "rgb": "#000000", "zyx": [2, 63, 27]}