{"timescalecorr": 0.9476672410964966, "corr_listening": 0.05193791538476944, "corr_reading": 0.07994817942380905, "p_listening": 0.159, "p_reading": 0.06, "barbin": 0, "rgb": "#000000", "zyx": [18, 48, 30]}