{"timescalecorr": 6.386842142092064e-05, "corr_listening": 0.014888065867125988, "corr_reading": 0.04492739215493202, "p_listening": 0.286, "p_reading": 0.199, "barbin": 0, "rgb": "#000000", "zyx": [5, 74, 39]}