{"timescalecorr": 5.684491988233731e-09, "corr_listening": -0.015205483883619308, "corr_reading": 0.08665464073419571, "p_listening": 0.641, "p_reading": 0.071, "barbin": 0, "rgb": "#000000", "zyx": [16, 67, 43]}