{"timescalecorr": 0.5282585024833679, "corr_listening": 0.05255648121237755, "corr_reading": 0.08577083051204681, "p_listening": 0.2, "p_reading": 0.0, "barbin": 0, "rgb": "#000000", "zyx": [6, 77, 35]}