{"timescalecorr": 0.3822425305843353, "corr_listening": -0.10169921070337296, "corr_reading": 0.008796713314950466, "p_listening": 0.964, "p_reading": 0.088, "barbin": 0, "rgb": "#000000", "zyx": [15, 57, 33]}