{"timescalecorr": 0.828722357749939, "corr_listening": 0.13498233258724213, "corr_reading": 0.13728000223636627, "p_listening": 0.01, "p_reading": 0.007, "barbin": 1, "rgb": "#000000", "zyx": [12, 85, 70]}