{"timescalecorr": 0.01720942184329033, "corr_listening": 0.13513505458831787, "corr_reading": 0.07881688326597214, "p_listening": 0.008, "p_reading": 0.1, "barbin": 1, "rgb": "#000000", "zyx": [11, 54, 74]}