{"timescalecorr": 3.3891620887516183e-07, "corr_listening": -0.011819161474704742, "corr_reading": 0.07163204252719879, "p_listening": 0.757, "p_reading": 0.117, "barbin": 0, "rgb": "#000000", "zyx": [2, 80, 49]}