{"timescalecorr": 0.0024933586828410625, "corr_listening": 0.08146301656961441, "corr_reading": 0.1633966565132141, "p_listening": 0.086, "p_reading": 0.0, "barbin": 1, "rgb": "#000000", "zyx": [6, 30, 63]}