{"timescalecorr": 0.9606152176856995, "corr_listening": -0.03853689506649971, "corr_reading": 0.03124624863266945, "p_listening": 0.903, "p_reading": 0.105, "barbin": 0, "rgb": "#000000", "zyx": [4, 87, 47]}