{"timescalecorr": 0.023401740938425064, "corr_listening": 0.07462414354085922, "corr_reading": 0.05181031674146652, "p_listening": 0.096, "p_reading": 0.157, "barbin": 0, "rgb": "#000000", "zyx": [16, 60, 54]}