{"timescalecorr": 0.9999998211860657, "corr_listening": -0.09570306539535522, "corr_reading": -0.04176030308008194, "p_listening": 0.954, "p_reading": 0.779, "barbin": 0, "rgb": "#000000", "zyx": [12, 36, 58]}