{"timescalecorr": 1.345873715763446e-05, "corr_listening": -0.00032789265969768167, "corr_reading": 0.024748697876930237, "p_listening": 0.768, "p_reading": 0.125, "barbin": 0, "rgb": "#000000", "zyx": [5, 90, 39]}