{"timescalecorr": 0.18705938756465912, "corr_listening": 0.009830662049353123, "corr_reading": 0.0047519393265247345, "p_listening": 0.409, "p_reading": 0.464, "barbin": 0, "rgb": "#000000", "zyx": [19, 43, 57]}