{"timescalecorr": 0.3988216519355774, "corr_listening": 0.10054852813482285, "corr_reading": 0.11850988119840622, "p_listening": 0.024, "p_reading": 0.021, "barbin": 1, "rgb": "#000000", "zyx": [7, 35, 70]}