{"timescalecorr": 0.906423032283783, "corr_listening": 0.06624297052621841, "corr_reading": 0.036099888384342194, "p_listening": 0.115, "p_reading": 0.273, "barbin": 0, "rgb": "#000000", "zyx": [10, 34, 33]}