{"timescalecorr": 2.873090376720455e-10, "corr_listening": 0.05113844573497772, "corr_reading": -0.026274431496858597, "p_listening": 0.205, "p_reading": 0.678, "barbin": 0, "rgb": "#000000", "zyx": [8, 52, 76]}