{"timescalecorr": 0.13257285952568054, "corr_listening": 0.021381009370088577, "corr_reading": 0.0019923688378185034, "p_listening": 0.335, "p_reading": 0.216, "barbin": 0, "rgb": "#000000", "zyx": [18, 63, 74]}