{"timescalecorr": 0.8795021176338196, "corr_listening": 0.38611361384391785, "corr_reading": 0.22834138572216034, "p_listening": 0.0, "p_reading": 0.0, "barbin": 4, "rgb": "#000000", "zyx": [13, 76, 34]}