{"timescalecorr": 0.30551543831825256, "corr_listening": 0.05735722556710243, "corr_reading": 0.09948022663593292, "p_listening": 0.118, "p_reading": 0.004, "barbin": 0, "rgb": "#000000", "zyx": [14, 84, 39]}