{"timescalecorr": 0.2575601637363434, "corr_listening": -0.23851995170116425, "corr_reading": -0.06088710576295853, "p_listening": 1.0, "p_reading": 0.861, "barbin": 0, "rgb": "#000000", "zyx": [0, 84, 58]}