{"timescalecorr": 0.01151417475193739, "corr_listening": 0.0032627396285533905, "corr_reading": 0.02848709560930729, "p_listening": 0.476, "p_reading": 0.323, "barbin": 0, "rgb": "#000000", "zyx": [4, 60, 46]}