{"timescalecorr": 0.0004094710748177022, "corr_listening": -0.0023578794207423925, "corr_reading": 2.2747657567379065e-05, "p_listening": 0.52, "p_reading": 0.101, "barbin": 0, "rgb": "#000000", "zyx": [14, 30, 72]}