{"timescalecorr": 2.1812379600305576e-06, "corr_listening": -0.04849594831466675, "corr_reading": 0.032226189970970154, "p_listening": 0.777, "p_reading": 0.242, "barbin": 0, "rgb": "#000000", "zyx": [18, 50, 63]}