{"timescalecorr": 0.5769017934799194, "corr_listening": 0.3417806625366211, "corr_reading": 0.30467721819877625, "p_listening": 0.0, "p_reading": 0.0, "barbin": 4, "rgb": "#000000", "zyx": [9, 53, 75]}