{"timescalecorr": 1.8128804413208854e-07, "corr_listening": 0.07252458482980728, "corr_reading": -0.07606716454029083, "p_listening": 0.101, "p_reading": 0.883, "barbin": 0, "rgb": "#000000", "zyx": [8, 59, 61]}