{"timescalecorr": 0.006151773501187563, "corr_listening": 0.014476833865046501, "corr_reading": 0.07801586389541626, "p_listening": 0.33, "p_reading": 0.056, "barbin": 0, "rgb": "#000000", "zyx": [15, 51, 76]}