{"timescalecorr": 0.0019285824382677674, "corr_listening": -0.13657905161380768, "corr_reading": 0.016493048518896103, "p_listening": 0.996, "p_reading": 0.229, "barbin": 0, "rgb": "#000000", "zyx": [14, 65, 25]}