{"timescalecorr": 0.08907340466976166, "corr_listening": 0.02161145955324173, "corr_reading": 0.09563219547271729, "p_listening": 0.222, "p_reading": 0.061, "barbin": 0, "rgb": "#000000", "zyx": [12, 61, 29]}