{"timescalecorr": 0.046280913054943085, "corr_listening": 0.1107647567987442, "corr_reading": 0.0011768642580136657, "p_listening": 0.025, "p_reading": 0.486, "barbin": 0, "rgb": "#000000", "zyx": [11, 34, 28]}