{"timescalecorr": 0.0018662040820345283, "corr_listening": 0.03107600286602974, "corr_reading": 0.01306703221052885, "p_listening": 0.304, "p_reading": 0.338, "barbin": 0, "rgb": "#000000", "zyx": [17, 43, 64]}