{"timescalecorr": 0.000323973479680717, "corr_listening": -0.013172037899494171, "corr_reading": -0.018129387870430946, "p_listening": 0.658, "p_reading": 0.746, "barbin": 0, "rgb": "#000000", "zyx": [13, 62, 80]}