{"timescalecorr": 0.8834878206253052, "corr_listening": 0.07259062677621841, "corr_reading": -0.009465985931456089, "p_listening": 0.092, "p_reading": 0.588, "barbin": 0, "rgb": "#000000", "zyx": [14, 66, 66]}