{"timescalecorr": 6.497528829640942e-06, "corr_listening": -0.05252184346318245, "corr_reading": -0.04147431626915932, "p_listening": 0.89, "p_reading": 0.753, "barbin": 0, "rgb": "#000000", "zyx": [11, 18, 52]}