{"timescalecorr": 0.0006188754923641682, "corr_listening": 0.14952713251113892, "corr_reading": 0.00872622337192297, "p_listening": 0.003, "p_reading": 0.419, "barbin": 0, "rgb": "#000000", "zyx": [17, 20, 60]}