{"timescalecorr": 0.7871540784835815, "corr_listening": 0.025095732882618904, "corr_reading": 0.02113594487309456, "p_listening": 0.305, "p_reading": 0.345, "barbin": 0, "rgb": "#000000", "zyx": [19, 39, 61]}