{"timescalecorr": 0.05690440163016319, "corr_listening": 0.052800923585891724, "corr_reading": 0.12982526421546936, "p_listening": 0.175, "p_reading": 0.005, "barbin": 0, "rgb": "#000000", "zyx": [2, 71, 40]}