{"timescalecorr": 0.5011778473854065, "corr_listening": 0.1372504085302353, "corr_reading": 0.08540727198123932, "p_listening": 0.013, "p_reading": 0.051, "barbin": 1, "rgb": "#000000", "zyx": [25, 52, 40]}