{"timescalecorr": 0.00016933539882302284, "corr_listening": 0.008065920323133469, "corr_reading": -0.037899211049079895, "p_listening": 0.065, "p_reading": 0.728, "barbin": 0, "rgb": "#000000", "zyx": [12, 22, 35]}