{"timescalecorr": 0.0031938240863382816, "corr_listening": 0.08118464797735214, "corr_reading": 0.027657808735966682, "p_listening": 0.015, "p_reading": 0.094, "barbin": 0, "rgb": "#000000", "zyx": [4, 80, 73]}