{"timescalecorr": 0.4227655231952667, "corr_listening": -0.008702048100531101, "corr_reading": 0.06865700334310532, "p_listening": 0.546, "p_reading": 0.038, "barbin": 0, "rgb": "#000000", "zyx": [7, 92, 50]}