{"timescalecorr": 0.019296638667583466, "corr_listening": -0.030699247494339943, "corr_reading": 0.027269532904028893, "p_listening": 0.703, "p_reading": 0.329, "barbin": 0, "rgb": "#000000", "zyx": [8, 54, 23]}