{"timescalecorr": 7.124113521328468e-10, "corr_listening": 0.024317879229784012, "corr_reading": 0.00716849509626627, "p_listening": 0.249, "p_reading": 0.415, "barbin": 0, "rgb": "#000000", "zyx": [27, 51, 53]}