{"timescalecorr": 0.11903765052556992, "corr_listening": 0.0325789749622345, "corr_reading": -0.09002064168453217, "p_listening": 0.202, "p_reading": 0.931, "barbin": 0, "rgb": "#000000", "zyx": [21, 40, 37]}