{"timescalecorr": 0.0011285868240520358, "corr_listening": -0.010230934247374535, "corr_reading": 0.015322265215218067, "p_listening": 0.806, "p_reading": 0.348, "barbin": 0, "rgb": "#000000", "zyx": [16, 37, 59]}