{"timescalecorr": 0.000503991381265223, "corr_listening": -0.0009549474343657494, "corr_reading": 0.0436660572886467, "p_listening": 0.519, "p_reading": 0.212, "barbin": 0, "rgb": "#000000", "zyx": [23, 57, 48]}