{"timescalecorr": 0.06040830537676811, "corr_listening": 0.18898160755634308, "corr_reading": 0.03174324333667755, "p_listening": 0.0, "p_reading": 0.3, "barbin": 1, "rgb": "#000000", "zyx": [12, 84, 58]}