{"timescalecorr": 1.6933626056925277e-06, "corr_listening": -0.028055831789970398, "corr_reading": -0.04416472464799881, "p_listening": 0.713, "p_reading": 0.775, "barbin": 0, "rgb": "#000000", "zyx": [16, 40, 47]}