{"timescalecorr": 0.0009849185589700937, "corr_listening": -0.0022397967986762524, "corr_reading": 0.045469917356967926, "p_listening": 0.798, "p_reading": 0.209, "barbin": 0, "rgb": "#000000", "zyx": [13, 62, 40]}