{"timescalecorr": 2.431485518172849e-05, "corr_listening": 0.07529906183481216, "corr_reading": 0.08718828111886978, "p_listening": 0.086, "p_reading": 0.067, "barbin": 0, "rgb": "#000000", "zyx": [6, 80, 44]}