{"timescalecorr": 0.7704740166664124, "corr_listening": -0.06299255043268204, "corr_reading": -0.039625655859708786, "p_listening": 0.905, "p_reading": 0.772, "barbin": 0, "rgb": "#000000", "zyx": [18, 46, 68]}