{"timescalecorr": 0.17249847948551178, "corr_listening": -0.05877566710114479, "corr_reading": -0.1910354048013687, "p_listening": 0.883, "p_reading": 1.0, "barbin": 0, "rgb": "#000000", "zyx": [20, 68, 50]}