{"timescalecorr": 0.17350389063358307, "corr_listening": -0.04936898872256279, "corr_reading": 0.08156850188970566, "p_listening": 0.827, "p_reading": 0.062, "barbin": 0, "rgb": "#000000", "zyx": [15, 71, 37]}