{"timescalecorr": 1.2398101434385467e-09, "corr_listening": -0.10824045538902283, "corr_reading": -0.0531427264213562, "p_listening": 0.966, "p_reading": 0.821, "barbin": 0, "rgb": "#000000", "zyx": [9, 34, 61]}