{"timescalecorr": 1.065813466993859e-05, "corr_listening": 0.08471430838108063, "corr_reading": 0.0034697551745921373, "p_listening": 0.067, "p_reading": 0.49, "barbin": 0, "rgb": "#000000", "zyx": [18, 58, 43]}