{"timescalecorr": 0.011979693546891212, "corr_listening": 0.07906986773014069, "corr_reading": -0.014280129224061966, "p_listening": 0.107, "p_reading": 0.563, "barbin": 0, "rgb": "#000000", "zyx": [18, 66, 67]}