{"timescalecorr": 0.9996681213378906, "corr_listening": 0.08693700283765793, "corr_reading": 0.041342515498399734, "p_listening": 0.078, "p_reading": 0.248, "barbin": 0, "rgb": "#000000", "zyx": [16, 70, 37]}