{"timescalecorr": 5.630429586744867e-05, "corr_listening": 0.02540433593094349, "corr_reading": 0.06093551218509674, "p_listening": 0.086, "p_reading": 0.168, "barbin": 0, "rgb": "#000000", "zyx": [4, 49, 72]}