{"timescalecorr": 0.0003007079940289259, "corr_listening": 0.13354964554309845, "corr_reading": 0.0639214888215065, "p_listening": 0.013, "p_reading": 0.121, "barbin": 0, "rgb": "#000000", "zyx": [15, 38, 58]}