{"timescalecorr": 0.0006225514807738364, "corr_listening": 0.20301978290081024, "corr_reading": 0.11975041031837463, "p_listening": 0.0, "p_reading": 0.011, "barbin": 2, "rgb": "#000000", "zyx": [9, 67, 28]}