{"timescalecorr": 0.0003803738800343126, "corr_listening": 0.027897203341126442, "corr_reading": 0.022291526198387146, "p_listening": 0.252, "p_reading": 0.327, "barbin": 0, "rgb": "#000000", "zyx": [25, 50, 37]}