{"timescalecorr": 0.765461802482605, "corr_listening": 0.14881566166877747, "corr_reading": 0.09672223776578903, "p_listening": 0.004, "p_reading": 0.043, "barbin": 1, "rgb": "#000000", "zyx": [13, 59, 51]}