{"timescalecorr": 0.00029382124193944037, "corr_listening": 0.001167768845334649, "corr_reading": 0.012373623438179493, "p_listening": 0.192, "p_reading": 0.386, "barbin": 0, "rgb": "#000000", "zyx": [16, 52, 28]}