{"timescalecorr": 0.12536202371120453, "corr_listening": 0.047962870448827744, "corr_reading": 0.045422449707984924, "p_listening": 0.179, "p_reading": 0.205, "barbin": 0, "rgb": "#000000", "zyx": [9, 71, 78]}