{"timescalecorr": 1.686967365799319e-08, "corr_listening": 0.0371880903840065, "corr_reading": 0.04962225258350372, "p_listening": 0.079, "p_reading": 0.185, "barbin": 0, "rgb": "#000000", "zyx": [7, 46, 65]}