{"timescalecorr": 0.05630199611186981, "corr_listening": -0.06677374988794327, "corr_reading": 0.030251549556851387, "p_listening": 0.93, "p_reading": 0.163, "barbin": 0, "rgb": "#000000", "zyx": [20, 56, 31]}