{"timescalecorr": 0.30886781215667725, "corr_listening": 0.0369013212621212, "corr_reading": 0.05826232582330704, "p_listening": 0.178, "p_reading": 0.046, "barbin": 0, "rgb": "#000000", "zyx": [11, 90, 63]}