{"timescalecorr": 0.8427340984344482, "corr_listening": 0.050877250730991364, "corr_reading": 0.13955523073673248, "p_listening": 0.203, "p_reading": 0.006, "barbin": 0, "rgb": "#000000", "zyx": [16, 51, 65]}