{"timescalecorr": 0.6117607951164246, "corr_listening": 0.10199732333421707, "corr_reading": -0.030911166220903397, "p_listening": 0.005, "p_reading": 0.993, "barbin": 0, "rgb": "#000000", "zyx": [12, 83, 45]}