{"timescalecorr": 1.991900262510171e-06, "corr_listening": -0.016154583543539047, "corr_reading": -0.0037624090909957886, "p_listening": 0.604, "p_reading": 0.553, "barbin": 0, "rgb": "#000000", "zyx": [6, 86, 35]}