{"timescalecorr": 8.935994628700428e-06, "corr_listening": -0.07662885636091232, "corr_reading": -0.0497901551425457, "p_listening": 0.927, "p_reading": 0.983, "barbin": 0, "rgb": "#000000", "zyx": [12, 22, 38]}