{"timescalecorr": 0.0005711921257898211, "corr_listening": 0.14224526286125183, "corr_reading": 0.017507072538137436, "p_listening": 0.01, "p_reading": 0.369, "barbin": 0, "rgb": "#000000", "zyx": [5, 57, 42]}