{"timescalecorr": 0.0007142878603190184, "corr_listening": -0.13492946326732635, "corr_reading": -0.10627908259630203, "p_listening": 0.994, "p_reading": 0.967, "barbin": 0, "rgb": "#000000", "zyx": [19, 49, 49]}