{"timescalecorr": 0.16494303941726685, "corr_listening": 0.14456404745578766, "corr_reading": 0.043370164930820465, "p_listening": 0.001, "p_reading": 0.147, "barbin": 0, "rgb": "#000000", "zyx": [23, 67, 37]}