{"timescalecorr": 0.05884570628404617, "corr_listening": 0.06469306349754333, "corr_reading": -0.009057319723069668, "p_listening": 0.148, "p_reading": 0.541, "barbin": 0, "rgb": "#000000", "zyx": [18, 27, 67]}