{"timescalecorr": 0.21938885748386383, "corr_listening": -0.03263692557811737, "corr_reading": 0.005766982678323984, "p_listening": 0.689, "p_reading": 0.431, "barbin": 0, "rgb": "#000000", "zyx": [3, 60, 29]}