{"timescalecorr": 0.7199033498764038, "corr_listening": 0.14917761087417603, "corr_reading": 0.10658853501081467, "p_listening": 0.004, "p_reading": 0.027, "barbin": 1, "rgb": "#000000", "zyx": [17, 47, 64]}