{"timescalecorr": 0.057326436042785645, "corr_listening": 0.1333918422460556, "corr_reading": 0.04339667037129402, "p_listening": 0.013, "p_reading": 0.218, "barbin": 0, "rgb": "#000000", "zyx": [11, 51, 66]}