{"timescalecorr": 0.3134225904941559, "corr_listening": 0.28794220089912415, "corr_reading": 0.11017461121082306, "p_listening": 0.0, "p_reading": 0.028, "barbin": 2, "rgb": "#000000", "zyx": [15, 80, 38]}