{"timescalecorr": 0.1965816617012024, "corr_listening": 0.08143725991249084, "corr_reading": 0.04599708691239357, "p_listening": 0.062, "p_reading": 0.227, "barbin": 0, "rgb": "#000000", "zyx": [14, 37, 49]}