{"timescalecorr": 0.24516378343105316, "corr_listening": 0.07601458579301834, "corr_reading": 0.009930506348609924, "p_listening": 0.071, "p_reading": 0.391, "barbin": 0, "rgb": "#000000", "zyx": [16, 87, 66]}