{"timescalecorr": 0.046973492950201035, "corr_listening": 0.07201237976551056, "corr_reading": -0.09122500568628311, "p_listening": 0.123, "p_reading": 0.945, "barbin": 0, "rgb": "#000000", "zyx": [6, 49, 63]}