{"timescalecorr": 0.0, "corr_listening": -0.006240779533982277, "corr_reading": -0.0013955488102510571, "p_listening": 0.598, "p_reading": 0.643, "barbin": 0, "rgb": "#000000", "zyx": [4, 59, 42]}