{"timescalecorr": 0.8191322088241577, "corr_listening": 0.07771976292133331, "corr_reading": 0.2910918593406677, "p_listening": 0.075, "p_reading": 0.0, "barbin": 2, "rgb": "#000000", "zyx": [18, 19, 54]}