{"timescalecorr": 0.18452447652816772, "corr_listening": 0.18766020238399506, "corr_reading": -0.006096362601965666, "p_listening": 0.001, "p_reading": 0.56, "barbin": 0, "rgb": "#000000", "zyx": [14, 84, 53]}