{"timescalecorr": 0.968837559223175, "corr_listening": -0.00943484716117382, "corr_reading": 0.07215847074985504, "p_listening": 0.534, "p_reading": 0.107, "barbin": 0, "rgb": "#000000", "zyx": [2, 61, 72]}