{"timescalecorr": 0.6529445052146912, "corr_listening": 0.015512678772211075, "corr_reading": 0.44509899616241455, "p_listening": 0.371, "p_reading": 0.0, "barbin": 3, "rgb": "#000000", "zyx": [23, 37, 46]}