{"timescalecorr": 0.017238231375813484, "corr_listening": 0.023632030934095383, "corr_reading": 0.03478118032217026, "p_listening": 0.311, "p_reading": 0.188, "barbin": 0, "rgb": "#000000", "zyx": [10, 51, 57]}