{"timescalecorr": 0.0003588366962503642, "corr_listening": -4.089708090759814e-05, "corr_reading": -0.04633943364024162, "p_listening": 0.64, "p_reading": 0.8, "barbin": 0, "rgb": "#000000", "zyx": [16, 36, 59]}