{"timescalecorr": 0.8479194641113281, "corr_listening": 0.026939038187265396, "corr_reading": 0.11187369376420975, "p_listening": 0.301, "p_reading": 0.002, "barbin": 0, "rgb": "#000000", "zyx": [14, 83, 40]}