{"timescalecorr": 0.22388789057731628, "corr_listening": 0.07396624982357025, "corr_reading": 0.03014148212969303, "p_listening": 0.029, "p_reading": 0.301, "barbin": 0, "rgb": "#000000", "zyx": [9, 68, 57]}