{"timescalecorr": 0.01424296572804451, "corr_listening": 0.017447255551815033, "corr_reading": 0.20808929204940796, "p_listening": 0.146, "p_reading": 0.0, "barbin": 1, "rgb": "#000000", "zyx": [14, 61, 47]}