{"timescalecorr": 0.46938347816467285, "corr_listening": -0.13390396535396576, "corr_reading": 0.019666368141770363, "p_listening": 0.992, "p_reading": 0.377, "barbin": 0, "rgb": "#000000", "zyx": [13, 47, 42]}