{"timescalecorr": 0.00511845713481307, "corr_listening": -0.012519240379333496, "corr_reading": 0.056402914226055145, "p_listening": 0.625, "p_reading": 0.157, "barbin": 0, "rgb": "#000000", "zyx": [8, 77, 53]}