{"timescalecorr": 0.3989682197570801, "corr_listening": 0.08176275342702866, "corr_reading": 0.08188570290803909, "p_listening": 0.057, "p_reading": 0.072, "barbin": 0, "rgb": "#000000", "zyx": [18, 86, 64]}