{"timescalecorr": 0.2369563728570938, "corr_listening": 0.031501755118370056, "corr_reading": -0.1055404394865036, "p_listening": 0.25, "p_reading": 0.963, "barbin": 0, "rgb": "#000000", "zyx": [24, 52, 35]}