{"timescalecorr": 2.987786319863517e-05, "corr_listening": 0.10799607634544373, "corr_reading": 0.07770276814699173, "p_listening": 0.032, "p_reading": 0.004, "barbin": 0, "rgb": "#000000", "zyx": [13, 87, 38]}