{"timescalecorr": 5.188411478229682e-07, "corr_listening": -0.08891691267490387, "corr_reading": 0.0031680986285209656, "p_listening": 0.948, "p_reading": 0.233, "barbin": 0, "rgb": "#000000", "zyx": [20, 61, 57]}