{"timescalecorr": 0.05931663513183594, "corr_listening": 0.04707755148410797, "corr_reading": 0.05313126742839813, "p_listening": 0.027, "p_reading": 0.023, "barbin": 0, "rgb": "#000000", "zyx": [3, 74, 70]}