{"timescalecorr": 3.733960738827591e-06, "corr_listening": -0.08056869357824326, "corr_reading": -0.09122902154922485, "p_listening": 0.965, "p_reading": 0.928, "barbin": 0, "rgb": "#000000", "zyx": [3, 84, 52]}