{"timescalecorr": 0.0004906220128759742, "corr_listening": 0.053096722811460495, "corr_reading": -0.0202394537627697, "p_listening": 0.184, "p_reading": 0.698, "barbin": 0, "rgb": "#000000", "zyx": [3, 46, 39]}