{"timescalecorr": 0.025679415091872215, "corr_listening": -0.02127670682966709, "corr_reading": -0.012397625483572483, "p_listening": 0.654, "p_reading": 0.722, "barbin": 0, "rgb": "#000000", "zyx": [6, 87, 42]}