{"timescalecorr": 0.39858683943748474, "corr_listening": 0.0071585336700081825, "corr_reading": -0.05947905778884888, "p_listening": 0.426, "p_reading": 0.847, "barbin": 0, "rgb": "#000000", "zyx": [17, 20, 47]}