{"timescalecorr": 0.008116114884614944, "corr_listening": 0.02696227841079235, "corr_reading": -0.01007374282926321, "p_listening": 0.319, "p_reading": 0.554, "barbin": 0, "rgb": "#000000", "zyx": [3, 45, 41]}