{"timescalecorr": 0.008451716974377632, "corr_listening": -0.004660525359213352, "corr_reading": 0.1389283388853073, "p_listening": 0.538, "p_reading": 0.004, "barbin": 0, "rgb": "#000000", "zyx": [16, 76, 32]}