{"timescalecorr": 0.007100841496139765, "corr_listening": 0.2222737818956375, "corr_reading": -0.1278950721025467, "p_listening": 0.0, "p_reading": 0.985, "barbin": 0, "rgb": "#000000", "zyx": [10, 90, 40]}