{"timescalecorr": 0.3939887285232544, "corr_listening": 0.00559774786233902, "corr_reading": 0.014001309871673584, "p_listening": 0.474, "p_reading": 0.383, "barbin": 0, "rgb": "#000000", "zyx": [9, 39, 64]}