{"timescalecorr": 0.3779638409614563, "corr_listening": -0.026580797508358955, "corr_reading": 0.060725267976522446, "p_listening": 0.684, "p_reading": 0.135, "barbin": 0, "rgb": "#000000", "zyx": [15, 77, 62]}