{"timescalecorr": 0.035532403737306595, "corr_listening": 0.055192895233631134, "corr_reading": 0.024363942444324493, "p_listening": 0.107, "p_reading": 0.325, "barbin": 0, "rgb": "#000000", "zyx": [15, 24, 42]}