{"timescalecorr": 4.369719590613386e-06, "corr_listening": 0.017687957733869553, "corr_reading": 0.0019278478575870395, "p_listening": 0.362, "p_reading": 0.478, "barbin": 0, "rgb": "#000000", "zyx": [8, 22, 48]}