{"timescalecorr": 0.017798354849219322, "corr_listening": -0.104134701192379, "corr_reading": -0.016110030934214592, "p_listening": 0.956, "p_reading": 0.615, "barbin": 0, "rgb": "#000000", "zyx": [4, 52, 55]}