{"timescalecorr": 0.0, "corr_listening": -0.07523012906312943, "corr_reading": -0.08614147454500198, "p_listening": 0.895, "p_reading": 0.985, "barbin": 0, "rgb": "#000000", "zyx": [4, 47, 78]}