{"timescalecorr": 0.8398496508598328, "corr_listening": 0.28046995401382446, "corr_reading": 0.10466992110013962, "p_listening": 0.0, "p_reading": 0.046, "barbin": 2, "rgb": "#000000", "zyx": [11, 81, 73]}