{"timescalecorr": 1.2342393347353209e-05, "corr_listening": 0.04253299534320831, "corr_reading": 0.034852202981710434, "p_listening": 0.234, "p_reading": 0.246, "barbin": 0, "rgb": "#000000", "zyx": [16, 56, 48]}