{"timescalecorr": 0.39245858788490295, "corr_listening": 0.08573964238166809, "corr_reading": 0.10991983115673065, "p_listening": 0.081, "p_reading": 0.024, "barbin": 0, "rgb": "#000000", "zyx": [16, 35, 55]}