{"timescalecorr": 0.9999775886535645, "corr_listening": 0.0005255748401395977, "corr_reading": -0.035759422928094864, "p_listening": 0.29, "p_reading": 0.783, "barbin": 0, "rgb": "#000000", "zyx": [5, 52, 71]}