{"timescalecorr": 6.8306480898172595e-06, "corr_listening": 0.05611909553408623, "corr_reading": 0.04234691336750984, "p_listening": 0.184, "p_reading": 0.227, "barbin": 0, "rgb": "#000000", "zyx": [16, 62, 69]}