{"timescalecorr": 0.037321433424949646, "corr_listening": 0.13394464552402496, "corr_reading": 0.0431404747068882, "p_listening": 0.0, "p_reading": 0.231, "barbin": 0, "rgb": "#000000", "zyx": [19, 35, 32]}