{"timescalecorr": 0.00023739843163639307, "corr_listening": 0.08259241282939911, "corr_reading": -0.009586005471646786, "p_listening": 0.058, "p_reading": 0.562, "barbin": 0, "rgb": "#000000", "zyx": [10, 23, 58]}