{"timescalecorr": 0.20102907717227936, "corr_listening": 0.06419604271650314, "corr_reading": 0.07224179804325104, "p_listening": 0.108, "p_reading": 0.003, "barbin": 0, "rgb": "#000000", "zyx": [16, 85, 60]}