{"timescalecorr": 0.8788723945617676, "corr_listening": 0.03832216188311577, "corr_reading": -0.02496872842311859, "p_listening": 0.16, "p_reading": 0.841, "barbin": 0, "rgb": "#000000", "zyx": [3, 62, 32]}