{"timescalecorr": NaN, "corr_listening": -0.04951922595500946, "corr_reading": -0.042351190000772476, "p_listening": 0.801, "p_reading": 0.758, "barbin": 0, "rgb": "#000000", "zyx": [8, 89, 46]}