{"timescalecorr": 0.00027842511190101504, "corr_listening": -0.01582638919353485, "corr_reading": 0.06129981577396393, "p_listening": 0.583, "p_reading": 0.151, "barbin": 0, "rgb": "#000000", "zyx": [7, 79, 57]}