{"timescalecorr": 0.4472702741622925, "corr_listening": -0.01512462180107832, "corr_reading": 0.21426808834075928, "p_listening": 0.602, "p_reading": 0.0, "barbin": 0, "rgb": "#000000", "zyx": [8, 93, 59]}