{"timescalecorr": 0.1144789308309555, "corr_listening": -0.0008703030762262642, "corr_reading": 0.07008955627679825, "p_listening": 0.566, "p_reading": 0.011, "barbin": 0, "rgb": "#000000", "zyx": [17, 72, 66]}