{"timescalecorr": 0.7575414776802063, "corr_listening": -0.058727700263261795, "corr_reading": 0.08792805671691895, "p_listening": 0.856, "p_reading": 0.073, "barbin": 0, "rgb": "#000000", "zyx": [18, 46, 43]}