{"timescalecorr": 0.5881718993186951, "corr_listening": 0.22374869883060455, "corr_reading": 0.2633746564388275, "p_listening": 0.0, "p_reading": 0.0, "barbin": 3, "rgb": "#000000", "zyx": [9, 73, 51]}