{"timescalecorr": 0.48236578702926636, "corr_listening": -0.06540863960981369, "corr_reading": -0.032045092433691025, "p_listening": 0.878, "p_reading": 0.694, "barbin": 0, "rgb": "#000000", "zyx": [5, 41, 46]}