{"timescalecorr": 0.8942329287528992, "corr_listening": -0.03380361944437027, "corr_reading": 0.044018279761075974, "p_listening": 0.719, "p_reading": 0.119, "barbin": 0, "rgb": "#000000", "zyx": [16, 80, 62]}