{"timescalecorr": 0.9999998807907104, "corr_listening": -0.014539903029799461, "corr_reading": -0.0004158708325121552, "p_listening": 0.604, "p_reading": 0.55, "barbin": 0, "rgb": "#000000", "zyx": [8, 40, 49]}