{"timescalecorr": 0.001032649539411068, "corr_listening": 0.1473982036113739, "corr_reading": 0.012910831719636917, "p_listening": 0.001, "p_reading": 0.435, "barbin": 0, "rgb": "#000000", "zyx": [19, 64, 31]}