{"timescalecorr": 0.008975410833954811, "corr_listening": 0.02632550150156021, "corr_reading": 0.10381001234054565, "p_listening": 0.343, "p_reading": 0.033, "barbin": 0, "rgb": "#000000", "zyx": [11, 70, 81]}