{"timescalecorr": 0.19814099371433258, "corr_listening": 0.013362033292651176, "corr_reading": 0.009371845982968807, "p_listening": 0.383, "p_reading": 0.328, "barbin": 0, "rgb": "#000000", "zyx": [11, 32, 59]}