{"timescalecorr": 0.0016664399299770594, "corr_listening": 0.019347118213772774, "corr_reading": 0.011547849513590336, "p_listening": 0.323, "p_reading": 0.367, "barbin": 0, "rgb": "#000000", "zyx": [7, 37, 46]}