{"timescalecorr": 1.1762202358690573e-21, "corr_listening": 0.11145273596048355, "corr_reading": -0.0019330288050696254, "p_listening": 0.033, "p_reading": 0.645, "barbin": 0, "rgb": "#000000", "zyx": [3, 53, 31]}