{"timescalecorr": 0.005077326204627752, "corr_listening": -0.029254183173179626, "corr_reading": -0.014763492159545422, "p_listening": 0.746, "p_reading": 0.724, "barbin": 0, "rgb": "#000000", "zyx": [14, 37, 50]}