{"timescalecorr": 0.7179958820343018, "corr_listening": 0.10832647234201431, "corr_reading": 0.0180128775537014, "p_listening": 0.005, "p_reading": 0.239, "barbin": 0, "rgb": "#000000", "zyx": [5, 39, 31]}