{"timescalecorr": 0.9817433953285217, "corr_listening": 0.09646342694759369, "corr_reading": 0.268053263425827, "p_listening": 0.045, "p_reading": 0.0, "barbin": 2, "rgb": "#000000", "zyx": [24, 47, 61]}