{"timescalecorr": 0.0, "corr_listening": 0.06664182245731354, "corr_reading": 0.0380052775144577, "p_listening": 0.087, "p_reading": 0.244, "barbin": 0, "rgb": "#000000", "zyx": [22, 30, 40]}