{"timescalecorr": 0.21474292874336243, "corr_listening": 0.1025235503911972, "corr_reading": 0.08383028209209442, "p_listening": 0.029, "p_reading": 0.0, "barbin": 0, "rgb": "#000000", "zyx": [5, 78, 65]}