{"timescalecorr": 5.174551347408851e-07, "corr_listening": -0.10729963332414627, "corr_reading": -0.01656435616314411, "p_listening": 0.993, "p_reading": 0.651, "barbin": 0, "rgb": "#000000", "zyx": [10, 30, 44]}