{"timescalecorr": NaN, "corr_listening": -0.08926762640476227, "corr_reading": 0.021507831290364265, "p_listening": 0.936, "p_reading": 0.33, "barbin": 0, "rgb": "#000000", "zyx": [1, 85, 45]}