{"timescalecorr": 1.4289700065589495e-12, "corr_listening": -0.0695544183254242, "corr_reading": -0.05204053223133087, "p_listening": 0.884, "p_reading": 0.802, "barbin": 0, "rgb": "#000000", "zyx": [9, 36, 52]}