{"timescalecorr": 0.0996442437171936, "corr_listening": -0.029673216864466667, "corr_reading": 0.02711833268404007, "p_listening": 0.692, "p_reading": 0.298, "barbin": 0, "rgb": "#000000", "zyx": [10, 43, 46]}