{"timescalecorr": 0.7819986343383789, "corr_listening": 0.3745720386505127, "corr_reading": 0.16040919721126556, "p_listening": 0.0, "p_reading": 0.004, "barbin": 4, "rgb": "#000000", "zyx": [22, 55, 41]}