{"timescalecorr": 0.0, "corr_listening": -0.011363317258656025, "corr_reading": 0.0035274792462587357, "p_listening": 0.643, "p_reading": 0.475, "barbin": 0, "rgb": "#000000", "zyx": [25, 38, 41]}