{"timescalecorr": 0.031567297875881195, "corr_listening": -0.038896553218364716, "corr_reading": 0.016427526250481606, "p_listening": 0.755, "p_reading": 0.375, "barbin": 0, "rgb": "#000000", "zyx": [20, 67, 31]}