{"timescalecorr": 0.0373842790722847, "corr_listening": -0.010338280349969864, "corr_reading": 0.11677921563386917, "p_listening": 0.553, "p_reading": 0.029, "barbin": 0, "rgb": "#000000", "zyx": [11, 25, 60]}