{"timescalecorr": 0.03689467906951904, "corr_listening": 0.02821275405585766, "corr_reading": -0.02082250453531742, "p_listening": 0.24, "p_reading": 0.659, "barbin": 0, "rgb": "#000000", "zyx": [21, 68, 63]}