{"timescalecorr": 0.0, "corr_listening": 0.004509909078478813, "corr_reading": 0.01190535444766283, "p_listening": 0.478, "p_reading": 0.336, "barbin": 0, "rgb": "#000000", "zyx": [11, 39, 41]}