{"timescalecorr": 0.18580321967601776, "corr_listening": -0.024465037509799004, "corr_reading": 0.1276922971010208, "p_listening": 0.674, "p_reading": 0.006, "barbin": 0, "rgb": "#000000", "zyx": [24, 59, 63]}