{"timescalecorr": 0.9918212890625, "corr_listening": -0.027119610458612442, "corr_reading": -0.05517745390534401, "p_listening": 0.681, "p_reading": 0.835, "barbin": 0, "rgb": "#000000", "zyx": [13, 81, 57]}