{"timescalecorr": 0.6700117588043213, "corr_listening": 0.29115045070648193, "corr_reading": 0.22933249175548553, "p_listening": 0.0, "p_reading": 0.0, "barbin": 4, "rgb": "#000000", "zyx": [5, 43, 33]}