{"timescalecorr": 0.8089523911476135, "corr_listening": 0.3096965551376343, "corr_reading": 0.32853245735168457, "p_listening": 0.0, "p_reading": 0.0, "barbin": 4, "rgb": "#000000", "zyx": [19, 51, 61]}