{"timescalecorr": 0.6806197762489319, "corr_listening": 0.2189425528049469, "corr_reading": 0.37254849076271057, "p_listening": 0.0, "p_reading": 0.0, "barbin": 4, "rgb": "#000000", "zyx": [14, 41, 30]}