{"timescalecorr": 0.767510712146759, "corr_listening": 0.014345154166221619, "corr_reading": 0.13300640881061554, "p_listening": 0.413, "p_reading": 0.004, "barbin": 0, "rgb": "#000000", "zyx": [4, 83, 56]}