{"timescalecorr": 0.4092860817909241, "corr_listening": 0.0839109718799591, "corr_reading": 0.04897268861532211, "p_listening": 0.074, "p_reading": 0.176, "barbin": 0, "rgb": "#000000", "zyx": [13, 65, 38]}