{"timescalecorr": 0.1287015974521637, "corr_listening": 0.03671203553676605, "corr_reading": 0.03213605657219887, "p_listening": 0.178, "p_reading": 0.26, "barbin": 0, "rgb": "#000000", "zyx": [3, 74, 54]}