{"timescalecorr": 0.9623783826828003, "corr_listening": 0.06076594814658165, "corr_reading": 0.05194179341197014, "p_listening": 0.15, "p_reading": 0.007, "barbin": 0, "rgb": "#000000", "zyx": [21, 47, 48]}