{"timescalecorr": 0.00888960063457489, "corr_listening": -0.04592150077223778, "corr_reading": -0.06493870913982391, "p_listening": 0.799, "p_reading": 0.882, "barbin": 0, "rgb": "#000000", "zyx": [24, 70, 53]}