{"timescalecorr": 0.006250672973692417, "corr_listening": 0.017484750598669052, "corr_reading": 0.006379641592502594, "p_listening": 0.357, "p_reading": 0.199, "barbin": 0, "rgb": "#000000", "zyx": [8, 62, 40]}