{"timescalecorr": 0.047066640108823776, "corr_listening": 0.13359099626541138, "corr_reading": 0.06502513587474823, "p_listening": 0.002, "p_reading": 0.138, "barbin": 0, "rgb": "#000000", "zyx": [18, 39, 51]}