{"timescalecorr": 9.340085398434894e-07, "corr_listening": -0.020384620875120163, "corr_reading": -0.061501145362854004, "p_listening": 0.69, "p_reading": 0.885, "barbin": 0, "rgb": "#000000", "zyx": [6, 54, 79]}