{"timescalecorr": 0.7543182373046875, "corr_listening": 0.11089440435171127, "corr_reading": -0.07577019184827805, "p_listening": 0.028, "p_reading": 0.917, "barbin": 0, "rgb": "#000000", "zyx": [17, 36, 58]}