{"timescalecorr": 0.04955875501036644, "corr_listening": -0.006636611185967922, "corr_reading": 0.0940626710653305, "p_listening": 0.582, "p_reading": 0.047, "barbin": 0, "rgb": "#000000", "zyx": [7, 38, 66]}