{"timescalecorr": 0.5265504121780396, "corr_listening": 0.27316874265670776, "corr_reading": 0.14845125377178192, "p_listening": 0.0, "p_reading": 0.0, "barbin": 3, "rgb": "#000000", "zyx": [21, 44, 41]}