{"timescalecorr": 0.007864542305469513, "corr_listening": 0.12492397427558899, "corr_reading": -0.055973101407289505, "p_listening": 0.017, "p_reading": 0.998, "barbin": 0, "rgb": "#000000", "zyx": [10, 68, 44]}