{"timescalecorr": 1.3565337051603665e-32, "corr_listening": -0.04889707267284393, "corr_reading": -0.017315614968538284, "p_listening": 0.965, "p_reading": 0.6, "barbin": 0, "rgb": "#000000", "zyx": [5, 36, 58]}