{"timescalecorr": 7.270352216437459e-05, "corr_listening": 0.09221869707107544, "corr_reading": 0.13278695940971375, "p_listening": 0.025, "p_reading": 0.01, "barbin": 1, "rgb": "#000000", "zyx": [7, 40, 41]}