{"timescalecorr": 0.08051444590091705, "corr_listening": -0.07762570679187775, "corr_reading": 0.1286487728357315, "p_listening": 0.938, "p_reading": 0.011, "barbin": 0, "rgb": "#000000", "zyx": [8, 42, 37]}