{"timescalecorr": 1.0897094398387708e-05, "corr_listening": -0.015001650899648666, "corr_reading": -0.016679424792528152, "p_listening": 0.609, "p_reading": 0.959, "barbin": 0, "rgb": "#000000", "zyx": [16, 60, 63]}