{"timescalecorr": 0.7982134222984314, "corr_listening": 0.3820421099662781, "corr_reading": 0.08284550905227661, "p_listening": 0.0, "p_reading": 0.086, "barbin": 3, "rgb": "#000000", "zyx": [15, 27, 46]}