{"timescalecorr": 8.947710128381914e-09, "corr_listening": -0.00619799830019474, "corr_reading": 0.029314329847693443, "p_listening": 0.533, "p_reading": 0.305, "barbin": 0, "rgb": "#000000", "zyx": [17, 38, 59]}