{"timescalecorr": 0.0, "corr_listening": 0.016220565885305405, "corr_reading": 0.017795195803046227, "p_listening": 0.378, "p_reading": 0.332, "barbin": 0, "rgb": "#000000", "zyx": [16, 75, 61]}