{"timescalecorr": 4.876350203630864e-07, "corr_listening": 0.03083234652876854, "corr_reading": 0.1067395880818367, "p_listening": 0.292, "p_reading": 0.024, "barbin": 0, "rgb": "#000000", "zyx": [16, 77, 41]}