{"timescalecorr": 0.012891472317278385, "corr_listening": 0.06910263001918793, "corr_reading": 0.0046196915209293365, "p_listening": 0.096, "p_reading": 0.451, "barbin": 0, "rgb": "#000000", "zyx": [11, 66, 46]}