{"timescalecorr": 0.15182363986968994, "corr_listening": -0.000646773143671453, "corr_reading": 0.004183271434158087, "p_listening": 0.524, "p_reading": 0.238, "barbin": 0, "rgb": "#000000", "zyx": [20, 75, 55]}