{"timescalecorr": 0.3484003245830536, "corr_listening": 0.17262384295463562, "corr_reading": 0.004217146430164576, "p_listening": 0.0, "p_reading": 0.432, "barbin": 0, "rgb": "#000000", "zyx": [8, 75, 27]}