{"timescalecorr": 0.025539932772517204, "corr_listening": 0.006573084741830826, "corr_reading": 0.037233494222164154, "p_listening": 0.459, "p_reading": 0.269, "barbin": 0, "rgb": "#000000", "zyx": [4, 55, 33]}