{"timescalecorr": 8.065117071964778e-06, "corr_listening": 0.04521206021308899, "corr_reading": -0.009267046116292477, "p_listening": 0.141, "p_reading": 0.604, "barbin": 0, "rgb": "#000000", "zyx": [19, 61, 47]}