{"timescalecorr": 0.0, "corr_listening": -0.01578965224325657, "corr_reading": -0.035657528787851334, "p_listening": 0.608, "p_reading": 0.706, "barbin": 0, "rgb": "#000000", "zyx": [6, 58, 23]}