{"timescalecorr": 0.7268159985542297, "corr_listening": 0.08848392218351364, "corr_reading": 0.013104354962706566, "p_listening": 0.063, "p_reading": 0.418, "barbin": 0, "rgb": "#000000", "zyx": [2, 74, 62]}