{"timescalecorr": 0.06914956122636795, "corr_listening": -0.07205236703157425, "corr_reading": 0.20012441277503967, "p_listening": 0.901, "p_reading": 0.0, "barbin": 0, "rgb": "#000000", "zyx": [20, 49, 73]}