{"timescalecorr": 0.21564148366451263, "corr_listening": -0.038378238677978516, "corr_reading": 0.07870379835367203, "p_listening": 0.824, "p_reading": 0.085, "barbin": 0, "rgb": "#000000", "zyx": [13, 27, 37]}