{"timescalecorr": 0.8342539668083191, "corr_listening": 0.07383056730031967, "corr_reading": -0.006072117947041988, "p_listening": 0.033, "p_reading": 0.548, "barbin": 0, "rgb": "#000000", "zyx": [8, 78, 54]}