{"timescalecorr": 7.92540902239125e-07, "corr_listening": 0.09235835820436478, "corr_reading": 0.04106349125504494, "p_listening": 0.001, "p_reading": 0.23, "barbin": 0, "rgb": "#000000", "zyx": [12, 61, 79]}