{"timescalecorr": 0.021163994446396828, "corr_listening": 0.00048490086919628084, "corr_reading": 0.09659972786903381, "p_listening": 0.414, "p_reading": 0.003, "barbin": 0, "rgb": "#000000", "zyx": [21, 67, 40]}