{"timescalecorr": 0.0, "corr_listening": -0.030068853870034218, "corr_reading": -0.049886129796504974, "p_listening": 0.715, "p_reading": 0.798, "barbin": 0, "rgb": "#000000", "zyx": [9, 19, 50]}