{"timescalecorr": 0.018588606268167496, "corr_listening": -0.12411412596702576, "corr_reading": 0.08381582051515579, "p_listening": 0.987, "p_reading": 0.069, "barbin": 0, "rgb": "#000000", "zyx": [14, 81, 35]}