{"timescalecorr": 0.5156654119491577, "corr_listening": 0.08249612152576447, "corr_reading": 0.07015635818243027, "p_listening": 0.058, "p_reading": 0.11, "barbin": 0, "rgb": "#000000", "zyx": [2, 81, 51]}