{"timescalecorr": 0.002559823449701071, "corr_listening": 0.039581891149282455, "corr_reading": 0.013625015504658222, "p_listening": 0.24, "p_reading": 0.411, "barbin": 0, "rgb": "#000000", "zyx": [4, 36, 62]}