{"timescalecorr": 0.0, "corr_listening": -0.15145748853683472, "corr_reading": 0.006998296827077866, "p_listening": 0.993, "p_reading": 0.43, "barbin": 0, "rgb": "#000000", "zyx": [0, 86, 65]}