{"timescalecorr": 3.402847869438119e-05, "corr_listening": -0.03173305466771126, "corr_reading": 0.1176387295126915, "p_listening": 0.816, "p_reading": 0.031, "barbin": 0, "rgb": "#000000", "zyx": [5, 77, 46]}