{"timescalecorr": 1.0015605012014817e-09, "corr_listening": -0.08214141428470612, "corr_reading": 0.03600706532597542, "p_listening": 0.917, "p_reading": 0.267, "barbin": 0, "rgb": "#000000", "zyx": [2, 43, 61]}