{"timescalecorr": 1.2430986373601627e-07, "corr_listening": 0.06846977770328522, "corr_reading": 0.0510544553399086, "p_listening": 0.112, "p_reading": 0.177, "barbin": 0, "rgb": "#000000", "zyx": [3, 78, 49]}