{"timescalecorr": 1.143192912422819e-05, "corr_listening": -0.10139694809913635, "corr_reading": -0.07072710245847702, "p_listening": 0.973, "p_reading": 0.955, "barbin": 0, "rgb": "#000000", "zyx": [14, 64, 57]}