{"timescalecorr": 0.03221677988767624, "corr_listening": 0.012928251177072525, "corr_reading": -0.03128844127058983, "p_listening": 0.25, "p_reading": 0.887, "barbin": 0, "rgb": "#000000", "zyx": [3, 35, 64]}