{"timescalecorr": 0.7193355560302734, "corr_listening": 0.06469780206680298, "corr_reading": 0.10036825388669968, "p_listening": 0.099, "p_reading": 0.02, "barbin": 0, "rgb": "#000000", "zyx": [12, 83, 69]}