{"timescalecorr": 0.09595084190368652, "corr_listening": -0.00813918374478817, "corr_reading": -0.03436354547739029, "p_listening": 0.59, "p_reading": 0.868, "barbin": 0, "rgb": "#000000", "zyx": [12, 23, 68]}