{"timescalecorr": 0.0, "corr_listening": -0.01668141409754753, "corr_reading": -0.07813817262649536, "p_listening": 0.599, "p_reading": 0.911, "barbin": 0, "rgb": "#000000", "zyx": [3, 45, 64]}