{"timescalecorr": 0.45395711064338684, "corr_listening": 0.14608287811279297, "corr_reading": 0.10150738805532455, "p_listening": 0.001, "p_reading": 0.028, "barbin": 1, "rgb": "#000000", "zyx": [12, 77, 51]}