{"timescalecorr": 0.05175970867276192, "corr_listening": 0.028913408517837524, "corr_reading": 0.14095565676689148, "p_listening": 0.259, "p_reading": 0.003, "barbin": 0, "rgb": "#000000", "zyx": [9, 53, 28]}