{"timescalecorr": 0.7349065542221069, "corr_listening": 0.2011650800704956, "corr_reading": 0.3123195469379425, "p_listening": 0.0, "p_reading": 0.0, "barbin": 4, "rgb": "#000000", "zyx": [20, 42, 68]}