{"timescalecorr": 0.0, "corr_listening": -0.024066995829343796, "corr_reading": 0.005990347359329462, "p_listening": 0.653, "p_reading": 0.431, "barbin": 0, "rgb": "#000000", "zyx": [5, 56, 24]}