{"timescalecorr": 5.063179875364199e-10, "corr_listening": 0.02608877792954445, "corr_reading": 0.07411465793848038, "p_listening": 0.333, "p_reading": 0.096, "barbin": 0, "rgb": "#000000", "zyx": [3, 62, 30]}