{"timescalecorr": 3.502278559608385e-05, "corr_listening": -0.09140010178089142, "corr_reading": -0.002044337335973978, "p_listening": 0.931, "p_reading": 0.516, "barbin": 0, "rgb": "#000000", "zyx": [15, 33, 39]}