{"timescalecorr": 0.7785515785217285, "corr_listening": -0.053279295563697815, "corr_reading": -0.0036327093839645386, "p_listening": 0.802, "p_reading": 0.496, "barbin": 0, "rgb": "#000000", "zyx": [18, 84, 42]}