{"timescalecorr": 0.1163436621427536, "corr_listening": 0.0708431601524353, "corr_reading": 0.0362747423350811, "p_listening": 0.088, "p_reading": 0.294, "barbin": 0, "rgb": "#000000", "zyx": [10, 41, 64]}