{"timescalecorr": 2.1692491358749066e-08, "corr_listening": -0.0635828748345375, "corr_reading": 0.053986936807632446, "p_listening": 0.846, "p_reading": 0.152, "barbin": 0, "rgb": "#000000", "zyx": [25, 76, 55]}