{"timescalecorr": 4.995654876438493e-07, "corr_listening": -0.09661874920129776, "corr_reading": -0.08428854495286942, "p_listening": 0.967, "p_reading": 0.923, "barbin": 0, "rgb": "#000000", "zyx": [3, 46, 63]}