{"timescalecorr": 0.0006432894733734429, "corr_listening": 0.010388212278485298, "corr_reading": 0.08336818218231201, "p_listening": 0.413, "p_reading": 0.001, "barbin": 0, "rgb": "#000000", "zyx": [8, 87, 61]}