{"timescalecorr": 0.9886406064033508, "corr_listening": -0.03150053322315216, "corr_reading": -0.017153272405266762, "p_listening": 0.763, "p_reading": 0.627, "barbin": 0, "rgb": "#000000", "zyx": [15, 65, 57]}