{"timescalecorr": 0.0004141787067055702, "corr_listening": 0.05401225760579109, "corr_reading": 0.0026365933008491993, "p_listening": 0.187, "p_reading": 0.491, "barbin": 0, "rgb": "#000000", "zyx": [19, 57, 72]}