{"timescalecorr": NaN, "corr_listening": -0.08587608486413956, "corr_reading": 0.09776372462511063, "p_listening": 0.92, "p_reading": 0.05, "barbin": 0, "rgb": "#000000", "zyx": [7, 76, 57]}