{"timescalecorr": 0.05097837373614311, "corr_listening": 0.09536026418209076, "corr_reading": -0.06554799526929855, "p_listening": 0.046, "p_reading": 0.874, "barbin": 0, "rgb": "#000000", "zyx": [20, 62, 33]}