{"timescalecorr": 0.4176589846611023, "corr_listening": 0.010277727618813515, "corr_reading": -0.05951884761452675, "p_listening": 0.434, "p_reading": 0.846, "barbin": 0, "rgb": "#000000", "zyx": [10, 24, 58]}