{"timescalecorr": 0.0033077860716730356, "corr_listening": -0.0057777827605605125, "corr_reading": 0.02630131132900715, "p_listening": 0.512, "p_reading": 0.342, "barbin": 0, "rgb": "#000000", "zyx": [13, 37, 61]}