{"timescalecorr": 0.9993250370025635, "corr_listening": 0.041007477790117264, "corr_reading": -0.0885656476020813, "p_listening": 0.236, "p_reading": 0.944, "barbin": 0, "rgb": "#000000", "zyx": [1, 76, 75]}