{"timescalecorr": 5.089390242574154e-07, "corr_listening": 0.0018129163654521108, "corr_reading": 0.00029039449873380363, "p_listening": 0.43, "p_reading": 0.485, "barbin": 0, "rgb": "#000000", "zyx": [6, 31, 51]}