{"timescalecorr": 0.014702718704938889, "corr_listening": 0.0314977802336216, "corr_reading": -0.10018628090620041, "p_listening": 0.3, "p_reading": 0.962, "barbin": 0, "rgb": "#000000", "zyx": [9, 28, 68]}