{"timescalecorr": 0.37598636746406555, "corr_listening": -5.886886719963513e-05, "corr_reading": -0.01830044388771057, "p_listening": 0.558, "p_reading": 0.653, "barbin": 0, "rgb": "#000000", "zyx": [25, 40, 42]}