{"timescalecorr": 0.22287048399448395, "corr_listening": -0.03600068762898445, "corr_reading": 0.12811514735221863, "p_listening": 0.712, "p_reading": 0.023, "barbin": 0, "rgb": "#000000", "zyx": [13, 74, 47]}