{"timescalecorr": 0.009625591337680817, "corr_listening": -0.055751293897628784, "corr_reading": 0.03706471249461174, "p_listening": 0.835, "p_reading": 0.261, "barbin": 0, "rgb": "#000000", "zyx": [22, 82, 63]}