{"timescalecorr": 1.86792900591648e-10, "corr_listening": 0.0264109056442976, "corr_reading": 0.05879734084010124, "p_listening": 0.314, "p_reading": 0.158, "barbin": 0, "rgb": "#000000", "zyx": [4, 73, 74]}