{"timescalecorr": 9.535586286801845e-05, "corr_listening": -0.08847719430923462, "corr_reading": -0.05193423479795456, "p_listening": 0.942, "p_reading": 0.881, "barbin": 0, "rgb": "#000000", "zyx": [20, 77, 55]}