{"timescalecorr": 0.11323875188827515, "corr_listening": 0.23867639899253845, "corr_reading": 0.06392929702997208, "p_listening": 0.0, "p_reading": 0.137, "barbin": 2, "rgb": "#000000", "zyx": [3, 76, 58]}