{"timescalecorr": 0.4895838499069214, "corr_listening": -0.000774990941863507, "corr_reading": -0.002402341226115823, "p_listening": 0.66, "p_reading": 0.512, "barbin": 0, "rgb": "#000000", "zyx": [19, 20, 50]}