{"timescalecorr": 4.959313404384602e-09, "corr_listening": 0.014422651380300522, "corr_reading": 0.0029188990592956543, "p_listening": 0.408, "p_reading": 0.48, "barbin": 0, "rgb": "#000000", "zyx": [0, 81, 53]}