{"timescalecorr": 0.7434682250022888, "corr_listening": 0.12706103920936584, "corr_reading": 0.09577547758817673, "p_listening": 0.016, "p_reading": 0.049, "barbin": 1, "rgb": "#000000", "zyx": [21, 44, 51]}