{"timescalecorr": 0.8626716136932373, "corr_listening": 0.06867872178554535, "corr_reading": -0.023849625140428543, "p_listening": 0.059, "p_reading": 0.66, "barbin": 0, "rgb": "#000000", "zyx": [18, 34, 57]}