{"timescalecorr": 1.6532480003661476e-05, "corr_listening": 0.09851638972759247, "corr_reading": -0.032697003334760666, "p_listening": 0.043, "p_reading": 0.836, "barbin": 0, "rgb": "#000000", "zyx": [18, 59, 69]}