{"timescalecorr": 0.6343916654586792, "corr_listening": 0.21855558454990387, "corr_reading": 0.23432689905166626, "p_listening": 0.0, "p_reading": 0.0, "barbin": 3, "rgb": "#000000", "zyx": [19, 25, 49]}