{"timescalecorr": 0.0020909395534545183, "corr_listening": 0.029691210016608238, "corr_reading": 0.012337448075413704, "p_listening": 0.312, "p_reading": 0.398, "barbin": 0, "rgb": "#000000", "zyx": [4, 48, 78]}