{"timescalecorr": 0.0020413787569850683, "corr_listening": -0.029159437865018845, "corr_reading": 0.04317448288202286, "p_listening": 0.76, "p_reading": 0.173, "barbin": 0, "rgb": "#000000", "zyx": [2, 77, 68]}