{"timescalecorr": 0.20017334818840027, "corr_listening": -0.05417744442820549, "corr_reading": 0.05524442717432976, "p_listening": 0.883, "p_reading": 0.145, "barbin": 0, "rgb": "#000000", "zyx": [22, 53, 39]}