{"timescalecorr": 0.003439767984673381, "corr_listening": 0.011169188655912876, "corr_reading": 0.01386513002216816, "p_listening": 0.455, "p_reading": 0.409, "barbin": 0, "rgb": "#000000", "zyx": [7, 80, 68]}