{"timescalecorr": 0.8529787659645081, "corr_listening": 0.2638988494873047, "corr_reading": 0.03844572231173515, "p_listening": 0.0, "p_reading": 0.176, "barbin": 2, "rgb": "#000000", "zyx": [22, 37, 52]}