{"timescalecorr": 0.032961923629045486, "corr_listening": 0.013791433535516262, "corr_reading": 0.008617430925369263, "p_listening": 0.387, "p_reading": 0.348, "barbin": 0, "rgb": "#000000", "zyx": [21, 68, 35]}