{"timescalecorr": 0.01267486996948719, "corr_listening": -0.05139036104083061, "corr_reading": -0.015695881098508835, "p_listening": 0.786, "p_reading": 0.576, "barbin": 0, "rgb": "#000000", "zyx": [6, 70, 53]}