{"timescalecorr": 0.8622402548789978, "corr_listening": -0.02158542349934578, "corr_reading": -0.0395781435072422, "p_listening": 0.66, "p_reading": 0.842, "barbin": 0, "rgb": "#000000", "zyx": [23, 52, 60]}