{"timescalecorr": 7.290934149750683e-07, "corr_listening": 0.0045253983698785305, "corr_reading": -0.1813083291053772, "p_listening": 0.452, "p_reading": 1.0, "barbin": 0, "rgb": "#000000", "zyx": [17, 33, 30]}