{"timescalecorr": 0.6965585350990295, "corr_listening": -0.10333246737718582, "corr_reading": 0.008786492049694061, "p_listening": 0.967, "p_reading": 0.442, "barbin": 0, "rgb": "#000000", "zyx": [21, 43, 49]}