{"timescalecorr": NaN, "corr_listening": -0.03202037885785103, "corr_reading": -0.0513361431658268, "p_listening": 0.711, "p_reading": 0.823, "barbin": 0, "rgb": "#000000", "zyx": [2, 47, 63]}