{"timescalecorr": 0.0, "corr_listening": -0.033893387764692307, "corr_reading": 0.07077309489250183, "p_listening": 0.717, "p_reading": 0.112, "barbin": 0, "rgb": "#000000", "zyx": [3, 36, 66]}