{"timescalecorr": 0.04799838736653328, "corr_listening": 0.01740802638232708, "corr_reading": 0.028331294655799866, "p_listening": 0.327, "p_reading": 0.313, "barbin": 0, "rgb": "#000000", "zyx": [1, 89, 52]}