{"timescalecorr": 0.5535401701927185, "corr_listening": 0.11455243080854416, "corr_reading": 0.07051503658294678, "p_listening": 0.017, "p_reading": 0.109, "barbin": 0, "rgb": "#000000", "zyx": [12, 49, 38]}