{"timescalecorr": 1.4107294887821809e-08, "corr_listening": -0.06736606359481812, "corr_reading": 0.00015769283345434815, "p_listening": 0.862, "p_reading": 0.495, "barbin": 0, "rgb": "#000000", "zyx": [16, 90, 58]}