{"timescalecorr": 0.0004873619764111936, "corr_listening": -0.014594336040318012, "corr_reading": 0.10457052290439606, "p_listening": 0.597, "p_reading": 0.042, "barbin": 0, "rgb": "#000000", "zyx": [15, 43, 31]}