{"timescalecorr": 9.92150125966873e-06, "corr_listening": -0.050696101039648056, "corr_reading": 0.0222367774695158, "p_listening": 0.861, "p_reading": 0.376, "barbin": 0, "rgb": "#000000", "zyx": [13, 53, 28]}