{"timescalecorr": 0.4782019257545471, "corr_listening": 0.013883011415600777, "corr_reading": 0.22150883078575134, "p_listening": 0.001, "p_reading": 0.0, "barbin": 1, "rgb": "#000000", "zyx": [20, 29, 60]}