{"timescalecorr": 0.9869726896286011, "corr_listening": 0.07827280461788177, "corr_reading": 0.010798469185829163, "p_listening": 0.089, "p_reading": 0.367, "barbin": 0, "rgb": "#000000", "zyx": [17, 83, 37]}