{"timescalecorr": 0.0, "corr_listening": -0.019536787644028664, "corr_reading": -0.010378737933933735, "p_listening": 0.683, "p_reading": 0.614, "barbin": 0, "rgb": "#000000", "zyx": [8, 63, 46]}