{"timescalecorr": 0.03164857253432274, "corr_listening": 0.01291712373495102, "corr_reading": -0.058076899498701096, "p_listening": 0.405, "p_reading": 0.946, "barbin": 0, "rgb": "#000000", "zyx": [26, 64, 46]}