{"timescalecorr": 0.023172544315457344, "corr_listening": 0.0018039630958810449, "corr_reading": 0.046901654452085495, "p_listening": 0.101, "p_reading": 0.166, "barbin": 0, "rgb": "#000000", "zyx": [4, 54, 63]}