{"timescalecorr": 6.2286235333886e-05, "corr_listening": -0.017690032720565796, "corr_reading": -0.03241554647684097, "p_listening": 0.637, "p_reading": 0.8, "barbin": 0, "rgb": "#000000", "zyx": [20, 60, 59]}