{"timescalecorr": 7.0503679125977214e-06, "corr_listening": 0.03150485083460808, "corr_reading": 0.0849369615316391, "p_listening": 0.281, "p_reading": 0.045, "barbin": 0, "rgb": "#000000", "zyx": [9, 50, 69]}