{"timescalecorr": 0.001442222623154521, "corr_listening": 0.09500899165868759, "corr_reading": 0.01950761117041111, "p_listening": 0.054, "p_reading": 0.348, "barbin": 0, "rgb": "#000000", "zyx": [14, 54, 66]}