{"timescalecorr": 0.0002597004931885749, "corr_listening": -0.03161419928073883, "corr_reading": 0.026896340772509575, "p_listening": 0.703, "p_reading": 0.269, "barbin": 0, "rgb": "#000000", "zyx": [5, 44, 73]}