{"timescalecorr": 1.2868195007828542e-12, "corr_listening": -0.06108780577778816, "corr_reading": 0.02457798458635807, "p_listening": 0.861, "p_reading": 0.322, "barbin": 0, "rgb": "#000000", "zyx": [9, 58, 45]}