{"timescalecorr": 0.5299431681632996, "corr_listening": -0.008573882281780243, "corr_reading": 0.023995529860258102, "p_listening": 0.831, "p_reading": 0.295, "barbin": 0, "rgb": "#000000", "zyx": [17, 56, 42]}