{"timescalecorr": 0.37235113978385925, "corr_listening": 0.021135900169610977, "corr_reading": 0.012586900033056736, "p_listening": 0.239, "p_reading": 0.415, "barbin": 0, "rgb": "#000000", "zyx": [10, 34, 71]}