{"timescalecorr": 3.671591641829508e-10, "corr_listening": -0.010503487661480904, "corr_reading": 0.09362296760082245, "p_listening": 0.596, "p_reading": 0.061, "barbin": 0, "rgb": "#000000", "zyx": [26, 53, 59]}