{"timescalecorr": 4.223316136631183e-05, "corr_listening": -0.027129415422677994, "corr_reading": -0.04002479463815689, "p_listening": 0.847, "p_reading": 0.758, "barbin": 0, "rgb": "#000000", "zyx": [8, 58, 78]}