{"timescalecorr": 0.25334763526916504, "corr_listening": 0.029818281531333923, "corr_reading": 0.04857054725289345, "p_listening": 0.314, "p_reading": 0.067, "barbin": 0, "rgb": "#000000", "zyx": [5, 93, 52]}