{"timescalecorr": 0.6967898607254028, "corr_listening": 0.18723569810390472, "corr_reading": 0.2004752904176712, "p_listening": 0.0, "p_reading": 0.0, "barbin": 2, "rgb": "#000000", "zyx": [19, 59, 74]}