{"timescalecorr": 0.00010853914864128456, "corr_listening": -0.13660982251167297, "corr_reading": 0.03219696134328842, "p_listening": 0.989, "p_reading": 0.164, "barbin": 0, "rgb": "#000000", "zyx": [21, 48, 37]}