{"timescalecorr": 0.057801589369773865, "corr_listening": 0.0025748726911842823, "corr_reading": -0.011561966501176357, "p_listening": 0.284, "p_reading": 0.569, "barbin": 0, "rgb": "#000000", "zyx": [20, 83, 58]}