{"timescalecorr": 0.5156803131103516, "corr_listening": 0.0743841752409935, "corr_reading": 0.022306999191641808, "p_listening": 0.046, "p_reading": 0.347, "barbin": 0, "rgb": "#000000", "zyx": [13, 78, 58]}