{"timescalecorr": 0.8518581390380859, "corr_listening": 0.2929649353027344, "corr_reading": 0.1229868084192276, "p_listening": 0.0, "p_reading": 0.014, "barbin": 3, "rgb": "#000000", "zyx": [20, 38, 41]}