{"timescalecorr": 0.015393837355077267, "corr_listening": -0.09803884476423264, "corr_reading": -0.13846257328987122, "p_listening": 0.962, "p_reading": 0.986, "barbin": 0, "rgb": "#000000", "zyx": [12, 41, 34]}