{"timescalecorr": 0.4579106867313385, "corr_listening": 0.09565132856369019, "corr_reading": 0.22089971601963043, "p_listening": 0.037, "p_reading": 0.001, "barbin": 2, "rgb": "#000000", "zyx": [20, 58, 72]}