{"timescalecorr": 0.34143829345703125, "corr_listening": -0.02625441551208496, "corr_reading": 0.003343238728120923, "p_listening": 0.666, "p_reading": 0.476, "barbin": 0, "rgb": "#000000", "zyx": [4, 42, 61]}