{"timescalecorr": 2.063993864709346e-09, "corr_listening": 0.01724018156528473, "corr_reading": -0.015996942296624184, "p_listening": 0.341, "p_reading": 0.619, "barbin": 0, "rgb": "#000000", "zyx": [21, 52, 40]}