{"timescalecorr": 0.00011238083970965818, "corr_listening": 0.027555840089917183, "corr_reading": -0.09310422092676163, "p_listening": 0.3, "p_reading": 0.943, "barbin": 0, "rgb": "#000000", "zyx": [12, 51, 38]}