{"timescalecorr": 5.598653051580582e-13, "corr_listening": 0.008590573444962502, "corr_reading": 0.07034775614738464, "p_listening": 0.473, "p_reading": 0.125, "barbin": 0, "rgb": "#000000", "zyx": [8, 41, 65]}