{"timescalecorr": 0.014881321229040623, "corr_listening": 0.11159144341945648, "corr_reading": 0.10548964142799377, "p_listening": 0.021, "p_reading": 0.042, "barbin": 1, "rgb": "#000000", "zyx": [15, 86, 52]}