{"timescalecorr": 0.41026437282562256, "corr_listening": 0.009922362864017487, "corr_reading": -0.0219515822827816, "p_listening": 0.447, "p_reading": 0.651, "barbin": 0, "rgb": "#000000", "zyx": [9, 47, 71]}