{"timescalecorr": 0.08351662009954453, "corr_listening": 0.14113640785217285, "corr_reading": 0.10591168701648712, "p_listening": 0.001, "p_reading": 0.021, "barbin": 1, "rgb": "#000000", "zyx": [5, 39, 32]}