{"timescalecorr": 0.0037646526470780373, "corr_listening": -0.004024835303425789, "corr_reading": 0.02175518497824669, "p_listening": 0.522, "p_reading": 0.326, "barbin": 0, "rgb": "#000000", "zyx": [8, 54, 38]}