{"timescalecorr": 0.3652929961681366, "corr_listening": 0.00023341696942225099, "corr_reading": 0.09201920032501221, "p_listening": 0.471, "p_reading": 0.047, "barbin": 0, "rgb": "#000000", "zyx": [10, 51, 77]}