{"timescalecorr": 2.3123623849041763e-10, "corr_listening": -0.07481789588928223, "corr_reading": 0.012884275056421757, "p_listening": 0.954, "p_reading": 0.424, "barbin": 0, "rgb": "#000000", "zyx": [1, 50, 39]}