{"timescalecorr": 0.8530721068382263, "corr_listening": 0.05606812238693237, "corr_reading": -0.004437366500496864, "p_listening": 0.142, "p_reading": 0.527, "barbin": 0, "rgb": "#000000", "zyx": [3, 63, 63]}