{"timescalecorr": 0.5946043133735657, "corr_listening": 0.13247975707054138, "corr_reading": 0.2954624891281128, "p_listening": 0.016, "p_reading": 0.0, "barbin": 3, "rgb": "#000000", "zyx": [14, 72, 77]}