{"timescalecorr": 0.09105556458234787, "corr_listening": -0.0038254433311522007, "corr_reading": 0.060279011726379395, "p_listening": 0.653, "p_reading": 0.168, "barbin": 0, "rgb": "#000000", "zyx": [9, 31, 34]}