{"timescalecorr": 0.48754557967185974, "corr_listening": 0.06521746516227722, "corr_reading": 0.10389800369739532, "p_listening": 0.105, "p_reading": 0.015, "barbin": 0, "rgb": "#000000", "zyx": [10, 82, 39]}