{"timescalecorr": 0.6238018274307251, "corr_listening": -0.0063541848212480545, "corr_reading": 0.011934764683246613, "p_listening": 0.55, "p_reading": 0.349, "barbin": 0, "rgb": "#000000", "zyx": [14, 66, 72]}