{"timescalecorr": 0.36848533153533936, "corr_listening": 0.03371122106909752, "corr_reading": 0.12228932231664658, "p_listening": 0.13, "p_reading": 0.011, "barbin": 0, "rgb": "#000000", "zyx": [4, 69, 72]}