{"timescalecorr": 0.2762279212474823, "corr_listening": 0.037785716354846954, "corr_reading": 0.025203945115208626, "p_listening": 0.263, "p_reading": 0.193, "barbin": 0, "rgb": "#000000", "zyx": [0, 41, 39]}