{"timescalecorr": 0.0008136245305649936, "corr_listening": 0.11959828436374664, "corr_reading": -0.003733779303729534, "p_listening": 0.024, "p_reading": 0.492, "barbin": 0, "rgb": "#000000", "zyx": [14, 36, 64]}