{"timescalecorr": 0.9999991059303284, "corr_listening": 0.02163177728652954, "corr_reading": -0.06556658446788788, "p_listening": 0.171, "p_reading": 0.855, "barbin": 0, "rgb": "#000000", "zyx": [15, 59, 69]}