{"timescalecorr": 0.00023320007312577218, "corr_listening": 0.0964977964758873, "corr_reading": 0.018687445670366287, "p_listening": 0.002, "p_reading": 0.405, "barbin": 0, "rgb": "#000000", "zyx": [15, 87, 70]}