{"timescalecorr": 0.1688005030155182, "corr_listening": 0.05544095113873482, "corr_reading": -0.028997963294386864, "p_listening": 0.16, "p_reading": 0.672, "barbin": 0, "rgb": "#000000", "zyx": [18, 68, 48]}