{"timescalecorr": 0.0003927367797587067, "corr_listening": 0.046472880989313126, "corr_reading": -0.02901291660964489, "p_listening": 0.164, "p_reading": 0.702, "barbin": 0, "rgb": "#000000", "zyx": [16, 53, 54]}