{"timescalecorr": 0.0011102702701464295, "corr_listening": -0.06044122204184532, "corr_reading": 0.06697215139865875, "p_listening": 0.896, "p_reading": 0.132, "barbin": 0, "rgb": "#000000", "zyx": [16, 18, 57]}