{"timescalecorr": 0.38782981038093567, "corr_listening": 0.22415240108966827, "corr_reading": 0.10823763161897659, "p_listening": 0.0, "p_reading": 0.014, "barbin": 2, "rgb": "#000000", "zyx": [21, 32, 57]}