{"timescalecorr": 0.9133358597755432, "corr_listening": 0.09368114918470383, "corr_reading": 0.04493717476725578, "p_listening": 0.054, "p_reading": 0.2, "barbin": 0, "rgb": "#000000", "zyx": [12, 29, 46]}