{"timescalecorr": 0.2863348722457886, "corr_listening": 0.10031520575284958, "corr_reading": 0.2329118400812149, "p_listening": 0.058, "p_reading": 0.0, "barbin": 2, "rgb": "#000000", "zyx": [19, 30, 57]}