{"timescalecorr": 0.003577102441340685, "corr_listening": 0.042092904448509216, "corr_reading": 0.055485811084508896, "p_listening": 0.054, "p_reading": 0.146, "barbin": 0, "rgb": "#000000", "zyx": [6, 80, 59]}