{"timescalecorr": 0.9904628396034241, "corr_listening": -0.04553152248263359, "corr_reading": -0.04502539709210396, "p_listening": 0.794, "p_reading": 0.773, "barbin": 0, "rgb": "#000000", "zyx": [16, 79, 31]}