{"timescalecorr": 0.14590442180633545, "corr_listening": 0.011511041782796383, "corr_reading": 0.0537106953561306, "p_listening": 0.421, "p_reading": 0.185, "barbin": 0, "rgb": "#000000", "zyx": [9, 29, 59]}