{"timescalecorr": 0.003220846876502037, "corr_listening": -0.07540193200111389, "corr_reading": -0.07726924866437912, "p_listening": 0.9, "p_reading": 0.896, "barbin": 0, "rgb": "#000000", "zyx": [6, 62, 49]}