{"timescalecorr": 0.005579809658229351, "corr_listening": -0.06567838042974472, "corr_reading": 0.04222854971885681, "p_listening": 0.951, "p_reading": 0.227, "barbin": 0, "rgb": "#000000", "zyx": [7, 47, 62]}