{"timescalecorr": 0.0004024853406008333, "corr_listening": -0.006143050268292427, "corr_reading": 0.10929648578166962, "p_listening": 0.618, "p_reading": 0.027, "barbin": 0, "rgb": "#000000", "zyx": [8, 76, 37]}