{"timescalecorr": 0.9618854522705078, "corr_listening": -0.02388930320739746, "corr_reading": 0.24466921389102936, "p_listening": 0.74, "p_reading": 0.0, "barbin": 1, "rgb": "#000000", "zyx": [18, 34, 71]}