{"timescalecorr": 7.154160819311528e-09, "corr_listening": -0.04324332997202873, "corr_reading": -0.035002145916223526, "p_listening": 0.782, "p_reading": 0.735, "barbin": 0, "rgb": "#000000", "zyx": [9, 51, 54]}