{"timescalecorr": 1.2310954389249673e-06, "corr_listening": -0.021455969661474228, "corr_reading": -0.035162415355443954, "p_listening": 0.667, "p_reading": 0.713, "barbin": 0, "rgb": "#000000", "zyx": [20, 53, 66]}