{"timescalecorr": 0.0002535957028158009, "corr_listening": -0.022591302171349525, "corr_reading": 0.14694778621196747, "p_listening": 0.653, "p_reading": 0.006, "barbin": 0, "rgb": "#000000", "zyx": [16, 66, 52]}