{"timescalecorr": 0.01773412525653839, "corr_listening": 0.040800001472234726, "corr_reading": -0.04744813218712807, "p_listening": 0.183, "p_reading": 0.772, "barbin": 0, "rgb": "#000000", "zyx": [9, 51, 50]}