{"timescalecorr": 8.357319183753282e-15, "corr_listening": -0.005514098331332207, "corr_reading": -0.015084327198565006, "p_listening": 0.821, "p_reading": 0.833, "barbin": 0, "rgb": "#000000", "zyx": [13, 62, 72]}