{"timescalecorr": 0.0005669514648616314, "corr_listening": 0.003677262458950281, "corr_reading": 0.03411933407187462, "p_listening": 0.432, "p_reading": 0.268, "barbin": 0, "rgb": "#000000", "zyx": [3, 68, 42]}