{"timescalecorr": 0.07336907088756561, "corr_listening": 0.16997560858726501, "corr_reading": 0.05600082501769066, "p_listening": 0.005, "p_reading": 0.19, "barbin": 1, "rgb": "#000000", "zyx": [10, 29, 32]}