{"timescalecorr": 0.2438661903142929, "corr_listening": 0.06958110630512238, "corr_reading": 0.11951189488172531, "p_listening": 0.106, "p_reading": 0.022, "barbin": 0, "rgb": "#000000", "zyx": [19, 58, 52]}