{"timescalecorr": 0.38724902272224426, "corr_listening": 0.052879586815834045, "corr_reading": -0.02727716602385044, "p_listening": 0.126, "p_reading": 0.68, "barbin": 0, "rgb": "#000000", "zyx": [21, 42, 55]}