{"timescalecorr": 0.01742049679160118, "corr_listening": 0.01908760517835617, "corr_reading": 0.18591924011707306, "p_listening": 0.097, "p_reading": 0.0, "barbin": 1, "rgb": "#000000", "zyx": [23, 48, 67]}