{"timescalecorr": 0.8131375908851624, "corr_listening": 0.2584910988807678, "corr_reading": -0.03767693415284157, "p_listening": 0.0, "p_reading": 0.742, "barbin": 1, "rgb": "#000000", "zyx": [19, 30, 60]}