{"timescalecorr": 0.42692655324935913, "corr_listening": 0.009621855802834034, "corr_reading": 0.15798959136009216, "p_listening": 0.348, "p_reading": 0.0, "barbin": 0, "rgb": "#000000", "zyx": [20, 24, 59]}