{"timescalecorr": 0.0024342359974980354, "corr_listening": 0.05897410586476326, "corr_reading": -0.02767317369580269, "p_listening": 0.128, "p_reading": 0.761, "barbin": 0, "rgb": "#000000", "zyx": [12, 30, 42]}