{"timescalecorr": 6.246813427424058e-05, "corr_listening": 0.01378617249429226, "corr_reading": 0.10294277220964432, "p_listening": 0.347, "p_reading": 0.036, "barbin": 0, "rgb": "#000000", "zyx": [12, 26, 50]}