{"timescalecorr": 3.1274744287657086e-06, "corr_listening": 0.004746530205011368, "corr_reading": -0.006002339534461498, "p_listening": 0.478, "p_reading": 0.903, "barbin": 0, "rgb": "#000000", "zyx": [14, 48, 36]}