{"timescalecorr": 0.9943360686302185, "corr_listening": -0.07551063597202301, "corr_reading": -0.009933080524206161, "p_listening": 0.952, "p_reading": 0.59, "barbin": 0, "rgb": "#000000", "zyx": [3, 83, 72]}