{"timescalecorr": 4.345310458120366e-07, "corr_listening": 0.1618088036775589, "corr_reading": 0.0042439913377165794, "p_listening": 0.0, "p_reading": 0.413, "barbin": 0, "rgb": "#000000", "zyx": [18, 80, 66]}