{"timescalecorr": 0.49127691984176636, "corr_listening": 0.1968095451593399, "corr_reading": 0.3208734393119812, "p_listening": 0.0, "p_reading": 0.0, "barbin": 4, "rgb": "#000000", "zyx": [9, 43, 31]}