{"timescalecorr": 0.7834480404853821, "corr_listening": 0.0015522278845310211, "corr_reading": 0.0543062686920166, "p_listening": 0.483, "p_reading": 0.153, "barbin": 0, "rgb": "#000000", "zyx": [4, 54, 33]}