{"timescalecorr": 0.008989420719444752, "corr_listening": -0.004279119428247213, "corr_reading": 0.058609284460544586, "p_listening": 0.558, "p_reading": 0.078, "barbin": 0, "rgb": "#000000", "zyx": [12, 81, 43]}