{"timescalecorr": 0.901828944683075, "corr_listening": 0.05153735727071762, "corr_reading": 0.11611463129520416, "p_listening": 0.176, "p_reading": 0.031, "barbin": 0, "rgb": "#000000", "zyx": [8, 39, 42]}