{"timescalecorr": NaN, "corr_listening": -0.10005649924278259, "corr_reading": -0.049402497708797455, "p_listening": 0.953, "p_reading": 0.886, "barbin": 0, "rgb": "#000000", "zyx": [7, 61, 33]}