{"timescalecorr": 0.07333627343177795, "corr_listening": -0.013860649429261684, "corr_reading": -0.03398244082927704, "p_listening": 0.592, "p_reading": 0.827, "barbin": 0, "rgb": "#000000", "zyx": [19, 43, 74]}