{"timescalecorr": 0.13786248862743378, "corr_listening": 0.017648329958319664, "corr_reading": 0.013111038133502007, "p_listening": 0.379, "p_reading": 0.402, "barbin": 0, "rgb": "#000000", "zyx": [26, 67, 46]}