{"timescalecorr": 0.05701049789786339, "corr_listening": -0.006397616118192673, "corr_reading": 0.07353519648313522, "p_listening": 0.543, "p_reading": 0.093, "barbin": 0, "rgb": "#000000", "zyx": [3, 66, 40]}