{"timescalecorr": 0.6987828612327576, "corr_listening": 0.026432299986481667, "corr_reading": 0.14040054380893707, "p_listening": 0.344, "p_reading": 0.007, "barbin": 0, "rgb": "#000000", "zyx": [20, 85, 53]}