{"timescalecorr": 3.129385504507809e-06, "corr_listening": -0.014295619912445545, "corr_reading": 0.015390222892165184, "p_listening": 0.585, "p_reading": 0.319, "barbin": 0, "rgb": "#000000", "zyx": [15, 92, 52]}