{"timescalecorr": 0.02053217589855194, "corr_listening": 0.007385385222733021, "corr_reading": -0.055771127343177795, "p_listening": 0.489, "p_reading": 0.863, "barbin": 0, "rgb": "#000000", "zyx": [9, 65, 42]}