{"timescalecorr": 0.000743528944440186, "corr_listening": 0.041929613798856735, "corr_reading": 0.005622537806630135, "p_listening": 0.072, "p_reading": 0.47, "barbin": 0, "rgb": "#000000", "zyx": [22, 45, 72]}