{"timescalecorr": 5.3340747399488464e-05, "corr_listening": 0.10312579572200775, "corr_reading": -0.06615005433559418, "p_listening": 0.016, "p_reading": 0.869, "barbin": 0, "rgb": "#000000", "zyx": [24, 79, 47]}