{"timescalecorr": 0.0032141809351742268, "corr_listening": 0.008668433874845505, "corr_reading": 0.07642364501953125, "p_listening": 0.447, "p_reading": 0.099, "barbin": 0, "rgb": "#000000", "zyx": [3, 90, 40]}