{"timescalecorr": 0.00010844701319001615, "corr_listening": -0.046232499182224274, "corr_reading": -0.18477818369865417, "p_listening": 0.764, "p_reading": 0.999, "barbin": 0, "rgb": "#000000", "zyx": [25, 36, 51]}