{"timescalecorr": 0.8828405737876892, "corr_listening": 0.0032212352380156517, "corr_reading": -0.08320087194442749, "p_listening": 0.473, "p_reading": 0.924, "barbin": 0, "rgb": "#000000", "zyx": [23, 61, 61]}