{"timescalecorr": 0.04522408917546272, "corr_listening": 0.003840144956484437, "corr_reading": -0.0036467984318733215, "p_listening": 0.424, "p_reading": 0.533, "barbin": 0, "rgb": "#000000", "zyx": [19, 65, 27]}