{"timescalecorr": 0.4845879077911377, "corr_listening": 0.2818570137023926, "corr_reading": 0.3002849817276001, "p_listening": 0.0, "p_reading": 0.0, "barbin": 4, "rgb": "#000000", "zyx": [11, 84, 34]}