{"timescalecorr": 0.09169775992631912, "corr_listening": -0.00014297959569375962, "corr_reading": -0.030560340732336044, "p_listening": 0.685, "p_reading": 0.764, "barbin": 0, "rgb": "#000000", "zyx": [2, 91, 53]}