{"timescalecorr": 0.0016298288246616721, "corr_listening": -0.019801782444119453, "corr_reading": 0.1717386543750763, "p_listening": 0.714, "p_reading": 0.002, "barbin": 0, "rgb": "#000000", "zyx": [2, 74, 55]}