{"timescalecorr": 3.645737888291478e-05, "corr_listening": 0.029583977535367012, "corr_reading": 0.11782240122556686, "p_listening": 0.034, "p_reading": 0.023, "barbin": 0, "rgb": "#000000", "zyx": [17, 30, 45]}