{"timescalecorr": 0.017874186858534813, "corr_listening": 0.007135349791496992, "corr_reading": 0.02301100268959999, "p_listening": 0.232, "p_reading": 0.365, "barbin": 0, "rgb": "#000000", "zyx": [5, 84, 74]}