{"timescalecorr": 7.958107016747817e-05, "corr_listening": -0.02431834489107132, "corr_reading": 0.05970412492752075, "p_listening": 0.699, "p_reading": 0.134, "barbin": 0, "rgb": "#000000", "zyx": [11, 68, 75]}