{"timescalecorr": 0.5333817601203918, "corr_listening": 0.006515625864267349, "corr_reading": 0.01453633327037096, "p_listening": 0.485, "p_reading": 0.153, "barbin": 0, "rgb": "#000000", "zyx": [19, 77, 33]}