{"timescalecorr": 0.8991782665252686, "corr_listening": 0.4172159433364868, "corr_reading": 0.1891157627105713, "p_listening": 0.0, "p_reading": 0.001, "barbin": 4, "rgb": "#000000", "zyx": [12, 78, 37]}