{"timescalecorr": 0.07187838107347488, "corr_listening": -0.032463155686855316, "corr_reading": 0.0051236203871667385, "p_listening": 0.717, "p_reading": 0.486, "barbin": 0, "rgb": "#000000", "zyx": [11, 30, 39]}