{"timescalecorr": 0.0037776532117277384, "corr_listening": -0.005833109840750694, "corr_reading": 0.015039586462080479, "p_listening": 0.605, "p_reading": 0.397, "barbin": 0, "rgb": "#000000", "zyx": [23, 44, 54]}