{"timescalecorr": NaN, "corr_listening": -0.014851782470941544, "corr_reading": -0.04090996831655502, "p_listening": 0.61, "p_reading": 0.741, "barbin": 0, "rgb": "#000000", "zyx": [17, 64, 65]}