{"timescalecorr": 0.5780717730522156, "corr_listening": 0.15465790033340454, "corr_reading": 0.29929226636886597, "p_listening": 0.003, "p_reading": 0.0, "barbin": 3, "rgb": "#000000", "zyx": [15, 36, 73]}