{"timescalecorr": 2.942786977655487e-06, "corr_listening": -0.008458172902464867, "corr_reading": -0.05705644562840462, "p_listening": 0.585, "p_reading": 0.842, "barbin": 0, "rgb": "#000000", "zyx": [9, 64, 43]}