{"timescalecorr": 0.82777339220047, "corr_listening": 0.0807444378733635, "corr_reading": -0.015023632906377316, "p_listening": 0.095, "p_reading": 0.757, "barbin": 0, "rgb": "#000000", "zyx": [15, 68, 49]}