{"timescalecorr": 0.0001383907365379855, "corr_listening": -0.03886062651872635, "corr_reading": 0.012356135062873363, "p_listening": 0.731, "p_reading": 0.143, "barbin": 0, "rgb": "#000000", "zyx": [14, 40, 36]}