{"timescalecorr": 0.010983353480696678, "corr_listening": -0.15598049759864807, "corr_reading": -0.047536253929138184, "p_listening": 0.998, "p_reading": 0.786, "barbin": 0, "rgb": "#000000", "zyx": [14, 28, 43]}