{"timescalecorr": 0.9406983852386475, "corr_listening": 0.1370639055967331, "corr_reading": 0.1081448495388031, "p_listening": 0.009, "p_reading": 0.035, "barbin": 1, "rgb": "#000000", "zyx": [18, 74, 52]}