{"timescalecorr": 0.30230608582496643, "corr_listening": 0.09557226300239563, "corr_reading": 0.027954991906881332, "p_listening": 0.017, "p_reading": 0.299, "barbin": 0, "rgb": "#000000", "zyx": [16, 33, 34]}