{"timescalecorr": 0.49950331449508667, "corr_listening": 0.06621665507555008, "corr_reading": -0.017896756529808044, "p_listening": 0.068, "p_reading": 0.662, "barbin": 0, "rgb": "#000000", "zyx": [5, 84, 34]}