{"timescalecorr": 0.585170328617096, "corr_listening": -0.02024175599217415, "corr_reading": -0.007531631737947464, "p_listening": 0.626, "p_reading": 0.561, "barbin": 0, "rgb": "#000000", "zyx": [19, 64, 61]}