{"timescalecorr": 0.651003897190094, "corr_listening": -0.016594819724559784, "corr_reading": -0.013020471669733524, "p_listening": 0.751, "p_reading": 0.607, "barbin": 0, "rgb": "#000000", "zyx": [11, 27, 67]}