{"timescalecorr": 4.861343313677935e-06, "corr_listening": 0.020968617871403694, "corr_reading": 0.1721808761358261, "p_listening": 0.365, "p_reading": 0.003, "barbin": 0, "rgb": "#000000", "zyx": [11, 89, 62]}