{"timescalecorr": 0.49087756872177124, "corr_listening": 0.03441862761974335, "corr_reading": 0.031502917408943176, "p_listening": 0.286, "p_reading": 0.281, "barbin": 0, "rgb": "#000000", "zyx": [13, 62, 47]}