{"timescalecorr": 2.7533213142305613e-05, "corr_listening": 0.20997072756290436, "corr_reading": 0.10966751724481583, "p_listening": 0.0, "p_reading": 0.026, "barbin": 2, "rgb": "#000000", "zyx": [10, 88, 36]}