{"timescalecorr": 0.03720990568399429, "corr_listening": 0.0512596033513546, "corr_reading": 0.03925488144159317, "p_listening": 0.195, "p_reading": 0.263, "barbin": 0, "rgb": "#000000", "zyx": [4, 87, 45]}