{"timescalecorr": 4.481578219639459e-09, "corr_listening": -0.02264566719532013, "corr_reading": 0.03493308648467064, "p_listening": 0.64, "p_reading": 0.188, "barbin": 0, "rgb": "#000000", "zyx": [2, 83, 33]}