{"timescalecorr": 0.7949666380882263, "corr_listening": 0.3142792880535126, "corr_reading": 0.4095689058303833, "p_listening": 0.0, "p_reading": 0.0, "barbin": 4, "rgb": "#000000", "zyx": [18, 55, 40]}