{"timescalecorr": 0.14674831926822662, "corr_listening": -0.034325651824474335, "corr_reading": -0.12884920835494995, "p_listening": 0.722, "p_reading": 0.999, "barbin": 0, "rgb": "#000000", "zyx": [24, 56, 35]}