{"timescalecorr": 0.5492310523986816, "corr_listening": -0.012620093300938606, "corr_reading": 0.0036430181935429573, "p_listening": 0.693, "p_reading": 0.172, "barbin": 0, "rgb": "#000000", "zyx": [9, 37, 49]}