{"timescalecorr": 0.10591882467269897, "corr_listening": 0.00031075766310095787, "corr_reading": 0.0019802474416792393, "p_listening": 0.241, "p_reading": 0.498, "barbin": 0, "rgb": "#000000", "zyx": [13, 34, 74]}