{"timescalecorr": 0.612850546836853, "corr_listening": 0.06487423181533813, "corr_reading": 0.11226753145456314, "p_listening": 0.124, "p_reading": 0.007, "barbin": 0, "rgb": "#000000", "zyx": [13, 88, 54]}