{"timescalecorr": 0.0038345386274158955, "corr_listening": -0.029835019260644913, "corr_reading": -0.059402961283922195, "p_listening": 0.771, "p_reading": 0.826, "barbin": 0, "rgb": "#000000", "zyx": [14, 41, 51]}