{"timescalecorr": 0.005523569416254759, "corr_listening": 0.06997988373041153, "corr_reading": -0.034122370183467865, "p_listening": 0.077, "p_reading": 0.728, "barbin": 0, "rgb": "#000000", "zyx": [1, 46, 31]}