{"timescalecorr": 0.17037303745746613, "corr_listening": 0.19052445888519287, "corr_reading": -0.06452424079179764, "p_listening": 0.001, "p_reading": 0.874, "barbin": 0, "rgb": "#000000", "zyx": [22, 46, 33]}