{"timescalecorr": 0.058764733374118805, "corr_listening": 0.02389604225754738, "corr_reading": -0.122404083609581, "p_listening": 0.352, "p_reading": 0.98, "barbin": 0, "rgb": "#000000", "zyx": [20, 59, 32]}