{"timescalecorr": 0.14235466718673706, "corr_listening": 0.03242980316281319, "corr_reading": 0.0297063160687685, "p_listening": 0.283, "p_reading": 0.303, "barbin": 0, "rgb": "#000000", "zyx": [15, 63, 66]}