{"timescalecorr": 0.9998979568481445, "corr_listening": 0.06030340865254402, "corr_reading": 0.1466822624206543, "p_listening": 0.126, "p_reading": 0.003, "barbin": 1, "rgb": "#000000", "zyx": [13, 45, 35]}