{"timescalecorr": 0.0, "corr_listening": -0.039432864636182785, "corr_reading": -0.015639005228877068, "p_listening": 0.741, "p_reading": 0.6, "barbin": 0, "rgb": "#000000", "zyx": [10, 50, 49]}