{"timescalecorr": 0.5839173793792725, "corr_listening": 0.16211220622062683, "corr_reading": 0.1750410497188568, "p_listening": 0.007, "p_reading": 0.0, "barbin": 2, "rgb": "#000000", "zyx": [15, 76, 65]}