{"timescalecorr": 0.9155207276344299, "corr_listening": 0.0786626935005188, "corr_reading": -0.08158380538225174, "p_listening": 0.03, "p_reading": 0.925, "barbin": 0, "rgb": "#000000", "zyx": [18, 89, 59]}