{"timescalecorr": 0.105934277176857, "corr_listening": 0.1997791826725006, "corr_reading": -0.10488743335008621, "p_listening": 0.0, "p_reading": 0.967, "barbin": 0, "rgb": "#000000", "zyx": [6, 69, 77]}