{"timescalecorr": 0.0009628310217522085, "corr_listening": 0.019032765179872513, "corr_reading": -0.009517797268927097, "p_listening": 0.349, "p_reading": 0.573, "barbin": 0, "rgb": "#000000", "zyx": [6, 65, 42]}