{"timescalecorr": 0.4729467034339905, "corr_listening": -0.008096513338387012, "corr_reading": 0.04559208080172539, "p_listening": 0.562, "p_reading": 0.0, "barbin": 0, "rgb": "#000000", "zyx": [2, 82, 69]}