{"timescalecorr": 0.014719158411026001, "corr_listening": 0.030382677912712097, "corr_reading": -0.08565869927406311, "p_listening": 0.302, "p_reading": 0.925, "barbin": 0, "rgb": "#000000", "zyx": [20, 71, 65]}