{"timescalecorr": 0.012088263407349586, "corr_listening": 0.037392642349004745, "corr_reading": -0.020898165181279182, "p_listening": 0.274, "p_reading": 0.637, "barbin": 0, "rgb": "#000000", "zyx": [6, 32, 38]}