{"timescalecorr": 0.011136763729155064, "corr_listening": 0.035095494240522385, "corr_reading": 0.1634969711303711, "p_listening": 0.16, "p_reading": 0.0, "barbin": 0, "rgb": "#000000", "zyx": [6, 88, 71]}