{"timescalecorr": 0.0, "corr_listening": -0.0037938756868243217, "corr_reading": -0.07324497401714325, "p_listening": 0.522, "p_reading": 0.935, "barbin": 0, "rgb": "#000000", "zyx": [7, 78, 25]}