{"timescalecorr": 0.12857167422771454, "corr_listening": 0.29973432421684265, "corr_reading": 0.11170700937509537, "p_listening": 0.0, "p_reading": 0.027, "barbin": 3, "rgb": "#000000", "zyx": [26, 55, 44]}