{"timescalecorr": 0.64703768491745, "corr_listening": 0.002341619459912181, "corr_reading": -0.034202590584754944, "p_listening": 0.477, "p_reading": 0.718, "barbin": 0, "rgb": "#000000", "zyx": [10, 37, 36]}