{"timescalecorr": 0.5079676508903503, "corr_listening": 0.1363709419965744, "corr_reading": -0.0189443938434124, "p_listening": 0.006, "p_reading": 0.804, "barbin": 0, "rgb": "#000000", "zyx": [6, 35, 39]}