{"timescalecorr": 4.2520425114905835e-13, "corr_listening": -0.09062693268060684, "corr_reading": 0.04655139893293381, "p_listening": 0.94, "p_reading": 0.083, "barbin": 0, "rgb": "#000000", "zyx": [24, 73, 45]}