{"timescalecorr": 0.21265199780464172, "corr_listening": 0.31342893838882446, "corr_reading": 0.026837902143597603, "p_listening": 0.0, "p_reading": 0.295, "barbin": 2, "rgb": "#000000", "zyx": [20, 36, 53]}