{"timescalecorr": 0.11895366758108139, "corr_listening": -0.015121692791581154, "corr_reading": 0.0001281779259443283, "p_listening": 0.648, "p_reading": 0.469, "barbin": 0, "rgb": "#000000", "zyx": [7, 32, 57]}