{"timescalecorr": 0.0865570604801178, "corr_listening": 0.03326829895377159, "corr_reading": 0.008833792991936207, "p_listening": 0.151, "p_reading": 0.094, "barbin": 0, "rgb": "#000000", "zyx": [18, 20, 42]}