{"timescalecorr": 0.24501048028469086, "corr_listening": 0.005563925486057997, "corr_reading": 0.005648177117109299, "p_listening": 0.388, "p_reading": 0.499, "barbin": 0, "rgb": "#000000", "zyx": [7, 31, 65]}