{"timescalecorr": 5.155454951832894e-10, "corr_listening": -0.01768578588962555, "corr_reading": -0.043785661458969116, "p_listening": 0.856, "p_reading": 0.903, "barbin": 0, "rgb": "#000000", "zyx": [18, 49, 47]}