{"timescalecorr": 0.8889762163162231, "corr_listening": -0.044826533645391464, "corr_reading": 0.0389215424656868, "p_listening": 0.776, "p_reading": 0.261, "barbin": 0, "rgb": "#000000", "zyx": [1, 78, 36]}