{"timescalecorr": 0.005360980052500963, "corr_listening": 0.07381922006607056, "corr_reading": -0.09587830305099487, "p_listening": 0.091, "p_reading": 0.935, "barbin": 0, "rgb": "#000000", "zyx": [17, 65, 30]}