{"timescalecorr": 0.006372062023729086, "corr_listening": -0.02437962219119072, "corr_reading": 0.03759844973683357, "p_listening": 0.693, "p_reading": 0.245, "barbin": 0, "rgb": "#000000", "zyx": [15, 79, 48]}