{"timescalecorr": 2.855160274872759e-10, "corr_listening": 0.06092409789562225, "corr_reading": 0.02825564704835415, "p_listening": 0.139, "p_reading": 0.215, "barbin": 0, "rgb": "#000000", "zyx": [11, 35, 55]}