{"timescalecorr": 0.09099951386451721, "corr_listening": 0.053176719695329666, "corr_reading": 0.008791392669081688, "p_listening": 0.173, "p_reading": 0.436, "barbin": 0, "rgb": "#000000", "zyx": [22, 59, 74]}