{"timescalecorr": 1.2891710866824724e-05, "corr_listening": 0.0988585352897644, "corr_reading": 0.018212683498859406, "p_listening": 0.036, "p_reading": 0.367, "barbin": 0, "rgb": "#000000", "zyx": [8, 84, 44]}