{"timescalecorr": 0.9969655871391296, "corr_listening": 0.13008692860603333, "corr_reading": 0.21156756579875946, "p_listening": 0.007, "p_reading": 0.0, "barbin": 2, "rgb": "#000000", "zyx": [24, 37, 57]}