{"timescalecorr": 0.5244689583778381, "corr_listening": 0.029750434681773186, "corr_reading": -0.016179652884602547, "p_listening": 0.104, "p_reading": 0.605, "barbin": 0, "rgb": "#000000", "zyx": [16, 80, 33]}