{"timescalecorr": 0.5344228148460388, "corr_listening": 0.10583097487688065, "corr_reading": 0.16007518768310547, "p_listening": 0.052, "p_reading": 0.005, "barbin": 1, "rgb": "#000000", "zyx": [18, 51, 39]}