{"timescalecorr": 0.17877702414989471, "corr_listening": 0.12474192678928375, "corr_reading": 0.04339113086462021, "p_listening": 0.006, "p_reading": 0.002, "barbin": 0, "rgb": "#000000", "zyx": [6, 83, 65]}