{"timescalecorr": 2.494952298093267e-07, "corr_listening": 0.011674109846353531, "corr_reading": -0.014818849973380566, "p_listening": 0.397, "p_reading": 0.586, "barbin": 0, "rgb": "#000000", "zyx": [10, 36, 67]}