{"timescalecorr": 7.572135132249969e-07, "corr_listening": 0.04294643923640251, "corr_reading": -0.010150473564863205, "p_listening": 0.242, "p_reading": 0.609, "barbin": 0, "rgb": "#000000", "zyx": [5, 43, 27]}