{"timescalecorr": NaN, "corr_listening": 0.01808970607817173, "corr_reading": -0.07521004974842072, "p_listening": 0.406, "p_reading": 0.9, "barbin": 0, "rgb": "#000000", "zyx": [14, 61, 41]}