{"timescalecorr": 0.9254772067070007, "corr_listening": 0.41365206241607666, "corr_reading": 0.23177820444107056, "p_listening": 0.0, "p_reading": 0.0, "barbin": 4, "rgb": "#000000", "zyx": [11, 87, 68]}