{"timescalecorr": 0.9617180228233337, "corr_listening": -0.02844149060547352, "corr_reading": 0.04977760091423988, "p_listening": 0.678, "p_reading": 0.132, "barbin": 0, "rgb": "#000000", "zyx": [7, 30, 55]}