{"timescalecorr": 0.4846634268760681, "corr_listening": 0.027572158724069595, "corr_reading": -0.04056655243039131, "p_listening": 0.312, "p_reading": 0.77, "barbin": 0, "rgb": "#000000", "zyx": [11, 59, 23]}