{"timescalecorr": 0.31550362706184387, "corr_listening": 0.011514037847518921, "corr_reading": 0.04961807280778885, "p_listening": 0.413, "p_reading": 0.156, "barbin": 0, "rgb": "#000000", "zyx": [5, 78, 49]}