{"timescalecorr": 0.15183238685131073, "corr_listening": 0.029818635433912277, "corr_reading": -0.06957116723060608, "p_listening": 0.324, "p_reading": 0.888, "barbin": 0, "rgb": "#000000", "zyx": [8, 84, 77]}