{"timescalecorr": 0.6606594324111938, "corr_listening": 0.1162039265036583, "corr_reading": 0.2805505394935608, "p_listening": 0.026, "p_reading": 0.0, "barbin": 2, "rgb": "#000000", "zyx": [26, 66, 51]}