{"timescalecorr": 0.2281007468700409, "corr_listening": -0.19625261425971985, "corr_reading": -0.0065797558054327965, "p_listening": 0.998, "p_reading": 0.548, "barbin": 0, "rgb": "#000000", "zyx": [10, 53, 51]}