{"timescalecorr": 2.31233639169659e-06, "corr_listening": 0.08600784838199615, "corr_reading": 0.00393777946010232, "p_listening": 0.076, "p_reading": 0.466, "barbin": 0, "rgb": "#000000", "zyx": [2, 77, 51]}