{"timescalecorr": 0.08298491686582565, "corr_listening": 0.06237408146262169, "corr_reading": 0.10352098196744919, "p_listening": 0.145, "p_reading": 0.0, "barbin": 0, "rgb": "#000000", "zyx": [15, 81, 61]}