{"timescalecorr": 0.0002499476831872016, "corr_listening": -0.08058514446020126, "corr_reading": 0.008832263760268688, "p_listening": 0.929, "p_reading": 0.448, "barbin": 0, "rgb": "#000000", "zyx": [23, 61, 55]}