{"timescalecorr": 0.03864957392215729, "corr_listening": 0.001758483238518238, "corr_reading": 0.03414309769868851, "p_listening": 0.434, "p_reading": 0.189, "barbin": 0, "rgb": "#000000", "zyx": [8, 82, 29]}