{"timescalecorr": 0.0030470651108771563, "corr_listening": 0.040460363030433655, "corr_reading": -0.027654243633151054, "p_listening": 0.238, "p_reading": 0.684, "barbin": 0, "rgb": "#000000", "zyx": [15, 36, 40]}