{"timescalecorr": 0.9953902959823608, "corr_listening": 0.048848140984773636, "corr_reading": 0.1423574686050415, "p_listening": 0.222, "p_reading": 0.004, "barbin": 0, "rgb": "#000000", "zyx": [12, 83, 34]}