{"timescalecorr": 0.9318488240242004, "corr_listening": 0.014536422677338123, "corr_reading": -0.08030083775520325, "p_listening": 0.403, "p_reading": 0.899, "barbin": 0, "rgb": "#000000", "zyx": [6, 64, 24]}