{"timescalecorr": 0.07137588411569595, "corr_listening": 0.07971230149269104, "corr_reading": 0.005671852268278599, "p_listening": 0.076, "p_reading": 0.453, "barbin": 0, "rgb": "#000000", "zyx": [23, 71, 63]}