{"timescalecorr": 0.9999969005584717, "corr_listening": -0.0845520943403244, "corr_reading": 0.05366921424865723, "p_listening": 0.946, "p_reading": 0.171, "barbin": 0, "rgb": "#000000", "zyx": [14, 67, 41]}