{"timescalecorr": 0.035484012216329575, "corr_listening": -0.07572714239358902, "corr_reading": -0.11677002906799316, "p_listening": 0.901, "p_reading": 0.981, "barbin": 0, "rgb": "#000000", "zyx": [19, 46, 55]}