{"timescalecorr": 0.0004341097956057638, "corr_listening": 0.017978962510824203, "corr_reading": 0.0017336144810542464, "p_listening": 0.371, "p_reading": 0.415, "barbin": 0, "rgb": "#000000", "zyx": [7, 94, 59]}