{"timescalecorr": 0.9244876503944397, "corr_listening": 0.05779511108994484, "corr_reading": 0.022022325545549393, "p_listening": 0.145, "p_reading": 0.35, "barbin": 0, "rgb": "#000000", "zyx": [3, 87, 68]}