{"timescalecorr": 6.005892646498978e-05, "corr_listening": -0.016823312267661095, "corr_reading": 0.039247721433639526, "p_listening": 0.94, "p_reading": 0.178, "barbin": 0, "rgb": "#000000", "zyx": [14, 40, 51]}