{"timescalecorr": 0.2733725905418396, "corr_listening": -0.07566352188587189, "corr_reading": 0.06619919836521149, "p_listening": 0.898, "p_reading": 0.135, "barbin": 0, "rgb": "#000000", "zyx": [4, 50, 39]}