{"timescalecorr": 0.8562225103378296, "corr_listening": 0.14044441282749176, "corr_reading": 0.09497874975204468, "p_listening": 0.001, "p_reading": 0.046, "barbin": 1, "rgb": "#000000", "zyx": [11, 36, 63]}