{"timescalecorr": 0.09573714435100555, "corr_listening": 0.09020741283893585, "corr_reading": -0.03154747933149338, "p_listening": 0.061, "p_reading": 0.732, "barbin": 0, "rgb": "#000000", "zyx": [1, 81, 45]}