{"timescalecorr": 0.0003066548961214721, "corr_listening": 0.021609116345643997, "corr_reading": 0.0003958658198826015, "p_listening": 0.019, "p_reading": 0.475, "barbin": 0, "rgb": "#000000", "zyx": [4, 75, 29]}