{"timescalecorr": 0.9762018322944641, "corr_listening": 0.11037208884954453, "corr_reading": 0.095781609416008, "p_listening": 0.028, "p_reading": 0.047, "barbin": 1, "rgb": "#000000", "zyx": [16, 20, 58]}