{"timescalecorr": 0.9672344923019409, "corr_listening": -0.06545078009366989, "corr_reading": 0.04312912002205849, "p_listening": 0.854, "p_reading": 0.056, "barbin": 0, "rgb": "#000000", "zyx": [24, 30, 51]}