{"timescalecorr": 0.003547410247847438, "corr_listening": 0.2929866909980774, "corr_reading": 0.009834504686295986, "p_listening": 0.0, "p_reading": 0.457, "barbin": 2, "rgb": "#000000", "zyx": [23, 49, 46]}