{"timescalecorr": 2.295661033713259e-06, "corr_listening": 0.010314129292964935, "corr_reading": -0.015776734799146652, "p_listening": 0.373, "p_reading": 0.619, "barbin": 0, "rgb": "#000000", "zyx": [17, 60, 69]}