{"timescalecorr": 0.05168832466006279, "corr_listening": -0.09485910832881927, "corr_reading": -0.07608050107955933, "p_listening": 0.958, "p_reading": 0.917, "barbin": 0, "rgb": "#000000", "zyx": [8, 40, 53]}