{"timescalecorr": 0.9750576019287109, "corr_listening": -0.027050970122218132, "corr_reading": -0.04126369580626488, "p_listening": 0.71, "p_reading": 0.746, "barbin": 0, "rgb": "#000000", "zyx": [8, 46, 45]}