{"timescalecorr": 0.784568190574646, "corr_listening": 0.005162250716239214, "corr_reading": 0.05391581356525421, "p_listening": 0.306, "p_reading": 0.146, "barbin": 0, "rgb": "#000000", "zyx": [11, 71, 77]}