{"timescalecorr": 0.19770097732543945, "corr_listening": -0.019560497254133224, "corr_reading": 0.11493648588657379, "p_listening": 0.634, "p_reading": 0.003, "barbin": 0, "rgb": "#000000", "zyx": [11, 38, 60]}