{"timescalecorr": 0.3936045467853546, "corr_listening": 0.013317858800292015, "corr_reading": -0.10398164391517639, "p_listening": 0.405, "p_reading": 0.956, "barbin": 0, "rgb": "#000000", "zyx": [13, 73, 65]}