{"timescalecorr": 0.02099072001874447, "corr_listening": 0.061690554022789, "corr_reading": -0.02636607736349106, "p_listening": 0.116, "p_reading": 0.785, "barbin": 0, "rgb": "#000000", "zyx": [13, 65, 39]}