{"timescalecorr": 0.0, "corr_listening": -0.009616393595933914, "corr_reading": -0.24590598046779633, "p_listening": 0.997, "p_reading": 1.0, "barbin": 0, "rgb": "#000000", "zyx": [13, 22, 64]}