{"timescalecorr": 3.1931670037010917e-06, "corr_listening": -0.09676728397607803, "corr_reading": 0.008561654947698116, "p_listening": 0.944, "p_reading": 0.381, "barbin": 0, "rgb": "#000000", "zyx": [0, 81, 60]}