{"timescalecorr": 0.0, "corr_listening": -0.004845247603952885, "corr_reading": -0.009197136387228966, "p_listening": 0.519, "p_reading": 0.558, "barbin": 0, "rgb": "#000000", "zyx": [14, 82, 32]}