{"timescalecorr": 0.08784367144107819, "corr_listening": -0.006557652726769447, "corr_reading": 0.05809992551803589, "p_listening": 0.543, "p_reading": 0.002, "barbin": 0, "rgb": "#000000", "zyx": [20, 54, 71]}