{"timescalecorr": 3.4946187952300534e-05, "corr_listening": 0.04457326978445053, "corr_reading": 0.13134409487247467, "p_listening": 0.216, "p_reading": 0.001, "barbin": 0, "rgb": "#000000", "zyx": [21, 80, 61]}