{"timescalecorr": 0.7080540060997009, "corr_listening": 0.2095329314470291, "corr_reading": 0.14952218532562256, "p_listening": 0.0, "p_reading": 0.003, "barbin": 2, "rgb": "#000000", "zyx": [9, 54, 28]}