{"timescalecorr": 0.0, "corr_listening": -0.09243525564670563, "corr_reading": -0.061292700469493866, "p_listening": 0.945, "p_reading": 0.851, "barbin": 0, "rgb": "#000000", "zyx": [6, 79, 60]}