{"timescalecorr": 0.7125950455665588, "corr_listening": 0.030188266187906265, "corr_reading": -0.008694296702742577, "p_listening": 0.29, "p_reading": 0.566, "barbin": 0, "rgb": "#000000", "zyx": [17, 62, 54]}