{"timescalecorr": 0.5046868920326233, "corr_listening": 0.20336417853832245, "corr_reading": 0.34427595138549805, "p_listening": 0.0, "p_reading": 0.0, "barbin": 4, "rgb": "#000000", "zyx": [16, 34, 71]}