{"timescalecorr": 0.00558708980679512, "corr_listening": -0.010023551993072033, "corr_reading": 0.07651087641716003, "p_listening": 0.579, "p_reading": 0.101, "barbin": 0, "rgb": "#000000", "zyx": [5, 68, 27]}