{"timescalecorr": 0.3369004726409912, "corr_listening": 0.0925469622015953, "corr_reading": 0.06497567147016525, "p_listening": 0.03, "p_reading": 0.128, "barbin": 0, "rgb": "#000000", "zyx": [11, 51, 31]}