{"timescalecorr": 6.255005246202927e-06, "corr_listening": 0.007382657378911972, "corr_reading": 0.20158199965953827, "p_listening": 0.42, "p_reading": 0.001, "barbin": 1, "rgb": "#000000", "zyx": [14, 29, 66]}