{"timescalecorr": 0.009066293947398663, "corr_listening": 0.11251695454120636, "corr_reading": -0.027836985886096954, "p_listening": 0.012, "p_reading": 0.679, "barbin": 0, "rgb": "#000000", "zyx": [15, 51, 51]}