{"timescalecorr": 0.931013822555542, "corr_listening": -0.02379281260073185, "corr_reading": 0.017010798677802086, "p_listening": 0.672, "p_reading": 0.384, "barbin": 0, "rgb": "#000000", "zyx": [14, 73, 30]}