{"timescalecorr": 6.241675691853743e-06, "corr_listening": -0.004446832928806543, "corr_reading": 0.04007105156779289, "p_listening": 0.526, "p_reading": 0.152, "barbin": 0, "rgb": "#000000", "zyx": [11, 91, 64]}