{"timescalecorr": 0.9871494770050049, "corr_listening": -0.0007499782368540764, "corr_reading": -0.039736270904541016, "p_listening": 0.962, "p_reading": 0.843, "barbin": 0, "rgb": "#000000", "zyx": [22, 63, 59]}