{"timescalecorr": 0.054410167038440704, "corr_listening": -0.0036858334206044674, "corr_reading": 0.027836699038743973, "p_listening": 0.765, "p_reading": 0.322, "barbin": 0, "rgb": "#000000", "zyx": [22, 46, 60]}