{"timescalecorr": 0.500085711479187, "corr_listening": 0.13768212497234344, "corr_reading": 0.21448634564876556, "p_listening": 0.015, "p_reading": 0.0, "barbin": 2, "rgb": "#000000", "zyx": [11, 34, 50]}