{"timescalecorr": 1.632318162592128e-05, "corr_listening": -0.03823487088084221, "corr_reading": -0.01998109742999077, "p_listening": 0.729, "p_reading": 0.801, "barbin": 0, "rgb": "#000000", "zyx": [13, 90, 37]}