{"timescalecorr": 0.03961774706840515, "corr_listening": 0.05576219782233238, "corr_reading": 0.1058662012219429, "p_listening": 0.142, "p_reading": 0.001, "barbin": 0, "rgb": "#000000", "zyx": [3, 76, 68]}