{"timescalecorr": NaN, "corr_listening": 0.058608487248420715, "corr_reading": -0.07108774781227112, "p_listening": 0.042, "p_reading": 0.895, "barbin": 0, "rgb": "#000000", "zyx": [17, 59, 33]}