{"timescalecorr": 0.30369457602500916, "corr_listening": -0.00037719783722423017, "corr_reading": 0.06554005295038223, "p_listening": 0.838, "p_reading": 0.145, "barbin": 0, "rgb": "#000000", "zyx": [22, 71, 34]}