{"timescalecorr": 0.006411344278603792, "corr_listening": 0.028024502098560333, "corr_reading": -0.19178631901741028, "p_listening": 0.299, "p_reading": 0.999, "barbin": 0, "rgb": "#000000", "zyx": [11, 52, 80]}