{"timescalecorr": 0.7532408237457275, "corr_listening": 0.24251830577850342, "corr_reading": 0.2222674936056137, "p_listening": 0.0, "p_reading": 0.0, "barbin": 3, "rgb": "#000000", "zyx": [5, 75, 77]}