{"timescalecorr": 0.9966139793395996, "corr_listening": -0.04459197819232941, "corr_reading": 0.06719154864549637, "p_listening": 0.767, "p_reading": 0.012, "barbin": 0, "rgb": "#000000", "zyx": [7, 38, 44]}