{"timescalecorr": 1.5464638636331074e-05, "corr_listening": 0.09387287497520447, "corr_reading": 0.018709074705839157, "p_listening": 0.06, "p_reading": 0.348, "barbin": 0, "rgb": "#000000", "zyx": [14, 60, 73]}