{"timescalecorr": 0.16553926467895508, "corr_listening": -0.06081166863441467, "corr_reading": 0.11589531600475311, "p_listening": 0.848, "p_reading": 0.02, "barbin": 0, "rgb": "#000000", "zyx": [5, 66, 64]}