{"timescalecorr": 0.34701746702194214, "corr_listening": 0.0973144993185997, "corr_reading": 0.044912341982126236, "p_listening": 0.021, "p_reading": 0.158, "barbin": 0, "rgb": "#000000", "zyx": [8, 79, 52]}