{"timescalecorr": 0.5623688101768494, "corr_listening": 0.011671551503241062, "corr_reading": 0.0229125265032053, "p_listening": 0.425, "p_reading": 0.332, "barbin": 0, "rgb": "#000000", "zyx": [3, 49, 70]}