{"timescalecorr": 5.40763949175016e-06, "corr_listening": -0.024845119565725327, "corr_reading": -0.05902099609375, "p_listening": 0.678, "p_reading": 0.841, "barbin": 0, "rgb": "#000000", "zyx": [6, 52, 26]}