{"timescalecorr": 0.00035691904486157, "corr_listening": 0.06850983947515488, "corr_reading": -0.0009430726640857756, "p_listening": 0.103, "p_reading": 0.501, "barbin": 0, "rgb": "#000000", "zyx": [18, 41, 49]}