{"timescalecorr": 9.718272431095184e-15, "corr_listening": -0.03701982647180557, "corr_reading": -0.00445638969540596, "p_listening": 0.764, "p_reading": 0.642, "barbin": 0, "rgb": "#000000", "zyx": [9, 85, 30]}