{"timescalecorr": 1.912178531834896e-12, "corr_listening": -0.0175357423722744, "corr_reading": -0.07142136991024017, "p_listening": 0.606, "p_reading": 0.924, "barbin": 0, "rgb": "#000000", "zyx": [18, 48, 39]}