{"timescalecorr": 0.0005246165092103183, "corr_listening": 0.09879154711961746, "corr_reading": 0.06256654858589172, "p_listening": 0.002, "p_reading": 0.138, "barbin": 0, "rgb": "#000000", "zyx": [7, 58, 79]}