{"timescalecorr": 0.4058372974395752, "corr_listening": 0.2397754043340683, "corr_reading": 0.060894936323165894, "p_listening": 0.0, "p_reading": 0.158, "barbin": 2, "rgb": "#000000", "zyx": [6, 50, 29]}