{"timescalecorr": 0.05038830637931824, "corr_listening": 0.11779484897851944, "corr_reading": 0.1460803747177124, "p_listening": 0.031, "p_reading": 0.002, "barbin": 1, "rgb": "#000000", "zyx": [14, 83, 74]}