{"timescalecorr": 0.07022206485271454, "corr_listening": 0.0050609055906534195, "corr_reading": 0.04945111274719238, "p_listening": 0.254, "p_reading": 0.198, "barbin": 0, "rgb": "#000000", "zyx": [23, 59, 47]}