{"timescalecorr": 0.9800055623054504, "corr_listening": -0.04893088340759277, "corr_reading": 0.041604891419410706, "p_listening": 0.787, "p_reading": 0.246, "barbin": 0, "rgb": "#000000", "zyx": [22, 66, 44]}