{"timescalecorr": 0.13831688463687897, "corr_listening": -0.0008400343358516693, "corr_reading": 0.2653307616710663, "p_listening": 0.497, "p_reading": 0.0, "barbin": 1, "rgb": "#000000", "zyx": [8, 67, 29]}