{"timescalecorr": 0.0030022570863366127, "corr_listening": -0.05234091356396675, "corr_reading": 0.04853206127882004, "p_listening": 0.887, "p_reading": 0.11, "barbin": 0, "rgb": "#000000", "zyx": [9, 94, 50]}