{"timescalecorr": 0.04365318641066551, "corr_listening": -0.07168598473072052, "corr_reading": 0.09734748303890228, "p_listening": 0.907, "p_reading": 0.047, "barbin": 0, "rgb": "#000000", "zyx": [2, 67, 74]}