{"timescalecorr": NaN, "corr_listening": 6.886155460961163e-05, "corr_reading": -0.08630481362342834, "p_listening": 0.443, "p_reading": 0.925, "barbin": 0, "rgb": "#000000", "zyx": [15, 69, 64]}