{"timescalecorr": 0.9043083786964417, "corr_listening": 0.1092468798160553, "corr_reading": 0.21208128333091736, "p_listening": 0.031, "p_reading": 0.001, "barbin": 2, "rgb": "#000000", "zyx": [16, 78, 65]}