{"timescalecorr": 0.0899653509259224, "corr_listening": -0.051411569118499756, "corr_reading": -0.0049476055428385735, "p_listening": 0.866, "p_reading": 0.564, "barbin": 0, "rgb": "#000000", "zyx": [10, 24, 50]}