{"timescalecorr": 0.9999237060546875, "corr_listening": -0.0062493011355400085, "corr_reading": -0.0073001873679459095, "p_listening": 0.665, "p_reading": 0.755, "barbin": 0, "rgb": "#000000", "zyx": [7, 33, 52]}