{"timescalecorr": 0.024135075509548187, "corr_listening": 0.06312315911054611, "corr_reading": 0.08104318380355835, "p_listening": 0.156, "p_reading": 0.077, "barbin": 0, "rgb": "#000000", "zyx": [10, 38, 47]}