{"timescalecorr": 0.9533700346946716, "corr_listening": -0.11403459310531616, "corr_reading": -0.0034590596333146095, "p_listening": 0.976, "p_reading": 0.872, "barbin": 0, "rgb": "#000000", "zyx": [22, 67, 74]}