{"timescalecorr": 0.6976304650306702, "corr_listening": 0.3026314973831177, "corr_reading": -0.003136265557259321, "p_listening": 0.0, "p_reading": 0.526, "barbin": 1, "rgb": "#000000", "zyx": [14, 78, 69]}