{"timescalecorr": 1.8343838746659458e-05, "corr_listening": 0.02081572823226452, "corr_reading": -0.002699984237551689, "p_listening": 0.363, "p_reading": 0.72, "barbin": 0, "rgb": "#000000", "zyx": [4, 48, 45]}