{"timescalecorr": 0.5083593130111694, "corr_listening": 0.2891983687877655, "corr_reading": 0.11497963964939117, "p_listening": 0.0, "p_reading": 0.018, "barbin": 3, "rgb": "#000000", "zyx": [5, 50, 29]}