{"timescalecorr": 1.5225444940369925e-06, "corr_listening": -0.059923477470874786, "corr_reading": -0.010227067396044731, "p_listening": 0.83, "p_reading": 0.571, "barbin": 0, "rgb": "#000000", "zyx": [1, 85, 34]}