{"timescalecorr": 0.019731298089027405, "corr_listening": 0.021077951416373253, "corr_reading": -0.0022482816129922867, "p_listening": 0.327, "p_reading": 0.765, "barbin": 0, "rgb": "#000000", "zyx": [22, 70, 36]}