{"timescalecorr": 0.7007134556770325, "corr_listening": 0.1813778281211853, "corr_reading": 0.4561091959476471, "p_listening": 0.0, "p_reading": 0.0, "barbin": 4, "rgb": "#000000", "zyx": [8, 42, 31]}