{"timescalecorr": 0.14302216470241547, "corr_listening": 0.15825672447681427, "corr_reading": 0.0681760385632515, "p_listening": 0.003, "p_reading": 0.099, "barbin": 1, "rgb": "#000000", "zyx": [25, 55, 49]}