{"timescalecorr": 0.7266360521316528, "corr_listening": -0.11479520797729492, "corr_reading": 0.017701804637908936, "p_listening": 0.975, "p_reading": 0.33, "barbin": 0, "rgb": "#000000", "zyx": [13, 61, 64]}