{"timescalecorr": 0.0009564263164065778, "corr_listening": 0.01528162695467472, "corr_reading": 0.06892754137516022, "p_listening": 0.38, "p_reading": 0.106, "barbin": 0, "rgb": "#000000", "zyx": [4, 51, 40]}