{"timescalecorr": 0.21180817484855652, "corr_listening": 0.0963657796382904, "corr_reading": -0.01214681938290596, "p_listening": 0.03, "p_reading": 0.585, "barbin": 0, "rgb": "#000000", "zyx": [19, 31, 64]}