{"timescalecorr": 0.012030554935336113, "corr_listening": -0.03379563242197037, "corr_reading": -0.024061232805252075, "p_listening": 0.747, "p_reading": 0.669, "barbin": 0, "rgb": "#000000", "zyx": [18, 64, 66]}