{"timescalecorr": 0.10621959716081619, "corr_listening": 0.09418325871229172, "corr_reading": -0.1146991103887558, "p_listening": 0.057, "p_reading": 0.968, "barbin": 0, "rgb": "#000000", "zyx": [21, 40, 63]}