{"timescalecorr": 0.051141638308763504, "corr_listening": -0.020090915262699127, "corr_reading": -0.005257881246507168, "p_listening": 0.636, "p_reading": 0.567, "barbin": 0, "rgb": "#000000", "zyx": [6, 38, 74]}