{"timescalecorr": 0.6609246730804443, "corr_listening": 0.11218628287315369, "corr_reading": 0.04094782844185829, "p_listening": 0.002, "p_reading": 0.141, "barbin": 0, "rgb": "#000000", "zyx": [11, 67, 33]}