{"timescalecorr": 0.01890195533633232, "corr_listening": 0.0013653954956680536, "corr_reading": 0.06075075641274452, "p_listening": 0.494, "p_reading": 0.151, "barbin": 0, "rgb": "#000000", "zyx": [4, 44, 68]}