{"timescalecorr": 0.4129137694835663, "corr_listening": 0.09603236615657806, "corr_reading": 0.01305929385125637, "p_listening": 0.062, "p_reading": 0.417, "barbin": 0, "rgb": "#000000", "zyx": [8, 41, 45]}