{"timescalecorr": 0.0, "corr_listening": 0.022383468225598335, "corr_reading": -0.002814898267388344, "p_listening": 0.159, "p_reading": 0.514, "barbin": 0, "rgb": "#000000", "zyx": [21, 42, 62]}