{"timescalecorr": 0.2170577496290207, "corr_listening": 0.00218198518268764, "corr_reading": 0.05958913639187813, "p_listening": 0.51, "p_reading": 0.147, "barbin": 0, "rgb": "#000000", "zyx": [17, 31, 54]}