{"timescalecorr": 0.006182252429425716, "corr_listening": 0.05706531181931496, "corr_reading": 0.056215643882751465, "p_listening": 0.187, "p_reading": 0.184, "barbin": 0, "rgb": "#000000", "zyx": [6, 64, 43]}