{"timescalecorr": 0.0, "corr_listening": -0.014843645505607128, "corr_reading": 0.05100499093532562, "p_listening": 0.605, "p_reading": 0.19, "barbin": 0, "rgb": "#000000", "zyx": [17, 64, 60]}