{"timescalecorr": 7.474116046068957e-07, "corr_listening": 0.08806804567575455, "corr_reading": 0.02326340042054653, "p_listening": 0.062, "p_reading": 0.344, "barbin": 0, "rgb": "#000000", "zyx": [13, 77, 32]}