{"timescalecorr": 2.7199056895632623e-10, "corr_listening": 0.0007681412389501929, "corr_reading": 0.026225978508591652, "p_listening": 0.489, "p_reading": 0.269, "barbin": 0, "rgb": "#000000", "zyx": [6, 72, 50]}