{"timescalecorr": 1.37992292366107e-05, "corr_listening": 0.1496436893939972, "corr_reading": 0.00953814946115017, "p_listening": 0.007, "p_reading": 0.276, "barbin": 0, "rgb": "#000000", "zyx": [9, 35, 42]}