{"timescalecorr": 0.016039524227380753, "corr_listening": -0.09100958704948425, "corr_reading": 0.02643468976020813, "p_listening": 0.937, "p_reading": 0.298, "barbin": 0, "rgb": "#000000", "zyx": [1, 85, 56]}