{"timescalecorr": 0.004044444300234318, "corr_listening": 8.029802120290697e-05, "corr_reading": 0.03093688376247883, "p_listening": 0.458, "p_reading": 0.279, "barbin": 0, "rgb": "#000000", "zyx": [12, 84, 60]}