{"timescalecorr": 2.735608850557014e-09, "corr_listening": 0.1250714361667633, "corr_reading": -0.018276773393154144, "p_listening": 0.018, "p_reading": 0.656, "barbin": 0, "rgb": "#000000", "zyx": [13, 39, 33]}