{"timescalecorr": 0.0003774107026401907, "corr_listening": 0.024027204141020775, "corr_reading": -0.02076049894094467, "p_listening": 0.34, "p_reading": 0.653, "barbin": 0, "rgb": "#000000", "zyx": [13, 28, 55]}