{"timescalecorr": 0.3144756257534027, "corr_listening": 0.09552638232707977, "corr_reading": 0.2829761505126953, "p_listening": 0.008, "p_reading": 0.0, "barbin": 2, "rgb": "#000000", "zyx": [19, 37, 53]}