{"timescalecorr": 0.003481779946014285, "corr_listening": 0.03844713419675827, "corr_reading": 0.025131626054644585, "p_listening": 0.08, "p_reading": 0.221, "barbin": 0, "rgb": "#000000", "zyx": [11, 41, 64]}