{"timescalecorr": 0.000332304131006822, "corr_listening": 1.3610024325316772e-05, "corr_reading": 0.007018355652689934, "p_listening": 0.482, "p_reading": 0.371, "barbin": 0, "rgb": "#000000", "zyx": [9, 91, 62]}