{"timescalecorr": 0.1259264051914215, "corr_listening": 0.005324296187609434, "corr_reading": -0.00193839892745018, "p_listening": 0.281, "p_reading": 0.532, "barbin": 0, "rgb": "#000000", "zyx": [10, 24, 45]}