{"timescalecorr": 0.26551350951194763, "corr_listening": 0.11914769560098648, "corr_reading": 0.1297135055065155, "p_listening": 0.023, "p_reading": 0.013, "barbin": 1, "rgb": "#000000", "zyx": [11, 78, 51]}