{"timescalecorr": 0.0, "corr_listening": 0.007921948097646236, "corr_reading": -0.07633772492408752, "p_listening": 0.406, "p_reading": 0.897, "barbin": 0, "rgb": "#000000", "zyx": [8, 62, 80]}