{"timescalecorr": 0.0002382354869041592, "corr_listening": -0.00689878361299634, "corr_reading": 0.11255606263875961, "p_listening": 0.921, "p_reading": 0.025, "barbin": 0, "rgb": "#000000", "zyx": [6, 62, 22]}