{"timescalecorr": 0.07274023443460464, "corr_listening": -0.006628853268921375, "corr_reading": 0.03574476018548012, "p_listening": 0.583, "p_reading": 0.193, "barbin": 0, "rgb": "#000000", "zyx": [14, 66, 71]}