{"timescalecorr": 0.9697589874267578, "corr_listening": 0.2638821601867676, "corr_reading": 0.1293107271194458, "p_listening": 0.0, "p_reading": 0.014, "barbin": 2, "rgb": "#000000", "zyx": [19, 43, 71]}