{"timescalecorr": 0.7286438345909119, "corr_listening": -0.0018221312202513218, "corr_reading": -0.0034681062679737806, "p_listening": 0.503, "p_reading": 0.711, "barbin": 0, "rgb": "#000000", "zyx": [19, 57, 57]}