{"timescalecorr": 7.833665222278796e-06, "corr_listening": 0.012623840942978859, "corr_reading": 0.07254543900489807, "p_listening": 0.403, "p_reading": 0.11, "barbin": 0, "rgb": "#000000", "zyx": [26, 48, 51]}