{"timescalecorr": 0.0003659133508335799, "corr_listening": 0.11565465480089188, "corr_reading": 0.0026993753854185343, "p_listening": 0.0, "p_reading": 0.326, "barbin": 0, "rgb": "#000000", "zyx": [1, 83, 58]}