{"timescalecorr": 0.0010973925236612558, "corr_listening": 0.03019339218735695, "corr_reading": 0.05350649729371071, "p_listening": 0.299, "p_reading": 0.177, "barbin": 0, "rgb": "#000000", "zyx": [19, 65, 65]}