{"timescalecorr": 0.7955166697502136, "corr_listening": -0.008495686575770378, "corr_reading": -0.008634837344288826, "p_listening": 0.598, "p_reading": 0.56, "barbin": 0, "rgb": "#000000", "zyx": [7, 76, 29]}