{"timescalecorr": 6.451120716807979e-17, "corr_listening": -0.03546222299337387, "corr_reading": -0.1342284083366394, "p_listening": 0.74, "p_reading": 0.986, "barbin": 0, "rgb": "#000000", "zyx": [18, 44, 58]}