{"timescalecorr": 0.06257020682096481, "corr_listening": 0.03583821654319763, "corr_reading": 0.24757957458496094, "p_listening": 0.211, "p_reading": 0.0, "barbin": 1, "rgb": "#000000", "zyx": [8, 44, 75]}