{"timescalecorr": 0.0003825033491011709, "corr_listening": -0.057875920087099075, "corr_reading": 0.025935450568795204, "p_listening": 0.899, "p_reading": 0.329, "barbin": 0, "rgb": "#000000", "zyx": [9, 60, 38]}