{"timescalecorr": 0.5789014101028442, "corr_listening": -0.0008655181154608727, "corr_reading": 0.004172398708760738, "p_listening": 0.516, "p_reading": 0.301, "barbin": 0, "rgb": "#000000", "zyx": [18, 50, 45]}