{"timescalecorr": 0.0012954710982739925, "corr_listening": -0.0266650952398777, "corr_reading": 0.005448569543659687, "p_listening": 0.684, "p_reading": 0.42, "barbin": 0, "rgb": "#000000", "zyx": [19, 65, 46]}