{"timescalecorr": 0.01211202796548605, "corr_listening": 0.05122269690036774, "corr_reading": 0.013594064861536026, "p_listening": 0.195, "p_reading": 0.422, "barbin": 0, "rgb": "#000000", "zyx": [13, 57, 54]}