{"timescalecorr": 1.5811328921699896e-06, "corr_listening": -0.042243022471666336, "corr_reading": -0.024370718747377396, "p_listening": 0.777, "p_reading": 0.71, "barbin": 0, "rgb": "#000000", "zyx": [3, 50, 29]}