{"timescalecorr": 0.0054641528986394405, "corr_listening": 0.13997617363929749, "corr_reading": 0.03265829384326935, "p_listening": 0.006, "p_reading": 0.303, "barbin": 0, "rgb": "#000000", "zyx": [14, 67, 71]}