{"timescalecorr": 0.05032636225223541, "corr_listening": -0.02086971327662468, "corr_reading": 0.0009094515116885304, "p_listening": 0.645, "p_reading": 0.478, "barbin": 0, "rgb": "#000000", "zyx": [2, 88, 56]}