{"timescalecorr": 0.014942646026611328, "corr_listening": -0.051632944494485855, "corr_reading": 0.09996688365936279, "p_listening": 0.815, "p_reading": 0.04, "barbin": 0, "rgb": "#000000", "zyx": [20, 70, 56]}