{"timescalecorr": 4.042895795919321e-08, "corr_listening": -0.04856329411268234, "corr_reading": 0.05444098263978958, "p_listening": 0.789, "p_reading": 0.157, "barbin": 0, "rgb": "#000000", "zyx": [7, 46, 43]}