{"timescalecorr": 0.008959581144154072, "corr_listening": -0.003429388627409935, "corr_reading": -0.06757368892431259, "p_listening": 0.551, "p_reading": 0.943, "barbin": 0, "rgb": "#000000", "zyx": [15, 57, 55]}