{"timescalecorr": 0.1206655204296112, "corr_listening": 0.06450510025024414, "corr_reading": 0.09932529926300049, "p_listening": 0.134, "p_reading": 0.045, "barbin": 0, "rgb": "#000000", "zyx": [24, 57, 36]}