{"timescalecorr": 0.00026661393349058926, "corr_listening": -0.11461089551448822, "corr_reading": -0.02562335878610611, "p_listening": 0.981, "p_reading": 0.662, "barbin": 0, "rgb": "#000000", "zyx": [3, 50, 64]}