{"timescalecorr": 0.9076519012451172, "corr_listening": 0.20299723744392395, "corr_reading": 0.18404635787010193, "p_listening": 0.0, "p_reading": 0.0, "barbin": 2, "rgb": "#000000", "zyx": [10, 55, 27]}