{"timescalecorr": 0.9293152689933777, "corr_listening": 0.1493368297815323, "corr_reading": -0.019896125420928, "p_listening": 0.008, "p_reading": 0.619, "barbin": 0, "rgb": "#000000", "zyx": [14, 76, 68]}