{"timescalecorr": 0.9999751448631287, "corr_listening": -0.05755402520298958, "corr_reading": 0.03840533271431923, "p_listening": 0.993, "p_reading": 0.252, "barbin": 0, "rgb": "#000000", "zyx": [18, 29, 33]}