{"timescalecorr": 0.020210448652505875, "corr_listening": 0.058011557906866074, "corr_reading": -0.026011807844042778, "p_listening": 0.169, "p_reading": 0.678, "barbin": 0, "rgb": "#000000", "zyx": [15, 30, 29]}