{"timescalecorr": 0.2027864307165146, "corr_listening": 0.2209816575050354, "corr_reading": 0.06625839322805405, "p_listening": 0.001, "p_reading": 0.042, "barbin": 1, "rgb": "#000000", "zyx": [6, 44, 47]}