{"timescalecorr": 0.022563781589269638, "corr_listening": 0.3028683364391327, "corr_reading": 0.19195109605789185, "p_listening": 0.0, "p_reading": 0.0, "barbin": 3, "rgb": "#000000", "zyx": [14, 68, 78]}