{"timescalecorr": 0.050445541739463806, "corr_listening": 0.11556369066238403, "corr_reading": -0.016584452241659164, "p_listening": 0.02, "p_reading": 0.613, "barbin": 0, "rgb": "#000000", "zyx": [18, 32, 61]}