{"timescalecorr": 0.13403010368347168, "corr_listening": 0.00045014952775090933, "corr_reading": -0.1418202966451645, "p_listening": 0.139, "p_reading": 0.984, "barbin": 0, "rgb": "#000000", "zyx": [21, 50, 39]}