{"timescalecorr": 0.00021143374033272266, "corr_listening": -0.03889570012688637, "corr_reading": 0.0032020844519138336, "p_listening": 0.799, "p_reading": 0.481, "barbin": 0, "rgb": "#000000", "zyx": [11, 81, 76]}