{"timescalecorr": 0.2522846758365631, "corr_listening": 0.13195373117923737, "corr_reading": 0.017605794593691826, "p_listening": 0.007, "p_reading": 0.381, "barbin": 0, "rgb": "#000000", "zyx": [14, 38, 64]}