{"timescalecorr": 0.00018427848408464342, "corr_listening": 0.00418261531740427, "corr_reading": -0.02562899887561798, "p_listening": 0.16, "p_reading": 0.681, "barbin": 0, "rgb": "#000000", "zyx": [9, 50, 60]}