{"timescalecorr": 2.2114143405360664e-08, "corr_listening": 0.04863770306110382, "corr_reading": -0.018771160393953323, "p_listening": 0.184, "p_reading": 0.641, "barbin": 0, "rgb": "#000000", "zyx": [14, 51, 42]}