{"timescalecorr": 0.4608830511569977, "corr_listening": -0.0731310099363327, "corr_reading": 0.0063024298287928104, "p_listening": 0.93, "p_reading": 0.38, "barbin": 0, "rgb": "#000000", "zyx": [10, 55, 38]}