{"timescalecorr": 0.7293590903282166, "corr_listening": 0.274933397769928, "corr_reading": 0.34228962659835815, "p_listening": 0.0, "p_reading": 0.0, "barbin": 4, "rgb": "#000000", "zyx": [13, 72, 77]}