{"timescalecorr": 0.007010912988334894, "corr_listening": -0.0632786676287651, "corr_reading": 0.013921963050961494, "p_listening": 0.886, "p_reading": 0.363, "barbin": 0, "rgb": "#000000", "zyx": [3, 80, 36]}