{"timescalecorr": 0.0001232363429153338, "corr_listening": 0.00012258064816705883, "corr_reading": -0.05504589527845383, "p_listening": 0.487, "p_reading": 0.824, "barbin": 0, "rgb": "#000000", "zyx": [18, 51, 27]}