{"timescalecorr": 0.47250616550445557, "corr_listening": -0.01692553237080574, "corr_reading": -0.07996389269828796, "p_listening": 0.679, "p_reading": 0.95, "barbin": 0, "rgb": "#000000", "zyx": [1, 46, 65]}