{"timescalecorr": 0.942231297492981, "corr_listening": 0.170218825340271, "corr_reading": 0.2246304601430893, "p_listening": 0.0, "p_reading": 0.0, "barbin": 2, "rgb": "#000000", "zyx": [20, 53, 34]}