{"timescalecorr": 3.2607599109724106e-07, "corr_listening": 0.040468763560056686, "corr_reading": 0.062316980212926865, "p_listening": 0.204, "p_reading": 0.124, "barbin": 0, "rgb": "#000000", "zyx": [22, 53, 31]}