{"timescalecorr": 0.00023509186576120555, "corr_listening": -0.07999569177627563, "corr_reading": 0.1284072995185852, "p_listening": 0.918, "p_reading": 0.005, "barbin": 0, "rgb": "#000000", "zyx": [3, 57, 71]}