{"timescalecorr": 0.022621553391218185, "corr_listening": 0.0377843864262104, "corr_reading": 0.07432033121585846, "p_listening": 0.271, "p_reading": 0.111, "barbin": 0, "rgb": "#000000", "zyx": [5, 76, 58]}