{"timescalecorr": 6.858757561900575e-09, "corr_listening": 0.1262054443359375, "corr_reading": -0.001267354004085064, "p_listening": 0.001, "p_reading": 0.525, "barbin": 0, "rgb": "#000000", "zyx": [24, 65, 40]}