{"timescalecorr": NaN, "corr_listening": -0.18244151771068573, "corr_reading": 0.03626774251461029, "p_listening": 0.999, "p_reading": 0.29, "barbin": 0, "rgb": "#000000", "zyx": [26, 57, 66]}