{"timescalecorr": 4.245056492908656e-16, "corr_listening": -0.014005984179675579, "corr_reading": 0.04470348730683327, "p_listening": 0.776, "p_reading": 0.205, "barbin": 0, "rgb": "#000000", "zyx": [6, 60, 34]}