{"timescalecorr": 0.0, "corr_listening": -0.020121516659855843, "corr_reading": -0.01962551288306713, "p_listening": 0.657, "p_reading": 0.661, "barbin": 0, "rgb": "#000000", "zyx": [12, 38, 61]}