{"timescalecorr": 0.9907554984092712, "corr_listening": 0.0042143333703279495, "corr_reading": -0.04180466756224632, "p_listening": 0.018, "p_reading": 0.93, "barbin": 0, "rgb": "#000000", "zyx": [5, 84, 46]}