{"timescalecorr": 0.0069639054127037525, "corr_listening": 0.016105880960822105, "corr_reading": 0.011607762426137924, "p_listening": 0.392, "p_reading": 0.431, "barbin": 0, "rgb": "#000000", "zyx": [18, 20, 45]}