{"timescalecorr": 0.9941411018371582, "corr_listening": -0.05090487003326416, "corr_reading": 0.04288439080119133, "p_listening": 0.823, "p_reading": 0.222, "barbin": 0, "rgb": "#000000", "zyx": [10, 40, 42]}