{"timescalecorr": 0.0, "corr_listening": -0.02903623878955841, "corr_reading": -0.0918964296579361, "p_listening": 0.676, "p_reading": 0.939, "barbin": 0, "rgb": "#000000", "zyx": [9, 50, 80]}