{"timescalecorr": 0.5220456123352051, "corr_listening": 0.2870030999183655, "corr_reading": 0.01756470464169979, "p_listening": 0.0, "p_reading": 0.374, "barbin": 2, "rgb": "#000000", "zyx": [7, 47, 26]}