{"timescalecorr": 0.11604936420917511, "corr_listening": -0.021856768056750298, "corr_reading": -0.0011344095692038536, "p_listening": 0.931, "p_reading": 0.677, "barbin": 0, "rgb": "#000000", "zyx": [26, 41, 45]}