{"timescalecorr": 1.2068940122844651e-06, "corr_listening": -0.0038242079317569733, "corr_reading": -0.014817103743553162, "p_listening": 0.512, "p_reading": 0.612, "barbin": 0, "rgb": "#000000", "zyx": [16, 63, 48]}