{"timescalecorr": 1.7684202248346992e-05, "corr_listening": -0.07748445123434067, "corr_reading": 0.11807984113693237, "p_listening": 0.916, "p_reading": 0.016, "barbin": 0, "rgb": "#000000", "zyx": [13, 66, 25]}