{"timescalecorr": 2.619452432739422e-09, "corr_listening": 0.014808735810220242, "corr_reading": 0.08499456197023392, "p_listening": 0.04, "p_reading": 0.09, "barbin": 0, "rgb": "#000000", "zyx": [15, 26, 41]}