{"timescalecorr": 0.9716587662696838, "corr_listening": 0.06562480330467224, "corr_reading": 0.14802025258541107, "p_listening": 0.0, "p_reading": 0.007, "barbin": 1, "rgb": "#000000", "zyx": [8, 64, 78]}