{"timescalecorr": 0.77426677942276, "corr_listening": 0.12273579835891724, "corr_reading": 0.100092314183712, "p_listening": 0.009, "p_reading": 0.048, "barbin": 1, "rgb": "#000000", "zyx": [25, 40, 55]}