{"timescalecorr": 0.0030233683064579964, "corr_listening": -0.02861012890934944, "corr_reading": -0.1507805436849594, "p_listening": 0.695, "p_reading": 0.997, "barbin": 0, "rgb": "#000000", "zyx": [15, 78, 47]}