{"timescalecorr": 0.29421746730804443, "corr_listening": -0.00598473334684968, "corr_reading": 0.035657066851854324, "p_listening": 1.0, "p_reading": 0.206, "barbin": 0, "rgb": "#000000", "zyx": [17, 27, 60]}