{"timescalecorr": 1.2130982213420793e-05, "corr_listening": -0.0033269149716943502, "corr_reading": 0.0021872944198548794, "p_listening": 0.667, "p_reading": 0.304, "barbin": 0, "rgb": "#000000", "zyx": [23, 54, 33]}