{"timescalecorr": NaN, "corr_listening": -0.10355313867330551, "corr_reading": 0.010776410810649395, "p_listening": 0.992, "p_reading": 0.406, "barbin": 0, "rgb": "#000000", "zyx": [0, 79, 37]}