{"timescalecorr": 2.8911605113535188e-05, "corr_listening": 0.0612286739051342, "corr_reading": 0.004919139668345451, "p_listening": 0.077, "p_reading": 0.13, "barbin": 0, "rgb": "#000000", "zyx": [18, 36, 30]}