{"timescalecorr": 0.08584355562925339, "corr_listening": 0.07011338323354721, "corr_reading": 0.1164797693490982, "p_listening": 0.05, "p_reading": 0.03, "barbin": 0, "rgb": "#000000", "zyx": [17, 28, 39]}