{"timescalecorr": 0.00033633006387390196, "corr_listening": -0.007880426943302155, "corr_reading": -0.006319162901490927, "p_listening": 0.524, "p_reading": 0.529, "barbin": 0, "rgb": "#000000", "zyx": [18, 79, 41]}