{"timescalecorr": 1.4471223039436154e-05, "corr_listening": 0.044988181442022324, "corr_reading": 0.17647016048431396, "p_listening": 0.234, "p_reading": 0.003, "barbin": 1, "rgb": "#000000", "zyx": [13, 74, 66]}