{"timescalecorr": 0.0022157421335577965, "corr_listening": -0.07308957725763321, "corr_reading": 0.09916163235902786, "p_listening": 0.892, "p_reading": 0.041, "barbin": 0, "rgb": "#000000", "zyx": [7, 56, 48]}