{"timescalecorr": 0.7545297741889954, "corr_listening": 0.05254238098859787, "corr_reading": 0.14664804935455322, "p_listening": 0.184, "p_reading": 0.005, "barbin": 0, "rgb": "#000000", "zyx": [18, 44, 34]}