{"timescalecorr": 0.16819627583026886, "corr_listening": 0.002725403755903244, "corr_reading": 0.06346942484378815, "p_listening": 0.47, "p_reading": 0.164, "barbin": 0, "rgb": "#000000", "zyx": [19, 50, 36]}