{"timescalecorr": 0.3548775315284729, "corr_listening": 0.04929891601204872, "corr_reading": -0.09535438567399979, "p_listening": 0.171, "p_reading": 0.947, "barbin": 0, "rgb": "#000000", "zyx": [11, 53, 75]}