{"timescalecorr": 0.04572576656937599, "corr_listening": -0.012085395865142345, "corr_reading": -0.07882014662027359, "p_listening": 0.697, "p_reading": 0.908, "barbin": 0, "rgb": "#000000", "zyx": [22, 36, 66]}