{"timescalecorr": 0.80953049659729, "corr_listening": 0.490436851978302, "corr_reading": 0.45602911710739136, "p_listening": 0.0, "p_reading": 0.0, "barbin": 4, "rgb": "#000000", "zyx": [11, 73, 31]}