{"timescalecorr": 0.8616660237312317, "corr_listening": 0.13782204687595367, "corr_reading": 0.24111074209213257, "p_listening": 0.01, "p_reading": 0.0, "barbin": 2, "rgb": "#000000", "zyx": [22, 48, 42]}