{"timescalecorr": 0.28546246886253357, "corr_listening": 0.058001209050416946, "corr_reading": 0.2990255057811737, "p_listening": 0.154, "p_reading": 0.0, "barbin": 2, "rgb": "#000000", "zyx": [18, 26, 48]}