{"timescalecorr": 0.04601198434829712, "corr_listening": 0.12409185618162155, "corr_reading": -0.015524802729487419, "p_listening": 0.015, "p_reading": 0.621, "barbin": 0, "rgb": "#000000", "zyx": [12, 31, 29]}