{"timescalecorr": 0.0017065750434994698, "corr_listening": -0.005139130633324385, "corr_reading": 0.07360692322254181, "p_listening": 0.71, "p_reading": 0.082, "barbin": 0, "rgb": "#000000", "zyx": [26, 40, 45]}