{"timescalecorr": 0.001577334594912827, "corr_listening": -0.05794798210263252, "corr_reading": -0.04743465781211853, "p_listening": 0.847, "p_reading": 0.782, "barbin": 0, "rgb": "#000000", "zyx": [24, 78, 42]}