{"timescalecorr": 0.7012657523155212, "corr_listening": 0.029471417888998985, "corr_reading": 0.05545249581336975, "p_listening": 0.313, "p_reading": 0.15, "barbin": 0, "rgb": "#000000", "zyx": [9, 41, 70]}