{"timescalecorr": 0.7954328656196594, "corr_listening": -0.050588831305503845, "corr_reading": 0.10149359703063965, "p_listening": 0.814, "p_reading": 0.031, "barbin": 0, "rgb": "#000000", "zyx": [20, 33, 37]}