{"timescalecorr": 2.514109382900642e-07, "corr_listening": -0.00917033851146698, "corr_reading": 0.017997153103351593, "p_listening": 0.559, "p_reading": 0.337, "barbin": 0, "rgb": "#000000", "zyx": [20, 47, 72]}