{"timescalecorr": 0.03223136439919472, "corr_listening": 0.2895367741584778, "corr_reading": 0.027799293398857117, "p_listening": 0.0, "p_reading": 0.306, "barbin": 2, "rgb": "#000000", "zyx": [17, 30, 48]}