{"timescalecorr": 0.8927313089370728, "corr_listening": 0.28297707438468933, "corr_reading": 0.3080578148365021, "p_listening": 0.0, "p_reading": 0.0, "barbin": 4, "rgb": "#000000", "zyx": [13, 49, 30]}