{"timescalecorr": 4.458281346094578e-13, "corr_listening": 0.015974456444382668, "corr_reading": 0.04395501688122749, "p_listening": 0.399, "p_reading": 0.162, "barbin": 0, "rgb": "#000000", "zyx": [12, 81, 37]}