{"timescalecorr": 0.007459426298737526, "corr_listening": 0.00474893394857645, "corr_reading": 0.15194594860076904, "p_listening": 0.42, "p_reading": 0.0, "barbin": 0, "rgb": "#000000", "zyx": [7, 72, 37]}