{"timescalecorr": 2.6326046281610616e-05, "corr_listening": 0.02242022380232811, "corr_reading": -0.08904864639043808, "p_listening": 0.244, "p_reading": 0.946, "barbin": 0, "rgb": "#000000", "zyx": [20, 36, 67]}