{"timescalecorr": 0.0018924226751551032, "corr_listening": 0.029700540006160736, "corr_reading": -0.07463357597589493, "p_listening": 0.25, "p_reading": 0.914, "barbin": 0, "rgb": "#000000", "zyx": [4, 72, 38]}