{"timescalecorr": 0.030164428055286407, "corr_listening": 0.009751586243510246, "corr_reading": 0.05187014862895012, "p_listening": 0.374, "p_reading": 0.177, "barbin": 0, "rgb": "#000000", "zyx": [9, 49, 55]}