{"timescalecorr": 4.060592254973017e-05, "corr_listening": -0.0030111484229564667, "corr_reading": 0.06491651386022568, "p_listening": 0.501, "p_reading": 0.027, "barbin": 0, "rgb": "#000000", "zyx": [17, 54, 40]}