{"timescalecorr": 0.00044534989865496755, "corr_listening": 0.027452299371361732, "corr_reading": -0.008329419419169426, "p_listening": 0.335, "p_reading": 0.548, "barbin": 0, "rgb": "#000000", "zyx": [11, 82, 33]}