{"timescalecorr": 0.2536359429359436, "corr_listening": 0.005572127178311348, "corr_reading": 0.07875584810972214, "p_listening": 0.446, "p_reading": 0.039, "barbin": 0, "rgb": "#000000", "zyx": [15, 74, 38]}