{"timescalecorr": 0.005931282881647348, "corr_listening": 0.1135285422205925, "corr_reading": 0.021637532860040665, "p_listening": 0.024, "p_reading": 0.343, "barbin": 0, "rgb": "#000000", "zyx": [21, 43, 72]}