{"timescalecorr": 0.11909284442663193, "corr_listening": 0.25653961300849915, "corr_reading": 0.1807287484407425, "p_listening": 0.0, "p_reading": 0.002, "barbin": 3, "rgb": "#000000", "zyx": [12, 76, 30]}