{"timescalecorr": 0.18961340188980103, "corr_listening": -0.05729835107922554, "corr_reading": 0.004606662783771753, "p_listening": 0.812, "p_reading": 0.457, "barbin": 0, "rgb": "#000000", "zyx": [9, 74, 64]}