{"timescalecorr": 0.9916229844093323, "corr_listening": 0.13179221749305725, "corr_reading": 0.111894391477108, "p_listening": 0.017, "p_reading": 0.03, "barbin": 1, "rgb": "#000000", "zyx": [24, 51, 41]}