{"timescalecorr": 0.32147204875946045, "corr_listening": -0.01900376006960869, "corr_reading": -0.14155066013336182, "p_listening": 0.63, "p_reading": 0.991, "barbin": 0, "rgb": "#000000", "zyx": [20, 82, 49]}