{"timescalecorr": 0.0, "corr_listening": 0.0018268595449626446, "corr_reading": -0.070822574198246, "p_listening": 0.455, "p_reading": 0.947, "barbin": 0, "rgb": "#000000", "zyx": [12, 57, 82]}