{"timescalecorr": 0.0007052273140288889, "corr_listening": -0.03647107258439064, "corr_reading": 0.004161577671766281, "p_listening": 0.737, "p_reading": 0.488, "barbin": 0, "rgb": "#000000", "zyx": [9, 58, 55]}