{"timescalecorr": 4.2264906369382516e-05, "corr_listening": 0.004535693675279617, "corr_reading": 0.027640393003821373, "p_listening": 0.438, "p_reading": 0.285, "barbin": 0, "rgb": "#000000", "zyx": [9, 70, 38]}