{"timescalecorr": 0.11562468856573105, "corr_listening": 0.05704626441001892, "corr_reading": -0.05568815767765045, "p_listening": 0.182, "p_reading": 0.822, "barbin": 0, "rgb": "#000000", "zyx": [6, 53, 70]}