{"timescalecorr": 0.027090029790997505, "corr_listening": 0.02113748900592327, "corr_reading": 0.0035353805869817734, "p_listening": 0.365, "p_reading": 0.338, "barbin": 0, "rgb": "#000000", "zyx": [10, 36, 55]}