{"timescalecorr": 0.9922564029693604, "corr_listening": -0.020922360941767693, "corr_reading": -0.021025802940130234, "p_listening": 0.661, "p_reading": 0.651, "barbin": 0, "rgb": "#000000", "zyx": [7, 76, 58]}