{"timescalecorr": 0.20268374681472778, "corr_listening": -0.008839436806738377, "corr_reading": 0.14658120274543762, "p_listening": 0.561, "p_reading": 0.004, "barbin": 0, "rgb": "#000000", "zyx": [21, 28, 64]}