{"timescalecorr": 0.0, "corr_listening": -0.02186136320233345, "corr_reading": -0.0612286739051342, "p_listening": 0.664, "p_reading": 0.869, "barbin": 0, "rgb": "#000000", "zyx": [10, 33, 65]}