{"timescalecorr": 0.0, "corr_listening": -0.013791564851999283, "corr_reading": -0.05678243190050125, "p_listening": 0.649, "p_reading": 0.858, "barbin": 0, "rgb": "#000000", "zyx": [10, 67, 22]}