{"timescalecorr": 0.28166499733924866, "corr_listening": 0.0955667793750763, "corr_reading": 0.12216836959123611, "p_listening": 0.05, "p_reading": 0.008, "barbin": 1, "rgb": "#000000", "zyx": [23, 54, 64]}