{"timescalecorr": 0.9999679327011108, "corr_listening": -0.015707094222307205, "corr_reading": -0.009731811471283436, "p_listening": 0.608, "p_reading": 0.553, "barbin": 0, "rgb": "#000000", "zyx": [24, 65, 62]}