{"timescalecorr": 1.298474489885848e-05, "corr_listening": -0.033976756036281586, "corr_reading": 0.0587879978120327, "p_listening": 0.751, "p_reading": 0.17, "barbin": 0, "rgb": "#000000", "zyx": [4, 62, 59]}