{"timescalecorr": 0.9473392367362976, "corr_listening": 0.07164774090051651, "corr_reading": 0.2774370610713959, "p_listening": 0.132, "p_reading": 0.0, "barbin": 2, "rgb": "#000000", "zyx": [5, 71, 29]}