{"timescalecorr": 0.5723225474357605, "corr_listening": 0.04693415015935898, "corr_reading": -0.011149893514811993, "p_listening": 0.04, "p_reading": 0.712, "barbin": 0, "rgb": "#000000", "zyx": [23, 65, 48]}