{"timescalecorr": NaN, "corr_listening": -0.1250171661376953, "corr_reading": -0.020444955676794052, "p_listening": 0.991, "p_reading": 0.646, "barbin": 0, "rgb": "#000000", "zyx": [9, 41, 54]}