{"timescalecorr": 8.127709349992074e-08, "corr_listening": 0.07613592594861984, "corr_reading": -0.044522468000650406, "p_listening": 0.05, "p_reading": 0.807, "barbin": 0, "rgb": "#000000", "zyx": [5, 78, 58]}