{"timescalecorr": 0.34936004877090454, "corr_listening": -0.053354907780885696, "corr_reading": 0.08992941677570343, "p_listening": 0.818, "p_reading": 0.047, "barbin": 0, "rgb": "#000000", "zyx": [17, 74, 36]}