{"timescalecorr": 0.29319217801094055, "corr_listening": 0.1125391349196434, "corr_reading": 0.09992007911205292, "p_listening": 0.032, "p_reading": 0.041, "barbin": 1, "rgb": "#000000", "zyx": [14, 30, 28]}