{"timescalecorr": 0.28712716698646545, "corr_listening": 0.08739906549453735, "corr_reading": 0.23895908892154694, "p_listening": 0.044, "p_reading": 0.0, "barbin": 2, "rgb": "#000000", "zyx": [19, 35, 48]}