{"timescalecorr": 0.0, "corr_listening": -0.0019164214609190822, "corr_reading": -0.09213238209486008, "p_listening": 0.518, "p_reading": 0.985, "barbin": 0, "rgb": "#000000", "zyx": [16, 69, 71]}