{"timescalecorr": 5.756582766025531e-09, "corr_listening": 0.005045514088124037, "corr_reading": 0.08335910737514496, "p_listening": 0.477, "p_reading": 0.074, "barbin": 0, "rgb": "#000000", "zyx": [21, 38, 61]}