{"timescalecorr": 0.0001624247815925628, "corr_listening": -0.06884538382291794, "corr_reading": 0.1880248486995697, "p_listening": 0.909, "p_reading": 0.0, "barbin": 0, "rgb": "#000000", "zyx": [24, 54, 43]}