{"timescalecorr": 0.08542808890342712, "corr_listening": 0.09463135898113251, "corr_reading": -0.014298614114522934, "p_listening": 0.025, "p_reading": 0.649, "barbin": 0, "rgb": "#000000", "zyx": [19, 60, 70]}