{"timescalecorr": 2.937619020108341e-14, "corr_listening": 0.03318323940038681, "corr_reading": -0.03671582043170929, "p_listening": 0.263, "p_reading": 0.739, "barbin": 0, "rgb": "#000000", "zyx": [15, 69, 68]}