{"timescalecorr": 0.0, "corr_listening": -0.016412388533353806, "corr_reading": -0.03793279454112053, "p_listening": 0.661, "p_reading": 0.821, "barbin": 0, "rgb": "#000000", "zyx": [14, 70, 60]}