{"timescalecorr": 0.2859160006046295, "corr_listening": 0.005628031212836504, "corr_reading": 0.004079886246472597, "p_listening": 0.299, "p_reading": 0.149, "barbin": 0, "rgb": "#000000", "zyx": [23, 79, 59]}