{"timescalecorr": 0.052177004516124725, "corr_listening": -0.0725269690155983, "corr_reading": -0.01855952851474285, "p_listening": 0.884, "p_reading": 0.678, "barbin": 0, "rgb": "#000000", "zyx": [11, 64, 47]}