{"timescalecorr": 0.0011062320554628968, "corr_listening": 0.04809042811393738, "corr_reading": 0.06574772298336029, "p_listening": 0.191, "p_reading": 0.117, "barbin": 0, "rgb": "#000000", "zyx": [17, 74, 29]}