{"timescalecorr": 5.012443216401152e-05, "corr_listening": 0.002465987578034401, "corr_reading": 0.05195173993706703, "p_listening": 0.451, "p_reading": 0.177, "barbin": 0, "rgb": "#000000", "zyx": [10, 63, 66]}