{"timescalecorr": 0.0, "corr_listening": -0.03382967412471771, "corr_reading": -0.026573454961180687, "p_listening": 0.741, "p_reading": 0.715, "barbin": 0, "rgb": "#000000", "zyx": [22, 71, 38]}