{"timescalecorr": 0.14214642345905304, "corr_listening": 0.11213651299476624, "corr_reading": -0.023242929950356483, "p_listening": 0.003, "p_reading": 0.666, "barbin": 0, "rgb": "#000000", "zyx": [23, 34, 46]}