{"timescalecorr": 2.7692067305906676e-07, "corr_listening": -0.04768318310379982, "corr_reading": 0.0047386265359818935, "p_listening": 0.789, "p_reading": 0.447, "barbin": 0, "rgb": "#000000", "zyx": [16, 55, 66]}