{"timescalecorr": 0.00037526400410570204, "corr_listening": 0.02547638490796089, "corr_reading": -0.06726822257041931, "p_listening": 0.25, "p_reading": 0.903, "barbin": 0, "rgb": "#000000", "zyx": [20, 56, 76]}