{"timescalecorr": 0.9426805973052979, "corr_listening": 0.19881665706634521, "corr_reading": -0.05776684731245041, "p_listening": 0.0, "p_reading": 0.848, "barbin": 0, "rgb": "#000000", "zyx": [21, 25, 52]}