{"timescalecorr": 0.027472255751490593, "corr_listening": -0.10703390091657639, "corr_reading": 0.052754662930965424, "p_listening": 0.972, "p_reading": 0.106, "barbin": 0, "rgb": "#000000", "zyx": [12, 79, 62]}