{"timescalecorr": 2.0850618319721756e-27, "corr_listening": -0.061940282583236694, "corr_reading": -0.018379632383584976, "p_listening": 0.865, "p_reading": 0.669, "barbin": 0, "rgb": "#000000", "zyx": [6, 81, 60]}