{"timescalecorr": 4.938110214425251e-05, "corr_listening": 0.0048925369046628475, "corr_reading": 0.03840816020965576, "p_listening": 0.472, "p_reading": 0.245, "barbin": 0, "rgb": "#000000", "zyx": [13, 48, 33]}