{"timescalecorr": 0.0, "corr_listening": 0.02401708997786045, "corr_reading": 0.0028973943553864956, "p_listening": 0.235, "p_reading": 0.47, "barbin": 0, "rgb": "#000000", "zyx": [14, 20, 47]}