{"timescalecorr": 0.0, "corr_listening": -0.025651386007666588, "corr_reading": -0.058143261820077896, "p_listening": 0.668, "p_reading": 0.855, "barbin": 0, "rgb": "#000000", "zyx": [7, 24, 46]}