{"timescalecorr": 0.01881267875432968, "corr_listening": 0.15881027281284332, "corr_reading": 0.05373109504580498, "p_listening": 0.001, "p_reading": 0.043, "barbin": 1, "rgb": "#000000", "zyx": [12, 82, 33]}