{"timescalecorr": 0.20459632575511932, "corr_listening": 0.022900575771927834, "corr_reading": 0.04001719132065773, "p_listening": 0.268, "p_reading": 0.001, "barbin": 0, "rgb": "#000000", "zyx": [4, 78, 72]}