{"timescalecorr": 0.0014465311542153358, "corr_listening": 0.14811454713344574, "corr_reading": -0.01278833206743002, "p_listening": 0.007, "p_reading": 0.604, "barbin": 0, "rgb": "#000000", "zyx": [4, 67, 27]}