{"timescalecorr": 8.80555762705626e-06, "corr_listening": 0.006693551782518625, "corr_reading": 0.013879546895623207, "p_listening": 0.453, "p_reading": 0.407, "barbin": 0, "rgb": "#000000", "zyx": [12, 80, 40]}