{"timescalecorr": 7.394490921797114e-07, "corr_listening": 0.06300094723701477, "corr_reading": -0.039010677486658096, "p_listening": 0.141, "p_reading": 0.892, "barbin": 0, "rgb": "#000000", "zyx": [11, 44, 64]}