{"timescalecorr": 0.020542358979582787, "corr_listening": 0.038136351853609085, "corr_reading": 0.03907153382897377, "p_listening": 0.171, "p_reading": 0.23, "barbin": 0, "rgb": "#000000", "zyx": [10, 34, 68]}