{"timescalecorr": 0.4357658326625824, "corr_listening": -0.00176203902810812, "corr_reading": -0.036945536732673645, "p_listening": 0.524, "p_reading": 0.717, "barbin": 0, "rgb": "#000000", "zyx": [15, 61, 52]}