{"timescalecorr": 1.1300132740643676e-07, "corr_listening": 0.0024679452180862427, "corr_reading": -0.023671861737966537, "p_listening": 0.485, "p_reading": 0.649, "barbin": 0, "rgb": "#000000", "zyx": [2, 43, 36]}