{"timescalecorr": 0.03629423677921295, "corr_listening": 0.12454994022846222, "corr_reading": 0.009004715830087662, "p_listening": 0.011, "p_reading": 0.435, "barbin": 0, "rgb": "#000000", "zyx": [13, 88, 59]}