{"timescalecorr": 0.020080558955669403, "corr_listening": 0.052018407732248306, "corr_reading": -0.04775107279419899, "p_listening": 0.182, "p_reading": 0.824, "barbin": 0, "rgb": "#000000", "zyx": [10, 65, 62]}