{"timescalecorr": 0.8349021077156067, "corr_listening": 0.0037443453911691904, "corr_reading": 0.14918647706508636, "p_listening": 0.455, "p_reading": 0.003, "barbin": 0, "rgb": "#000000", "zyx": [23, 67, 60]}