{"timescalecorr": 0.013674971647560596, "corr_listening": -0.10053141415119171, "corr_reading": 0.013993902131915092, "p_listening": 0.955, "p_reading": 0.361, "barbin": 0, "rgb": "#000000", "zyx": [9, 36, 49]}