{"timescalecorr": 0.04283294826745987, "corr_listening": 0.08964704722166061, "corr_reading": 0.10497520864009857, "p_listening": 0.028, "p_reading": 0.041, "barbin": 0, "rgb": "#000000", "zyx": [15, 24, 47]}