{"timescalecorr": 0.0005888099549338222, "corr_listening": 0.01239033043384552, "corr_reading": -0.017340969294309616, "p_listening": 0.433, "p_reading": 0.651, "barbin": 0, "rgb": "#000000", "zyx": [2, 37, 35]}