{"timescalecorr": 0.8731292486190796, "corr_listening": 0.09244831651449203, "corr_reading": 0.005509627051651478, "p_listening": 0.056, "p_reading": 0.296, "barbin": 0, "rgb": "#000000", "zyx": [6, 56, 29]}