{"timescalecorr": 0.0077159772627055645, "corr_listening": 0.011025529354810715, "corr_reading": 0.07923999428749084, "p_listening": 0.419, "p_reading": 0.099, "barbin": 0, "rgb": "#000000", "zyx": [5, 54, 79]}