{"timescalecorr": 0.7842991352081299, "corr_listening": 0.1534576416015625, "corr_reading": 0.16881819069385529, "p_listening": 0.006, "p_reading": 0.002, "barbin": 2, "rgb": "#000000", "zyx": [21, 43, 62]}