{"timescalecorr": 0.3235899806022644, "corr_listening": 0.15804561972618103, "corr_reading": 0.1230306625366211, "p_listening": 0.004, "p_reading": 0.023, "barbin": 1, "rgb": "#000000", "zyx": [23, 35, 49]}