{"timescalecorr": 0.02569073811173439, "corr_listening": 0.02080179750919342, "corr_reading": -0.09724873304367065, "p_listening": 0.361, "p_reading": 0.943, "barbin": 0, "rgb": "#000000", "zyx": [23, 51, 47]}