{"timescalecorr": 0.145931676030159, "corr_listening": -0.023140938952565193, "corr_reading": 0.004421090707182884, "p_listening": 0.627, "p_reading": 0.153, "barbin": 0, "rgb": "#000000", "zyx": [15, 90, 61]}