{"timescalecorr": 0.0, "corr_listening": 0.010734343901276588, "corr_reading": -0.06953419744968414, "p_listening": 0.449, "p_reading": 0.911, "barbin": 0, "rgb": "#000000", "zyx": [17, 49, 43]}