{"timescalecorr": 1.1829964705611928e-06, "corr_listening": 0.14087629318237305, "corr_reading": 0.0223796796053648, "p_listening": 0.012, "p_reading": 0.348, "barbin": 0, "rgb": "#000000", "zyx": [22, 83, 64]}