{"timescalecorr": 0.044954538345336914, "corr_listening": 0.011523221619427204, "corr_reading": 0.09790994226932526, "p_listening": 0.396, "p_reading": 0.043, "barbin": 0, "rgb": "#000000", "zyx": [11, 30, 32]}