{"timescalecorr": 0.005371291656047106, "corr_listening": -0.014232228510081768, "corr_reading": -0.011221067048609257, "p_listening": 0.551, "p_reading": 0.618, "barbin": 0, "rgb": "#000000", "zyx": [24, 69, 40]}