{"timescalecorr": 0.8330743908882141, "corr_listening": 0.24848440289497375, "corr_reading": 0.06130605190992355, "p_listening": 0.0, "p_reading": 0.134, "barbin": 2, "rgb": "#000000", "zyx": [20, 35, 40]}