{"timescalecorr": 1.4194476534612477e-05, "corr_listening": 0.017447752878069878, "corr_reading": -0.05729834735393524, "p_listening": 0.341, "p_reading": 0.864, "barbin": 0, "rgb": "#000000", "zyx": [2, 82, 37]}