{"timescalecorr": 0.26958465576171875, "corr_listening": -0.17256322503089905, "corr_reading": 0.07483956217765808, "p_listening": 0.999, "p_reading": 0.105, "barbin": 0, "rgb": "#000000", "zyx": [13, 61, 26]}