{"timescalecorr": 0.3498930037021637, "corr_listening": 0.04559067264199257, "corr_reading": 0.20204085111618042, "p_listening": 0.199, "p_reading": 0.0, "barbin": 1, "rgb": "#000000", "zyx": [4, 69, 31]}