{"timescalecorr": 0.042850393801927567, "corr_listening": 0.020762888714671135, "corr_reading": 0.005749651230871677, "p_listening": 0.283, "p_reading": 0.393, "barbin": 0, "rgb": "#000000", "zyx": [2, 83, 64]}