{"timescalecorr": 0.7122417688369751, "corr_listening": 0.19258590042591095, "corr_reading": 0.17150872945785522, "p_listening": 0.001, "p_reading": 0.004, "barbin": 2, "rgb": "#000000", "zyx": [18, 31, 40]}