{"timescalecorr": 0.27433836460113525, "corr_listening": 0.15822964906692505, "corr_reading": 0.0344044454395771, "p_listening": 0.002, "p_reading": 0.307, "barbin": 0, "rgb": "#000000", "zyx": [9, 42, 33]}