{"timescalecorr": 0.0008487860905006528, "corr_listening": 0.057834871113300323, "corr_reading": 0.007323282305151224, "p_listening": 0.17, "p_reading": 0.43, "barbin": 0, "rgb": "#000000", "zyx": [13, 78, 44]}