{"timescalecorr": 0.0, "corr_listening": -0.01151197962462902, "corr_reading": 0.017909955233335495, "p_listening": 0.788, "p_reading": 0.376, "barbin": 0, "rgb": "#000000", "zyx": [14, 67, 43]}