{"timescalecorr": 0.8583740592002869, "corr_listening": 0.0001575260830577463, "corr_reading": 0.07287018746137619, "p_listening": 0.344, "p_reading": 0.026, "barbin": 0, "rgb": "#000000", "zyx": [2, 90, 66]}