{"timescalecorr": 0.2198535054922104, "corr_listening": 0.09380195289850235, "corr_reading": 0.09154605120420456, "p_listening": 0.061, "p_reading": 0.054, "barbin": 0, "rgb": "#000000", "zyx": [12, 71, 37]}