{"timescalecorr": 2.252942977065686e-06, "corr_listening": 0.12678977847099304, "corr_reading": -0.06400065869092941, "p_listening": 0.015, "p_reading": 0.869, "barbin": 0, "rgb": "#000000", "zyx": [15, 51, 69]}