{"timescalecorr": 0.6871428489685059, "corr_listening": 0.014763480983674526, "corr_reading": -0.07658273726701736, "p_listening": 0.396, "p_reading": 0.961, "barbin": 0, "rgb": "#000000", "zyx": [7, 77, 45]}