{"timescalecorr": 0.371357798576355, "corr_listening": 0.01964082196354866, "corr_reading": 0.01688379980623722, "p_listening": 0.204, "p_reading": 0.28, "barbin": 0, "rgb": "#000000", "zyx": [22, 65, 57]}