{"timescalecorr": 0.965520977973938, "corr_listening": -0.118070088326931, "corr_reading": 0.005666499957442284, "p_listening": 0.984, "p_reading": 0.442, "barbin": 0, "rgb": "#000000", "zyx": [9, 24, 50]}