{"timescalecorr": 0.27146828174591064, "corr_listening": 0.07639250159263611, "corr_reading": -0.003909481223672628, "p_listening": 0.12, "p_reading": 0.709, "barbin": 0, "rgb": "#000000", "zyx": [16, 75, 58]}