{"timescalecorr": 0.0, "corr_listening": 0.05728001147508621, "corr_reading": -0.011054527945816517, "p_listening": 0.16, "p_reading": 0.727, "barbin": 0, "rgb": "#000000", "zyx": [24, 75, 64]}