{"timescalecorr": 1.9309421986690722e-05, "corr_listening": -0.052003711462020874, "corr_reading": 0.06714373826980591, "p_listening": 0.803, "p_reading": 0.084, "barbin": 0, "rgb": "#000000", "zyx": [22, 70, 43]}