{"timescalecorr": 0.0009076022543013096, "corr_listening": -0.002733682282269001, "corr_reading": 0.059174783527851105, "p_listening": 0.541, "p_reading": 0.144, "barbin": 0, "rgb": "#000000", "zyx": [19, 44, 44]}