{"timescalecorr": 0.6245325207710266, "corr_listening": 0.15751242637634277, "corr_reading": 0.31110328435897827, "p_listening": 0.0, "p_reading": 0.0, "barbin": 3, "rgb": "#000000", "zyx": [15, 43, 71]}