{"timescalecorr": 0.18184587359428406, "corr_listening": -0.044552773237228394, "corr_reading": 0.12210588157176971, "p_listening": 0.868, "p_reading": 0.016, "barbin": 0, "rgb": "#000000", "zyx": [16, 38, 47]}