{"timescalecorr": 0.6861212253570557, "corr_listening": 0.030694985762238503, "corr_reading": 0.06951646506786346, "p_listening": 0.195, "p_reading": 0.135, "barbin": 0, "rgb": "#000000", "zyx": [18, 22, 44]}