{"timescalecorr": 1.1867682303545735e-07, "corr_listening": 0.06269876658916473, "corr_reading": -0.018319930881261826, "p_listening": 0.139, "p_reading": 0.618, "barbin": 0, "rgb": "#000000", "zyx": [4, 70, 45]}