{"timescalecorr": 0.0003597845498006791, "corr_listening": -0.0014457933139055967, "corr_reading": -0.06975093483924866, "p_listening": 0.915, "p_reading": 1.0, "barbin": 0, "rgb": "#000000", "zyx": [19, 44, 27]}