{"timescalecorr": 0.0, "corr_listening": -0.0840168222784996, "corr_reading": -0.011372138746082783, "p_listening": 0.929, "p_reading": 0.592, "barbin": 0, "rgb": "#000000", "zyx": [5, 43, 46]}