{"timescalecorr": 0.16440637409687042, "corr_listening": 0.023689905181527138, "corr_reading": 0.056806936860084534, "p_listening": 0.332, "p_reading": 0.121, "barbin": 0, "rgb": "#000000", "zyx": [21, 71, 58]}