{"timescalecorr": 0.5553659200668335, "corr_listening": 0.09275012463331223, "corr_reading": -0.01689731888473034, "p_listening": 0.036, "p_reading": 0.708, "barbin": 0, "rgb": "#000000", "zyx": [17, 49, 52]}