{"timescalecorr": 9.13308872974028e-10, "corr_listening": 0.141592875123024, "corr_reading": 0.04594629257917404, "p_listening": 0.003, "p_reading": 0.214, "barbin": 0, "rgb": "#000000", "zyx": [13, 85, 50]}