{"timescalecorr": 0.9663649201393127, "corr_listening": 0.13201533257961273, "corr_reading": 0.06250577419996262, "p_listening": 0.011, "p_reading": 0.124, "barbin": 0, "rgb": "#000000", "zyx": [1, 69, 76]}