{"timescalecorr": 0.7944605350494385, "corr_listening": 0.0037929045502096415, "corr_reading": 0.039688434451818466, "p_listening": 0.481, "p_reading": 0.254, "barbin": 0, "rgb": "#000000", "zyx": [20, 38, 68]}