{"timescalecorr": 0.025171423330903053, "corr_listening": -0.009399348869919777, "corr_reading": -0.07676597684621811, "p_listening": 0.554, "p_reading": 0.924, "barbin": 0, "rgb": "#000000", "zyx": [13, 81, 47]}