{"timescalecorr": 6.070901160254438e-13, "corr_listening": -0.003459087572991848, "corr_reading": 0.03204971179366112, "p_listening": 0.533, "p_reading": 0.161, "barbin": 0, "rgb": "#000000", "zyx": [15, 47, 33]}