{"timescalecorr": 0.0003768625028897077, "corr_listening": 0.09472651779651642, "corr_reading": -0.07536651194095612, "p_listening": 0.055, "p_reading": 0.904, "barbin": 0, "rgb": "#000000", "zyx": [9, 25, 49]}