{"timescalecorr": NaN, "corr_listening": -0.001606713980436325, "corr_reading": 0.11384394019842148, "p_listening": 0.522, "p_reading": 0.026, "barbin": 0, "rgb": "#000000", "zyx": [21, 28, 39]}