{"timescalecorr": 3.234207542845979e-05, "corr_listening": 0.01814233511686325, "corr_reading": 0.07784508913755417, "p_listening": 0.411, "p_reading": 0.103, "barbin": 0, "rgb": "#000000", "zyx": [13, 46, 77]}