{"timescalecorr": 0.0008058372768573463, "corr_listening": 0.2798081040382385, "corr_reading": -0.008968964219093323, "p_listening": 0.0, "p_reading": 0.58, "barbin": 1, "rgb": "#000000", "zyx": [11, 77, 75]}