{"timescalecorr": 0.525140106678009, "corr_listening": -0.04571160674095154, "corr_reading": 0.18227627873420715, "p_listening": 0.84, "p_reading": 0.001, "barbin": 0, "rgb": "#000000", "zyx": [10, 68, 77]}