{"timescalecorr": 0.7645643949508667, "corr_listening": -0.01012034248560667, "corr_reading": -0.16347447037696838, "p_listening": 0.855, "p_reading": 0.997, "barbin": 0, "rgb": "#000000", "zyx": [7, 83, 59]}