{"timescalecorr": 0.0065751285292208195, "corr_listening": 0.005792261101305485, "corr_reading": 0.05428120866417885, "p_listening": 0.456, "p_reading": 0.171, "barbin": 0, "rgb": "#000000", "zyx": [8, 55, 67]}