{"timescalecorr": 0.09522479772567749, "corr_listening": 0.017601368948817253, "corr_reading": 0.09799809753894806, "p_listening": 0.274, "p_reading": 0.0, "barbin": 0, "rgb": "#000000", "zyx": [6, 91, 44]}