{"timescalecorr": 0.0, "corr_listening": -0.008857745677232742, "corr_reading": -0.14166629314422607, "p_listening": 0.598, "p_reading": 0.985, "barbin": 0, "rgb": "#000000", "zyx": [25, 46, 37]}