{"timescalecorr": 2.241206135608631e-12, "corr_listening": 0.1176123321056366, "corr_reading": -0.1814899742603302, "p_listening": 0.024, "p_reading": 1.0, "barbin": 0, "rgb": "#000000", "zyx": [21, 50, 52]}