{"timescalecorr": 5.62774914669717e-07, "corr_listening": -3.6890774936182424e-05, "corr_reading": -0.04442679509520531, "p_listening": 0.537, "p_reading": 0.76, "barbin": 0, "rgb": "#000000", "zyx": [3, 62, 41]}