{"timescalecorr": 0.9943925738334656, "corr_listening": 0.138173446059227, "corr_reading": 0.192514106631279, "p_listening": 0.011, "p_reading": 0.003, "barbin": 2, "rgb": "#000000", "zyx": [14, 73, 33]}