{"timescalecorr": 0.007305856328457594, "corr_listening": 0.21968874335289001, "corr_reading": -0.0077804084867239, "p_listening": 0.0, "p_reading": 0.598, "barbin": 1, "rgb": "#000000", "zyx": [20, 66, 63]}