{"timescalecorr": 0.07376974076032639, "corr_listening": -0.013964110054075718, "corr_reading": 0.09839918464422226, "p_listening": 0.584, "p_reading": 0.047, "barbin": 0, "rgb": "#000000", "zyx": [20, 55, 30]}