{"timescalecorr": 0.1797955185174942, "corr_listening": 0.05581909790635109, "corr_reading": -0.007497211918234825, "p_listening": 0.164, "p_reading": 0.577, "barbin": 0, "rgb": "#000000", "zyx": [11, 82, 61]}