{"timescalecorr": 4.444337537362481e-17, "corr_listening": -0.015481321141123772, "corr_reading": -0.11792347580194473, "p_listening": 0.613, "p_reading": 0.995, "barbin": 0, "rgb": "#000000", "zyx": [7, 83, 50]}