{"timescalecorr": 0.0, "corr_listening": 0.0715230256319046, "corr_reading": 0.021127672865986824, "p_listening": 0.081, "p_reading": 0.31, "barbin": 0, "rgb": "#000000", "zyx": [20, 65, 59]}