{"timescalecorr": 0.00012359436368569732, "corr_listening": 0.007361818570643663, "corr_reading": 0.03916545212268829, "p_listening": 0.46, "p_reading": 0.001, "barbin": 0, "rgb": "#000000", "zyx": [22, 67, 41]}