{"timescalecorr": 0.4245338439941406, "corr_listening": 0.06759869307279587, "corr_reading": 0.016669202595949173, "p_listening": 0.127, "p_reading": 0.33, "barbin": 0, "rgb": "#000000", "zyx": [5, 73, 71]}