{"timescalecorr": 0.0, "corr_listening": 0.06607474386692047, "corr_reading": -0.05472087115049362, "p_listening": 0.127, "p_reading": 0.85, "barbin": 0, "rgb": "#000000", "zyx": [18, 47, 63]}