{"timescalecorr": 0.17721334099769592, "corr_listening": 0.1595151722431183, "corr_reading": 0.16242732107639313, "p_listening": 0.003, "p_reading": 0.001, "barbin": 2, "rgb": "#000000", "zyx": [20, 32, 57]}