{"timescalecorr": 1.3061191295453845e-14, "corr_listening": 0.021303733810782433, "corr_reading": 0.07586322724819183, "p_listening": 0.366, "p_reading": 0.086, "barbin": 0, "rgb": "#000000", "zyx": [21, 78, 68]}