{"timescalecorr": 0.6098124980926514, "corr_listening": 0.003184165572747588, "corr_reading": 0.0426982156932354, "p_listening": 0.357, "p_reading": 0.18, "barbin": 0, "rgb": "#000000", "zyx": [15, 59, 52]}