{"timescalecorr": 0.3833773732185364, "corr_listening": 0.008518972434103489, "corr_reading": -0.09222373366355896, "p_listening": 0.434, "p_reading": 0.939, "barbin": 0, "rgb": "#000000", "zyx": [5, 59, 30]}