{"timescalecorr": 0.21713334321975708, "corr_listening": -0.0270265843719244, "corr_reading": -0.002684345468878746, "p_listening": 0.754, "p_reading": 0.504, "barbin": 0, "rgb": "#000000", "zyx": [7, 84, 38]}