{"timescalecorr": 0.5946694016456604, "corr_listening": 0.008643620647490025, "corr_reading": 0.0006276324274949729, "p_listening": 0.333, "p_reading": 0.499, "barbin": 0, "rgb": "#000000", "zyx": [4, 46, 33]}