{"timescalecorr": 0.39230668544769287, "corr_listening": 0.31515467166900635, "corr_reading": 0.18177086114883423, "p_listening": 0.0, "p_reading": 0.0, "barbin": 3, "rgb": "#000000", "zyx": [20, 32, 61]}