{"timescalecorr": 0.030298857018351555, "corr_listening": 0.025921914726495743, "corr_reading": 0.01980792172253132, "p_listening": 0.052, "p_reading": 0.366, "barbin": 0, "rgb": "#000000", "zyx": [7, 50, 46]}