{"timescalecorr": 0.10250162333250046, "corr_listening": 0.012733329087495804, "corr_reading": 0.003066257108002901, "p_listening": 0.374, "p_reading": 0.501, "barbin": 0, "rgb": "#000000", "zyx": [7, 86, 68]}