{"timescalecorr": 0.28538623452186584, "corr_listening": 0.0408322848379612, "corr_reading": 0.01076226681470871, "p_listening": 0.064, "p_reading": 0.435, "barbin": 0, "rgb": "#000000", "zyx": [8, 33, 69]}