{"timescalecorr": 0.0, "corr_listening": 0.046538952738046646, "corr_reading": -0.006432193797081709, "p_listening": 0.098, "p_reading": 0.671, "barbin": 0, "rgb": "#000000", "zyx": [4, 45, 26]}