{"timescalecorr": 0.024977417662739754, "corr_listening": 0.029621858149766922, "corr_reading": 0.013487500138580799, "p_listening": 0.273, "p_reading": 0.432, "barbin": 0, "rgb": "#000000", "zyx": [9, 88, 71]}