{"timescalecorr": 0.2682466208934784, "corr_listening": -0.020611746236681938, "corr_reading": -0.041678015142679214, "p_listening": 0.637, "p_reading": 0.919, "barbin": 0, "rgb": "#000000", "zyx": [10, 32, 44]}