{"timescalecorr": 0.0007934158784337342, "corr_listening": 0.031358107924461365, "corr_reading": -0.16739608347415924, "p_listening": 0.301, "p_reading": 0.999, "barbin": 0, "rgb": "#000000", "zyx": [26, 44, 45]}