{"timescalecorr": 0.003909756429493427, "corr_listening": 0.024692952632904053, "corr_reading": -0.0021464258898049593, "p_listening": 0.157, "p_reading": 0.699, "barbin": 0, "rgb": "#000000", "zyx": [16, 49, 63]}