{"timescalecorr": 0.21246160566806793, "corr_listening": 0.29819679260253906, "corr_reading": 0.03173151612281799, "p_listening": 0.0, "p_reading": 0.307, "barbin": 2, "rgb": "#000000", "zyx": [19, 75, 35]}