{"timescalecorr": 0.7962268590927124, "corr_listening": 0.09583074599504471, "corr_reading": 0.008324047550559044, "p_listening": 0.055, "p_reading": 0.431, "barbin": 0, "rgb": "#000000", "zyx": [4, 74, 46]}