{"timescalecorr": 0.292510062456131, "corr_listening": 0.15541568398475647, "corr_reading": 0.11684007197618484, "p_listening": 0.003, "p_reading": 0.0, "barbin": 1, "rgb": "#000000", "zyx": [7, 81, 32]}