{"timescalecorr": 0.18314553797245026, "corr_listening": 0.08057698607444763, "corr_reading": 0.11571919918060303, "p_listening": 0.096, "p_reading": 0.018, "barbin": 0, "rgb": "#000000", "zyx": [19, 53, 50]}