{"timescalecorr": 0.9796305894851685, "corr_listening": -0.01354934275150299, "corr_reading": 0.08037669956684113, "p_listening": 0.594, "p_reading": 0.072, "barbin": 0, "rgb": "#000000", "zyx": [9, 52, 54]}