{"timescalecorr": 0.0005419538356363773, "corr_listening": -0.02142360992729664, "corr_reading": 0.008896445855498314, "p_listening": 0.651, "p_reading": 0.346, "barbin": 0, "rgb": "#000000", "zyx": [3, 91, 65]}