{"timescalecorr": 4.8860671086004004e-05, "corr_listening": 0.11031090468168259, "corr_reading": -0.08521262556314468, "p_listening": 0.046, "p_reading": 0.91, "barbin": 0, "rgb": "#000000", "zyx": [20, 75, 49]}