{"timescalecorr": 0.00010051397839561105, "corr_listening": -0.001922214636579156, "corr_reading": -0.02478680945932865, "p_listening": 0.542, "p_reading": 0.816, "barbin": 0, "rgb": "#000000", "zyx": [3, 50, 66]}