{"timescalecorr": 0.0, "corr_listening": -0.08648098260164261, "corr_reading": -0.004991766065359116, "p_listening": 0.92, "p_reading": 0.761, "barbin": 0, "rgb": "#000000", "zyx": [18, 58, 49]}