{"timescalecorr": 0.21091672778129578, "corr_listening": 0.01842985488474369, "corr_reading": -0.0005357988411560655, "p_listening": 0.365, "p_reading": 0.54, "barbin": 0, "rgb": "#000000", "zyx": [8, 88, 42]}