{"timescalecorr": 0.9219494462013245, "corr_listening": 0.018569964915513992, "corr_reading": 0.09458249062299728, "p_listening": 0.36, "p_reading": 0.061, "barbin": 0, "rgb": "#000000", "zyx": [15, 21, 51]}