{"timescalecorr": 0.0002926330198533833, "corr_listening": -0.13853517174720764, "corr_reading": -0.0028140435460954905, "p_listening": 0.991, "p_reading": 0.517, "barbin": 0, "rgb": "#000000", "zyx": [6, 59, 60]}