{"timescalecorr": 0.5875330567359924, "corr_listening": 0.06018044054508209, "corr_reading": 0.05593062937259674, "p_listening": 0.037, "p_reading": 0.019, "barbin": 0, "rgb": "#000000", "zyx": [6, 82, 53]}