{"timescalecorr": 0.029356420040130615, "corr_listening": 0.026154203340411186, "corr_reading": 0.05040686950087547, "p_listening": 0.33, "p_reading": 0.195, "barbin": 0, "rgb": "#000000", "zyx": [17, 68, 36]}