{"timescalecorr": 0.925649106502533, "corr_listening": 0.4347745478153229, "corr_reading": 0.3817366659641266, "p_listening": 0.0, "p_reading": 0.0, "barbin": 4, "rgb": "#000000", "zyx": [12, 32, 64]}