{"timescalecorr": 0.032375186681747437, "corr_listening": 0.16214723885059357, "corr_reading": -0.021785616874694824, "p_listening": 0.001, "p_reading": 0.68, "barbin": 0, "rgb": "#000000", "zyx": [17, 42, 31]}