{"timescalecorr": 1.0746616680989973e-05, "corr_listening": 0.018872367218136787, "corr_reading": 0.04092016443610191, "p_listening": 0.335, "p_reading": 0.252, "barbin": 0, "rgb": "#000000", "zyx": [7, 70, 71]}