{"timescalecorr": 0.9878137111663818, "corr_listening": 0.1208731010556221, "corr_reading": 0.12639304995536804, "p_listening": 0.006, "p_reading": 0.007, "barbin": 1, "rgb": "#000000", "zyx": [6, 47, 28]}