{"timescalecorr": 0.9937068819999695, "corr_listening": 0.25233355164527893, "corr_reading": 0.16084663569927216, "p_listening": 0.0, "p_reading": 0.006, "barbin": 3, "rgb": "#000000", "zyx": [6, 68, 75]}