{"timescalecorr": 0.5166957974433899, "corr_listening": 0.062268976122140884, "corr_reading": -0.004655445925891399, "p_listening": 0.159, "p_reading": 0.538, "barbin": 0, "rgb": "#000000", "zyx": [14, 73, 70]}