{"timescalecorr": 0.8185749053955078, "corr_listening": 0.07784751057624817, "corr_reading": -0.03152288496494293, "p_listening": 0.088, "p_reading": 0.751, "barbin": 0, "rgb": "#000000", "zyx": [8, 88, 35]}