{"timescalecorr": 0.00018056239059660584, "corr_listening": -0.05545445531606674, "corr_reading": -0.09661146253347397, "p_listening": 0.855, "p_reading": 0.947, "barbin": 0, "rgb": "#000000", "zyx": [23, 38, 63]}