{"timescalecorr": 0.14734673500061035, "corr_listening": 0.11639747023582458, "corr_reading": 0.014911248348653316, "p_listening": 0.033, "p_reading": 0.397, "barbin": 0, "rgb": "#000000", "zyx": [19, 31, 66]}