{"timescalecorr": 0.10494180768728256, "corr_listening": 0.0981728732585907, "corr_reading": 0.001975276041775942, "p_listening": 0.042, "p_reading": 0.471, "barbin": 0, "rgb": "#000000", "zyx": [10, 53, 53]}