{"timescalecorr": 1.343771714346076e-06, "corr_listening": 0.017036814242601395, "corr_reading": -0.0044165500439703465, "p_listening": 0.328, "p_reading": 0.556, "barbin": 0, "rgb": "#000000", "zyx": [8, 64, 82]}