{"timescalecorr": 0.0656231939792633, "corr_listening": 0.07665164023637772, "corr_reading": -0.020648270845413208, "p_listening": 0.003, "p_reading": 0.781, "barbin": 0, "rgb": "#000000", "zyx": [18, 84, 68]}