{"timescalecorr": 0.0027778311632573605, "corr_listening": 0.18240472674369812, "corr_reading": 0.04995886981487274, "p_listening": 0.001, "p_reading": 0.216, "barbin": 1, "rgb": "#000000", "zyx": [11, 40, 72]}