{"timescalecorr": 0.0013392026303336024, "corr_listening": -0.028926562517881393, "corr_reading": -0.06917595118284225, "p_listening": 0.732, "p_reading": 0.897, "barbin": 0, "rgb": "#000000", "zyx": [3, 69, 77]}