{"timescalecorr": 0.0, "corr_listening": -0.12087075412273407, "corr_reading": 0.058834727853536606, "p_listening": 0.976, "p_reading": 0.172, "barbin": 0, "rgb": "#000000", "zyx": [7, 75, 64]}