{"timescalecorr": 0.4270971119403839, "corr_listening": 0.04999906197190285, "corr_reading": 0.020100317895412445, "p_listening": 0.214, "p_reading": 0.243, "barbin": 0, "rgb": "#000000", "zyx": [24, 72, 44]}