{"timescalecorr": 0.005229441449046135, "corr_listening": -0.037274524569511414, "corr_reading": 0.03496020659804344, "p_listening": 0.817, "p_reading": 0.27, "barbin": 0, "rgb": "#000000", "zyx": [5, 56, 27]}