{"timescalecorr": 0.003700368572026491, "corr_listening": -0.12598812580108643, "corr_reading": 0.0006399700068868697, "p_listening": 0.982, "p_reading": 0.439, "barbin": 0, "rgb": "#000000", "zyx": [18, 51, 71]}