{"timescalecorr": 0.1878553032875061, "corr_listening": -0.00723895151168108, "corr_reading": -0.037669066339731216, "p_listening": 0.667, "p_reading": 0.898, "barbin": 0, "rgb": "#000000", "zyx": [23, 50, 56]}