{"timescalecorr": 0.0001743956672726199, "corr_listening": 0.01347329281270504, "corr_reading": 0.021044021472334862, "p_listening": 0.418, "p_reading": 0.288, "barbin": 0, "rgb": "#000000", "zyx": [8, 32, 61]}