{"timescalecorr": 0.5075138807296753, "corr_listening": 0.24454949796199799, "corr_reading": 0.15634256601333618, "p_listening": 0.0, "p_reading": 0.0, "barbin": 3, "rgb": "#000000", "zyx": [18, 48, 71]}