{"timescalecorr": 0.09184648841619492, "corr_listening": 0.026500966399908066, "corr_reading": 0.10016581416130066, "p_listening": 0.176, "p_reading": 0.031, "barbin": 0, "rgb": "#000000", "zyx": [16, 74, 37]}