{"timescalecorr": 0.9108752012252808, "corr_listening": 0.1781332641839981, "corr_reading": 0.10776478797197342, "p_listening": 0.001, "p_reading": 0.027, "barbin": 1, "rgb": "#000000", "zyx": [27, 60, 56]}