{"timescalecorr": 0.0007934654131531715, "corr_listening": 0.06276297569274902, "corr_reading": 0.0038710003718733788, "p_listening": 0.147, "p_reading": 0.467, "barbin": 0, "rgb": "#000000", "zyx": [19, 64, 71]}