{"timescalecorr": 1.1975774327765976e-07, "corr_listening": -0.017953934147953987, "corr_reading": 0.002923513064160943, "p_listening": 0.987, "p_reading": 0.477, "barbin": 0, "rgb": "#000000", "zyx": [10, 66, 38]}