{"timescalecorr": 0.994573175907135, "corr_listening": 0.01576671004295349, "corr_reading": 0.0023741028271615505, "p_listening": 0.361, "p_reading": 0.243, "barbin": 0, "rgb": "#000000", "zyx": [10, 63, 60]}