{"timescalecorr": 0.44788074493408203, "corr_listening": 0.20658540725708008, "corr_reading": 0.25692203640937805, "p_listening": 0.0, "p_reading": 0.0, "barbin": 3, "rgb": "#000000", "zyx": [18, 42, 72]}