{"timescalecorr": 0.6029884219169617, "corr_listening": 0.0453639030456543, "corr_reading": 0.15763726830482483, "p_listening": 0.216, "p_reading": 0.001, "barbin": 1, "rgb": "#000000", "zyx": [14, 30, 54]}