{"timescalecorr": 0.21611563861370087, "corr_listening": 0.06033231317996979, "corr_reading": -0.07302524894475937, "p_listening": 0.165, "p_reading": 0.966, "barbin": 0, "rgb": "#000000", "zyx": [21, 32, 38]}