{"timescalecorr": 0.0002932382049039006, "corr_listening": -0.05614260584115982, "corr_reading": 0.04255428537726402, "p_listening": 0.831, "p_reading": 0.213, "barbin": 0, "rgb": "#000000", "zyx": [22, 62, 69]}