{"timescalecorr": 0.0, "corr_listening": 0.04485052078962326, "corr_reading": -0.09485819935798645, "p_listening": 0.203, "p_reading": 0.955, "barbin": 0, "rgb": "#000000", "zyx": [6, 44, 42]}