{"timescalecorr": 0.35608145594596863, "corr_listening": 0.03619648143649101, "corr_reading": 0.013583062216639519, "p_listening": 0.254, "p_reading": 0.401, "barbin": 0, "rgb": "#000000", "zyx": [10, 29, 50]}