{"timescalecorr": 0.10805509239435196, "corr_listening": 0.09234075248241425, "corr_reading": 0.17448900640010834, "p_listening": 0.053, "p_reading": 0.003, "barbin": 1, "rgb": "#000000", "zyx": [5, 63, 71]}