{"timescalecorr": 0.9572920203208923, "corr_listening": -0.014383883215487003, "corr_reading": -0.007625481113791466, "p_listening": 0.596, "p_reading": 0.562, "barbin": 0, "rgb": "#000000", "zyx": [9, 85, 52]}