{"timescalecorr": 0.27635300159454346, "corr_listening": 0.019622303545475006, "corr_reading": -0.04426996409893036, "p_listening": 0.368, "p_reading": 0.776, "barbin": 0, "rgb": "#000000", "zyx": [15, 16, 54]}