{"timescalecorr": 0.0, "corr_listening": -0.009402401745319366, "corr_reading": -0.05877910554409027, "p_listening": 0.719, "p_reading": 0.849, "barbin": 0, "rgb": "#000000", "zyx": [10, 39, 55]}