{"timescalecorr": 0.0, "corr_listening": 0.022641444578766823, "corr_reading": -0.13723644614219666, "p_listening": 0.358, "p_reading": 0.994, "barbin": 0, "rgb": "#000000", "zyx": [1, 46, 34]}