{"timescalecorr": 0.08241531997919083, "corr_listening": 0.016742799431085587, "corr_reading": 0.19112440943717957, "p_listening": 0.37, "p_reading": 0.0, "barbin": 1, "rgb": "#000000", "zyx": [11, 79, 47]}