{"timescalecorr": 0.9018115997314453, "corr_listening": 0.11271040141582489, "corr_reading": 0.014798061922192574, "p_listening": 0.018, "p_reading": 0.399, "barbin": 0, "rgb": "#000000", "zyx": [15, 28, 61]}