{"timescalecorr": 3.774140911798669e-28, "corr_listening": -0.04939031973481178, "corr_reading": -0.05490334704518318, "p_listening": 0.864, "p_reading": 0.812, "barbin": 0, "rgb": "#000000", "zyx": [21, 62, 48]}