{"timescalecorr": 0.19076184928417206, "corr_listening": -0.011551739647984505, "corr_reading": 0.03990200534462929, "p_listening": 0.575, "p_reading": 0.212, "barbin": 0, "rgb": "#000000", "zyx": [5, 63, 33]}