{"timescalecorr": 0.351426362991333, "corr_listening": 0.023553354665637016, "corr_reading": 0.07965778559446335, "p_listening": 0.358, "p_reading": 0.076, "barbin": 0, "rgb": "#000000", "zyx": [10, 56, 55]}