{"timescalecorr": 0.6122126579284668, "corr_listening": 0.3274329602718353, "corr_reading": 0.202097088098526, "p_listening": 0.0, "p_reading": 0.0, "barbin": 4, "rgb": "#000000", "zyx": [14, 74, 53]}