{"timescalecorr": 0.49274665117263794, "corr_listening": -0.049386221915483475, "corr_reading": 0.14003828167915344, "p_listening": 0.941, "p_reading": 0.004, "barbin": 0, "rgb": "#000000", "zyx": [25, 62, 51]}