{"timescalecorr": 0.005214506760239601, "corr_listening": 0.005614366382360458, "corr_reading": 0.0803404152393341, "p_listening": 0.349, "p_reading": 0.088, "barbin": 0, "rgb": "#000000", "zyx": [10, 55, 21]}