{"timescalecorr": 2.6465527298569214e-06, "corr_listening": 0.011342701502144337, "corr_reading": 0.08757666498422623, "p_listening": 0.428, "p_reading": 0.081, "barbin": 0, "rgb": "#000000", "zyx": [6, 46, 38]}