{"timescalecorr": 0.0053756218403577805, "corr_listening": -0.015495865605771542, "corr_reading": -0.011378603987395763, "p_listening": 0.661, "p_reading": 0.626, "barbin": 0, "rgb": "#000000", "zyx": [8, 18, 53]}