{"timescalecorr": 0.004139416851103306, "corr_listening": -0.05553841590881348, "corr_reading": 0.011338604614138603, "p_listening": 0.846, "p_reading": 0.069, "barbin": 0, "rgb": "#000000", "zyx": [12, 66, 28]}