{"timescalecorr": 2.3736893126624636e-06, "corr_listening": 0.04685897380113602, "corr_reading": -0.02798270247876644, "p_listening": 0.216, "p_reading": 0.689, "barbin": 0, "rgb": "#000000", "zyx": [27, 56, 61]}