{"timescalecorr": 1.9785176763600665e-21, "corr_listening": 0.10222943872213364, "corr_reading": 0.0018876696703955531, "p_listening": 0.04, "p_reading": 0.508, "barbin": 0, "rgb": "#000000", "zyx": [12, 20, 51]}