{"timescalecorr": 0.0014600084396079183, "corr_listening": 0.016116049140691757, "corr_reading": -0.04278618097305298, "p_listening": 0.253, "p_reading": 0.774, "barbin": 0, "rgb": "#000000", "zyx": [4, 95, 44]}