{"timescalecorr": 0.005766670685261488, "corr_listening": 0.11783049255609512, "corr_reading": 0.03415999189019203, "p_listening": 0.022, "p_reading": 0.07, "barbin": 0, "rgb": "#000000", "zyx": [25, 61, 52]}