{"timescalecorr": 0.011396273039281368, "corr_listening": -0.009545980021357536, "corr_reading": 0.027998633682727814, "p_listening": 0.551, "p_reading": 0.157, "barbin": 0, "rgb": "#000000", "zyx": [20, 76, 71]}