{"timescalecorr": 0.7196131348609924, "corr_listening": 0.3312467336654663, "corr_reading": 0.3317076861858368, "p_listening": 0.0, "p_reading": 0.0, "barbin": 4, "rgb": "#000000", "zyx": [10, 71, 75]}