{"timescalecorr": 0.9239209890365601, "corr_listening": 0.004059612285345793, "corr_reading": -0.0019436300499364734, "p_listening": 0.441, "p_reading": 0.534, "barbin": 0, "rgb": "#000000", "zyx": [13, 62, 32]}