{"timescalecorr": 0.6009417176246643, "corr_listening": 0.18563765287399292, "corr_reading": 0.15520571172237396, "p_listening": 0.0, "p_reading": 0.001, "barbin": 2, "rgb": "#000000", "zyx": [9, 68, 71]}