{"timescalecorr": 0.9107866883277893, "corr_listening": -0.11626330763101578, "corr_reading": -0.023081710562109947, "p_listening": 0.977, "p_reading": 0.672, "barbin": 0, "rgb": "#000000", "zyx": [21, 57, 29]}