{"timescalecorr": 0.7026241421699524, "corr_listening": 0.09406353533267975, "corr_reading": 0.13044331967830658, "p_listening": 0.038, "p_reading": 0.004, "barbin": 1, "rgb": "#000000", "zyx": [9, 58, 32]}