{"timescalecorr": 0.9926334619522095, "corr_listening": 0.09531161189079285, "corr_reading": 0.0490681454539299, "p_listening": 0.001, "p_reading": 0.101, "barbin": 0, "rgb": "#000000", "zyx": [16, 34, 74]}