{"timescalecorr": 0.14354753494262695, "corr_listening": 0.01891261711716652, "corr_reading": -0.023664265871047974, "p_listening": 0.379, "p_reading": 0.75, "barbin": 0, "rgb": "#000000", "zyx": [22, 60, 73]}