{"timescalecorr": 9.043792488228064e-07, "corr_listening": -0.0004806704819202423, "corr_reading": 0.0002390323206782341, "p_listening": 0.527, "p_reading": 0.502, "barbin": 0, "rgb": "#000000", "zyx": [9, 54, 62]}