{"timescalecorr": 0.055450405925512314, "corr_listening": 0.04658254235982895, "corr_reading": -0.010440717451274395, "p_listening": 0.206, "p_reading": 0.549, "barbin": 0, "rgb": "#000000", "zyx": [13, 22, 33]}