{"timescalecorr": 0.9977604746818542, "corr_listening": -0.031903527677059174, "corr_reading": -0.0647856593132019, "p_listening": 0.707, "p_reading": 0.924, "barbin": 0, "rgb": "#000000", "zyx": [12, 78, 55]}