{"timescalecorr": 0.0, "corr_listening": -0.059409063309431076, "corr_reading": -0.0286956075578928, "p_listening": 0.884, "p_reading": 0.718, "barbin": 0, "rgb": "#000000", "zyx": [10, 33, 73]}