{"timescalecorr": 0.00012849226186517626, "corr_listening": 0.034742966294288635, "corr_reading": -0.059515248984098434, "p_listening": 0.066, "p_reading": 0.855, "barbin": 0, "rgb": "#000000", "zyx": [19, 51, 54]}