{"timescalecorr": 0.07412836700677872, "corr_listening": 0.005268636625260115, "corr_reading": 0.007262927945703268, "p_listening": 0.469, "p_reading": 0.455, "barbin": 0, "rgb": "#000000", "zyx": [23, 45, 62]}