{"timescalecorr": 0.9948657751083374, "corr_listening": -0.004470417276024818, "corr_reading": -0.007373332045972347, "p_listening": 0.552, "p_reading": 0.528, "barbin": 0, "rgb": "#000000", "zyx": [10, 25, 48]}