{"timescalecorr": 0.9319843649864197, "corr_listening": -0.004050810821354389, "corr_reading": -0.12281767278909683, "p_listening": 0.514, "p_reading": 0.981, "barbin": 0, "rgb": "#000000", "zyx": [6, 56, 48]}