{"timescalecorr": 0.06100989133119583, "corr_listening": -0.050539664924144745, "corr_reading": 0.06353285908699036, "p_listening": 0.872, "p_reading": 0.001, "barbin": 0, "rgb": "#000000", "zyx": [1, 82, 69]}