{"timescalecorr": 0.0024430016055703163, "corr_listening": -0.03735111653804779, "corr_reading": -0.12451544404029846, "p_listening": 0.728, "p_reading": 0.986, "barbin": 0, "rgb": "#000000", "zyx": [26, 66, 41]}