{"timescalecorr": 0.5151996612548828, "corr_listening": 0.16785314679145813, "corr_reading": 0.12589848041534424, "p_listening": 0.005, "p_reading": 0.011, "barbin": 1, "rgb": "#000000", "zyx": [22, 56, 61]}