{"timescalecorr": 4.177287682427533e-10, "corr_listening": 0.006610761396586895, "corr_reading": -0.0017598953563719988, "p_listening": 0.469, "p_reading": 0.634, "barbin": 0, "rgb": "#000000", "zyx": [6, 90, 37]}