{"timescalecorr": 0.6136249899864197, "corr_listening": 0.01669979840517044, "corr_reading": -0.008826922625303268, "p_listening": 0.275, "p_reading": 0.773, "barbin": 0, "rgb": "#000000", "zyx": [16, 36, 42]}