{"timescalecorr": 0.01741030067205429, "corr_listening": 0.0621958002448082, "corr_reading": -0.2154283970594406, "p_listening": 0.145, "p_reading": 0.999, "barbin": 0, "rgb": "#000000", "zyx": [12, 31, 38]}