{"timescalecorr": 0.9102596640586853, "corr_listening": 0.09221618622541428, "corr_reading": 0.12266078591346741, "p_listening": 0.057, "p_reading": 0.012, "barbin": 1, "rgb": "#000000", "zyx": [14, 71, 59]}