{"timescalecorr": 0.0165437962859869, "corr_listening": 0.0023078315425664186, "corr_reading": 0.0020510233007371426, "p_listening": 0.012, "p_reading": 0.481, "barbin": 0, "rgb": "#000000", "zyx": [21, 79, 51]}