{"timescalecorr": 6.67467653439003e-17, "corr_listening": -0.05656585469841957, "corr_reading": 0.03175712376832962, "p_listening": 0.852, "p_reading": 0.295, "barbin": 0, "rgb": "#000000", "zyx": [6, 80, 27]}