{"timescalecorr": 0.9903331995010376, "corr_listening": 0.010406809858977795, "corr_reading": 0.009121725335717201, "p_listening": 0.436, "p_reading": 0.407, "barbin": 0, "rgb": "#000000", "zyx": [16, 78, 64]}