{"timescalecorr": 0.13075970113277435, "corr_listening": -0.019537953659892082, "corr_reading": -0.10711736977100372, "p_listening": 0.639, "p_reading": 0.973, "barbin": 0, "rgb": "#000000", "zyx": [12, 36, 60]}