{"timescalecorr": 0.0012274309992790222, "corr_listening": -0.03321744129061699, "corr_reading": 0.013951343484222889, "p_listening": 0.709, "p_reading": 0.393, "barbin": 0, "rgb": "#000000", "zyx": [6, 56, 58]}