{"timescalecorr": 0.302670419216156, "corr_listening": 0.17660140991210938, "corr_reading": 0.16740095615386963, "p_listening": 0.001, "p_reading": 0.001, "barbin": 2, "rgb": "#000000", "zyx": [23, 49, 64]}