{"timescalecorr": 0.0472518652677536, "corr_listening": 0.1354592740535736, "corr_reading": 0.002924686297774315, "p_listening": 0.002, "p_reading": 0.466, "barbin": 0, "rgb": "#000000", "zyx": [5, 52, 31]}