{"timescalecorr": 0.129237562417984, "corr_listening": 0.1321842074394226, "corr_reading": 0.002957200864329934, "p_listening": 0.011, "p_reading": 0.213, "barbin": 0, "rgb": "#000000", "zyx": [6, 52, 29]}