{"timescalecorr": 7.202963780983396e-10, "corr_listening": -0.025284184142947197, "corr_reading": -0.16257146000862122, "p_listening": 0.668, "p_reading": 0.996, "barbin": 0, "rgb": "#000000", "zyx": [16, 31, 37]}