{"timescalecorr": 0.23709747195243835, "corr_listening": 0.0923180878162384, "corr_reading": -0.024422619491815567, "p_listening": 0.059, "p_reading": 0.678, "barbin": 0, "rgb": "#000000", "zyx": [10, 79, 44]}