{"timescalecorr": 0.12684258818626404, "corr_listening": 0.09921186417341232, "corr_reading": 0.22470149397850037, "p_listening": 0.04, "p_reading": 0.0, "barbin": 2, "rgb": "#000000", "zyx": [16, 84, 67]}