{"timescalecorr": 0.0009287983411923051, "corr_listening": -0.1171264573931694, "corr_reading": -0.0032572904601693153, "p_listening": 0.975, "p_reading": 0.56, "barbin": 0, "rgb": "#000000", "zyx": [21, 61, 55]}