{"timescalecorr": 8.463188457452786e-32, "corr_listening": 0.06105027347803116, "corr_reading": -0.004340693820267916, "p_listening": 0.155, "p_reading": 0.889, "barbin": 0, "rgb": "#000000", "zyx": [25, 64, 67]}