{"timescalecorr": 0.0074954405426979065, "corr_listening": 0.0614771731197834, "corr_reading": 0.04368717223405838, "p_listening": 0.164, "p_reading": 0.139, "barbin": 0, "rgb": "#000000", "zyx": [4, 76, 49]}