{"timescalecorr": 0.03470303490757942, "corr_listening": 0.026891030371189117, "corr_reading": 0.09207023680210114, "p_listening": 0.057, "p_reading": 0.014, "barbin": 0, "rgb": "#000000", "zyx": [1, 80, 41]}