{"timescalecorr": 0.1834663301706314, "corr_listening": -0.1696213185787201, "corr_reading": 0.04841321334242821, "p_listening": 0.998, "p_reading": 0.21, "barbin": 0, "rgb": "#000000", "zyx": [23, 49, 49]}