{"timescalecorr": 0.06333977729082108, "corr_listening": -0.06933385133743286, "corr_reading": 0.018104776740074158, "p_listening": 0.903, "p_reading": 0.254, "barbin": 0, "rgb": "#000000", "zyx": [16, 29, 32]}