{"timescalecorr": 0.0048932828940451145, "corr_listening": 0.04468214884400368, "corr_reading": 0.022273970767855644, "p_listening": 0.218, "p_reading": 0.367, "barbin": 0, "rgb": "#000000", "zyx": [18, 34, 36]}