{"timescalecorr": 8.860803063726053e-06, "corr_listening": -0.00018326964345760643, "corr_reading": 0.12296509742736816, "p_listening": 0.73, "p_reading": 0.018, "barbin": 0, "rgb": "#000000", "zyx": [4, 46, 75]}