{"timescalecorr": 0.0, "corr_listening": -0.030179042369127274, "corr_reading": -0.024657776579260826, "p_listening": 0.671, "p_reading": 0.863, "barbin": 0, "rgb": "#000000", "zyx": [14, 91, 40]}