{"timescalecorr": 1.799448364181444e-05, "corr_listening": -0.04009814187884331, "corr_reading": 0.07002296298742294, "p_listening": 0.895, "p_reading": 0.103, "barbin": 0, "rgb": "#000000", "zyx": [5, 73, 39]}