{"timescalecorr": 0.000213206498301588, "corr_listening": 0.03672930970788002, "corr_reading": -0.18117867410182953, "p_listening": 0.277, "p_reading": 0.999, "barbin": 0, "rgb": "#000000", "zyx": [17, 63, 28]}