{"timescalecorr": 0.20874205231666565, "corr_listening": 0.049393124878406525, "corr_reading": -0.0030173417180776596, "p_listening": 0.201, "p_reading": 0.495, "barbin": 0, "rgb": "#000000", "zyx": [21, 64, 62]}