{"timescalecorr": 0.8180810213088989, "corr_listening": -0.009811362251639366, "corr_reading": 0.09972433745861053, "p_listening": 0.697, "p_reading": 0.005, "barbin": 0, "rgb": "#000000", "zyx": [1, 89, 45]}