{"timescalecorr": 0.04171667620539665, "corr_listening": 0.05107758939266205, "corr_reading": 0.22370591759681702, "p_listening": 0.19, "p_reading": 0.0, "barbin": 1, "rgb": "#000000", "zyx": [10, 45, 29]}