{"timescalecorr": 0.00023277838772628456, "corr_listening": -0.043367329984903336, "corr_reading": 0.017313338816165924, "p_listening": 0.824, "p_reading": 0.295, "barbin": 0, "rgb": "#000000", "zyx": [3, 89, 68]}