{"timescalecorr": 0.9991627335548401, "corr_listening": -0.04896172136068344, "corr_reading": -0.06997943669557571, "p_listening": 0.976, "p_reading": 0.873, "barbin": 0, "rgb": "#000000", "zyx": [18, 57, 64]}