{"timescalecorr": 5.756573386861419e-07, "corr_listening": 0.008337041363120079, "corr_reading": 0.06658322364091873, "p_listening": 0.277, "p_reading": 0.116, "barbin": 0, "rgb": "#000000", "zyx": [19, 59, 52]}