{"timescalecorr": 0.0, "corr_listening": -0.013816187158226967, "corr_reading": -0.05831185355782509, "p_listening": 0.763, "p_reading": 0.881, "barbin": 0, "rgb": "#000000", "zyx": [21, 65, 63]}