{"timescalecorr": 0.06016119197010994, "corr_listening": 0.15213100612163544, "corr_reading": 0.342912882566452, "p_listening": 0.004, "p_reading": 0.0, "barbin": 3, "rgb": "#000000", "zyx": [22, 47, 61]}