{"timescalecorr": 1.06541193645171e-08, "corr_listening": -0.005522470921278, "corr_reading": 0.003549993736669421, "p_listening": 0.543, "p_reading": 0.494, "barbin": 0, "rgb": "#000000", "zyx": [12, 51, 39]}