{"timescalecorr": 0.9934473633766174, "corr_listening": 0.054704464972019196, "corr_reading": 0.08672468364238739, "p_listening": 0.098, "p_reading": 0.077, "barbin": 0, "rgb": "#000000", "zyx": [19, 28, 41]}