{"timescalecorr": 0.012312401086091995, "corr_listening": 0.07200361788272858, "corr_reading": 0.06270112842321396, "p_listening": 0.005, "p_reading": 0.088, "barbin": 0, "rgb": "#000000", "zyx": [9, 50, 53]}