{"timescalecorr": 0.7845145463943481, "corr_listening": 0.000245804141741246, "corr_reading": 0.02567094936966896, "p_listening": 0.413, "p_reading": 0.22, "barbin": 0, "rgb": "#000000", "zyx": [21, 57, 36]}