{"timescalecorr": 0.0016369203804060817, "corr_listening": -0.062004879117012024, "corr_reading": 0.08797847479581833, "p_listening": 0.914, "p_reading": 0.078, "barbin": 0, "rgb": "#000000", "zyx": [10, 52, 38]}