{"timescalecorr": 0.20817464590072632, "corr_listening": 0.038542553782463074, "corr_reading": 0.05059397965669632, "p_listening": 0.022, "p_reading": 0.19, "barbin": 0, "rgb": "#000000", "zyx": [9, 69, 34]}