{"timescalecorr": 1.0809283423895977e-07, "corr_listening": -0.008886659517884254, "corr_reading": -0.016906090080738068, "p_listening": 0.562, "p_reading": 0.614, "barbin": 0, "rgb": "#000000", "zyx": [5, 44, 43]}