{"timescalecorr": 0.0, "corr_listening": 0.0037649013102054596, "corr_reading": 0.06272782385349274, "p_listening": 0.49, "p_reading": 0.136, "barbin": 0, "rgb": "#000000", "zyx": [7, 68, 37]}