{"timescalecorr": 0.8325810432434082, "corr_listening": -0.05068907141685486, "corr_reading": 0.015271991491317749, "p_listening": 0.825, "p_reading": 0.375, "barbin": 0, "rgb": "#000000", "zyx": [20, 33, 63]}