{"timescalecorr": 0.00044876858009956777, "corr_listening": -0.009402644820511341, "corr_reading": 0.05188538879156113, "p_listening": 0.565, "p_reading": 0.18, "barbin": 0, "rgb": "#000000", "zyx": [6, 49, 28]}