{"timescalecorr": 0.0, "corr_listening": -0.04239675775170326, "corr_reading": 0.07847471535205841, "p_listening": 0.788, "p_reading": 0.086, "barbin": 0, "rgb": "#000000", "zyx": [12, 31, 52]}