{"timescalecorr": 0.0, "corr_listening": 0.015547936782240868, "corr_reading": 0.057163726538419724, "p_listening": 0.358, "p_reading": 0.007, "barbin": 0, "rgb": "#000000", "zyx": [18, 56, 79]}