{"timescalecorr": 0.05012126639485359, "corr_listening": 0.002585930284112692, "corr_reading": 0.02490370161831379, "p_listening": 0.436, "p_reading": 0.318, "barbin": 0, "rgb": "#000000", "zyx": [26, 45, 42]}