{"timescalecorr": 0.995728075504303, "corr_listening": 0.0841042697429657, "corr_reading": -0.10267847031354904, "p_listening": 0.081, "p_reading": 0.974, "barbin": 0, "rgb": "#000000", "zyx": [27, 58, 44]}