{"timescalecorr": 0.6624618172645569, "corr_listening": 0.24781499803066254, "corr_reading": 0.04968886822462082, "p_listening": 0.0, "p_reading": 0.167, "barbin": 1, "rgb": "#000000", "zyx": [11, 82, 73]}