{"timescalecorr": 1.4452697927325175e-09, "corr_listening": 0.004851086065173149, "corr_reading": -0.0540761724114418, "p_listening": 0.263, "p_reading": 0.989, "barbin": 0, "rgb": "#000000", "zyx": [16, 47, 78]}