{"timescalecorr": 0.768881618976593, "corr_listening": 0.013997688889503479, "corr_reading": -0.049449626356363297, "p_listening": 0.042, "p_reading": 0.949, "barbin": 0, "rgb": "#000000", "zyx": [18, 58, 75]}