{"timescalecorr": 0.4264550805091858, "corr_listening": 0.08784481137990952, "corr_reading": -0.04236806929111481, "p_listening": 0.053, "p_reading": 0.861, "barbin": 0, "rgb": "#000000", "zyx": [15, 61, 73]}