{"timescalecorr": 3.909895440301625e-06, "corr_listening": -0.0070504555478692055, "corr_reading": 0.030726734548807144, "p_listening": 0.657, "p_reading": 0.328, "barbin": 0, "rgb": "#000000", "zyx": [11, 36, 73]}