{"timescalecorr": 0.015611231327056885, "corr_listening": -0.07714229822158813, "corr_reading": 0.05812671780586243, "p_listening": 0.943, "p_reading": 0.166, "barbin": 0, "rgb": "#000000", "zyx": [10, 84, 49]}