{"timescalecorr": 0.0010416697477921844, "corr_listening": 0.0034980380441993475, "corr_reading": 0.019440656527876854, "p_listening": 0.484, "p_reading": 0.297, "barbin": 0, "rgb": "#000000", "zyx": [6, 33, 53]}