{"timescalecorr": NaN, "corr_listening": -0.038986798375844955, "corr_reading": 0.0033243324141949415, "p_listening": 0.94, "p_reading": 0.452, "barbin": 0, "rgb": "#000000", "zyx": [4, 37, 70]}