{"timescalecorr": NaN, "corr_listening": 0.0006338368984870613, "corr_reading": -0.15127508342266083, "p_listening": 0.497, "p_reading": 0.998, "barbin": 0, "rgb": "#000000", "zyx": [2, 52, 30]}