{"timescalecorr": 0.0, "corr_listening": -0.011612126603722572, "corr_reading": -0.04777965322136879, "p_listening": 0.573, "p_reading": 0.794, "barbin": 0, "rgb": "#000000", "zyx": [13, 29, 29]}