{"timescalecorr": 0.9773352146148682, "corr_listening": 0.12047681212425232, "corr_reading": 0.036273714154958725, "p_listening": 0.016, "p_reading": 0.271, "barbin": 0, "rgb": "#000000", "zyx": [16, 61, 38]}