{"timescalecorr": 0.008628196083009243, "corr_listening": 0.019040970131754875, "corr_reading": 0.022054627537727356, "p_listening": 0.28, "p_reading": 0.091, "barbin": 0, "rgb": "#000000", "zyx": [11, 81, 42]}