{"timescalecorr": 4.947687051726213e-11, "corr_listening": -0.00576012535020709, "corr_reading": -0.058135662227869034, "p_listening": 0.644, "p_reading": 0.826, "barbin": 0, "rgb": "#000000", "zyx": [13, 77, 43]}