{"timescalecorr": 0.592120885848999, "corr_listening": 0.09801109880208969, "corr_reading": 0.048475004732608795, "p_listening": 0.044, "p_reading": 0.197, "barbin": 0, "rgb": "#000000", "zyx": [13, 87, 67]}