{"timescalecorr": 0.006377463229000568, "corr_listening": 0.04768062010407448, "corr_reading": -0.00438749510794878, "p_listening": 0.229, "p_reading": 0.543, "barbin": 0, "rgb": "#000000", "zyx": [2, 51, 30]}