{"timescalecorr": 4.6826105972286314e-05, "corr_listening": 0.10657631605863571, "corr_reading": -0.025596292689442635, "p_listening": 0.041, "p_reading": 0.661, "barbin": 0, "rgb": "#000000", "zyx": [26, 63, 43]}