{"timescalecorr": 0.9906114935874939, "corr_listening": 0.1413843184709549, "corr_reading": 0.0517878420650959, "p_listening": 0.008, "p_reading": 0.184, "barbin": 0, "rgb": "#000000", "zyx": [3, 74, 76]}