{"timescalecorr": 0.0, "corr_listening": 0.01458073128014803, "corr_reading": -0.04022949934005737, "p_listening": 0.362, "p_reading": 0.766, "barbin": 0, "rgb": "#000000", "zyx": [22, 52, 56]}