{"timescalecorr": 0.9838440418243408, "corr_listening": -0.02367294766008854, "corr_reading": 0.01758105866611004, "p_listening": 0.975, "p_reading": 0.325, "barbin": 0, "rgb": "#000000", "zyx": [21, 84, 55]}