{"timescalecorr": 0.10986313968896866, "corr_listening": 0.09370392560958862, "corr_reading": 0.33753693103790283, "p_listening": 0.044, "p_reading": 0.0, "barbin": 3, "rgb": "#000000", "zyx": [21, 47, 60]}