{"timescalecorr": 0.3060084581375122, "corr_listening": -0.015757646411657333, "corr_reading": -0.005773503333330154, "p_listening": 0.602, "p_reading": 0.549, "barbin": 0, "rgb": "#000000", "zyx": [19, 51, 65]}