{"timescalecorr": 1.8920962247648276e-05, "corr_listening": -0.1763928234577179, "corr_reading": -0.03941439092159271, "p_listening": 1.0, "p_reading": 0.808, "barbin": 0, "rgb": "#000000", "zyx": [7, 61, 71]}