{"timescalecorr": 0.03992507606744766, "corr_listening": 0.023581309244036674, "corr_reading": -0.06828579306602478, "p_listening": 0.367, "p_reading": 0.911, "barbin": 0, "rgb": "#000000", "zyx": [4, 59, 64]}