{"timescalecorr": 0.0006602060166187584, "corr_listening": -0.03528809919953346, "corr_reading": -0.05043745040893555, "p_listening": 0.722, "p_reading": 0.809, "barbin": 0, "rgb": "#000000", "zyx": [20, 79, 66]}