{"timescalecorr": 0.5689842700958252, "corr_listening": 0.034299690276384354, "corr_reading": 0.0718136876821518, "p_listening": 0.29, "p_reading": 0.122, "barbin": 0, "rgb": "#000000", "zyx": [4, 54, 29]}