{"timescalecorr": 5.4497381825058255e-06, "corr_listening": 0.1377045214176178, "corr_reading": 0.09859767556190491, "p_listening": 0.006, "p_reading": 0.043, "barbin": 1, "rgb": "#000000", "zyx": [3, 69, 43]}