{"timescalecorr": 0.2544766962528229, "corr_listening": 0.03081425465643406, "corr_reading": 0.008938698098063469, "p_listening": 0.342, "p_reading": 0.425, "barbin": 0, "rgb": "#000000", "zyx": [4, 52, 31]}