{"timescalecorr": 0.9620761871337891, "corr_listening": -0.027391327545046806, "corr_reading": 0.06692562252283096, "p_listening": 0.717, "p_reading": 0.142, "barbin": 0, "rgb": "#000000", "zyx": [21, 28, 56]}