{"timescalecorr": 7.399217594183938e-08, "corr_listening": 0.05078740045428276, "corr_reading": -0.01176600530743599, "p_listening": 0.192, "p_reading": 0.559, "barbin": 0, "rgb": "#000000", "zyx": [6, 49, 80]}