{"timescalecorr": 0.24980321526527405, "corr_listening": 0.0983055979013443, "corr_reading": 0.19562885165214539, "p_listening": 0.002, "p_reading": 0.0, "barbin": 1, "rgb": "#000000", "zyx": [16, 28, 35]}