{"timescalecorr": 1.767572211974766e-05, "corr_listening": 0.0002831273013725877, "corr_reading": 0.014165095053613186, "p_listening": 0.518, "p_reading": 0.393, "barbin": 0, "rgb": "#000000", "zyx": [21, 37, 63]}