{"timescalecorr": 0.9612786173820496, "corr_listening": -0.022828398272395134, "corr_reading": 0.07114366441965103, "p_listening": 0.74, "p_reading": 0.102, "barbin": 0, "rgb": "#000000", "zyx": [12, 65, 66]}