{"timescalecorr": 0.1088678315281868, "corr_listening": -0.10522952675819397, "corr_reading": 0.1711435467004776, "p_listening": 0.994, "p_reading": 0.002, "barbin": 0, "rgb": "#000000", "zyx": [16, 76, 36]}