{"timescalecorr": 0.9973181486129761, "corr_listening": 0.06364700943231583, "corr_reading": -0.05108612775802612, "p_listening": 0.143, "p_reading": 0.884, "barbin": 0, "rgb": "#000000", "zyx": [10, 76, 26]}