{"timescalecorr": 3.425876826668173e-08, "corr_listening": -0.061613041907548904, "corr_reading": 0.11687813699245453, "p_listening": 0.86, "p_reading": 0.017, "barbin": 0, "rgb": "#000000", "zyx": [17, 22, 56]}