{"timescalecorr": 0.10584413260221481, "corr_listening": -0.03155125305056572, "corr_reading": 4.239548070472665e-05, "p_listening": 0.691, "p_reading": 0.083, "barbin": 0, "rgb": "#000000", "zyx": [19, 72, 62]}