{"timescalecorr": 0.00011611341324169189, "corr_listening": -0.025693779811263084, "corr_reading": -0.02664152905344963, "p_listening": 0.928, "p_reading": 0.695, "barbin": 0, "rgb": "#000000", "zyx": [5, 92, 65]}