{"timescalecorr": 1.4065540199226234e-06, "corr_listening": -0.023041928187012672, "corr_reading": 0.15224450826644897, "p_listening": 0.653, "p_reading": 0.002, "barbin": 0, "rgb": "#000000", "zyx": [10, 43, 26]}