{"timescalecorr": 0.009558293037116528, "corr_listening": 0.011081739328801632, "corr_reading": -0.006995740346610546, "p_listening": 0.282, "p_reading": 0.572, "barbin": 0, "rgb": "#000000", "zyx": [2, 80, 56]}