{"timescalecorr": 3.738968246125296e-07, "corr_listening": 0.040782615542411804, "corr_reading": 0.028224650770425797, "p_listening": 0.233, "p_reading": 0.312, "barbin": 0, "rgb": "#000000", "zyx": [19, 88, 41]}