{"timescalecorr": 0.007151211146265268, "corr_listening": 0.05645591393113136, "corr_reading": 0.025293316692113876, "p_listening": 0.16, "p_reading": 0.328, "barbin": 0, "rgb": "#000000", "zyx": [3, 65, 77]}