{"timescalecorr": 0.007320450618863106, "corr_listening": 0.0788535475730896, "corr_reading": 0.15962356328964233, "p_listening": 0.085, "p_reading": 0.0, "barbin": 1, "rgb": "#000000", "zyx": [18, 78, 38]}