{"timescalecorr": 0.0001933472667587921, "corr_listening": 0.11471424251794815, "corr_reading": -0.03412966430187225, "p_listening": 0.003, "p_reading": 0.708, "barbin": 0, "rgb": "#000000", "zyx": [22, 56, 42]}