{"timescalecorr": 0.022151032462716103, "corr_listening": 0.002081142971292138, "corr_reading": -0.028933759778738022, "p_listening": 0.331, "p_reading": 0.902, "barbin": 0, "rgb": "#000000", "zyx": [24, 68, 63]}