{"timescalecorr": 0.9977644085884094, "corr_listening": 0.047262080013751984, "corr_reading": 0.03434329107403755, "p_listening": 0.217, "p_reading": 0.285, "barbin": 0, "rgb": "#000000", "zyx": [21, 83, 44]}