{"timescalecorr": 0.07753217220306396, "corr_listening": 0.005412043072283268, "corr_reading": 0.025376904755830765, "p_listening": 0.429, "p_reading": 0.365, "barbin": 0, "rgb": "#000000", "zyx": [6, 55, 69]}