{"timescalecorr": 1.259693249267002e-06, "corr_listening": 0.0321447029709816, "corr_reading": 0.021949581801891327, "p_listening": 0.262, "p_reading": 0.366, "barbin": 0, "rgb": "#000000", "zyx": [9, 79, 33]}