{"timescalecorr": 0.29444560408592224, "corr_listening": 0.11319732666015625, "corr_reading": -0.10609663277864456, "p_listening": 0.018, "p_reading": 0.972, "barbin": 0, "rgb": "#000000", "zyx": [17, 66, 72]}