{"timescalecorr": 0.8032074570655823, "corr_listening": 0.027568630874156952, "corr_reading": 0.06704295426607132, "p_listening": 0.273, "p_reading": 0.119, "barbin": 0, "rgb": "#000000", "zyx": [15, 22, 53]}