{"timescalecorr": 0.5167728662490845, "corr_listening": 0.3139505982398987, "corr_reading": 0.0792209580540657, "p_listening": 0.0, "p_reading": 0.089, "barbin": 2, "rgb": "#000000", "zyx": [13, 73, 35]}