{"timescalecorr": 4.237036591803189e-06, "corr_listening": -0.01923360489308834, "corr_reading": -0.0479111485183239, "p_listening": 0.987, "p_reading": 0.928, "barbin": 0, "rgb": "#000000", "zyx": [22, 62, 31]}