{"timescalecorr": 0.9929379820823669, "corr_listening": 0.37233904004096985, "corr_reading": 0.18193215131759644, "p_listening": 0.0, "p_reading": 0.001, "barbin": 4, "rgb": "#000000", "zyx": [18, 31, 46]}