{"timescalecorr": 0.6512337327003479, "corr_listening": 0.15106940269470215, "corr_reading": 0.3770955204963684, "p_listening": 0.002, "p_reading": 0.0, "barbin": 4, "rgb": "#000000", "zyx": [12, 74, 33]}