{"timescalecorr": 0.1918611377477646, "corr_listening": 0.29882460832595825, "corr_reading": 0.05141548067331314, "p_listening": 0.0, "p_reading": 0.177, "barbin": 2, "rgb": "#000000", "zyx": [18, 69, 55]}