{"timescalecorr": 0.23904456198215485, "corr_listening": 0.2607071101665497, "corr_reading": 0.007193136960268021, "p_listening": 0.0, "p_reading": 0.436, "barbin": 1, "rgb": "#000000", "zyx": [5, 47, 41]}