{"timescalecorr": 0.3976234495639801, "corr_listening": 0.05094733089208603, "corr_reading": 0.05090506002306938, "p_listening": 0.164, "p_reading": 0.131, "barbin": 0, "rgb": "#000000", "zyx": [17, 48, 35]}