{"timescalecorr": 0.9950571656227112, "corr_listening": 0.048404186964035034, "corr_reading": -0.028830185532569885, "p_listening": 0.159, "p_reading": 0.737, "barbin": 0, "rgb": "#000000", "zyx": [12, 34, 51]}