{"timescalecorr": 0.4612060487270355, "corr_listening": 0.27104824781417847, "corr_reading": 0.013456737622618675, "p_listening": 0.0, "p_reading": 0.397, "barbin": 1, "rgb": "#000000", "zyx": [21, 47, 40]}