{"timescalecorr": 3.528755598836142e-08, "corr_listening": 0.12520566582679749, "corr_reading": 0.11447080224752426, "p_listening": 0.02, "p_reading": 0.023, "barbin": 1, "rgb": "#000000", "zyx": [17, 75, 73]}