{"timescalecorr": 0.0005494217039085925, "corr_listening": 0.06030528247356415, "corr_reading": -0.027092572301626205, "p_listening": 0.067, "p_reading": 0.69, "barbin": 0, "rgb": "#000000", "zyx": [9, 27, 64]}