{"timescalecorr": 0.2850562334060669, "corr_listening": 0.061026833951473236, "corr_reading": 0.004256104119122028, "p_listening": 0.035, "p_reading": 0.233, "barbin": 0, "rgb": "#000000", "zyx": [16, 60, 32]}