{"timescalecorr": 0.1133151426911354, "corr_listening": 0.010092567652463913, "corr_reading": 0.07761028409004211, "p_listening": 0.264, "p_reading": 0.098, "barbin": 0, "rgb": "#000000", "zyx": [12, 63, 78]}