{"timescalecorr": 0.800523042678833, "corr_listening": 0.07574859261512756, "corr_reading": 0.1993001103401184, "p_listening": 0.107, "p_reading": 0.0, "barbin": 1, "rgb": "#000000", "zyx": [21, 44, 35]}