{"timescalecorr": 1.6506660927007033e-07, "corr_listening": -0.04606892168521881, "corr_reading": 0.05346830189228058, "p_listening": 0.784, "p_reading": 0.047, "barbin": 0, "rgb": "#000000", "zyx": [10, 91, 37]}