{"timescalecorr": 0.0005213063559494913, "corr_listening": 0.011424470692873001, "corr_reading": 0.00863636750727892, "p_listening": 0.406, "p_reading": 0.459, "barbin": 0, "rgb": "#000000", "zyx": [13, 61, 66]}