{"timescalecorr": 0.8683842420578003, "corr_listening": 0.2728635370731354, "corr_reading": 0.22879083454608917, "p_listening": 0.0, "p_reading": 0.0, "barbin": 4, "rgb": "#000000", "zyx": [17, 80, 35]}