{"timescalecorr": 1.213153382195742e-07, "corr_listening": 0.02114458568394184, "corr_reading": 0.008243775926530361, "p_listening": 0.38, "p_reading": 0.437, "barbin": 0, "rgb": "#000000", "zyx": [8, 45, 36]}