{"timescalecorr": 0.8901171684265137, "corr_listening": 0.25565144419670105, "corr_reading": 0.039764877408742905, "p_listening": 0.0, "p_reading": 0.258, "barbin": 1, "rgb": "#000000", "zyx": [24, 46, 40]}