{"timescalecorr": 1.5713769698777469e-06, "corr_listening": 0.028517553582787514, "corr_reading": -0.046026986092329025, "p_listening": 0.232, "p_reading": 0.79, "barbin": 0, "rgb": "#000000", "zyx": [10, 41, 56]}