{"timescalecorr": 0.9789641499519348, "corr_listening": 0.07264112681150436, "corr_reading": 0.050521764904260635, "p_listening": 0.075, "p_reading": 0.177, "barbin": 0, "rgb": "#000000", "zyx": [19, 56, 28]}