{"timescalecorr": 0.9857878684997559, "corr_listening": -0.027729488909244537, "corr_reading": 0.01166111696511507, "p_listening": 0.844, "p_reading": 0.325, "barbin": 0, "rgb": "#000000", "zyx": [20, 80, 56]}