{"timescalecorr": 0.0, "corr_listening": -0.011918050236999989, "corr_reading": -0.011059319600462914, "p_listening": 0.858, "p_reading": 0.614, "barbin": 0, "rgb": "#000000", "zyx": [2, 67, 63]}