{"timescalecorr": 0.023105841130018234, "corr_listening": 0.03840402886271477, "corr_reading": -0.05912657082080841, "p_listening": 0.243, "p_reading": 0.876, "barbin": 0, "rgb": "#000000", "zyx": [6, 68, 66]}