{"timescalecorr": 0.0007563362596556544, "corr_listening": -0.02780277095735073, "corr_reading": -0.038514189422130585, "p_listening": 0.687, "p_reading": 0.904, "barbin": 0, "rgb": "#000000", "zyx": [21, 79, 38]}