{"timescalecorr": 0.0, "corr_listening": -0.17665454745292664, "corr_reading": -0.029269816353917122, "p_listening": 1.0, "p_reading": 0.888, "barbin": 0, "rgb": "#000000", "zyx": [1, 50, 38]}