{"timescalecorr": 0.2032833695411682, "corr_listening": 0.06113923713564873, "corr_reading": 0.012172428891062737, "p_listening": 0.136, "p_reading": 0.39, "barbin": 0, "rgb": "#000000", "zyx": [14, 75, 73]}