{"timescalecorr": 0.0006404076120816171, "corr_listening": 0.13932034373283386, "corr_reading": 0.029530925676226616, "p_listening": 0.003, "p_reading": 0.089, "barbin": 0, "rgb": "#000000", "zyx": [24, 68, 66]}