{"timescalecorr": 0.19937576353549957, "corr_listening": 0.032615095376968384, "corr_reading": 0.059358034282922745, "p_listening": 0.309, "p_reading": 0.13, "barbin": 0, "rgb": "#000000", "zyx": [10, 39, 34]}