{"timescalecorr": 0.43486055731773376, "corr_listening": 0.06520108878612518, "corr_reading": 0.020662670955061913, "p_listening": 0.042, "p_reading": 0.375, "barbin": 0, "rgb": "#000000", "zyx": [14, 73, 57]}