{"timescalecorr": 0.012247772887349129, "corr_listening": -0.061866387724876404, "corr_reading": -0.007591557689011097, "p_listening": 0.879, "p_reading": 0.617, "barbin": 0, "rgb": "#000000", "zyx": [17, 58, 72]}