{"timescalecorr": 0.003478288184851408, "corr_listening": 0.05940571427345276, "corr_reading": 0.09791167080402374, "p_listening": 0.149, "p_reading": 0.047, "barbin": 0, "rgb": "#000000", "zyx": [14, 77, 35]}