{"timescalecorr": 0.011264543980360031, "corr_listening": 0.04006493091583252, "corr_reading": -0.07244449853897095, "p_listening": 0.189, "p_reading": 0.933, "barbin": 0, "rgb": "#000000", "zyx": [18, 35, 64]}