{"timescalecorr": 0.03453197702765465, "corr_listening": 0.05435186251997948, "corr_reading": 0.040069401264190674, "p_listening": 0.016, "p_reading": 0.266, "barbin": 0, "rgb": "#000000", "zyx": [23, 70, 62]}