{"timescalecorr": 0.5015363693237305, "corr_listening": 0.15560752153396606, "corr_reading": 0.2635423541069031, "p_listening": 0.001, "p_reading": 0.0, "barbin": 3, "rgb": "#000000", "zyx": [19, 45, 40]}