{"timescalecorr": 0.9310684204101562, "corr_listening": -0.01281808502972126, "corr_reading": -0.05150469020009041, "p_listening": 0.747, "p_reading": 0.838, "barbin": 0, "rgb": "#000000", "zyx": [25, 66, 66]}