{"timescalecorr": 0.4295376241207123, "corr_listening": 0.09890183806419373, "corr_reading": 0.040596913546323776, "p_listening": 0.033, "p_reading": 0.121, "barbin": 0, "rgb": "#000000", "zyx": [5, 38, 69]}