{"timescalecorr": 0.5124324560165405, "corr_listening": 0.1726406067609787, "corr_reading": 0.25599968433380127, "p_listening": 0.0, "p_reading": 0.0, "barbin": 3, "rgb": "#000000", "zyx": [12, 45, 29]}