{"timescalecorr": 0.9999200105667114, "corr_listening": -0.10637524724006653, "corr_reading": 0.002788263140246272, "p_listening": 0.963, "p_reading": 0.304, "barbin": 0, "rgb": "#000000", "zyx": [2, 90, 41]}