{"timescalecorr": 0.7208409309387207, "corr_listening": 0.15767993032932281, "corr_reading": 0.0959816500544548, "p_listening": 0.008, "p_reading": 0.024, "barbin": 1, "rgb": "#000000", "zyx": [22, 29, 45]}