{"timescalecorr": 1.8617949535837397e-05, "corr_listening": 0.030579518526792526, "corr_reading": -0.032143861055374146, "p_listening": 0.27, "p_reading": 0.697, "barbin": 0, "rgb": "#000000", "zyx": [19, 58, 47]}