{"timescalecorr": 9.091046249132262e-10, "corr_listening": 0.003940961789339781, "corr_reading": -0.006388896610587835, "p_listening": 0.41, "p_reading": 0.594, "barbin": 0, "rgb": "#000000", "zyx": [8, 81, 68]}