{"timescalecorr": 0.4840666949748993, "corr_listening": 0.4113602042198181, "corr_reading": 0.38921061158180237, "p_listening": 0.0, "p_reading": 0.0, "barbin": 4, "rgb": "#000000", "zyx": [12, 34, 31]}