{"timescalecorr": 0.0, "corr_listening": -0.097132608294487, "corr_reading": 0.11523812264204025, "p_listening": 0.96, "p_reading": 0.02, "barbin": 0, "rgb": "#000000", "zyx": [14, 89, 37]}