{"timescalecorr": 0.00016491877613589168, "corr_listening": -0.0027355009224265814, "corr_reading": -0.00270822667516768, "p_listening": 0.642, "p_reading": 0.578, "barbin": 0, "rgb": "#000000", "zyx": [20, 81, 47]}