{"timescalecorr": 4.270414137863554e-06, "corr_listening": 0.0025977743789553642, "corr_reading": 0.14039106667041779, "p_listening": 0.451, "p_reading": 0.006, "barbin": 0, "rgb": "#000000", "zyx": [2, 48, 74]}