{"timescalecorr": 0.011386942118406296, "corr_listening": -0.020461544394493103, "corr_reading": -0.06656839698553085, "p_listening": 0.655, "p_reading": 0.874, "barbin": 0, "rgb": "#000000", "zyx": [20, 59, 37]}