{"timescalecorr": 0.4912129044532776, "corr_listening": 0.06605824083089828, "corr_reading": 0.13760671019554138, "p_listening": 0.102, "p_reading": 0.0, "barbin": 1, "rgb": "#000000", "zyx": [8, 80, 70]}