{"timescalecorr": 9.780299296835437e-05, "corr_listening": 0.003970880061388016, "corr_reading": -0.1627986878156662, "p_listening": 0.506, "p_reading": 1.0, "barbin": 0, "rgb": "#000000", "zyx": [13, 54, 24]}