{"timescalecorr": 0.2588239312171936, "corr_listening": 0.03241558372974396, "corr_reading": 0.02417778968811035, "p_listening": 0.248, "p_reading": 0.37, "barbin": 0, "rgb": "#000000", "zyx": [11, 59, 70]}