{"timescalecorr": 0.3645637035369873, "corr_listening": 0.2455005645751953, "corr_reading": 0.035482555627822876, "p_listening": 0.0, "p_reading": 0.265, "barbin": 1, "rgb": "#000000", "zyx": [17, 78, 52]}