{"timescalecorr": 0.11630468815565109, "corr_listening": -0.004999616649001837, "corr_reading": 0.01199179608374834, "p_listening": 0.534, "p_reading": 0.443, "barbin": 0, "rgb": "#000000", "zyx": [8, 45, 44]}