{"timescalecorr": 2.1888475190343093e-13, "corr_listening": 0.04156363382935524, "corr_reading": 0.013416077941656113, "p_listening": 0.207, "p_reading": 0.42, "barbin": 0, "rgb": "#000000", "zyx": [10, 48, 52]}