{"timescalecorr": 0.5823184251785278, "corr_listening": 0.06505396217107773, "corr_reading": 0.2515943646430969, "p_listening": 0.128, "p_reading": 0.0, "barbin": 2, "rgb": "#000000", "zyx": [10, 83, 31]}