{"timescalecorr": 0.5108885765075684, "corr_listening": 0.04492080956697464, "corr_reading": 0.0006287629948928952, "p_listening": 0.212, "p_reading": 0.436, "barbin": 0, "rgb": "#000000", "zyx": [7, 39, 38]}