{"timescalecorr": 0.6085159778594971, "corr_listening": 0.15694522857666016, "corr_reading": 0.22097867727279663, "p_listening": 0.003, "p_reading": 0.001, "barbin": 2, "rgb": "#000000", "zyx": [26, 60, 46]}