{"timescalecorr": 0.0005566111649386585, "corr_listening": -0.025945844128727913, "corr_reading": 0.04387134313583374, "p_listening": 0.64, "p_reading": 0.095, "barbin": 0, "rgb": "#000000", "zyx": [1, 83, 40]}