{"timescalecorr": 0.008855507709085941, "corr_listening": 0.04386206343770027, "corr_reading": 0.03926672786474228, "p_listening": 0.144, "p_reading": 0.239, "barbin": 0, "rgb": "#000000", "zyx": [11, 63, 76]}