{"timescalecorr": 0.6931406855583191, "corr_listening": 0.023113751783967018, "corr_reading": -0.016112297773361206, "p_listening": 0.324, "p_reading": 0.598, "barbin": 0, "rgb": "#000000", "zyx": [18, 72, 35]}