{"timescalecorr": 0.0, "corr_listening": -0.00870270375162363, "corr_reading": 0.06998073309659958, "p_listening": 0.583, "p_reading": 0.115, "barbin": 0, "rgb": "#000000", "zyx": [10, 52, 54]}