{"timescalecorr": 0.6434493660926819, "corr_listening": 0.14038939774036407, "corr_reading": 0.04682653024792671, "p_listening": 0.007, "p_reading": 0.121, "barbin": 0, "rgb": "#000000", "zyx": [7, 37, 71]}