{"timescalecorr": 0.004627074580639601, "corr_listening": 0.05114499479532242, "corr_reading": 0.08262680470943451, "p_listening": 0.197, "p_reading": 0.09, "barbin": 0, "rgb": "#000000", "zyx": [12, 54, 50]}