{"timescalecorr": 0.7752803564071655, "corr_listening": -0.08495604991912842, "corr_reading": 0.0021346788853406906, "p_listening": 0.956, "p_reading": 0.482, "barbin": 0, "rgb": "#000000", "zyx": [8, 74, 42]}