{"timescalecorr": 0.00074155000038445, "corr_listening": 0.0011296418961137533, "corr_reading": -0.024623658508062363, "p_listening": 0.497, "p_reading": 0.674, "barbin": 0, "rgb": "#000000", "zyx": [11, 48, 80]}