{"timescalecorr": 6.158321048133075e-05, "corr_listening": 0.033520255237817764, "corr_reading": 0.02041548117995262, "p_listening": 0.298, "p_reading": 0.31, "barbin": 0, "rgb": "#000000", "zyx": [25, 44, 59]}