{"timescalecorr": 0.8553706407546997, "corr_listening": 0.2822827100753784, "corr_reading": 0.1797334849834442, "p_listening": 0.0, "p_reading": 0.003, "barbin": 3, "rgb": "#000000", "zyx": [17, 83, 56]}