{"timescalecorr": 0.038431163877248764, "corr_listening": 0.010728195309638977, "corr_reading": -0.027735404670238495, "p_listening": 0.362, "p_reading": 0.815, "barbin": 0, "rgb": "#000000", "zyx": [11, 64, 30]}