{"timescalecorr": 3.4989381250649346e-20, "corr_listening": -0.04670071229338646, "corr_reading": -0.014431389048695564, "p_listening": 0.778, "p_reading": 0.639, "barbin": 0, "rgb": "#000000", "zyx": [20, 58, 33]}