{"timescalecorr": 0.25460147857666016, "corr_listening": -0.02502928487956524, "corr_reading": 0.02933342009782791, "p_listening": 0.761, "p_reading": 0.086, "barbin": 0, "rgb": "#000000", "zyx": [9, 92, 50]}