{"timescalecorr": 0.16498792171478271, "corr_listening": -0.05382300913333893, "corr_reading": 0.02195625752210617, "p_listening": 0.8, "p_reading": 0.332, "barbin": 0, "rgb": "#000000", "zyx": [4, 37, 38]}