{"timescalecorr": 0.0, "corr_listening": 0.0227022934705019, "corr_reading": -0.014980821870267391, "p_listening": 0.355, "p_reading": 0.571, "barbin": 0, "rgb": "#000000", "zyx": [4, 67, 82]}