{"timescalecorr": 0.8688019514083862, "corr_listening": -0.0069201127626001835, "corr_reading": 0.03739999979734421, "p_listening": 0.535, "p_reading": 0.262, "barbin": 0, "rgb": "#000000", "zyx": [6, 85, 54]}