{"timescalecorr": 0.38615918159484863, "corr_listening": 0.12339046597480774, "corr_reading": 0.024675797671079636, "p_listening": 0.011, "p_reading": 0.321, "barbin": 0, "rgb": "#000000", "zyx": [2, 75, 41]}