{"timescalecorr": 0.0, "corr_listening": -0.02575686201453209, "corr_reading": 0.07017849385738373, "p_listening": 0.672, "p_reading": 0.085, "barbin": 0, "rgb": "#000000", "zyx": [2, 54, 35]}