{"timescalecorr": 0.00011889539746334776, "corr_listening": -0.053432825952768326, "corr_reading": 0.0021755327470600605, "p_listening": 0.878, "p_reading": 0.312, "barbin": 0, "rgb": "#000000", "zyx": [15, 36, 74]}