{"timescalecorr": 5.445864735520445e-05, "corr_listening": 0.014843481592833996, "corr_reading": 0.03763289004564285, "p_listening": 0.314, "p_reading": 0.242, "barbin": 0, "rgb": "#000000", "zyx": [10, 40, 71]}