{"timescalecorr": 0.011961953714489937, "corr_listening": 0.01337282545864582, "corr_reading": -0.007409529760479927, "p_listening": 0.408, "p_reading": 0.601, "barbin": 0, "rgb": "#000000", "zyx": [6, 87, 65]}