{"timescalecorr": 0.0, "corr_listening": -0.07028031349182129, "corr_reading": 0.11774991452693939, "p_listening": 0.906, "p_reading": 0.008, "barbin": 0, "rgb": "#000000", "zyx": [7, 67, 82]}