{"timescalecorr": 4.4901455112267286e-05, "corr_listening": -0.011147044599056244, "corr_reading": 0.015570191666483879, "p_listening": 0.561, "p_reading": 0.421, "barbin": 0, "rgb": "#000000", "zyx": [15, 36, 35]}