{"timescalecorr": 0.0, "corr_listening": -0.06863358616828918, "corr_reading": 0.07236913591623306, "p_listening": 0.892, "p_reading": 0.027, "barbin": 0, "rgb": "#000000", "zyx": [19, 75, 46]}