{"timescalecorr": 0.7091161012649536, "corr_listening": 0.20508596301078796, "corr_reading": 0.0622544102370739, "p_listening": 0.001, "p_reading": 0.109, "barbin": 1, "rgb": "#000000", "zyx": [18, 41, 33]}