{"timescalecorr": 0.015758763998746872, "corr_listening": 0.0006707749562337995, "corr_reading": 0.10306651145219803, "p_listening": 0.379, "p_reading": 0.04, "barbin": 0, "rgb": "#000000", "zyx": [10, 47, 51]}