{"timescalecorr": 0.9187770485877991, "corr_listening": 0.015349773690104485, "corr_reading": 0.14206349849700928, "p_listening": 0.365, "p_reading": 0.003, "barbin": 0, "rgb": "#000000", "zyx": [13, 75, 50]}