{"timescalecorr": 0.029267409816384315, "corr_listening": 0.04942275211215019, "corr_reading": 0.028090037405490875, "p_listening": 0.194, "p_reading": 0.319, "barbin": 0, "rgb": "#000000", "zyx": [5, 62, 64]}