{"timescalecorr": 0.002688499866053462, "corr_listening": -0.004555913619697094, "corr_reading": 0.01599551923573017, "p_listening": 0.555, "p_reading": 0.386, "barbin": 0, "rgb": "#000000", "zyx": [3, 76, 54]}