{"timescalecorr": 7.261762675625505e-06, "corr_listening": 0.03571347892284393, "corr_reading": 0.076719269156456, "p_listening": 0.042, "p_reading": 0.052, "barbin": 0, "rgb": "#000000", "zyx": [20, 83, 41]}