{"timescalecorr": 0.0643439069390297, "corr_listening": -0.00991775095462799, "corr_reading": 0.10941824316978455, "p_listening": 0.582, "p_reading": 0.0, "barbin": 0, "rgb": "#000000", "zyx": [15, 84, 61]}