{"timescalecorr": 0.12123522907495499, "corr_listening": 0.022455379366874695, "corr_reading": 0.011671050451695919, "p_listening": 0.361, "p_reading": 0.333, "barbin": 0, "rgb": "#000000", "zyx": [11, 89, 69]}