{"timescalecorr": 0.996950089931488, "corr_listening": -0.052522022277116776, "corr_reading": -0.01666407659649849, "p_listening": 0.795, "p_reading": 0.735, "barbin": 0, "rgb": "#000000", "zyx": [15, 63, 38]}