{"timescalecorr": 9.055797084434047e-11, "corr_listening": 0.15517407655715942, "corr_reading": 0.018891023471951485, "p_listening": 0.004, "p_reading": 0.316, "barbin": 0, "rgb": "#000000", "zyx": [12, 52, 30]}