{"timescalecorr": 0.0, "corr_listening": 0.0394289530813694, "corr_reading": -0.0650491788983345, "p_listening": 0.008, "p_reading": 0.864, "barbin": 0, "rgb": "#000000", "zyx": [22, 76, 58]}