{"timescalecorr": 3.7307702314137714e-06, "corr_listening": 0.12935486435890198, "corr_reading": 0.07478136569261551, "p_listening": 0.003, "p_reading": 0.053, "barbin": 1, "rgb": "#000000", "zyx": [22, 78, 51]}