{"timescalecorr": 5.323740697349422e-05, "corr_listening": -0.01841101609170437, "corr_reading": 0.11076448112726212, "p_listening": 0.774, "p_reading": 0.0, "barbin": 0, "rgb": "#000000", "zyx": [6, 89, 47]}