{"timescalecorr": 0.04870598763227463, "corr_listening": -0.019577184692025185, "corr_reading": 0.05806542932987213, "p_listening": 0.65, "p_reading": 0.139, "barbin": 0, "rgb": "#000000", "zyx": [8, 78, 45]}