{"timescalecorr": 0.6360346078872681, "corr_listening": 0.016929902136325836, "corr_reading": -0.05513904243707657, "p_listening": 0.267, "p_reading": 0.847, "barbin": 0, "rgb": "#000000", "zyx": [10, 28, 29]}