{"timescalecorr": 0.0013056364841759205, "corr_listening": 0.03827901929616928, "corr_reading": 0.031750425696372986, "p_listening": 0.197, "p_reading": 0.31, "barbin": 0, "rgb": "#000000", "zyx": [12, 89, 44]}