{"timescalecorr": 0.0001520654623163864, "corr_listening": -0.0030541967134922743, "corr_reading": -0.0011964583536610007, "p_listening": 0.516, "p_reading": 0.639, "barbin": 0, "rgb": "#000000", "zyx": [9, 37, 36]}