{"timescalecorr": 0.08681627362966537, "corr_listening": -0.053331609815359116, "corr_reading": 0.021908793598413467, "p_listening": 0.839, "p_reading": 0.353, "barbin": 0, "rgb": "#000000", "zyx": [1, 88, 55]}