{"timescalecorr": 9.69543888969659e-21, "corr_listening": -0.07507846504449844, "corr_reading": -0.006769158877432346, "p_listening": 0.994, "p_reading": 0.534, "barbin": 0, "rgb": "#000000", "zyx": [6, 46, 42]}