{"timescalecorr": 0.00042366504203528166, "corr_listening": 0.18389223515987396, "corr_reading": -0.009385117329657078, "p_listening": 0.003, "p_reading": 0.573, "barbin": 0, "rgb": "#000000", "zyx": [17, 86, 40]}