{"timescalecorr": 1.7689086861949477e-09, "corr_listening": 0.01433089841157198, "corr_reading": -0.12261470407247543, "p_listening": 0.265, "p_reading": 0.981, "barbin": 0, "rgb": "#000000", "zyx": [18, 55, 30]}