{"timescalecorr": 0.6063082218170166, "corr_listening": 0.286084920167923, "corr_reading": 0.056749217212200165, "p_listening": 0.0, "p_reading": 0.165, "barbin": 2, "rgb": "#000000", "zyx": [18, 42, 54]}