{"timescalecorr": 0.0, "corr_listening": 6.932424730621278e-05, "corr_reading": -0.015796303749084473, "p_listening": 0.32, "p_reading": 0.614, "barbin": 0, "rgb": "#000000", "zyx": [9, 73, 62]}