{"timescalecorr": 1.666764001129195e-05, "corr_listening": -0.001759055652655661, "corr_reading": -0.06106635555624962, "p_listening": 0.511, "p_reading": 0.944, "barbin": 0, "rgb": "#000000", "zyx": [10, 37, 51]}