{"timescalecorr": 0.02124861255288124, "corr_listening": -0.09047867357730865, "corr_reading": 0.0770367681980133, "p_listening": 0.925, "p_reading": 0.059, "barbin": 0, "rgb": "#000000", "zyx": [3, 78, 65]}