{"timescalecorr": 0.8218491673469543, "corr_listening": 0.006903954781591892, "corr_reading": 0.06146819889545441, "p_listening": 0.386, "p_reading": 0.076, "barbin": 0, "rgb": "#000000", "zyx": [3, 77, 28]}