{"timescalecorr": 0.005052393302321434, "corr_listening": -0.008743512444198132, "corr_reading": 0.009649942629039288, "p_listening": 0.622, "p_reading": 0.447, "barbin": 0, "rgb": "#000000", "zyx": [2, 82, 51]}