{"timescalecorr": 0.9466473460197449, "corr_listening": -0.007844450883567333, "corr_reading": -0.0009197347681038082, "p_listening": 0.603, "p_reading": 0.62, "barbin": 0, "rgb": "#000000", "zyx": [13, 39, 55]}