{"timescalecorr": 0.5174968242645264, "corr_listening": 0.14136569201946259, "corr_reading": 0.09525845944881439, "p_listening": 0.006, "p_reading": 0.036, "barbin": 1, "rgb": "#000000", "zyx": [17, 31, 60]}