{"timescalecorr": 0.00015476108819711953, "corr_listening": 0.020159345120191574, "corr_reading": 0.06369146704673767, "p_listening": 0.364, "p_reading": 0.004, "barbin": 0, "rgb": "#000000", "zyx": [4, 62, 38]}