{"timescalecorr": 0.5672808885574341, "corr_listening": -0.0004213567008264363, "corr_reading": -0.08313240110874176, "p_listening": 0.973, "p_reading": 0.977, "barbin": 0, "rgb": "#000000", "zyx": [13, 81, 41]}