{"timescalecorr": 0.40764349699020386, "corr_listening": 0.20131461322307587, "corr_reading": 0.09608680754899979, "p_listening": 0.0, "p_reading": 0.05, "barbin": 1, "rgb": "#000000", "zyx": [24, 53, 48]}