{"timescalecorr": 4.4892544792674016e-08, "corr_listening": 0.1329256296157837, "corr_reading": -0.12113230675458908, "p_listening": 0.009, "p_reading": 0.995, "barbin": 0, "rgb": "#000000", "zyx": [8, 19, 46]}