{"timescalecorr": 0.002011505188420415, "corr_listening": -0.0002589794748928398, "corr_reading": -0.0016153550241142511, "p_listening": 0.96, "p_reading": 0.505, "barbin": 0, "rgb": "#000000", "zyx": [16, 31, 57]}