{"timescalecorr": 0.14979909360408783, "corr_listening": -0.018953636288642883, "corr_reading": -0.0789170190691948, "p_listening": 0.763, "p_reading": 0.911, "barbin": 0, "rgb": "#000000", "zyx": [23, 61, 66]}