{"timescalecorr": 0.8884531259536743, "corr_listening": 0.08385691791772842, "corr_reading": 0.06750479340553284, "p_listening": 0.063, "p_reading": 0.107, "barbin": 0, "rgb": "#000000", "zyx": [23, 31, 52]}