{"timescalecorr": 0.015429547056555748, "corr_listening": -0.06290055811405182, "corr_reading": 0.008785506710410118, "p_listening": 0.852, "p_reading": 0.13, "barbin": 0, "rgb": "#000000", "zyx": [12, 89, 60]}