{"timescalecorr": 0.654340922832489, "corr_listening": 0.1046246662735939, "corr_reading": 0.0041548749431967735, "p_listening": 0.036, "p_reading": 0.455, "barbin": 0, "rgb": "#000000", "zyx": [6, 72, 25]}