{"timescalecorr": 0.00041353999404236674, "corr_listening": -0.006932651158422232, "corr_reading": -0.0014270433457568288, "p_listening": 0.759, "p_reading": 0.52, "barbin": 0, "rgb": "#000000", "zyx": [15, 27, 33]}