{"timescalecorr": 6.178814510349184e-05, "corr_listening": 0.001283739460632205, "corr_reading": 0.035250186920166016, "p_listening": 0.211, "p_reading": 0.289, "barbin": 0, "rgb": "#000000", "zyx": [10, 72, 48]}