{"timescalecorr": 1.95043057260591e-08, "corr_listening": -0.006378686986863613, "corr_reading": 0.06462092697620392, "p_listening": 0.544, "p_reading": 0.093, "barbin": 0, "rgb": "#000000", "zyx": [15, 83, 69]}