{"timescalecorr": 8.362670784908233e-21, "corr_listening": -0.08011551946401596, "corr_reading": -0.006281288340687752, "p_listening": 0.946, "p_reading": 0.581, "barbin": 0, "rgb": "#000000", "zyx": [23, 71, 58]}