{"timescalecorr": 0.5191431045532227, "corr_listening": 0.1395758092403412, "corr_reading": 0.012869404628872871, "p_listening": 0.0, "p_reading": 0.29, "barbin": 0, "rgb": "#000000", "zyx": [12, 69, 73]}