{"timescalecorr": 0.9710717797279358, "corr_listening": -0.09109986573457718, "corr_reading": 0.0844556912779808, "p_listening": 0.933, "p_reading": 0.072, "barbin": 0, "rgb": "#000000", "zyx": [15, 28, 69]}