{"timescalecorr": 0.0, "corr_listening": 0.009560216218233109, "corr_reading": -0.0337977409362793, "p_listening": 0.332, "p_reading": 0.893, "barbin": 0, "rgb": "#000000", "zyx": [15, 74, 65]}