{"timescalecorr": 0.8923192620277405, "corr_listening": 0.004503577947616577, "corr_reading": 0.10654553025960922, "p_listening": 0.475, "p_reading": 0.037, "barbin": 0, "rgb": "#000000", "zyx": [13, 22, 59]}