{"timescalecorr": 0.00024013043730519712, "corr_listening": 0.007341146469116211, "corr_reading": -0.025486944243311882, "p_listening": 0.43, "p_reading": 0.83, "barbin": 0, "rgb": "#000000", "zyx": [19, 56, 36]}