{"timescalecorr": 0.43448030948638916, "corr_listening": 0.05186744034290314, "corr_reading": 0.168367400765419, "p_listening": 0.12, "p_reading": 0.001, "barbin": 1, "rgb": "#000000", "zyx": [8, 63, 70]}