{"timescalecorr": 0.00016110006254166365, "corr_listening": -0.05056613311171532, "corr_reading": 0.04114324972033501, "p_listening": 0.814, "p_reading": 0.024, "barbin": 0, "rgb": "#000000", "zyx": [2, 74, 56]}