{"timescalecorr": 0.02158549800515175, "corr_listening": 0.06369741261005402, "corr_reading": -0.03095369227230549, "p_listening": 0.097, "p_reading": 0.792, "barbin": 0, "rgb": "#000000", "zyx": [3, 60, 32]}