{"timescalecorr": 0.6760580539703369, "corr_listening": 0.06621192395687103, "corr_reading": 0.07439009845256805, "p_listening": 0.135, "p_reading": 0.097, "barbin": 0, "rgb": "#000000", "zyx": [10, 62, 37]}