{"timescalecorr": 0.5981226563453674, "corr_listening": 0.0839722529053688, "corr_reading": -0.013033110648393631, "p_listening": 0.075, "p_reading": 0.571, "barbin": 0, "rgb": "#000000", "zyx": [8, 36, 61]}