{"timescalecorr": 0.8994457721710205, "corr_listening": 0.012243262492120266, "corr_reading": 0.2193281054496765, "p_listening": 0.339, "p_reading": 0.001, "barbin": 1, "rgb": "#000000", "zyx": [23, 57, 53]}