{"timescalecorr": 0.0008763060322962701, "corr_listening": 0.1552935391664505, "corr_reading": 0.29374969005584717, "p_listening": 0.007, "p_reading": 0.0, "barbin": 3, "rgb": "#000000", "zyx": [19, 43, 68]}