{"timescalecorr": 0.06810944527387619, "corr_listening": -0.05635317042469978, "corr_reading": 0.03534942865371704, "p_listening": 0.845, "p_reading": 0.151, "barbin": 0, "rgb": "#000000", "zyx": [6, 87, 67]}