{"timescalecorr": 0.0031312794890254736, "corr_listening": -0.02135637030005455, "corr_reading": 0.12744706869125366, "p_listening": 0.641, "p_reading": 0.009, "barbin": 0, "rgb": "#000000", "zyx": [15, 82, 75]}