{"timescalecorr": 0.24652445316314697, "corr_listening": 0.0002688072563614696, "corr_reading": 0.08469094336032867, "p_listening": 0.306, "p_reading": 0.002, "barbin": 0, "rgb": "#000000", "zyx": [5, 75, 71]}