{"timescalecorr": 0.996006965637207, "corr_listening": 0.01251978985965252, "corr_reading": 0.022382419556379318, "p_listening": 0.416, "p_reading": 0.367, "barbin": 0, "rgb": "#000000", "zyx": [4, 60, 77]}