{"timescalecorr": 0.15857882797718048, "corr_listening": 0.03749258816242218, "corr_reading": 0.16708290576934814, "p_listening": 0.252, "p_reading": 0.0, "barbin": 1, "rgb": "#000000", "zyx": [21, 55, 37]}