{"timescalecorr": 0.9976713061332703, "corr_listening": -0.04869457334280014, "corr_reading": 0.04648960009217262, "p_listening": 0.792, "p_reading": 0.009, "barbin": 0, "rgb": "#000000", "zyx": [7, 83, 45]}