{"timescalecorr": 2.501095150364563e-05, "corr_listening": 0.08864309638738632, "corr_reading": -0.11402301490306854, "p_listening": 0.042, "p_reading": 0.99, "barbin": 0, "rgb": "#000000", "zyx": [24, 48, 51]}