{"timescalecorr": 0.004134586546570063, "corr_listening": -0.17979048192501068, "corr_reading": 0.03743424639105797, "p_listening": 0.999, "p_reading": 0.301, "barbin": 0, "rgb": "#000000", "zyx": [12, 59, 67]}