{"timescalecorr": 0.12560029327869415, "corr_listening": 0.062222518026828766, "corr_reading": 0.0631633847951889, "p_listening": 0.136, "p_reading": 0.085, "barbin": 0, "rgb": "#000000", "zyx": [3, 44, 46]}