{"timescalecorr": 0.8589532375335693, "corr_listening": 0.0001072792656486854, "corr_reading": 0.030707968398928642, "p_listening": 0.041, "p_reading": 0.302, "barbin": 0, "rgb": "#000000", "zyx": [4, 34, 65]}