{"timescalecorr": 6.601678614970297e-05, "corr_listening": 0.0648324117064476, "corr_reading": -0.029017839580774307, "p_listening": 0.14, "p_reading": 0.77, "barbin": 0, "rgb": "#000000", "zyx": [12, 29, 72]}