{"timescalecorr": 0.07130588591098785, "corr_listening": 0.029020076617598534, "corr_reading": 0.17062056064605713, "p_listening": 0.312, "p_reading": 0.0, "barbin": 0, "rgb": "#000000", "zyx": [5, 75, 54]}