{"timescalecorr": 8.967672329163179e-06, "corr_listening": 0.038046471774578094, "corr_reading": 0.03353730961680412, "p_listening": 0.225, "p_reading": 0.154, "barbin": 0, "rgb": "#000000", "zyx": [16, 61, 39]}