{"timescalecorr": 0.1091664507985115, "corr_listening": -0.029972387477755547, "corr_reading": 0.14122654497623444, "p_listening": 0.722, "p_reading": 0.009, "barbin": 0, "rgb": "#000000", "zyx": [20, 47, 58]}