{"timescalecorr": 0.9268263578414917, "corr_listening": 0.20225903391838074, "corr_reading": 0.1862233281135559, "p_listening": 0.0, "p_reading": 0.0, "barbin": 2, "rgb": "#000000", "zyx": [19, 37, 46]}