{"timescalecorr": 1.1543980917849694e-06, "corr_listening": 0.1957506686449051, "corr_reading": -0.07267256081104279, "p_listening": 0.001, "p_reading": 0.901, "barbin": 0, "rgb": "#000000", "zyx": [25, 34, 52]}