{"timescalecorr": 0.7470920085906982, "corr_listening": 0.28854578733444214, "corr_reading": -0.018284572288393974, "p_listening": 0.0, "p_reading": 0.64, "barbin": 1, "rgb": "#000000", "zyx": [15, 23, 53]}