{"timescalecorr": 0.0, "corr_listening": 0.010386718437075615, "corr_reading": -0.04839560016989708, "p_listening": 0.437, "p_reading": 0.803, "barbin": 0, "rgb": "#000000", "zyx": [2, 44, 70]}