{"timescalecorr": 0.000735145469661802, "corr_listening": 0.008375021629035473, "corr_reading": 0.1281534880399704, "p_listening": 0.462, "p_reading": 0.002, "barbin": 0, "rgb": "#000000", "zyx": [21, 70, 59]}