{"timescalecorr": 0.009529812261462212, "corr_listening": 0.009916228242218494, "corr_reading": 0.082921102643013, "p_listening": 0.429, "p_reading": 0.087, "barbin": 0, "rgb": "#000000", "zyx": [22, 58, 50]}