{"timescalecorr": 0.0004877788887824863, "corr_listening": -0.022271225228905678, "corr_reading": -0.004934022203087807, "p_listening": 0.96, "p_reading": 0.856, "barbin": 0, "rgb": "#000000", "zyx": [6, 32, 49]}