{"timescalecorr": 0.2892507314682007, "corr_listening": -0.007651992607861757, "corr_reading": 0.056045085191726685, "p_listening": 0.563, "p_reading": 0.169, "barbin": 0, "rgb": "#000000", "zyx": [17, 36, 50]}