{"timescalecorr": 0.008725943975150585, "corr_listening": 0.027185693383216858, "corr_reading": -0.008825032040476799, "p_listening": 0.038, "p_reading": 0.6, "barbin": 0, "rgb": "#000000", "zyx": [7, 66, 47]}