{"timescalecorr": 0.9078696966171265, "corr_listening": -0.04020458087325096, "corr_reading": -0.006853244733065367, "p_listening": 0.765, "p_reading": 0.825, "barbin": 0, "rgb": "#000000", "zyx": [19, 46, 58]}