{"timescalecorr": 0.08557058870792389, "corr_listening": -0.06511255353689194, "corr_reading": 0.010475093498826027, "p_listening": 0.866, "p_reading": 0.394, "barbin": 0, "rgb": "#000000", "zyx": [22, 75, 58]}