{"timescalecorr": 0.00012378547398839146, "corr_listening": 0.06324318796396255, "corr_reading": 0.10936779528856277, "p_listening": 0.093, "p_reading": 0.036, "barbin": 0, "rgb": "#000000", "zyx": [15, 74, 34]}