{"timescalecorr": 0.031157037243247032, "corr_listening": -0.01151801086962223, "corr_reading": -0.03761080279946327, "p_listening": 0.567, "p_reading": 0.849, "barbin": 0, "rgb": "#000000", "zyx": [19, 56, 65]}