{"timescalecorr": 0.9894518256187439, "corr_listening": 0.06991463154554367, "corr_reading": 0.07241518050432205, "p_listening": 0.128, "p_reading": 0.1, "barbin": 0, "rgb": "#000000", "zyx": [20, 50, 64]}