{"timescalecorr": 7.58552516799682e-07, "corr_listening": 0.018538901582360268, "corr_reading": -0.001209187670610845, "p_listening": 0.368, "p_reading": 0.717, "barbin": 0, "rgb": "#000000", "zyx": [13, 17, 45]}