{"timescalecorr": 0.04989064484834671, "corr_listening": 0.02906039170920849, "corr_reading": 0.03086932934820652, "p_listening": 0.325, "p_reading": 0.288, "barbin": 0, "rgb": "#000000", "zyx": [11, 85, 49]}