{"timescalecorr": 0.0005480876425281167, "corr_listening": 0.1734607219696045, "corr_reading": 0.07560070604085922, "p_listening": 0.0, "p_reading": 0.103, "barbin": 1, "rgb": "#000000", "zyx": [8, 34, 62]}