{"timescalecorr": 0.7541581392288208, "corr_listening": 0.35777780413627625, "corr_reading": 0.4507046937942505, "p_listening": 0.0, "p_reading": 0.0, "barbin": 4, "rgb": "#000000", "zyx": [12, 72, 28]}