{"timescalecorr": 0.02500239387154579, "corr_listening": -0.008260343223810196, "corr_reading": 0.02637057937681675, "p_listening": 0.559, "p_reading": 0.339, "barbin": 0, "rgb": "#000000", "zyx": [7, 68, 55]}