{"timescalecorr": 0.9403867125511169, "corr_listening": -0.018985876813530922, "corr_reading": 0.06089862436056137, "p_listening": 0.599, "p_reading": 0.154, "barbin": 0, "rgb": "#000000", "zyx": [16, 27, 43]}