{"timescalecorr": 0.0, "corr_listening": -0.11334580928087234, "corr_reading": -0.013138044625520706, "p_listening": 0.979, "p_reading": 0.663, "barbin": 0, "rgb": "#000000", "zyx": [12, 37, 44]}