{"timescalecorr": 0.3322724401950836, "corr_listening": 0.2947179675102234, "corr_reading": 0.2801370918750763, "p_listening": 0.0, "p_reading": 0.0, "barbin": 4, "rgb": "#000000", "zyx": [22, 49, 42]}