{"timescalecorr": 0.03363300487399101, "corr_listening": -0.005251569207757711, "corr_reading": -0.018188927322626114, "p_listening": 0.613, "p_reading": 0.611, "barbin": 0, "rgb": "#000000", "zyx": [21, 25, 42]}