{"timescalecorr": 0.0042177350260317326, "corr_listening": 0.006782911252230406, "corr_reading": 0.07505856454372406, "p_listening": 0.428, "p_reading": 0.099, "barbin": 0, "rgb": "#000000", "zyx": [12, 69, 47]}