{"timescalecorr": 0.9999988079071045, "corr_listening": 0.06716924160718918, "corr_reading": -0.04729083925485611, "p_listening": 0.11, "p_reading": 0.865, "barbin": 0, "rgb": "#000000", "zyx": [19, 58, 33]}