{"timescalecorr": 0.04654395952820778, "corr_listening": 0.09364775568246841, "corr_reading": 0.06885130703449249, "p_listening": 0.065, "p_reading": 0.0, "barbin": 0, "rgb": "#000000", "zyx": [3, 85, 40]}