{"timescalecorr": 0.48085707426071167, "corr_listening": 0.2046865075826645, "corr_reading": 0.25894585251808167, "p_listening": 0.0, "p_reading": 0.0, "barbin": 3, "rgb": "#000000", "zyx": [14, 71, 76]}