{"timescalecorr": 0.9666209816932678, "corr_listening": 0.36759740114212036, "corr_reading": 0.21797975897789001, "p_listening": 0.0, "p_reading": 0.0, "barbin": 4, "rgb": "#000000", "zyx": [11, 36, 40]}