{"timescalecorr": 0.16552704572677612, "corr_listening": 0.16478289663791656, "corr_reading": -0.16820888221263885, "p_listening": 0.003, "p_reading": 0.997, "barbin": 0, "rgb": "#000000", "zyx": [9, 29, 53]}