{"timescalecorr": 0.0027861325070261955, "corr_listening": -0.005540224723517895, "corr_reading": -0.015105894766747952, "p_listening": 0.566, "p_reading": 0.6, "barbin": 0, "rgb": "#000000", "zyx": [7, 66, 63]}