{"timescalecorr": 0.06814064830541611, "corr_listening": -0.011742115020751953, "corr_reading": 0.021229833364486694, "p_listening": 0.583, "p_reading": 0.33, "barbin": 0, "rgb": "#000000", "zyx": [8, 34, 37]}