{"timescalecorr": 0.6855118274688721, "corr_listening": -0.026704877614974976, "corr_reading": -0.01962469331920147, "p_listening": 0.69, "p_reading": 0.819, "barbin": 0, "rgb": "#000000", "zyx": [3, 85, 49]}