{"timescalecorr": 0.6586199998855591, "corr_listening": -0.03934841230511665, "corr_reading": 0.05880429595708847, "p_listening": 0.741, "p_reading": 0.134, "barbin": 0, "rgb": "#000000", "zyx": [9, 61, 52]}