{"timescalecorr": 0.1068611666560173, "corr_listening": -0.054742343723773956, "corr_reading": -0.039699357002973557, "p_listening": 0.817, "p_reading": 0.805, "barbin": 0, "rgb": "#000000", "zyx": [0, 43, 41]}