{"timescalecorr": 0.14841032028198242, "corr_listening": 0.03968840464949608, "corr_reading": 0.03505906090140343, "p_listening": 0.241, "p_reading": 0.198, "barbin": 0, "rgb": "#000000", "zyx": [2, 84, 53]}