{"timescalecorr": 4.785519203132083e-10, "corr_listening": -0.062025923281908035, "corr_reading": -0.002826213836669922, "p_listening": 0.844, "p_reading": 0.527, "barbin": 0, "rgb": "#000000", "zyx": [14, 60, 24]}