{"timescalecorr": 0.00010022841888712719, "corr_listening": 0.12210825830698013, "corr_reading": -0.03428436070680618, "p_listening": 0.021, "p_reading": 0.714, "barbin": 0, "rgb": "#000000", "zyx": [18, 24, 56]}