{"timescalecorr": 8.865323960500446e-29, "corr_listening": 0.2229662388563156, "corr_reading": -0.03862423077225685, "p_listening": 0.0, "p_reading": 0.731, "barbin": 0, "rgb": "#000000", "zyx": [18, 62, 27]}