{"timescalecorr": 0.06410329043865204, "corr_listening": -0.0388355515897274, "corr_reading": 0.03002489171922207, "p_listening": 0.776, "p_reading": 0.284, "barbin": 0, "rgb": "#000000", "zyx": [13, 35, 56]}