{"timescalecorr": 0.024786295369267464, "corr_listening": -0.09609076380729675, "corr_reading": 0.047884389758110046, "p_listening": 0.945, "p_reading": 0.157, "barbin": 0, "rgb": "#000000", "zyx": [14, 65, 70]}