{"timescalecorr": 0.9012671113014221, "corr_listening": 0.03554962947964668, "corr_reading": 0.0451369546353817, "p_listening": 0.278, "p_reading": 0.225, "barbin": 0, "rgb": "#000000", "zyx": [4, 66, 27]}