{"timescalecorr": 0.010890332981944084, "corr_listening": -0.027625763788819313, "corr_reading": 0.07354516535997391, "p_listening": 0.701, "p_reading": 0.022, "barbin": 0, "rgb": "#000000", "zyx": [6, 92, 49]}