{"timescalecorr": 0.0, "corr_listening": 0.020303376019001007, "corr_reading": -0.020975971594452858, "p_listening": 0.376, "p_reading": 0.672, "barbin": 0, "rgb": "#000000", "zyx": [5, 74, 60]}