{"timescalecorr": 0.08153977245092392, "corr_listening": 0.008603092283010483, "corr_reading": 9.52215850702487e-06, "p_listening": 0.429, "p_reading": 0.317, "barbin": 0, "rgb": "#000000", "zyx": [2, 44, 38]}