{"timescalecorr": 0.0, "corr_listening": -0.11032913625240326, "corr_reading": 0.009677430614829063, "p_listening": 0.974, "p_reading": 0.19, "barbin": 0, "rgb": "#000000", "zyx": [25, 75, 58]}