{"timescalecorr": 0.07081809639930725, "corr_listening": 0.029510144144296646, "corr_reading": -0.06955981999635696, "p_listening": 0.32, "p_reading": 0.989, "barbin": 0, "rgb": "#000000", "zyx": [22, 64, 54]}