{"timescalecorr": 0.8213376402854919, "corr_listening": 0.11888042092323303, "corr_reading": 0.17947173118591309, "p_listening": 0.012, "p_reading": 0.001, "barbin": 1, "rgb": "#000000", "zyx": [21, 32, 62]}