{"timescalecorr": 0.9444047808647156, "corr_listening": -0.018822304904460907, "corr_reading": 0.004847607109695673, "p_listening": 0.694, "p_reading": 0.052, "barbin": 0, "rgb": "#000000", "zyx": [21, 76, 61]}