{"timescalecorr": 0.10467208921909332, "corr_listening": 0.024282244965434074, "corr_reading": 0.016891930252313614, "p_listening": 0.306, "p_reading": 0.32, "barbin": 0, "rgb": "#000000", "zyx": [19, 46, 47]}