{"timescalecorr": 1.6516821688128402e-06, "corr_listening": 0.07654821872711182, "corr_reading": 0.017390290275216103, "p_listening": 0.09, "p_reading": 0.359, "barbin": 0, "rgb": "#000000", "zyx": [27, 52, 52]}