{"timescalecorr": 0.9970731735229492, "corr_listening": 0.03761023283004761, "corr_reading": -0.1068902239203453, "p_listening": 0.27, "p_reading": 0.963, "barbin": 0, "rgb": "#000000", "zyx": [10, 45, 57]}