{"timescalecorr": 1.44534082687306e-19, "corr_listening": 0.1213219165802002, "corr_reading": 0.054882247000932693, "p_listening": 0.016, "p_reading": 0.141, "barbin": 0, "rgb": "#000000", "zyx": [17, 56, 69]}