{"timescalecorr": 2.4806183773762314e-07, "corr_listening": 0.09841874241828918, "corr_reading": -0.029577236622571945, "p_listening": 0.035, "p_reading": 0.693, "barbin": 0, "rgb": "#000000", "zyx": [1, 39, 37]}