{"timescalecorr": 7.229171387734823e-06, "corr_listening": 0.026888269931077957, "corr_reading": 0.0692313089966774, "p_listening": 0.177, "p_reading": 0.126, "barbin": 0, "rgb": "#000000", "zyx": [5, 88, 71]}