{"timescalecorr": 0.2945229709148407, "corr_listening": 0.2705560326576233, "corr_reading": 0.21587027609348297, "p_listening": 0.0, "p_reading": 0.0, "barbin": 3, "rgb": "#000000", "zyx": [11, 83, 59]}