{"timescalecorr": 5.717217366196792e-09, "corr_listening": -0.045599114149808884, "corr_reading": 0.005599574185907841, "p_listening": 0.967, "p_reading": 0.459, "barbin": 0, "rgb": "#000000", "zyx": [6, 47, 44]}