{"timescalecorr": 4.8128506023203954e-05, "corr_listening": 0.043656930327415466, "corr_reading": 0.0952819436788559, "p_listening": 0.244, "p_reading": 0.053, "barbin": 0, "rgb": "#000000", "zyx": [17, 68, 60]}