{"timescalecorr": 0.9998499751091003, "corr_listening": -0.12905865907669067, "corr_reading": 0.010070864111185074, "p_listening": 0.989, "p_reading": 0.395, "barbin": 0, "rgb": "#000000", "zyx": [22, 65, 48]}