{"timescalecorr": 0.136452317237854, "corr_listening": -0.014798317104578018, "corr_reading": 0.06730879098176956, "p_listening": 0.631, "p_reading": 0.097, "barbin": 0, "rgb": "#000000", "zyx": [20, 76, 42]}