{"timescalecorr": 0.9992321729660034, "corr_listening": -0.07709556072950363, "corr_reading": 0.02746153064072132, "p_listening": 0.916, "p_reading": 0.268, "barbin": 0, "rgb": "#000000", "zyx": [3, 50, 32]}