{"timescalecorr": 7.647608102345771e-10, "corr_listening": -0.10164299607276917, "corr_reading": -0.09255238622426987, "p_listening": 0.956, "p_reading": 0.948, "barbin": 0, "rgb": "#000000", "zyx": [11, 19, 41]}