{"timescalecorr": 0.34931087493896484, "corr_listening": 0.15113458037376404, "corr_reading": 0.09235502779483795, "p_listening": 0.005, "p_reading": 0.028, "barbin": 1, "rgb": "#000000", "zyx": [8, 45, 76]}