{"timescalecorr": 0.763586163520813, "corr_listening": 0.2658205032348633, "corr_reading": 0.07340129464864731, "p_listening": 0.0, "p_reading": 0.075, "barbin": 2, "rgb": "#000000", "zyx": [20, 30, 51]}