{"timescalecorr": 0.3356522023677826, "corr_listening": -0.05805836617946625, "corr_reading": 0.07062769681215286, "p_listening": 0.835, "p_reading": 0.119, "barbin": 0, "rgb": "#000000", "zyx": [12, 43, 31]}