{"timescalecorr": 0.795049786567688, "corr_listening": 0.1492917239665985, "corr_reading": 0.10457204282283783, "p_listening": 0.003, "p_reading": 0.035, "barbin": 1, "rgb": "#000000", "zyx": [6, 64, 70]}