{"timescalecorr": 3.321658368804492e-05, "corr_listening": -0.04560120031237602, "corr_reading": -0.027722017839550972, "p_listening": 0.917, "p_reading": 0.914, "barbin": 0, "rgb": "#000000", "zyx": [4, 65, 41]}