{"timescalecorr": 0.7630022764205933, "corr_listening": -0.08426964282989502, "corr_reading": 0.04765700548887253, "p_listening": 0.941, "p_reading": 0.206, "barbin": 0, "rgb": "#000000", "zyx": [6, 39, 53]}