{"timescalecorr": 0.00788803305476904, "corr_listening": -0.009546933695673943, "corr_reading": -0.10008554905653, "p_listening": 0.585, "p_reading": 0.969, "barbin": 0, "rgb": "#000000", "zyx": [4, 66, 42]}