{"timescalecorr": 0.0, "corr_listening": -9.468570351600647e-05, "corr_reading": 0.04065658152103424, "p_listening": 0.528, "p_reading": 0.253, "barbin": 0, "rgb": "#000000", "zyx": [13, 90, 40]}