{"timescalecorr": 0.9348756670951843, "corr_listening": 0.0842537060379982, "corr_reading": 0.09919121116399765, "p_listening": 0.053, "p_reading": 0.046, "barbin": 0, "rgb": "#000000", "zyx": [5, 47, 69]}