{"timescalecorr": 0.4378316402435303, "corr_listening": 0.4183090925216675, "corr_reading": 0.2204749882221222, "p_listening": 0.0, "p_reading": 0.0, "barbin": 4, "rgb": "#000000", "zyx": [21, 50, 42]}