{"timescalecorr": 0.14743560552597046, "corr_listening": -0.05742183327674866, "corr_reading": 0.2027246206998825, "p_listening": 0.917, "p_reading": 0.0, "barbin": 0, "rgb": "#000000", "zyx": [5, 87, 62]}