{"timescalecorr": 0.050116103142499924, "corr_listening": 0.003941359929740429, "corr_reading": 0.21267539262771606, "p_listening": 0.321, "p_reading": 0.0, "barbin": 1, "rgb": "#000000", "zyx": [15, 20, 60]}