{"timescalecorr": 0.6453361511230469, "corr_listening": 0.10033795237541199, "corr_reading": 0.1440717726945877, "p_listening": 0.043, "p_reading": 0.004, "barbin": 1, "rgb": "#000000", "zyx": [10, 70, 79]}