{"timescalecorr": 0.999991774559021, "corr_listening": -0.023890048265457153, "corr_reading": -0.004608501680195332, "p_listening": 0.893, "p_reading": 0.534, "barbin": 0, "rgb": "#000000", "zyx": [15, 58, 56]}