{"timescalecorr": 1.869451989477966e-05, "corr_listening": 0.03289487957954407, "corr_reading": -0.0057339658960700035, "p_listening": 0.291, "p_reading": 0.542, "barbin": 0, "rgb": "#000000", "zyx": [21, 56, 58]}