{"timescalecorr": 0.0017803364899009466, "corr_listening": 0.06300473213195801, "corr_reading": 0.029802504926919937, "p_listening": 0.158, "p_reading": 0.27, "barbin": 0, "rgb": "#000000", "zyx": [14, 59, 73]}