{"timescalecorr": 0.0029065022245049477, "corr_listening": 0.18652647733688354, "corr_reading": 0.11268819123506546, "p_listening": 0.0, "p_reading": 0.003, "barbin": 1, "rgb": "#000000", "zyx": [13, 59, 28]}