{"timescalecorr": 0.11595185101032257, "corr_listening": -0.04441089928150177, "corr_reading": 0.0170455239713192, "p_listening": 0.77, "p_reading": 0.398, "barbin": 0, "rgb": "#000000", "zyx": [19, 56, 57]}