{"timescalecorr": 0.21028214693069458, "corr_listening": 0.2724677622318268, "corr_reading": -0.04752735793590546, "p_listening": 0.0, "p_reading": 0.817, "barbin": 1, "rgb": "#000000", "zyx": [12, 84, 46]}