{"timescalecorr": 0.11193747073411942, "corr_listening": -0.00012710160808637738, "corr_reading": 0.019231777638196945, "p_listening": 0.716, "p_reading": 0.357, "barbin": 0, "rgb": "#000000", "zyx": [14, 50, 76]}