{"timescalecorr": 0.9888850450515747, "corr_listening": 0.08903041481971741, "corr_reading": -0.04583410173654556, "p_listening": 0.066, "p_reading": 0.8, "barbin": 0, "rgb": "#000000", "zyx": [16, 24, 33]}