{"timescalecorr": 0.6699761152267456, "corr_listening": -0.049946412444114685, "corr_reading": 0.04461047053337097, "p_listening": 0.831, "p_reading": 0.231, "barbin": 0, "rgb": "#000000", "zyx": [3, 73, 41]}