{"timescalecorr": 0.18505722284317017, "corr_listening": 0.039576705545186996, "corr_reading": -0.015049736946821213, "p_listening": 0.232, "p_reading": 0.62, "barbin": 0, "rgb": "#000000", "zyx": [18, 60, 47]}