{"timescalecorr": 0.4972955584526062, "corr_listening": 0.030033361166715622, "corr_reading": 0.014871197752654552, "p_listening": 0.307, "p_reading": 0.366, "barbin": 0, "rgb": "#000000", "zyx": [6, 70, 63]}