{"timescalecorr": 0.17579303681850433, "corr_listening": 0.07031401246786118, "corr_reading": 0.2864970862865448, "p_listening": 0.06, "p_reading": 0.0, "barbin": 2, "rgb": "#000000", "zyx": [9, 52, 30]}