{"timescalecorr": 1.1651356999209384e-06, "corr_listening": 0.057792242616415024, "corr_reading": -0.08238214254379272, "p_listening": 0.155, "p_reading": 0.964, "barbin": 0, "rgb": "#000000", "zyx": [21, 78, 47]}