{"timescalecorr": 0.19543465971946716, "corr_listening": 0.0034043481573462486, "corr_reading": -0.10531512647867203, "p_listening": 0.477, "p_reading": 0.995, "barbin": 0, "rgb": "#000000", "zyx": [10, 38, 50]}