{"timescalecorr": 0.977027952671051, "corr_listening": 0.33277931809425354, "corr_reading": 0.10310900211334229, "p_listening": 0.0, "p_reading": 0.03, "barbin": 3, "rgb": "#000000", "zyx": [20, 44, 69]}