{"timescalecorr": 0.003993313293904066, "corr_listening": -0.050297968089580536, "corr_reading": 0.040456321090459824, "p_listening": 0.83, "p_reading": 0.162, "barbin": 0, "rgb": "#000000", "zyx": [8, 95, 55]}