{"timescalecorr": 0.06592138856649399, "corr_listening": 0.11885327845811844, "corr_reading": -0.0015911574009805918, "p_listening": 0.007, "p_reading": 0.513, "barbin": 0, "rgb": "#000000", "zyx": [22, 35, 47]}