{"timescalecorr": 4.432500119575704e-15, "corr_listening": 0.07454545050859451, "corr_reading": 0.0631776824593544, "p_listening": 0.054, "p_reading": 0.128, "barbin": 0, "rgb": "#000000", "zyx": [12, 81, 28]}