{"timescalecorr": 0.0, "corr_listening": 0.005011276807636023, "corr_reading": 0.015867307782173157, "p_listening": 0.35, "p_reading": 0.326, "barbin": 0, "rgb": "#000000", "zyx": [20, 62, 27]}