{"timescalecorr": 0.885016679763794, "corr_listening": 0.06328056752681732, "corr_reading": -0.10053598135709763, "p_listening": 0.139, "p_reading": 0.948, "barbin": 0, "rgb": "#000000", "zyx": [21, 73, 38]}