{"timescalecorr": 0.0, "corr_listening": -0.00027409204631112516, "corr_reading": 0.003143677022308111, "p_listening": 0.595, "p_reading": 0.451, "barbin": 0, "rgb": "#000000", "zyx": [7, 82, 64]}