{"timescalecorr": 0.0, "corr_listening": -0.06606288254261017, "corr_reading": -0.03680197522044182, "p_listening": 0.955, "p_reading": 0.721, "barbin": 0, "rgb": "#000000", "zyx": [20, 77, 66]}