{"timescalecorr": 0.6676996350288391, "corr_listening": 0.3624017834663391, "corr_reading": 0.2419547140598297, "p_listening": 0.0, "p_reading": 0.0, "barbin": 4, "rgb": "#000000", "zyx": [14, 74, 55]}