{"timescalecorr": 0.20822320878505707, "corr_listening": 0.06943940371274948, "corr_reading": 0.08942478895187378, "p_listening": 0.133, "p_reading": 0.045, "barbin": 0, "rgb": "#000000", "zyx": [22, 33, 60]}