{"timescalecorr": 0.00011081402044510469, "corr_listening": -0.017551712691783905, "corr_reading": 0.005852868780493736, "p_listening": 0.655, "p_reading": 0.46, "barbin": 0, "rgb": "#000000", "zyx": [7, 64, 44]}