{"timescalecorr": 0.21559448540210724, "corr_listening": 0.16679367423057556, "corr_reading": 0.06265155971050262, "p_listening": 0.002, "p_reading": 0.053, "barbin": 1, "rgb": "#000000", "zyx": [17, 51, 50]}