{"timescalecorr": 0.08455384522676468, "corr_listening": -4.799477756023407e-05, "corr_reading": -0.003305920632556081, "p_listening": 0.524, "p_reading": 0.673, "barbin": 0, "rgb": "#000000", "zyx": [9, 63, 47]}