{"timescalecorr": 0.8899109363555908, "corr_listening": -0.02831864356994629, "corr_reading": -0.0011354570742696524, "p_listening": 0.692, "p_reading": 0.523, "barbin": 0, "rgb": "#000000", "zyx": [3, 88, 62]}