{"timescalecorr": 0.0287005677819252, "corr_listening": 0.012934424914419651, "corr_reading": 0.03415253758430481, "p_listening": 0.325, "p_reading": 0.277, "barbin": 0, "rgb": "#000000", "zyx": [6, 32, 45]}