{"timescalecorr": 0.040580958127975464, "corr_listening": 0.0032742200419306755, "corr_reading": 0.04002160578966141, "p_listening": 0.471, "p_reading": 0.229, "barbin": 0, "rgb": "#000000", "zyx": [8, 58, 59]}