{"timescalecorr": 0.05792919173836708, "corr_listening": 0.0768805667757988, "corr_reading": -0.04901620000600815, "p_listening": 0.082, "p_reading": 0.791, "barbin": 0, "rgb": "#000000", "zyx": [2, 44, 71]}