{"timescalecorr": 0.0009484047768637538, "corr_listening": -0.09492088109254837, "corr_reading": 0.03742382302880287, "p_listening": 0.957, "p_reading": 0.291, "barbin": 0, "rgb": "#000000", "zyx": [1, 39, 36]}