{"timescalecorr": 0.23118755221366882, "corr_listening": 0.25750184059143066, "corr_reading": 0.03683122619986534, "p_listening": 0.0, "p_reading": 0.255, "barbin": 1, "rgb": "#000000", "zyx": [22, 54, 41]}