{"timescalecorr": 0.8363733291625977, "corr_listening": 0.0023695454001426697, "corr_reading": 0.014112075790762901, "p_listening": 0.467, "p_reading": 0.399, "barbin": 0, "rgb": "#000000", "zyx": [6, 74, 32]}