{"timescalecorr": 0.23526160418987274, "corr_listening": -0.0011685981880873442, "corr_reading": -0.007784415036439896, "p_listening": 0.682, "p_reading": 0.574, "barbin": 0, "rgb": "#000000", "zyx": [8, 61, 80]}