{"timescalecorr": 0.00010800778545672074, "corr_listening": -0.12809427082538605, "corr_reading": 0.10369816422462463, "p_listening": 0.983, "p_reading": 0.015, "barbin": 0, "rgb": "#000000", "zyx": [5, 68, 39]}