{"timescalecorr": 0.001675016013905406, "corr_listening": 0.08149132132530212, "corr_reading": -0.08017311245203018, "p_listening": 0.085, "p_reading": 0.929, "barbin": 0, "rgb": "#000000", "zyx": [10, 69, 45]}