{"timescalecorr": 0.35718241333961487, "corr_listening": 0.10766725242137909, "corr_reading": 0.023217063397169113, "p_listening": 0.013, "p_reading": 0.371, "barbin": 0, "rgb": "#000000", "zyx": [13, 42, 74]}