{"timescalecorr": 0.005810607690364122, "corr_listening": 0.18616525828838348, "corr_reading": 0.0880107581615448, "p_listening": 0.0, "p_reading": 0.054, "barbin": 1, "rgb": "#000000", "zyx": [3, 76, 75]}