{"timescalecorr": 0.6237272620201111, "corr_listening": 0.15751701593399048, "corr_reading": 0.17540690302848816, "p_listening": 0.004, "p_reading": 0.002, "barbin": 2, "rgb": "#000000", "zyx": [10, 46, 73]}