{"timescalecorr": 0.8319433331489563, "corr_listening": 0.11587835848331451, "corr_reading": -0.013573285192251205, "p_listening": 0.031, "p_reading": 0.6, "barbin": 0, "rgb": "#000000", "zyx": [5, 62, 66]}