{"timescalecorr": 0.6252279281616211, "corr_listening": -0.05458112061023712, "corr_reading": 0.02611789107322693, "p_listening": 0.828, "p_reading": 0.331, "barbin": 0, "rgb": "#000000", "zyx": [16, 64, 61]}