{"timescalecorr": 0.9986723065376282, "corr_listening": 0.07964091002941132, "corr_reading": -0.018786737695336342, "p_listening": 0.09, "p_reading": 0.632, "barbin": 0, "rgb": "#000000", "zyx": [3, 86, 72]}