{"timescalecorr": 0.9999954104423523, "corr_listening": -0.034213848412036896, "corr_reading": -0.03691737726330757, "p_listening": 0.732, "p_reading": 0.741, "barbin": 0, "rgb": "#000000", "zyx": [23, 55, 69]}