{"timescalecorr": 0.038289863616228104, "corr_listening": 0.09817119687795639, "corr_reading": -0.02007484994828701, "p_listening": 0.047, "p_reading": 0.635, "barbin": 0, "rgb": "#000000", "zyx": [11, 93, 52]}