{"timescalecorr": 0.5322471261024475, "corr_listening": 0.19562259316444397, "corr_reading": 0.03548099473118782, "p_listening": 0.0, "p_reading": 0.279, "barbin": 1, "rgb": "#000000", "zyx": [10, 44, 71]}