{"timescalecorr": 0.9229270815849304, "corr_listening": 0.06809191405773163, "corr_reading": 0.017554577440023422, "p_listening": 0.102, "p_reading": 0.371, "barbin": 0, "rgb": "#000000", "zyx": [13, 52, 51]}