{"timescalecorr": 0.0014654777478426695, "corr_listening": 0.0810377448797226, "corr_reading": 0.038548730313777924, "p_listening": 0.052, "p_reading": 0.249, "barbin": 0, "rgb": "#000000", "zyx": [18, 47, 73]}