{"timescalecorr": 7.142324953690604e-09, "corr_listening": 0.07325750589370728, "corr_reading": 0.019389141350984573, "p_listening": 0.083, "p_reading": 0.384, "barbin": 0, "rgb": "#000000", "zyx": [22, 66, 37]}