{"timescalecorr": 0.02208712510764599, "corr_listening": -0.059539634734392166, "corr_reading": 0.07633629441261292, "p_listening": 0.95, "p_reading": 0.002, "barbin": 0, "rgb": "#000000", "zyx": [7, 82, 40]}