{"timescalecorr": 0.14056679606437683, "corr_listening": -0.023533079773187637, "corr_reading": -0.015286405570805073, "p_listening": 0.697, "p_reading": 0.615, "barbin": 0, "rgb": "#000000", "zyx": [18, 30, 33]}