{"timescalecorr": 0.0069777946919202805, "corr_listening": 0.03460624814033508, "corr_reading": -0.012749501504004002, "p_listening": 0.264, "p_reading": 0.691, "barbin": 0, "rgb": "#000000", "zyx": [12, 43, 42]}