{"timescalecorr": 0.52837735414505, "corr_listening": -0.06162193417549133, "corr_reading": 0.08719586580991745, "p_listening": 0.848, "p_reading": 0.044, "barbin": 0, "rgb": "#000000", "zyx": [13, 43, 65]}