{"timescalecorr": 6.890877557452768e-06, "corr_listening": -0.020152350887656212, "corr_reading": 0.08879696577787399, "p_listening": 0.849, "p_reading": 0.058, "barbin": 0, "rgb": "#000000", "zyx": [11, 73, 80]}