{"timescalecorr": 0.6156502366065979, "corr_listening": 0.20033465325832367, "corr_reading": 0.15609371662139893, "p_listening": 0.0, "p_reading": 0.001, "barbin": 2, "rgb": "#000000", "zyx": [9, 75, 48]}