{"timescalecorr": 0.022760696709156036, "corr_listening": -0.004336172249168158, "corr_reading": 0.056942764669656754, "p_listening": 0.526, "p_reading": 0.147, "barbin": 0, "rgb": "#000000", "zyx": [5, 59, 70]}