{"timescalecorr": 1.4850523832573084e-14, "corr_listening": -0.046676479279994965, "corr_reading": -0.04079759120941162, "p_listening": 0.788, "p_reading": 0.745, "barbin": 0, "rgb": "#000000", "zyx": [2, 53, 34]}