{"timescalecorr": 0.0, "corr_listening": -0.04572628438472748, "corr_reading": 0.021885383874177933, "p_listening": 0.788, "p_reading": 0.339, "barbin": 0, "rgb": "#000000", "zyx": [26, 61, 42]}