{"timescalecorr": 1.0009358897278275e-09, "corr_listening": 0.00016073306323960423, "corr_reading": -0.0017816899344325066, "p_listening": 0.495, "p_reading": 0.616, "barbin": 0, "rgb": "#000000", "zyx": [11, 16, 44]}