{"timescalecorr": 0.055792186409235, "corr_listening": -0.00824479479342699, "corr_reading": 0.007870517671108246, "p_listening": 0.917, "p_reading": 0.441, "barbin": 0, "rgb": "#000000", "zyx": [15, 22, 40]}