{"timescalecorr": 0.0010376255959272385, "corr_listening": -0.01163476798683405, "corr_reading": -0.012845765799283981, "p_listening": 0.761, "p_reading": 0.606, "barbin": 0, "rgb": "#000000", "zyx": [19, 26, 65]}