{"timescalecorr": 0.34671589732170105, "corr_listening": -0.014605381526052952, "corr_reading": 0.10080907493829727, "p_listening": 0.604, "p_reading": 0.001, "barbin": 0, "rgb": "#000000", "zyx": [1, 87, 46]}