{"timescalecorr": 0.8753729462623596, "corr_listening": 0.07666721940040588, "corr_reading": 0.011499151587486267, "p_listening": 0.087, "p_reading": 0.368, "barbin": 0, "rgb": "#000000", "zyx": [24, 67, 52]}