{"timescalecorr": 4.0307863855559845e-06, "corr_listening": 0.07542677223682404, "corr_reading": -0.00815341342240572, "p_listening": 0.117, "p_reading": 0.583, "barbin": 0, "rgb": "#000000", "zyx": [9, 49, 52]}