{"timescalecorr": 0.16037176549434662, "corr_listening": 0.03144516795873642, "corr_reading": -0.06102009490132332, "p_listening": 0.272, "p_reading": 0.896, "barbin": 0, "rgb": "#000000", "zyx": [23, 56, 49]}