{"timescalecorr": 0.6238613128662109, "corr_listening": 0.04683519899845123, "corr_reading": 0.08765242248773575, "p_listening": 0.192, "p_reading": 0.061, "barbin": 0, "rgb": "#000000", "zyx": [16, 59, 78]}