{"timescalecorr": 0.006585290655493736, "corr_listening": -0.013909672386944294, "corr_reading": -0.02695302851498127, "p_listening": 0.747, "p_reading": 0.671, "barbin": 0, "rgb": "#000000", "zyx": [13, 57, 70]}