{"timescalecorr": 1.7183119780384004e-05, "corr_listening": -0.022398406639695168, "corr_reading": 0.21603965759277344, "p_listening": 0.659, "p_reading": 0.0, "barbin": 0, "rgb": "#000000", "zyx": [2, 69, 70]}