{"timescalecorr": 0.9931513667106628, "corr_listening": 0.05849239602684975, "corr_reading": 0.02315947413444519, "p_listening": 0.176, "p_reading": 0.324, "barbin": 0, "rgb": "#000000", "zyx": [15, 66, 62]}