{"timescalecorr": 0.0, "corr_listening": -0.013761856593191624, "corr_reading": 0.04713352769613266, "p_listening": 0.98, "p_reading": 0.199, "barbin": 0, "rgb": "#000000", "zyx": [12, 37, 55]}