{"timescalecorr": 0.7984521389007568, "corr_listening": 0.12659166753292084, "corr_reading": 0.055782705545425415, "p_listening": 0.027, "p_reading": 0.203, "barbin": 0, "rgb": "#000000", "zyx": [14, 24, 53]}