{"timescalecorr": 0.24345925450325012, "corr_listening": -0.04879309982061386, "corr_reading": -0.02444833144545555, "p_listening": 0.791, "p_reading": 0.777, "barbin": 0, "rgb": "#000000", "zyx": [5, 55, 38]}