{"timescalecorr": 0.7234435677528381, "corr_listening": 0.0411834716796875, "corr_reading": -0.15012112259864807, "p_listening": 0.166, "p_reading": 0.994, "barbin": 0, "rgb": "#000000", "zyx": [13, 51, 24]}