{"timescalecorr": 0.05339200794696808, "corr_listening": -0.0016637112712487578, "corr_reading": 0.00014826797996647656, "p_listening": 0.496, "p_reading": 0.497, "barbin": 0, "rgb": "#000000", "zyx": [19, 83, 65]}