{"timescalecorr": 0.04191824421286583, "corr_listening": 0.04509378969669342, "corr_reading": 0.02064627595245838, "p_listening": 0.209, "p_reading": 0.366, "barbin": 0, "rgb": "#000000", "zyx": [19, 78, 70]}