{"timescalecorr": 8.241790055762976e-06, "corr_listening": -0.030957762151956558, "corr_reading": 0.08978697657585144, "p_listening": 0.723, "p_reading": 0.052, "barbin": 0, "rgb": "#000000", "zyx": [15, 74, 66]}