{"timescalecorr": 0.0, "corr_listening": -0.08583562076091766, "corr_reading": 0.25234994292259216, "p_listening": 0.988, "p_reading": 0.0, "barbin": 0, "rgb": "#000000", "zyx": [5, 80, 36]}