{"timescalecorr": 0.7189229130744934, "corr_listening": -0.07226493209600449, "corr_reading": -0.06204312667250633, "p_listening": 0.928, "p_reading": 0.84, "barbin": 0, "rgb": "#000000", "zyx": [13, 32, 56]}