{"timescalecorr": 0.06526120007038116, "corr_listening": -0.041201625019311905, "corr_reading": 0.04621969163417816, "p_listening": 0.766, "p_reading": 0.231, "barbin": 0, "rgb": "#000000", "zyx": [8, 25, 55]}