{"timescalecorr": 0.18196040391921997, "corr_listening": -0.021137401461601257, "corr_reading": 0.01987883821129799, "p_listening": 0.639, "p_reading": 0.352, "barbin": 0, "rgb": "#000000", "zyx": [17, 38, 32]}