{"timescalecorr": 0.49209561944007874, "corr_listening": -0.04088370501995087, "corr_reading": -0.07934649288654327, "p_listening": 0.761, "p_reading": 0.91, "barbin": 0, "rgb": "#000000", "zyx": [9, 25, 53]}