{"timescalecorr": 0.5238039493560791, "corr_listening": -0.01344061829149723, "corr_reading": 0.12235958129167557, "p_listening": 0.605, "p_reading": 0.011, "barbin": 0, "rgb": "#000000", "zyx": [3, 66, 32]}