{"timescalecorr": 0.8995092511177063, "corr_listening": 0.01665768399834633, "corr_reading": 0.11055683344602585, "p_listening": 0.382, "p_reading": 0.025, "barbin": 0, "rgb": "#000000", "zyx": [18, 78, 70]}