{"timescalecorr": 4.856668965658173e-05, "corr_listening": 0.04909152165055275, "corr_reading": -0.056864216923713684, "p_listening": 0.188, "p_reading": 0.889, "barbin": 0, "rgb": "#000000", "zyx": [6, 89, 56]}