{"timescalecorr": 0.0061371829360723495, "corr_listening": 0.03553227335214615, "corr_reading": 0.053654905408620834, "p_listening": 0.042, "p_reading": 0.157, "barbin": 0, "rgb": "#000000", "zyx": [9, 30, 50]}