{"timescalecorr": 3.207312815334262e-08, "corr_listening": -0.042952850461006165, "corr_reading": -0.0031758411787450314, "p_listening": 0.76, "p_reading": 0.531, "barbin": 0, "rgb": "#000000", "zyx": [19, 79, 67]}