{"timescalecorr": 0.8746790289878845, "corr_listening": 0.11475037783384323, "corr_reading": 0.03360939025878906, "p_listening": 0.019, "p_reading": 0.132, "barbin": 0, "rgb": "#000000", "zyx": [11, 21, 47]}