{"timescalecorr": 0.03601192310452461, "corr_listening": 0.020648278295993805, "corr_reading": 0.019579581916332245, "p_listening": 0.269, "p_reading": 0.353, "barbin": 0, "rgb": "#000000", "zyx": [23, 31, 56]}