{"timescalecorr": 0.26212194561958313, "corr_listening": 0.14080727100372314, "corr_reading": 0.1015133187174797, "p_listening": 0.001, "p_reading": 0.002, "barbin": 1, "rgb": "#000000", "zyx": [8, 85, 38]}