{"timescalecorr": 0.7431861162185669, "corr_listening": 0.10206594318151474, "corr_reading": 0.10134656727313995, "p_listening": 0.034, "p_reading": 0.023, "barbin": 1, "rgb": "#000000", "zyx": [19, 46, 67]}