{"timescalecorr": 0.6316741108894348, "corr_listening": -0.0211727824062109, "corr_reading": 0.05623538792133331, "p_listening": 0.664, "p_reading": 0.164, "barbin": 0, "rgb": "#000000", "zyx": [17, 28, 36]}