{"timescalecorr": 8.256777073256671e-05, "corr_listening": 0.17752261459827423, "corr_reading": 0.10493337363004684, "p_listening": 0.001, "p_reading": 0.037, "barbin": 1, "rgb": "#000000", "zyx": [18, 73, 32]}