{"timescalecorr": 2.288879477418959e-05, "corr_listening": -0.0022648365702480078, "corr_reading": -0.06144089996814728, "p_listening": 0.594, "p_reading": 0.889, "barbin": 0, "rgb": "#000000", "zyx": [2, 44, 59]}