{"timescalecorr": 0.25971758365631104, "corr_listening": 0.05151598900556564, "corr_reading": -0.07463550567626953, "p_listening": 0.203, "p_reading": 0.95, "barbin": 0, "rgb": "#000000", "zyx": [12, 29, 33]}