{"timescalecorr": 0.9694519639015198, "corr_listening": 0.05167967081069946, "corr_reading": 0.11060867458581924, "p_listening": 0.058, "p_reading": 0.027, "barbin": 0, "rgb": "#000000", "zyx": [16, 80, 69]}