{"timescalecorr": 5.2686218623421155e-06, "corr_listening": 0.0005292751593515277, "corr_reading": -0.06123148277401924, "p_listening": 0.047, "p_reading": 0.854, "barbin": 0, "rgb": "#000000", "zyx": [13, 35, 38]}