{"timescalecorr": 0.8050544857978821, "corr_listening": -0.08246299624443054, "corr_reading": -0.0505157969892025, "p_listening": 0.919, "p_reading": 0.816, "barbin": 0, "rgb": "#000000", "zyx": [12, 38, 75]}