{"timescalecorr": 0.01065052580088377, "corr_listening": 0.08453391492366791, "corr_reading": 0.013091372326016426, "p_listening": 0.031, "p_reading": 0.384, "barbin": 0, "rgb": "#000000", "zyx": [17, 78, 69]}