{"timescalecorr": 0.5533212423324585, "corr_listening": 0.01606070250272751, "corr_reading": 0.059394001960754395, "p_listening": 0.0, "p_reading": 0.124, "barbin": 0, "rgb": "#000000", "zyx": [21, 37, 47]}