{"timescalecorr": 0.72663813829422, "corr_listening": 0.03353976458311081, "corr_reading": 0.005677836947143078, "p_listening": 0.092, "p_reading": 0.463, "barbin": 0, "rgb": "#000000", "zyx": [10, 83, 29]}