{"timescalecorr": 0.025022175163030624, "corr_listening": 0.06353048980236053, "corr_reading": 0.006605103146284819, "p_listening": 0.144, "p_reading": 0.446, "barbin": 0, "rgb": "#000000", "zyx": [18, 83, 50]}