{"timescalecorr": 0.827138364315033, "corr_listening": -0.08822476863861084, "corr_reading": -0.035437047481536865, "p_listening": 0.938, "p_reading": 0.765, "barbin": 0, "rgb": "#000000", "zyx": [19, 29, 67]}