{"timescalecorr": 0.0002156930713681504, "corr_listening": 0.15438972413539886, "corr_reading": 0.004744980484247208, "p_listening": 0.004, "p_reading": 0.149, "barbin": 0, "rgb": "#000000", "zyx": [0, 88, 64]}