{"timescalecorr": 0.06888343393802643, "corr_listening": -0.03087826445698738, "corr_reading": 0.018008138984441757, "p_listening": 0.692, "p_reading": 0.409, "barbin": 0, "rgb": "#000000", "zyx": [21, 74, 45]}