{"timescalecorr": 0.47392451763153076, "corr_listening": 0.008150305598974228, "corr_reading": 0.037308014929294586, "p_listening": 0.059, "p_reading": 0.208, "barbin": 0, "rgb": "#000000", "zyx": [4, 79, 70]}