{"timescalecorr": 1.9429997337283567e-05, "corr_listening": 0.04566682502627373, "corr_reading": -0.0042686001397669315, "p_listening": 0.183, "p_reading": 0.56, "barbin": 0, "rgb": "#000000", "zyx": [3, 56, 68]}