{"timescalecorr": 0.0018174488795921206, "corr_listening": -0.05159706994891167, "corr_reading": 0.14318960905075073, "p_listening": 0.806, "p_reading": 0.005, "barbin": 0, "rgb": "#000000", "zyx": [7, 81, 63]}