{"timescalecorr": 0.0003642541414592415, "corr_listening": 0.010416345670819283, "corr_reading": 0.024073947221040726, "p_listening": 0.161, "p_reading": 0.33, "barbin": 0, "rgb": "#000000", "zyx": [20, 20, 53]}