{"timescalecorr": 0.22659963369369507, "corr_listening": -0.05511981248855591, "corr_reading": 0.022971052676439285, "p_listening": 0.871, "p_reading": 0.334, "barbin": 0, "rgb": "#000000", "zyx": [10, 53, 34]}