{"timescalecorr": 3.2849843591975514e-06, "corr_listening": 0.008306987583637238, "corr_reading": 0.028254834935069084, "p_listening": 0.266, "p_reading": 0.083, "barbin": 0, "rgb": "#000000", "zyx": [10, 85, 47]}