{"timescalecorr": 0.00038246475742198527, "corr_listening": 0.09356433898210526, "corr_reading": 0.1207517609000206, "p_listening": 0.054, "p_reading": 0.023, "barbin": 1, "rgb": "#000000", "zyx": [18, 54, 46]}