{"timescalecorr": 0.026087025180459023, "corr_listening": -0.027788881212472916, "corr_reading": 0.0313420370221138, "p_listening": 0.716, "p_reading": 0.315, "barbin": 0, "rgb": "#000000", "zyx": [4, 59, 79]}