{"timescalecorr": 0.14662040770053864, "corr_listening": 0.11901716887950897, "corr_reading": 0.104368656873703, "p_listening": 0.0, "p_reading": 0.014, "barbin": 1, "rgb": "#000000", "zyx": [12, 23, 51]}