{"timescalecorr": 6.513478645331361e-09, "corr_listening": -0.0719323679804802, "corr_reading": 0.06055549904704094, "p_listening": 0.89, "p_reading": 0.143, "barbin": 0, "rgb": "#000000", "zyx": [13, 50, 50]}