{"timescalecorr": 0.6816843152046204, "corr_listening": 0.03940044343471527, "corr_reading": 0.11572866141796112, "p_listening": 0.237, "p_reading": 0.023, "barbin": 0, "rgb": "#000000", "zyx": [3, 43, 31]}