{"timescalecorr": 0.9962384104728699, "corr_listening": -0.08317942172288895, "corr_reading": 0.03304595127701759, "p_listening": 0.923, "p_reading": 0.055, "barbin": 0, "rgb": "#000000", "zyx": [2, 59, 36]}