{"timescalecorr": 0.5953500866889954, "corr_listening": -0.033430613577365875, "corr_reading": -0.13579732179641724, "p_listening": 0.977, "p_reading": 0.994, "barbin": 0, "rgb": "#000000", "zyx": [26, 39, 48]}