{"timescalecorr": 0.004920281004160643, "corr_listening": 0.009259502403438091, "corr_reading": 0.0225057490170002, "p_listening": 0.25, "p_reading": 0.375, "barbin": 0, "rgb": "#000000", "zyx": [16, 76, 48]}