{"timescalecorr": 0.014912784099578857, "corr_listening": -0.005113415420055389, "corr_reading": 0.15498429536819458, "p_listening": 0.592, "p_reading": 0.004, "barbin": 0, "rgb": "#000000", "zyx": [23, 41, 55]}