{"timescalecorr": 4.450901542440988e-06, "corr_listening": -0.14995576441287994, "corr_reading": -0.028300456702709198, "p_listening": 0.995, "p_reading": 0.691, "barbin": 0, "rgb": "#000000", "zyx": [6, 37, 72]}