{"timescalecorr": 1.6788626695449227e-14, "corr_listening": 0.014863630756735802, "corr_reading": 0.03733936324715614, "p_listening": 0.432, "p_reading": 0.253, "barbin": 0, "rgb": "#000000", "zyx": [13, 52, 30]}