{"timescalecorr": 0.06757491827011108, "corr_listening": -0.00786543544381857, "corr_reading": 0.05734658241271973, "p_listening": 0.577, "p_reading": 0.103, "barbin": 0, "rgb": "#000000", "zyx": [19, 74, 67]}