{"timescalecorr": 0.023798711597919464, "corr_listening": 0.009853605180978775, "corr_reading": -0.040707558393478394, "p_listening": 0.416, "p_reading": 0.826, "barbin": 0, "rgb": "#000000", "zyx": [17, 44, 70]}