{"timescalecorr": 2.294133992108982e-05, "corr_listening": -0.019061313942074776, "corr_reading": 0.0060296510346233845, "p_listening": 0.811, "p_reading": 0.435, "barbin": 0, "rgb": "#000000", "zyx": [16, 65, 49]}