{"timescalecorr": 0.0845315158367157, "corr_listening": -0.01407909207046032, "corr_reading": -0.26515182852745056, "p_listening": 0.643, "p_reading": 0.999, "barbin": 0, "rgb": "#000000", "zyx": [23, 29, 56]}