{"timescalecorr": 0.06644417345523834, "corr_listening": -0.07731969654560089, "corr_reading": 0.005268499720841646, "p_listening": 0.902, "p_reading": 0.399, "barbin": 0, "rgb": "#000000", "zyx": [21, 77, 58]}