{"timescalecorr": 0.23997411131858826, "corr_listening": 0.1493043601512909, "corr_reading": 0.006421361118555069, "p_listening": 0.007, "p_reading": 0.469, "barbin": 0, "rgb": "#000000", "zyx": [15, 84, 50]}