{"timescalecorr": 0.002675823401659727, "corr_listening": -0.015703964978456497, "corr_reading": 0.02527778223156929, "p_listening": 0.907, "p_reading": 0.316, "barbin": 0, "rgb": "#000000", "zyx": [15, 77, 44]}