{"timescalecorr": 0.15788166224956512, "corr_listening": 0.1399761140346527, "corr_reading": 0.08409914374351501, "p_listening": 0.01, "p_reading": 0.071, "barbin": 1, "rgb": "#000000", "zyx": [17, 63, 31]}