{"timescalecorr": 0.11532841622829437, "corr_listening": -0.10986515134572983, "corr_reading": 0.017225580289959908, "p_listening": 0.957, "p_reading": 0.228, "barbin": 0, "rgb": "#000000", "zyx": [8, 65, 65]}