{"timescalecorr": 4.054868796288247e-08, "corr_listening": -0.045142292976379395, "corr_reading": 0.12052727490663528, "p_listening": 0.859, "p_reading": 0.026, "barbin": 0, "rgb": "#000000", "zyx": [14, 75, 39]}