{"timescalecorr": 0.9966210722923279, "corr_listening": 0.11890660226345062, "corr_reading": 0.17500923573970795, "p_listening": 0.019, "p_reading": 0.003, "barbin": 1, "rgb": "#000000", "zyx": [26, 48, 49]}