{"timescalecorr": 0.5396804809570312, "corr_listening": 0.0377919003367424, "corr_reading": -0.029155904427170753, "p_listening": 0.264, "p_reading": 0.911, "barbin": 0, "rgb": "#000000", "zyx": [18, 58, 70]}