{"timescalecorr": 0.07797625660896301, "corr_listening": -0.00013677160313818604, "corr_reading": 0.018985947594046593, "p_listening": 0.514, "p_reading": 0.31, "barbin": 0, "rgb": "#000000", "zyx": [5, 54, 66]}