{"timescalecorr": 0.9870175123214722, "corr_listening": 0.020535970106720924, "corr_reading": 0.25312602519989014, "p_listening": 0.275, "p_reading": 0.0, "barbin": 1, "rgb": "#000000", "zyx": [11, 45, 48]}