{"timescalecorr": 0.056956697255373, "corr_listening": 0.0006766833830624819, "corr_reading": -0.01766417920589447, "p_listening": 0.036, "p_reading": 0.863, "barbin": 0, "rgb": "#000000", "zyx": [17, 44, 58]}