{"timescalecorr": 0.12780031561851501, "corr_listening": 0.04727106913924217, "corr_reading": -0.1192769929766655, "p_listening": 0.215, "p_reading": 0.984, "barbin": 0, "rgb": "#000000", "zyx": [7, 58, 76]}