{"timescalecorr": 4.4627257011597976e-05, "corr_listening": 0.04769931733608246, "corr_reading": 0.011416113935410976, "p_listening": 0.212, "p_reading": 0.427, "barbin": 0, "rgb": "#000000", "zyx": [3, 77, 77]}