{"timescalecorr": 0.0, "corr_listening": -0.0020658003631979227, "corr_reading": 0.03447994217276573, "p_listening": 0.556, "p_reading": 0.257, "barbin": 0, "rgb": "#000000", "zyx": [15, 78, 60]}