{"timescalecorr": 0.17757104337215424, "corr_listening": 0.020859207957983017, "corr_reading": 0.0048196096904575825, "p_listening": 0.352, "p_reading": 0.065, "barbin": 0, "rgb": "#000000", "zyx": [6, 77, 52]}