{"timescalecorr": 0.01300180982798338, "corr_listening": -0.01351721491664648, "corr_reading": 0.025031546130776405, "p_listening": 0.596, "p_reading": 0.223, "barbin": 0, "rgb": "#000000", "zyx": [17, 56, 39]}