{"timescalecorr": 0.0010224274592474103, "corr_listening": 0.030948463827371597, "corr_reading": 0.11814700067043304, "p_listening": 0.23, "p_reading": 0.018, "barbin": 0, "rgb": "#000000", "zyx": [10, 37, 65]}