{"timescalecorr": 0.11590863019227982, "corr_listening": -0.019725607708096504, "corr_reading": -0.10871269553899765, "p_listening": 0.826, "p_reading": 0.965, "barbin": 0, "rgb": "#000000", "zyx": [7, 58, 47]}