{"timescalecorr": 1.9973545306584128e-07, "corr_listening": 0.0697101578116417, "corr_reading": 0.047726064920425415, "p_listening": 0.118, "p_reading": 0.194, "barbin": 0, "rgb": "#000000", "zyx": [2, 89, 57]}