{"timescalecorr": 0.9652992486953735, "corr_listening": -0.06425809115171432, "corr_reading": 0.0932537093758583, "p_listening": 0.897, "p_reading": 0.063, "barbin": 0, "rgb": "#000000", "zyx": [13, 64, 65]}