{"timescalecorr": 2.6600636360285534e-08, "corr_listening": -0.05323561280965805, "corr_reading": -0.10597285628318787, "p_listening": 0.825, "p_reading": 0.964, "barbin": 0, "rgb": "#000000", "zyx": [15, 75, 61]}