{"timescalecorr": 0.08800245076417923, "corr_listening": 0.23117922246456146, "corr_reading": 0.36252444982528687, "p_listening": 0.0, "p_reading": 0.0, "barbin": 4, "rgb": "#000000", "zyx": [19, 30, 58]}