{"timescalecorr": 0.04735295847058296, "corr_listening": 0.2521548569202423, "corr_reading": -0.02170390635728836, "p_listening": 0.0, "p_reading": 0.69, "barbin": 1, "rgb": "#000000", "zyx": [12, 85, 46]}