{"timescalecorr": 4.018606887257192e-06, "corr_listening": 0.165554940700531, "corr_reading": 0.018741900101304054, "p_listening": 0.006, "p_reading": 0.362, "barbin": 0, "rgb": "#000000", "zyx": [11, 63, 35]}