{"timescalecorr": 0.4520222544670105, "corr_listening": 0.17521533370018005, "corr_reading": 0.14316760003566742, "p_listening": 0.001, "p_reading": 0.0, "barbin": 2, "rgb": "#000000", "zyx": [10, 74, 73]}