{"timescalecorr": 6.622843557124725e-06, "corr_listening": 0.07331886887550354, "corr_reading": 0.0913732647895813, "p_listening": 0.106, "p_reading": 0.057, "barbin": 0, "rgb": "#000000", "zyx": [3, 61, 67]}