{"timescalecorr": 9.61168552748859e-06, "corr_listening": -0.003783928230404854, "corr_reading": 0.001933525432832539, "p_listening": 0.539, "p_reading": 0.38, "barbin": 0, "rgb": "#000000", "zyx": [12, 18, 39]}