{"timescalecorr": 0.6106264591217041, "corr_listening": 0.3550162613391876, "corr_reading": 0.13529753684997559, "p_listening": 0.0, "p_reading": 0.001, "barbin": 3, "rgb": "#000000", "zyx": [6, 73, 72]}