{"timescalecorr": 0.5433340072631836, "corr_listening": 0.027494709938764572, "corr_reading": 0.06913837045431137, "p_listening": 0.326, "p_reading": 0.116, "barbin": 0, "rgb": "#000000", "zyx": [2, 74, 32]}