{"timescalecorr": 1.4204718290500296e-08, "corr_listening": -0.0035881735384464264, "corr_reading": -0.008066745474934578, "p_listening": 0.548, "p_reading": 0.563, "barbin": 0, "rgb": "#000000", "zyx": [9, 87, 34]}