{"timescalecorr": 0.0002280046173837036, "corr_listening": -0.03237216919660568, "corr_reading": 0.16560512781143188, "p_listening": 0.719, "p_reading": 0.005, "barbin": 0, "rgb": "#000000", "zyx": [23, 63, 63]}