{"timescalecorr": 0.0034758879337459803, "corr_listening": 0.10676834732294083, "corr_reading": -0.03450246900320053, "p_listening": 0.03, "p_reading": 0.721, "barbin": 0, "rgb": "#000000", "zyx": [16, 64, 45]}