{"timescalecorr": 0.45619311928749084, "corr_listening": 0.285921573638916, "corr_reading": -0.02037985622882843, "p_listening": 0.0, "p_reading": 0.637, "barbin": 1, "rgb": "#000000", "zyx": [14, 76, 71]}