{"timescalecorr": 0.9549797177314758, "corr_listening": -0.07911483198404312, "corr_reading": 0.013635778799653053, "p_listening": 0.902, "p_reading": 0.38, "barbin": 0, "rgb": "#000000", "zyx": [8, 86, 49]}