{"timescalecorr": 0.02138199470937252, "corr_listening": -0.01535890158265829, "corr_reading": -0.005664100870490074, "p_listening": 0.618, "p_reading": 0.511, "barbin": 0, "rgb": "#000000", "zyx": [14, 74, 62]}