{"timescalecorr": 0.6675247550010681, "corr_listening": 0.016000347211956978, "corr_reading": 0.022550027817487717, "p_listening": 0.384, "p_reading": 0.332, "barbin": 0, "rgb": "#000000", "zyx": [6, 62, 75]}