{"timescalecorr": 0.09518828988075256, "corr_listening": -0.005065152421593666, "corr_reading": 0.010971366427838802, "p_listening": 0.54, "p_reading": 0.354, "barbin": 0, "rgb": "#000000", "zyx": [13, 85, 73]}