{"timescalecorr": 0.009952345862984657, "corr_listening": -0.040913693606853485, "corr_reading": 0.0038207131437957287, "p_listening": 0.772, "p_reading": 0.469, "barbin": 0, "rgb": "#000000", "zyx": [12, 88, 50]}