{"timescalecorr": 0.1781521439552307, "corr_listening": 0.13102024793624878, "corr_reading": 0.07687234878540039, "p_listening": 0.006, "p_reading": 0.083, "barbin": 1, "rgb": "#000000", "zyx": [4, 51, 28]}