{"timescalecorr": 0.02139383740723133, "corr_listening": 0.04517646133899689, "corr_reading": 0.002371744019910693, "p_listening": 0.252, "p_reading": 0.452, "barbin": 0, "rgb": "#000000", "zyx": [13, 45, 30]}