{"timescalecorr": 4.2538493289612234e-05, "corr_listening": 0.009472183883190155, "corr_reading": -0.040161099284887314, "p_listening": 0.388, "p_reading": 0.746, "barbin": 0, "rgb": "#000000", "zyx": [1, 50, 33]}