{"timescalecorr": 0.0007089250721037388, "corr_listening": 0.06011813506484032, "corr_reading": 0.010240357369184494, "p_listening": 0.011, "p_reading": 0.462, "barbin": 0, "rgb": "#000000", "zyx": [2, 50, 33]}