{"timescalecorr": 2.6231063694303995e-14, "corr_listening": 0.025316061452031136, "corr_reading": 0.04990517348051071, "p_listening": 0.339, "p_reading": 0.181, "barbin": 0, "rgb": "#000000", "zyx": [2, 53, 35]}