{"timescalecorr": 0.9736340045928955, "corr_listening": 0.4112856090068817, "corr_reading": 0.2768251299858093, "p_listening": 0.0, "p_reading": 0.0, "barbin": 4, "rgb": "#000000", "zyx": [16, 51, 68]}