{"timescalecorr": 5.06201843109011e-07, "corr_listening": -0.04592670127749443, "corr_reading": 0.10084885358810425, "p_listening": 0.83, "p_reading": 0.043, "barbin": 0, "rgb": "#000000", "zyx": [13, 40, 52]}