{"timescalecorr": 2.13343856469983e-10, "corr_listening": -0.0069691501557827, "corr_reading": -0.09059102088212967, "p_listening": 0.834, "p_reading": 0.942, "barbin": 0, "rgb": "#000000", "zyx": [9, 29, 37]}