{"timescalecorr": 0.027773791924118996, "corr_listening": -0.06325411051511765, "corr_reading": 0.027681948617100716, "p_listening": 0.858, "p_reading": 0.269, "barbin": 0, "rgb": "#000000", "zyx": [12, 44, 54]}