{"timescalecorr": 3.747947630472481e-05, "corr_listening": -0.004817476496100426, "corr_reading": 0.023603860288858414, "p_listening": 0.615, "p_reading": 0.338, "barbin": 0, "rgb": "#000000", "zyx": [7, 49, 37]}