{"timescalecorr": 0.0, "corr_listening": 0.022363632917404175, "corr_reading": -0.02574601210653782, "p_listening": 0.348, "p_reading": 0.674, "barbin": 0, "rgb": "#000000", "zyx": [8, 67, 55]}