{"timescalecorr": 0.004301172681152821, "corr_listening": 0.0648050531744957, "corr_reading": 0.024287590757012367, "p_listening": 0.03, "p_reading": 0.283, "barbin": 0, "rgb": "#000000", "zyx": [21, 75, 48]}