{"timescalecorr": 0.022162338718771935, "corr_listening": 0.09049782156944275, "corr_reading": -0.023608418181538582, "p_listening": 0.065, "p_reading": 0.643, "barbin": 0, "rgb": "#000000", "zyx": [2, 90, 63]}