{"timescalecorr": 0.023416763171553612, "corr_listening": -0.0007533931056968868, "corr_reading": 0.008524193428456783, "p_listening": 0.553, "p_reading": 0.269, "barbin": 0, "rgb": "#000000", "zyx": [15, 54, 72]}