{"timescalecorr": 0.002342406427487731, "corr_listening": -0.11643927544355392, "corr_reading": -0.047622330486774445, "p_listening": 0.976, "p_reading": 0.772, "barbin": 0, "rgb": "#000000", "zyx": [2, 41, 30]}