{"timescalecorr": 0.8009158372879028, "corr_listening": 0.10113388299942017, "corr_reading": -0.004799112677574158, "p_listening": 0.013, "p_reading": 0.506, "barbin": 0, "rgb": "#000000", "zyx": [17, 79, 44]}