{"timescalecorr": 0.8676227927207947, "corr_listening": 0.10899480432271957, "corr_reading": 0.13143548369407654, "p_listening": 0.009, "p_reading": 0.01, "barbin": 1, "rgb": "#000000", "zyx": [8, 55, 30]}