{"timescalecorr": 0.16973796486854553, "corr_listening": 0.18488624691963196, "corr_reading": 0.08755171298980713, "p_listening": 0.0, "p_reading": 0.057, "barbin": 1, "rgb": "#000000", "zyx": [9, 54, 77]}