{"timescalecorr": 0.020501844584941864, "corr_listening": 0.038007523864507675, "corr_reading": 0.030208095908164978, "p_listening": 0.17, "p_reading": 0.307, "barbin": 0, "rgb": "#000000", "zyx": [15, 58, 31]}