{"timescalecorr": 0.17810069024562836, "corr_listening": -0.0606219582259655, "corr_reading": -0.081525519490242, "p_listening": 0.874, "p_reading": 0.92, "barbin": 0, "rgb": "#000000", "zyx": [22, 54, 49]}