{"timescalecorr": 4.9895315896719694e-05, "corr_listening": 0.0008346264949068427, "corr_reading": -0.0008910372853279114, "p_listening": 0.511, "p_reading": 0.499, "barbin": 0, "rgb": "#000000", "zyx": [5, 39, 41]}