{"timescalecorr": 0.49923717975616455, "corr_listening": 0.0176111850887537, "corr_reading": 0.04744111746549606, "p_listening": 0.323, "p_reading": 0.111, "barbin": 0, "rgb": "#000000", "zyx": [10, 38, 66]}