{"timescalecorr": 0.6777840256690979, "corr_listening": 0.26830071210861206, "corr_reading": 0.17433033883571625, "p_listening": 0.0, "p_reading": 0.001, "barbin": 3, "rgb": "#000000", "zyx": [10, 73, 69]}