{"timescalecorr": 0.030209794640541077, "corr_listening": 0.19226068258285522, "corr_reading": 0.17247261106967926, "p_listening": 0.001, "p_reading": 0.0, "barbin": 2, "rgb": "#000000", "zyx": [15, 85, 69]}