{"timescalecorr": 0.07974850386381149, "corr_listening": 0.007919705472886562, "corr_reading": 0.00986755546182394, "p_listening": 0.449, "p_reading": 0.184, "barbin": 0, "rgb": "#000000", "zyx": [3, 48, 39]}