{"timescalecorr": 0.970404863357544, "corr_listening": 0.03351682424545288, "corr_reading": 0.16523665189743042, "p_listening": 0.283, "p_reading": 0.001, "barbin": 0, "rgb": "#000000", "zyx": [6, 42, 32]}