{"timescalecorr": 0.006309573072940111, "corr_listening": 0.03945404291152954, "corr_reading": 0.03672094643115997, "p_listening": 0.118, "p_reading": 0.229, "barbin": 0, "rgb": "#000000", "zyx": [14, 49, 27]}