{"timescalecorr": 0.03278784453868866, "corr_listening": 0.024953162297606468, "corr_reading": -0.04342392832040787, "p_listening": 0.338, "p_reading": 0.791, "barbin": 0, "rgb": "#000000", "zyx": [5, 64, 42]}