{"timescalecorr": 1.4221770470612682e-05, "corr_listening": -0.0458674356341362, "corr_reading": 0.007129208650439978, "p_listening": 0.811, "p_reading": 0.462, "barbin": 0, "rgb": "#000000", "zyx": [13, 55, 50]}