{"timescalecorr": 7.377296697086422e-06, "corr_listening": 0.06519457697868347, "corr_reading": 0.011090004816651344, "p_listening": 0.025, "p_reading": 0.271, "barbin": 0, "rgb": "#000000", "zyx": [24, 53, 67]}