{"timescalecorr": 0.9701821804046631, "corr_listening": 0.13728158175945282, "corr_reading": 0.13502749800682068, "p_listening": 0.006, "p_reading": 0.01, "barbin": 1, "rgb": "#000000", "zyx": [1, 72, 67]}