{"timescalecorr": 0.00022556344629265368, "corr_listening": -0.043123792856931686, "corr_reading": 0.07800577580928802, "p_listening": 0.88, "p_reading": 0.078, "barbin": 0, "rgb": "#000000", "zyx": [11, 67, 38]}