{"timescalecorr": 0.239889994263649, "corr_listening": -0.0798337534070015, "corr_reading": -0.038288410753011703, "p_listening": 0.929, "p_reading": 0.887, "barbin": 0, "rgb": "#000000", "zyx": [9, 90, 47]}