{"timescalecorr": 0.2550605833530426, "corr_listening": 0.10988165438175201, "corr_reading": 0.022727234289050102, "p_listening": 0.033, "p_reading": 0.347, "barbin": 0, "rgb": "#000000", "zyx": [21, 75, 70]}