{"timescalecorr": 0.8071784973144531, "corr_listening": 0.19432544708251953, "corr_reading": 0.06797737628221512, "p_listening": 0.0, "p_reading": 0.076, "barbin": 1, "rgb": "#000000", "zyx": [3, 45, 36]}