{"timescalecorr": 6.6400189098203555e-06, "corr_listening": 0.0035776253789663315, "corr_reading": 0.0005044859135523438, "p_listening": 0.432, "p_reading": 0.472, "barbin": 0, "rgb": "#000000", "zyx": [11, 19, 47]}