{"timescalecorr": 0.6888229846954346, "corr_listening": -0.10703205317258835, "corr_reading": 0.06744001060724258, "p_listening": 0.975, "p_reading": 0.002, "barbin": 0, "rgb": "#000000", "zyx": [8, 89, 41]}