{"timescalecorr": 2.6273206332978253e-18, "corr_listening": 0.11991086602210999, "corr_reading": -0.020936913788318634, "p_listening": 0.024, "p_reading": 0.673, "barbin": 0, "rgb": "#000000", "zyx": [20, 45, 30]}