{"timescalecorr": 6.489997161907013e-08, "corr_listening": -0.01225536223500967, "corr_reading": 0.003828959073871374, "p_listening": 0.602, "p_reading": 0.476, "barbin": 0, "rgb": "#000000", "zyx": [4, 89, 43]}