{"timescalecorr": 0.02499687485396862, "corr_listening": 0.11793725192546844, "corr_reading": 0.0029796091839671135, "p_listening": 0.007, "p_reading": 0.371, "barbin": 0, "rgb": "#000000", "zyx": [24, 65, 39]}