{"timescalecorr": 0.006675579119473696, "corr_listening": 0.03942839056253433, "corr_reading": -0.07035604119300842, "p_listening": 0.186, "p_reading": 0.892, "barbin": 0, "rgb": "#000000", "zyx": [11, 35, 56]}