{"timescalecorr": 1.6844291295115e-08, "corr_listening": -0.014696690253913403, "corr_reading": 0.008571342565119267, "p_listening": 0.609, "p_reading": 0.385, "barbin": 0, "rgb": "#000000", "zyx": [3, 87, 40]}