{"timescalecorr": 2.6461542802280746e-05, "corr_listening": -0.05592631176114082, "corr_reading": -0.010020321235060692, "p_listening": 0.803, "p_reading": 0.573, "barbin": 0, "rgb": "#000000", "zyx": [10, 38, 58]}