{"timescalecorr": 0.006214447785168886, "corr_listening": 0.010029327124357224, "corr_reading": 0.045744579285383224, "p_listening": 0.094, "p_reading": 0.233, "barbin": 0, "rgb": "#000000", "zyx": [8, 62, 67]}