{"timescalecorr": 0.01923857256770134, "corr_listening": -0.10790659487247467, "corr_reading": 0.07584953308105469, "p_listening": 0.969, "p_reading": 0.096, "barbin": 0, "rgb": "#000000", "zyx": [8, 40, 60]}