{"timescalecorr": 0.1439470499753952, "corr_listening": 0.01787991262972355, "corr_reading": 0.04507780820131302, "p_listening": 0.388, "p_reading": 0.009, "barbin": 0, "rgb": "#000000", "zyx": [5, 72, 55]}