{"timescalecorr": 0.002047852147370577, "corr_listening": 0.030360091477632523, "corr_reading": 0.06256470084190369, "p_listening": 0.322, "p_reading": 0.0, "barbin": 0, "rgb": "#000000", "zyx": [7, 76, 34]}