{"timescalecorr": 5.142662118373664e-08, "corr_listening": 0.04551644250750542, "corr_reading": 0.1399616152048111, "p_listening": 0.2, "p_reading": 0.007, "barbin": 0, "rgb": "#000000", "zyx": [19, 32, 47]}