{"timescalecorr": 0.10495724529027939, "corr_listening": -0.035127192735672, "corr_reading": 0.06301786750555038, "p_listening": 0.712, "p_reading": 0.112, "barbin": 0, "rgb": "#000000", "zyx": [3, 48, 73]}