{"timescalecorr": 0.12264129519462585, "corr_listening": 0.011719604022800922, "corr_reading": -0.07375670969486237, "p_listening": 0.421, "p_reading": 0.91, "barbin": 0, "rgb": "#000000", "zyx": [16, 54, 53]}