{"timescalecorr": 0.0010703206062316895, "corr_listening": -0.019395597279071808, "corr_reading": -0.18794995546340942, "p_listening": 0.661, "p_reading": 0.998, "barbin": 0, "rgb": "#000000", "zyx": [8, 82, 45]}