{"timescalecorr": 0.5267928242683411, "corr_listening": -0.01784859225153923, "corr_reading": 0.037505317479372025, "p_listening": 0.622, "p_reading": 0.211, "barbin": 0, "rgb": "#000000", "zyx": [8, 64, 61]}