{"timescalecorr": 0.013523637317121029, "corr_listening": 0.09563885629177094, "corr_reading": 0.016938690096139908, "p_listening": 0.058, "p_reading": 0.396, "barbin": 0, "rgb": "#000000", "zyx": [18, 46, 35]}