{"timescalecorr": 0.042457327246665955, "corr_listening": 0.17828024923801422, "corr_reading": 0.04685838147997856, "p_listening": 0.001, "p_reading": 0.204, "barbin": 1, "rgb": "#000000", "zyx": [24, 45, 57]}