{"timescalecorr": 0.011754115112125874, "corr_listening": 0.005606892518699169, "corr_reading": -0.07838038355112076, "p_listening": 0.212, "p_reading": 0.904, "barbin": 0, "rgb": "#000000", "zyx": [21, 35, 64]}