{"timescalecorr": 0.9999998211860657, "corr_listening": 0.0198938250541687, "corr_reading": -0.04268268868327141, "p_listening": 0.346, "p_reading": 0.766, "barbin": 0, "rgb": "#000000", "zyx": [6, 61, 31]}