{"timescalecorr": 0.6604679822921753, "corr_listening": -0.10032844543457031, "corr_reading": 0.08779574930667877, "p_listening": 0.966, "p_reading": 0.022, "barbin": 0, "rgb": "#000000", "zyx": [15, 57, 26]}