{"timescalecorr": 0.20107538998126984, "corr_listening": 0.14566229283809662, "corr_reading": -0.019462676718831062, "p_listening": 0.004, "p_reading": 0.971, "barbin": 0, "rgb": "#000000", "zyx": [21, 32, 37]}