{"timescalecorr": 0.2827760875225067, "corr_listening": 0.13724957406520844, "corr_reading": -0.026469293981790543, "p_listening": 0.0, "p_reading": 0.69, "barbin": 0, "rgb": "#000000", "zyx": [14, 41, 63]}