{"timescalecorr": 0.24234209954738617, "corr_listening": 0.2422231137752533, "corr_reading": 0.16491323709487915, "p_listening": 0.0, "p_reading": 0.003, "barbin": 3, "rgb": "#000000", "zyx": [13, 70, 54]}