{"timescalecorr": 0.10443944483995438, "corr_listening": 0.08382651209831238, "corr_reading": 0.09165215492248535, "p_listening": 0.076, "p_reading": 0.051, "barbin": 0, "rgb": "#000000", "zyx": [14, 72, 73]}