{"timescalecorr": 0.25820404291152954, "corr_listening": 0.022093992680311203, "corr_reading": -0.02283036708831787, "p_listening": 0.311, "p_reading": 0.655, "barbin": 0, "rgb": "#000000", "zyx": [23, 51, 44]}