{"timescalecorr": 0.10588859766721725, "corr_listening": 0.08601822704076767, "corr_reading": 0.17447465658187866, "p_listening": 0.061, "p_reading": 0.003, "barbin": 1, "rgb": "#000000", "zyx": [18, 24, 42]}