{"timescalecorr": 0.8784341216087341, "corr_listening": 0.4593830704689026, "corr_reading": 0.5113496780395508, "p_listening": 0.0, "p_reading": 0.0, "barbin": 4, "rgb": "#000000", "zyx": [11, 75, 71]}