{"timescalecorr": 0.0005714388680644333, "corr_listening": 0.008403763175010681, "corr_reading": 0.011690733954310417, "p_listening": 0.447, "p_reading": 0.109, "barbin": 0, "rgb": "#000000", "zyx": [5, 94, 50]}