{"timescalecorr": 0.8055464625358582, "corr_listening": 0.0678534209728241, "corr_reading": 0.06487560272216797, "p_listening": 0.121, "p_reading": 0.028, "barbin": 0, "rgb": "#000000", "zyx": [8, 33, 64]}