{"timescalecorr": 0.00015992845874279737, "corr_listening": 0.0772990807890892, "corr_reading": -0.016381045803427696, "p_listening": 0.074, "p_reading": 0.627, "barbin": 0, "rgb": "#000000", "zyx": [20, 82, 47]}