{"timescalecorr": 0.3863650858402252, "corr_listening": -0.04609387740492821, "corr_reading": 0.051422782242298126, "p_listening": 0.813, "p_reading": 0.187, "barbin": 0, "rgb": "#000000", "zyx": [7, 26, 48]}