{"timescalecorr": 0.10428222268819809, "corr_listening": 0.11203674972057343, "corr_reading": 0.0073402030393481255, "p_listening": 0.009, "p_reading": 0.425, "barbin": 0, "rgb": "#000000", "zyx": [17, 25, 60]}