{"timescalecorr": 0.6585361957550049, "corr_listening": 0.26571160554885864, "corr_reading": 0.15180011093616486, "p_listening": 0.0, "p_reading": 0.001, "barbin": 3, "rgb": "#000000", "zyx": [18, 62, 55]}