{"timescalecorr": 0.0, "corr_listening": 0.13954505324363708, "corr_reading": 0.08203987032175064, "p_listening": 0.007, "p_reading": 0.073, "barbin": 1, "rgb": "#000000", "zyx": [15, 47, 72]}