{"timescalecorr": NaN, "corr_listening": -0.06623689830303192, "corr_reading": 0.006295408122241497, "p_listening": 0.866, "p_reading": 0.443, "barbin": 0, "rgb": "#000000", "zyx": [5, 92, 55]}