{"timescalecorr": 0.07048741728067398, "corr_listening": -0.022497810423374176, "corr_reading": 0.03901856020092964, "p_listening": 0.659, "p_reading": 0.258, "barbin": 0, "rgb": "#000000", "zyx": [17, 67, 47]}