{"timescalecorr": 0.10312134027481079, "corr_listening": -0.11712727695703506, "corr_reading": -0.04794842004776001, "p_listening": 0.967, "p_reading": 0.922, "barbin": 0, "rgb": "#000000", "zyx": [5, 83, 61]}