{"timescalecorr": 2.2532006482833822e-07, "corr_listening": 0.1233939379453659, "corr_reading": 0.030306804925203323, "p_listening": 0.002, "p_reading": 0.196, "barbin": 0, "rgb": "#000000", "zyx": [20, 47, 42]}