{"timescalecorr": 0.0978178083896637, "corr_listening": 0.08476153016090393, "corr_reading": -0.0453709214925766, "p_listening": 0.078, "p_reading": 0.767, "barbin": 0, "rgb": "#000000", "zyx": [9, 61, 80]}