{"timescalecorr": 1.097342828870751e-05, "corr_listening": 0.016201836988329887, "corr_reading": 0.0016985825495794415, "p_listening": 0.396, "p_reading": 0.263, "barbin": 0, "rgb": "#000000", "zyx": [7, 70, 40]}