{"timescalecorr": 0.3893570899963379, "corr_listening": 0.0041764164343476295, "corr_reading": 0.13626918196678162, "p_listening": 0.434, "p_reading": 0.0, "barbin": 0, "rgb": "#000000", "zyx": [5, 87, 38]}