{"timescalecorr": 0.009286699816584587, "corr_listening": 0.09392982721328735, "corr_reading": 0.03959399461746216, "p_listening": 0.05, "p_reading": 0.232, "barbin": 0, "rgb": "#000000", "zyx": [24, 64, 43]}