{"timescalecorr": 0.14770737290382385, "corr_listening": -0.0016757556004449725, "corr_reading": 0.09151603281497955, "p_listening": 0.538, "p_reading": 0.037, "barbin": 0, "rgb": "#000000", "zyx": [9, 63, 54]}