{"timescalecorr": 0.00015022624575067312, "corr_listening": -0.21841299533843994, "corr_reading": 0.1331825703382492, "p_listening": 1.0, "p_reading": 0.0, "barbin": 0, "rgb": "#000000", "zyx": [7, 93, 50]}