{"timescalecorr": 0.9679701924324036, "corr_listening": -0.05038909986615181, "corr_reading": -0.046308889985084534, "p_listening": 0.805, "p_reading": 0.782, "barbin": 0, "rgb": "#000000", "zyx": [15, 37, 52]}