{"timescalecorr": 0.11894726753234863, "corr_listening": -0.1454082876443863, "corr_reading": -0.05317017063498497, "p_listening": 0.997, "p_reading": 0.805, "barbin": 0, "rgb": "#000000", "zyx": [12, 51, 36]}