{"timescalecorr": 0.028807686641812325, "corr_listening": 0.028073005378246307, "corr_reading": 0.0014475572388619184, "p_listening": 0.198, "p_reading": 0.493, "barbin": 0, "rgb": "#000000", "zyx": [12, 93, 57]}