{"timescalecorr": 0.0272356066852808, "corr_listening": 0.04318034276366234, "corr_reading": 0.06449258327484131, "p_listening": 0.221, "p_reading": 0.163, "barbin": 0, "rgb": "#000000", "zyx": [22, 43, 44]}