{"timescalecorr": 1.8987223333990105e-20, "corr_listening": 0.014512467198073864, "corr_reading": -0.0008277936722151935, "p_listening": 0.414, "p_reading": 0.543, "barbin": 0, "rgb": "#000000", "zyx": [20, 37, 33]}