{"timescalecorr": 0.02152831479907036, "corr_listening": 0.10063932836055756, "corr_reading": 0.008711411617696285, "p_listening": 0.02, "p_reading": 0.427, "barbin": 0, "rgb": "#000000", "zyx": [17, 37, 39]}