{"timescalecorr": 0.00010995010961778462, "corr_listening": 0.058025211095809937, "corr_reading": 0.04420280456542969, "p_listening": 0.121, "p_reading": 0.24, "barbin": 0, "rgb": "#000000", "zyx": [11, 57, 49]}