{"timescalecorr": 0.016768628731369972, "corr_listening": -0.13141463696956635, "corr_reading": -0.01079404354095459, "p_listening": 0.989, "p_reading": 0.858, "barbin": 0, "rgb": "#000000", "zyx": [27, 51, 59]}