{"timescalecorr": 0.7199609279632568, "corr_listening": 0.20327839255332947, "corr_reading": 0.17400866746902466, "p_listening": 0.0, "p_reading": 0.002, "barbin": 2, "rgb": "#000000", "zyx": [9, 66, 75]}