{"timescalecorr": 0.008947858586907387, "corr_listening": -0.03150578588247299, "corr_reading": -0.06889339536428452, "p_listening": 0.735, "p_reading": 0.921, "barbin": 0, "rgb": "#000000", "zyx": [16, 32, 73]}