{"timescalecorr": 0.9678416848182678, "corr_listening": -0.04856591299176216, "corr_reading": -0.02713867463171482, "p_listening": 0.79, "p_reading": 0.701, "barbin": 0, "rgb": "#000000", "zyx": [5, 61, 37]}