{"timescalecorr": 0.047858960926532745, "corr_listening": 0.16542136669158936, "corr_reading": 0.1353141814470291, "p_listening": 0.0, "p_reading": 0.008, "barbin": 2, "rgb": "#000000", "zyx": [17, 68, 71]}