{"timescalecorr": 0.9331375360488892, "corr_listening": 0.13460610806941986, "corr_reading": 0.09038826823234558, "p_listening": 0.017, "p_reading": 0.063, "barbin": 1, "rgb": "#000000", "zyx": [16, 70, 71]}