{"timescalecorr": 0.2632323205471039, "corr_listening": 0.17748484015464783, "corr_reading": 0.0491405725479126, "p_listening": 0.0, "p_reading": 0.166, "barbin": 1, "rgb": "#000000", "zyx": [6, 56, 35]}