{"timescalecorr": 0.0, "corr_listening": 0.0024262163788080215, "corr_reading": -0.056398097425699234, "p_listening": 0.48, "p_reading": 0.831, "barbin": 0, "rgb": "#000000", "zyx": [22, 59, 32]}