{"timescalecorr": 0.4476199448108673, "corr_listening": 0.1640321910381317, "corr_reading": 0.2902185320854187, "p_listening": 0.003, "p_reading": 0.0, "barbin": 3, "rgb": "#000000", "zyx": [15, 46, 76]}