{"timescalecorr": NaN, "corr_listening": -0.06766211241483688, "corr_reading": -0.12831728160381317, "p_listening": 0.92, "p_reading": 0.992, "barbin": 0, "rgb": "#000000", "zyx": [8, 23, 50]}