{"timescalecorr": 0.1786261349916458, "corr_listening": -0.0025057655293494463, "corr_reading": 0.05870529264211655, "p_listening": 0.516, "p_reading": 0.003, "barbin": 0, "rgb": "#000000", "zyx": [1, 83, 39]}