{"timescalecorr": 1.975652650682371e-18, "corr_listening": -0.00023167364997789264, "corr_reading": 0.11978162825107574, "p_listening": 0.795, "p_reading": 0.023, "barbin": 0, "rgb": "#000000", "zyx": [4, 62, 66]}