{"timescalecorr": 8.604720278526656e-06, "corr_listening": -0.06914860010147095, "corr_reading": 0.0066177938133478165, "p_listening": 0.935, "p_reading": 0.428, "barbin": 0, "rgb": "#000000", "zyx": [7, 60, 24]}