{"timescalecorr": 5.186322232475504e-05, "corr_listening": 0.02981044538319111, "corr_reading": 0.0033114091493189335, "p_listening": 0.33, "p_reading": 0.497, "barbin": 0, "rgb": "#000000", "zyx": [18, 70, 65]}