{"timescalecorr": 0.0015278073260560632, "corr_listening": 0.00015099774464033544, "corr_reading": 0.006767137907445431, "p_listening": 0.489, "p_reading": 0.419, "barbin": 0, "rgb": "#000000", "zyx": [6, 34, 33]}