{"timescalecorr": 0.961218535900116, "corr_listening": -0.024333743378520012, "corr_reading": 0.004228418227285147, "p_listening": 0.696, "p_reading": 0.485, "barbin": 0, "rgb": "#000000", "zyx": [0, 89, 46]}