{"timescalecorr": 1.2299474292376544e-05, "corr_listening": 0.19849394261837006, "corr_reading": -0.06661739200353622, "p_listening": 0.0, "p_reading": 0.872, "barbin": 0, "rgb": "#000000", "zyx": [17, 75, 55]}