{"timescalecorr": 0.1377469003200531, "corr_listening": -0.008168619126081467, "corr_reading": -0.0038178088143467903, "p_listening": 0.566, "p_reading": 0.558, "barbin": 0, "rgb": "#000000", "zyx": [5, 53, 77]}