{"timescalecorr": 0.33103400468826294, "corr_listening": -0.10043318569660187, "corr_reading": 0.00246949540451169, "p_listening": 0.954, "p_reading": 0.3, "barbin": 0, "rgb": "#000000", "zyx": [21, 75, 71]}