{"timescalecorr": 0.001995955128222704, "corr_listening": 0.01436427142471075, "corr_reading": 0.03735249862074852, "p_listening": 0.193, "p_reading": 0.078, "barbin": 0, "rgb": "#000000", "zyx": [5, 80, 69]}