{"timescalecorr": 0.0042821611277759075, "corr_listening": -0.025103561580181122, "corr_reading": 0.057520899921655655, "p_listening": 0.706, "p_reading": 0.161, "barbin": 0, "rgb": "#000000", "zyx": [13, 55, 64]}