{"timescalecorr": 0.9997492432594299, "corr_listening": -0.10532539337873459, "corr_reading": 0.09337960183620453, "p_listening": 0.959, "p_reading": 0.034, "barbin": 0, "rgb": "#000000", "zyx": [2, 43, 60]}