{"timescalecorr": 0.8272604942321777, "corr_listening": 0.14193643629550934, "corr_reading": 0.19843363761901855, "p_listening": 0.009, "p_reading": 0.0, "barbin": 2, "rgb": "#000000", "zyx": [22, 43, 63]}