{"timescalecorr": 1.823189086280763e-05, "corr_listening": -0.001283302903175354, "corr_reading": -0.000479157519293949, "p_listening": 0.546, "p_reading": 0.562, "barbin": 0, "rgb": "#000000", "zyx": [13, 37, 60]}