{"timescalecorr": 0.4604564309120178, "corr_listening": 0.017636559903621674, "corr_reading": 0.08867987990379333, "p_listening": 0.381, "p_reading": 0.04, "barbin": 0, "rgb": "#000000", "zyx": [19, 80, 40]}