{"timescalecorr": 0.0037906207144260406, "corr_listening": 0.10723892599344254, "corr_reading": -0.007517430931329727, "p_listening": 0.028, "p_reading": 0.542, "barbin": 0, "rgb": "#000000", "zyx": [22, 40, 40]}