{"timescalecorr": 0.013368567451834679, "corr_listening": 0.1728377491235733, "corr_reading": 0.04268720746040344, "p_listening": 0.001, "p_reading": 0.212, "barbin": 1, "rgb": "#000000", "zyx": [10, 78, 61]}