{"timescalecorr": 0.0159700196236372, "corr_listening": -0.13987243175506592, "corr_reading": 0.137535959482193, "p_listening": 0.991, "p_reading": 0.003, "barbin": 0, "rgb": "#000000", "zyx": [5, 84, 52]}