{"timescalecorr": 0.01054768543690443, "corr_listening": -0.00023979366233106703, "corr_reading": 0.05316011607646942, "p_listening": 0.714, "p_reading": 0.2, "barbin": 0, "rgb": "#000000", "zyx": [12, 46, 79]}