{"timescalecorr": 0.030974574387073517, "corr_listening": 0.09130100905895233, "corr_reading": 0.04679841920733452, "p_listening": 0.06, "p_reading": 0.212, "barbin": 0, "rgb": "#000000", "zyx": [21, 71, 44]}