{"timescalecorr": 0.014721253886818886, "corr_listening": 0.03751187399029732, "corr_reading": -0.005423801951110363, "p_listening": 0.198, "p_reading": 0.626, "barbin": 0, "rgb": "#000000", "zyx": [3, 37, 64]}