{"timescalecorr": 0.005967607256025076, "corr_listening": 0.22360354661941528, "corr_reading": -0.1301870346069336, "p_listening": 0.0, "p_reading": 0.987, "barbin": 0, "rgb": "#000000", "zyx": [21, 38, 39]}