{"timescalecorr": 3.029313724780408e-13, "corr_listening": -0.007716313004493713, "corr_reading": 0.03817198798060417, "p_listening": 0.819, "p_reading": 0.252, "barbin": 0, "rgb": "#000000", "zyx": [13, 43, 30]}