{"timescalecorr": 0.5913727283477783, "corr_listening": 0.11146626621484756, "corr_reading": 0.14767573773860931, "p_listening": 0.025, "p_reading": 0.003, "barbin": 1, "rgb": "#000000", "zyx": [3, 42, 37]}