{"timescalecorr": 0.010875983163714409, "corr_listening": -0.07065834850072861, "corr_reading": 0.02985278330743313, "p_listening": 0.89, "p_reading": 0.107, "barbin": 0, "rgb": "#000000", "zyx": [12, 41, 52]}