{"timescalecorr": 2.0856137439295708e-07, "corr_listening": 0.05473371595144272, "corr_reading": -0.03735244274139404, "p_listening": 0.164, "p_reading": 0.79, "barbin": 0, "rgb": "#000000", "zyx": [1, 82, 43]}