{"timescalecorr": 0.933687150478363, "corr_listening": 0.12720467150211334, "corr_reading": 0.185451477766037, "p_listening": 0.019, "p_reading": 0.0, "barbin": 2, "rgb": "#000000", "zyx": [9, 65, 24]}