{"timescalecorr": 0.10889794677495956, "corr_listening": 0.09339340031147003, "corr_reading": 0.023670325055718422, "p_listening": 0.034, "p_reading": 0.32, "barbin": 0, "rgb": "#000000", "zyx": [19, 67, 62]}