{"timescalecorr": 0.4420565664768219, "corr_listening": -0.011675413697957993, "corr_reading": 0.10286161303520203, "p_listening": 0.734, "p_reading": 0.037, "barbin": 0, "rgb": "#000000", "zyx": [12, 25, 36]}