{"timescalecorr": 0.16723792254924774, "corr_listening": 0.19369754195213318, "corr_reading": 0.1870751529932022, "p_listening": 0.0, "p_reading": 0.001, "barbin": 2, "rgb": "#000000", "zyx": [2, 77, 46]}