{"timescalecorr": 0.295593798160553, "corr_listening": 0.03413928672671318, "corr_reading": 0.08702099323272705, "p_listening": 0.296, "p_reading": 0.027, "barbin": 0, "rgb": "#000000", "zyx": [10, 84, 69]}