{"timescalecorr": 0.6070206165313721, "corr_listening": 0.3857589364051819, "corr_reading": 0.21359661221504211, "p_listening": 0.0, "p_reading": 0.0, "barbin": 4, "rgb": "#000000", "zyx": [10, 77, 49]}