{"timescalecorr": 0.0012897514970973134, "corr_listening": 0.0924828052520752, "corr_reading": 0.07012534141540527, "p_listening": 0.062, "p_reading": 0.105, "barbin": 0, "rgb": "#000000", "zyx": [24, 58, 42]}