{"timescalecorr": 0.06917151808738708, "corr_listening": -0.05641840398311615, "corr_reading": 0.005091346334666014, "p_listening": 0.828, "p_reading": 0.033, "barbin": 0, "rgb": "#000000", "zyx": [19, 72, 29]}