{"timescalecorr": 0.29037344455718994, "corr_listening": 0.2770800292491913, "corr_reading": 0.11551065742969513, "p_listening": 0.0, "p_reading": 0.019, "barbin": 2, "rgb": "#000000", "zyx": [24, 40, 57]}