{"timescalecorr": 6.399807898560539e-05, "corr_listening": 0.05259699374437332, "corr_reading": 0.03625345975160599, "p_listening": 0.192, "p_reading": 0.249, "barbin": 0, "rgb": "#000000", "zyx": [13, 44, 66]}