{"timescalecorr": NaN, "corr_listening": -0.015493453480303288, "corr_reading": -0.3236663043498993, "p_listening": 0.615, "p_reading": 1.0, "barbin": 0, "rgb": "#000000", "zyx": [17, 82, 34]}