{"timescalecorr": 0.0008187686908058822, "corr_listening": -0.0012588991085067391, "corr_reading": 0.01583656668663025, "p_listening": 0.558, "p_reading": 0.361, "barbin": 0, "rgb": "#000000", "zyx": [26, 68, 48]}