{"timescalecorr": 0.03774083033204079, "corr_listening": 0.144746333360672, "corr_reading": 0.02343425713479519, "p_listening": 0.004, "p_reading": 0.169, "barbin": 0, "rgb": "#000000", "zyx": [25, 62, 42]}