{"timescalecorr": 1.3265979248444637e-07, "corr_listening": 0.005438448861241341, "corr_reading": 0.07222750782966614, "p_listening": 0.47, "p_reading": 0.107, "barbin": 0, "rgb": "#000000", "zyx": [16, 36, 53]}