{"timescalecorr": 0.0, "corr_listening": -0.09089662879705429, "corr_reading": -0.030496841296553612, "p_listening": 0.933, "p_reading": 0.746, "barbin": 0, "rgb": "#000000", "zyx": [6, 52, 55]}