{"timescalecorr": 0.011650229804217815, "corr_listening": -0.0363219790160656, "corr_reading": 0.05900173261761665, "p_listening": 0.819, "p_reading": 0.045, "barbin": 0, "rgb": "#000000", "zyx": [14, 91, 49]}