{"timescalecorr": 0.41170454025268555, "corr_listening": 0.1508585512638092, "corr_reading": 0.08838877826929092, "p_listening": 0.005, "p_reading": 0.031, "barbin": 1, "rgb": "#000000", "zyx": [13, 89, 57]}