{"timescalecorr": 0.00041701566078700125, "corr_listening": 0.06458992511034012, "corr_reading": -0.022830575704574585, "p_listening": 0.094, "p_reading": 0.681, "barbin": 0, "rgb": "#000000", "zyx": [19, 64, 33]}