{"timescalecorr": 0.1927400678396225, "corr_listening": -0.010889936238527298, "corr_reading": 3.507612564135343e-05, "p_listening": 0.563, "p_reading": 0.086, "barbin": 0, "rgb": "#000000", "zyx": [5, 87, 68]}