{"timescalecorr": 0.27313992381095886, "corr_listening": 0.1276216208934784, "corr_reading": -0.025720378383994102, "p_listening": 0.009, "p_reading": 0.687, "barbin": 0, "rgb": "#000000", "zyx": [9, 52, 61]}