{"timescalecorr": 0.4352426528930664, "corr_listening": 0.0367395356297493, "corr_reading": 0.13465525209903717, "p_listening": 0.267, "p_reading": 0.003, "barbin": 0, "rgb": "#000000", "zyx": [9, 73, 77]}