{"timescalecorr": 0.27547118067741394, "corr_listening": 0.019918005913496017, "corr_reading": 0.059509795159101486, "p_listening": 0.331, "p_reading": 0.065, "barbin": 0, "rgb": "#000000", "zyx": [6, 88, 56]}