{"timescalecorr": 0.00023149281332734972, "corr_listening": -0.147309347987175, "corr_reading": 0.03950589895248413, "p_listening": 0.997, "p_reading": 0.085, "barbin": 0, "rgb": "#000000", "zyx": [0, 83, 43]}