{"timescalecorr": 0.8674547672271729, "corr_listening": 0.11496483534574509, "corr_reading": 0.0695343092083931, "p_listening": 0.015, "p_reading": 0.114, "barbin": 0, "rgb": "#000000", "zyx": [16, 35, 34]}