{"timescalecorr": 0.003419727087020874, "corr_listening": -0.05104091390967369, "corr_reading": 0.056060776114463806, "p_listening": 0.829, "p_reading": 0.165, "barbin": 0, "rgb": "#000000", "zyx": [5, 84, 48]}