{"timescalecorr": 0.0002671297697816044, "corr_listening": 0.03948938474059105, "corr_reading": 0.06876588612794876, "p_listening": 0.272, "p_reading": 0.116, "barbin": 0, "rgb": "#000000", "zyx": [12, 37, 69]}