{"timescalecorr": 0.006673511583358049, "corr_listening": -0.0018659039633348584, "corr_reading": -0.013490043580532074, "p_listening": 0.614, "p_reading": 0.601, "barbin": 0, "rgb": "#000000", "zyx": [0, 86, 54]}