{"timescalecorr": 0.28577977418899536, "corr_listening": 0.06531624495983124, "corr_reading": 0.0013855649158358574, "p_listening": 0.104, "p_reading": 0.493, "barbin": 0, "rgb": "#000000", "zyx": [19, 57, 52]}