{"timescalecorr": 0.0805695578455925, "corr_listening": 0.1073109582066536, "corr_reading": 0.06370723247528076, "p_listening": 0.001, "p_reading": 0.03, "barbin": 0, "rgb": "#000000", "zyx": [11, 49, 31]}