{"timescalecorr": 0.014440632425248623, "corr_listening": 0.21136735379695892, "corr_reading": 0.13142716884613037, "p_listening": 0.0, "p_reading": 0.011, "barbin": 2, "rgb": "#000000", "zyx": [19, 26, 47]}