{"timescalecorr": 0.25014492869377136, "corr_listening": 0.04897388070821762, "corr_reading": 0.004212030675262213, "p_listening": 0.208, "p_reading": 0.476, "barbin": 0, "rgb": "#000000", "zyx": [14, 55, 63]}