{"timescalecorr": 0.00164907390717417, "corr_listening": 0.06023729592561722, "corr_reading": 0.058610133826732635, "p_listening": 0.11, "p_reading": 0.178, "barbin": 0, "rgb": "#000000", "zyx": [5, 79, 48]}