{"timescalecorr": 0.9324682354927063, "corr_listening": 0.11641975492238998, "corr_reading": -0.0425238274037838, "p_listening": 0.025, "p_reading": 0.772, "barbin": 0, "rgb": "#000000", "zyx": [13, 78, 68]}