{"timescalecorr": 0.2064695656299591, "corr_listening": 0.09067828208208084, "corr_reading": 0.11896185576915741, "p_listening": 0.057, "p_reading": 0.019, "barbin": 1, "rgb": "#000000", "zyx": [13, 57, 56]}