{"timescalecorr": 0.000395789131289348, "corr_listening": -0.055542804300785065, "corr_reading": -0.08424575626850128, "p_listening": 0.825, "p_reading": 0.935, "barbin": 0, "rgb": "#000000", "zyx": [15, 40, 51]}