{"timescalecorr": 0.004366774577647448, "corr_listening": -0.032552510499954224, "corr_reading": -0.006058923434466124, "p_listening": 0.724, "p_reading": 0.544, "barbin": 0, "rgb": "#000000", "zyx": [18, 71, 43]}