{"timescalecorr": 0.062008243054151535, "corr_listening": -0.012660173699259758, "corr_reading": -0.05366363376379013, "p_listening": 0.617, "p_reading": 0.904, "barbin": 0, "rgb": "#000000", "zyx": [12, 66, 54]}