{"timescalecorr": 0.004037797451019287, "corr_listening": -0.10692883282899857, "corr_reading": 0.08114355802536011, "p_listening": 0.971, "p_reading": 0.075, "barbin": 0, "rgb": "#000000", "zyx": [11, 61, 64]}