{"timescalecorr": 0.00033980305306613445, "corr_listening": 0.07262641191482544, "corr_reading": 0.028234077617526054, "p_listening": 0.084, "p_reading": 0.311, "barbin": 0, "rgb": "#000000", "zyx": [16, 38, 36]}