{"timescalecorr": 0.8585017919540405, "corr_listening": 0.2227005958557129, "corr_reading": 0.054604995995759964, "p_listening": 0.0, "p_reading": 0.097, "barbin": 1, "rgb": "#000000", "zyx": [12, 81, 64]}