{"timescalecorr": 0.0009060231386683881, "corr_listening": 0.014987511560320854, "corr_reading": 0.11678390949964523, "p_listening": 0.385, "p_reading": 0.022, "barbin": 0, "rgb": "#000000", "zyx": [7, 41, 43]}