{"timescalecorr": 0.12479036301374435, "corr_listening": 0.05312373489141464, "corr_reading": 0.13192857801914215, "p_listening": 0.185, "p_reading": 0.0, "barbin": 0, "rgb": "#000000", "zyx": [7, 79, 34]}