{"timescalecorr": 0.05580626800656319, "corr_listening": 0.22373472154140472, "corr_reading": 0.11114576458930969, "p_listening": 0.0, "p_reading": 0.029, "barbin": 2, "rgb": "#000000", "zyx": [15, 77, 51]}