{"timescalecorr": 0.5392975807189941, "corr_listening": 0.033305540680885315, "corr_reading": -0.0010016647865995765, "p_listening": 0.279, "p_reading": 0.495, "barbin": 0, "rgb": "#000000", "zyx": [18, 67, 66]}