{"timescalecorr": 0.052849024534225464, "corr_listening": -0.05919681861996651, "corr_reading": -0.0050859032198786736, "p_listening": 0.857, "p_reading": 0.565, "barbin": 0, "rgb": "#000000", "zyx": [12, 78, 78]}