{"timescalecorr": 0.04338685795664787, "corr_listening": 0.061805468052625656, "corr_reading": 0.026591170579195023, "p_listening": 0.153, "p_reading": 0.296, "barbin": 0, "rgb": "#000000", "zyx": [9, 34, 66]}