{"timescalecorr": 5.4419673688244075e-05, "corr_listening": 0.009243271313607693, "corr_reading": -0.05308973416686058, "p_listening": 0.449, "p_reading": 0.804, "barbin": 0, "rgb": "#000000", "zyx": [2, 39, 37]}