{"timescalecorr": 0.8953864574432373, "corr_listening": 0.34272605180740356, "corr_reading": 0.26009732484817505, "p_listening": 0.0, "p_reading": 0.0, "barbin": 4, "rgb": "#000000", "zyx": [9, 69, 28]}