{"timescalecorr": 0.6477582454681396, "corr_listening": 0.13353939354419708, "corr_reading": 0.23988357186317444, "p_listening": 0.009, "p_reading": 0.0, "barbin": 2, "rgb": "#000000", "zyx": [19, 29, 48]}