{"timescalecorr": 0.09015066176652908, "corr_listening": 0.15362416207790375, "corr_reading": -0.030089037492871284, "p_listening": 0.0, "p_reading": 0.737, "barbin": 0, "rgb": "#000000", "zyx": [19, 24, 50]}