{"timescalecorr": 0.0012989271199330688, "corr_listening": -0.008115305565297604, "corr_reading": -0.1285686194896698, "p_listening": 0.597, "p_reading": 0.992, "barbin": 0, "rgb": "#000000", "zyx": [27, 64, 46]}