{"timescalecorr": 0.778169572353363, "corr_listening": 0.29659295082092285, "corr_reading": -0.008626307360827923, "p_listening": 0.0, "p_reading": 0.777, "barbin": 1, "rgb": "#000000", "zyx": [5, 75, 29]}