{"timescalecorr": 0.9225846529006958, "corr_listening": -0.058782242238521576, "corr_reading": 0.04776632785797119, "p_listening": 0.96, "p_reading": 0.204, "barbin": 0, "rgb": "#000000", "zyx": [8, 71, 36]}