{"timescalecorr": 0.0030270053539425135, "corr_listening": 0.03085765428841114, "corr_reading": 0.008293919265270233, "p_listening": 0.162, "p_reading": 0.443, "barbin": 0, "rgb": "#000000", "zyx": [12, 70, 75]}