{"timescalecorr": 0.1801307499408722, "corr_listening": -0.1781153827905655, "corr_reading": 0.16324394941329956, "p_listening": 0.997, "p_reading": 0.005, "barbin": 0, "rgb": "#000000", "zyx": [13, 27, 53]}