{"timescalecorr": 0.008601177483797073, "corr_listening": 0.013359608128666878, "corr_reading": 0.08399631828069687, "p_listening": 0.383, "p_reading": 0.067, "barbin": 0, "rgb": "#000000", "zyx": [17, 39, 41]}