{"timescalecorr": 0.008969143964350224, "corr_listening": 0.07789025455713272, "corr_reading": 0.03622494265437126, "p_listening": 0.106, "p_reading": 0.238, "barbin": 0, "rgb": "#000000", "zyx": [18, 65, 70]}