{"timescalecorr": 0.8083927631378174, "corr_listening": 0.38669952750205994, "corr_reading": 0.10896269977092743, "p_listening": 0.0, "p_reading": 0.026, "barbin": 3, "rgb": "#000000", "zyx": [18, 54, 65]}