{"timescalecorr": 0.03882033750414848, "corr_listening": 0.010644794441759586, "corr_reading": -0.016089316457509995, "p_listening": 0.38, "p_reading": 0.628, "barbin": 0, "rgb": "#000000", "zyx": [8, 67, 81]}