{"timescalecorr": 0.01909431628882885, "corr_listening": -0.04338477551937103, "corr_reading": 0.026640962809324265, "p_listening": 0.763, "p_reading": 0.324, "barbin": 0, "rgb": "#000000", "zyx": [16, 46, 64]}