{"timescalecorr": 0.04059629142284393, "corr_listening": 0.026074077934026718, "corr_reading": -0.00908515602350235, "p_listening": 0.24, "p_reading": 0.574, "barbin": 0, "rgb": "#000000", "zyx": [18, 36, 36]}