{"timescalecorr": 0.1588185429573059, "corr_listening": 0.06552663445472717, "corr_reading": 0.003468708135187626, "p_listening": 0.133, "p_reading": 0.505, "barbin": 0, "rgb": "#000000", "zyx": [24, 47, 65]}