{"timescalecorr": 0.2983277440071106, "corr_listening": 0.1581532210111618, "corr_reading": 0.02701174095273018, "p_listening": 0.0, "p_reading": 0.253, "barbin": 0, "rgb": "#000000", "zyx": [21, 32, 63]}