{"timescalecorr": 0.3424847424030304, "corr_listening": 0.22613264620304108, "corr_reading": 0.008661828935146332, "p_listening": 0.0, "p_reading": 0.44, "barbin": 1, "rgb": "#000000", "zyx": [24, 32, 44]}