{"timescalecorr": 0.996048092842102, "corr_listening": 0.0675673633813858, "corr_reading": 0.04840128496289253, "p_listening": 0.119, "p_reading": 0.195, "barbin": 0, "rgb": "#000000", "zyx": [3, 86, 70]}