{"timescalecorr": 0.32590949535369873, "corr_listening": 0.10115447640419006, "corr_reading": 0.16735562682151794, "p_listening": 0.008, "p_reading": 0.001, "barbin": 1, "rgb": "#000000", "zyx": [15, 76, 52]}