{"timescalecorr": 0.0, "corr_listening": -0.06280229240655899, "corr_reading": -0.029163898900151253, "p_listening": 0.892, "p_reading": 0.778, "barbin": 0, "rgb": "#000000", "zyx": [22, 82, 61]}