{"timescalecorr": 0.20733153820037842, "corr_listening": 0.11522254347801208, "corr_reading": 0.07836639136075974, "p_listening": 0.006, "p_reading": 0.082, "barbin": 0, "rgb": "#000000", "zyx": [16, 80, 71]}