{"timescalecorr": 0.7669359445571899, "corr_listening": 0.06075873598456383, "corr_reading": -0.031545720994472504, "p_listening": 0.154, "p_reading": 0.686, "barbin": 0, "rgb": "#000000", "zyx": [25, 44, 56]}