{"timescalecorr": 0.08748312294483185, "corr_listening": -0.044023964554071426, "corr_reading": 0.06421175599098206, "p_listening": 0.779, "p_reading": 0.116, "barbin": 0, "rgb": "#000000", "zyx": [11, 27, 35]}