{"timescalecorr": 0.9253870844841003, "corr_listening": 0.08879657089710236, "corr_reading": -0.019985998049378395, "p_listening": 0.043, "p_reading": 0.637, "barbin": 0, "rgb": "#000000", "zyx": [23, 54, 58]}