{"timescalecorr": 0.0010799377923831344, "corr_listening": -0.07305669039487839, "corr_reading": 0.008962910622358322, "p_listening": 0.895, "p_reading": 0.432, "barbin": 0, "rgb": "#000000", "zyx": [21, 62, 50]}