{"timescalecorr": 0.21697436273097992, "corr_listening": 0.050089575350284576, "corr_reading": 0.012875505723059177, "p_listening": 0.217, "p_reading": 0.373, "barbin": 0, "rgb": "#000000", "zyx": [15, 35, 60]}