{"timescalecorr": 0.004765848163515329, "corr_listening": -0.010622098110616207, "corr_reading": 0.040337253361940384, "p_listening": 0.624, "p_reading": 0.256, "barbin": 0, "rgb": "#000000", "zyx": [10, 66, 82]}