{"timescalecorr": 0.2795720100402832, "corr_listening": 0.09302855283021927, "corr_reading": 0.10336194932460785, "p_listening": 0.07, "p_reading": 0.0, "barbin": 0, "rgb": "#000000", "zyx": [2, 68, 70]}