{"timescalecorr": 0.0009779235115274787, "corr_listening": -0.006882227025926113, "corr_reading": -0.0002923867432400584, "p_listening": 0.562, "p_reading": 0.549, "barbin": 0, "rgb": "#000000", "zyx": [19, 61, 52]}