{"timescalecorr": 0.8697963953018188, "corr_listening": -0.04965376481413841, "corr_reading": -0.022443393245339394, "p_listening": 0.802, "p_reading": 0.633, "barbin": 0, "rgb": "#000000", "zyx": [9, 86, 35]}