{"timescalecorr": 0.23128171265125275, "corr_listening": 0.16152113676071167, "corr_reading": 0.06471918523311615, "p_listening": 0.001, "p_reading": 0.012, "barbin": 1, "rgb": "#000000", "zyx": [7, 79, 29]}