{"timescalecorr": 0.0045545706525444984, "corr_listening": 0.04496685415506363, "corr_reading": 0.029445024207234383, "p_listening": 0.175, "p_reading": 0.072, "barbin": 0, "rgb": "#000000", "zyx": [10, 93, 51]}