{"timescalecorr": 0.80161452293396, "corr_listening": 0.22376225888729095, "corr_reading": -0.03887593001127243, "p_listening": 0.0, "p_reading": 0.78, "barbin": 0, "rgb": "#000000", "zyx": [22, 49, 68]}