{"timescalecorr": 0.12858334183692932, "corr_listening": 0.03967686742544174, "corr_reading": 0.04284292832016945, "p_listening": 0.229, "p_reading": 0.274, "barbin": 0, "rgb": "#000000", "zyx": [1, 50, 30]}