{"timescalecorr": 0.2634217143058777, "corr_listening": -0.12216639518737793, "corr_reading": 0.02650262787938118, "p_listening": 0.999, "p_reading": 0.344, "barbin": 0, "rgb": "#000000", "zyx": [22, 54, 36]}