{"timescalecorr": 0.271898090839386, "corr_listening": 0.1442820131778717, "corr_reading": -0.026240883395075798, "p_listening": 0.01, "p_reading": 0.729, "barbin": 0, "rgb": "#000000", "zyx": [15, 30, 41]}