{"timescalecorr": 0.002408620435744524, "corr_listening": 0.0006700631929561496, "corr_reading": -0.047237951308488846, "p_listening": 0.19, "p_reading": 0.802, "barbin": 0, "rgb": "#000000", "zyx": [11, 64, 43]}