{"timescalecorr": 0.7954052686691284, "corr_listening": 0.14029616117477417, "corr_reading": 0.19864898920059204, "p_listening": 0.009, "p_reading": 0.0, "barbin": 2, "rgb": "#000000", "zyx": [10, 80, 60]}