{"timescalecorr": 5.254608186078258e-05, "corr_listening": -0.07619558274745941, "corr_reading": 0.1404571682214737, "p_listening": 0.964, "p_reading": 0.0, "barbin": 0, "rgb": "#000000", "zyx": [6, 89, 59]}