{"timescalecorr": NaN, "corr_listening": 0.0301390178501606, "corr_reading": -0.1232137680053711, "p_listening": 0.313, "p_reading": 0.985, "barbin": 0, "rgb": "#000000", "zyx": [3, 42, 72]}