{"timescalecorr": 0.0, "corr_listening": -0.14225198328495026, "corr_reading": 0.01081834826618433, "p_listening": 0.997, "p_reading": 0.396, "barbin": 0, "rgb": "#000000", "zyx": [19, 64, 53]}