{"timescalecorr": 3.0253031582105905e-06, "corr_listening": -0.013765975832939148, "corr_reading": -0.03785742074251175, "p_listening": 0.621, "p_reading": 0.735, "barbin": 0, "rgb": "#000000", "zyx": [12, 63, 66]}