{"timescalecorr": 0.28840941190719604, "corr_listening": -0.005040239542722702, "corr_reading": -0.03397710621356964, "p_listening": 0.537, "p_reading": 0.72, "barbin": 0, "rgb": "#000000", "zyx": [4, 50, 61]}