{"timescalecorr": 0.008452331647276878, "corr_listening": -0.11824145913124084, "corr_reading": -0.024486012756824493, "p_listening": 0.972, "p_reading": 0.741, "barbin": 0, "rgb": "#000000", "zyx": [12, 30, 53]}