{"timescalecorr": 0.006360690575093031, "corr_listening": -0.20990169048309326, "corr_reading": 0.04307301342487335, "p_listening": 1.0, "p_reading": 0.019, "barbin": 0, "rgb": "#000000", "zyx": [2, 77, 37]}