{"timescalecorr": 0.0009283782565034926, "corr_listening": -0.013338487595319748, "corr_reading": 0.08427473157644272, "p_listening": 0.587, "p_reading": 0.071, "barbin": 0, "rgb": "#000000", "zyx": [1, 63, 76]}