{"timescalecorr": 0.030645305290818214, "corr_listening": -0.0007883715443313122, "corr_reading": -0.021902980282902718, "p_listening": 0.509, "p_reading": 0.637, "barbin": 0, "rgb": "#000000", "zyx": [18, 79, 61]}