{"timescalecorr": 0.0004082938830833882, "corr_listening": 0.09929527342319489, "corr_reading": -0.015560210682451725, "p_listening": 0.048, "p_reading": 0.591, "barbin": 0, "rgb": "#000000", "zyx": [5, 36, 56]}