{"timescalecorr": 0.5489258766174316, "corr_listening": 0.036047857254743576, "corr_reading": 0.07428129762411118, "p_listening": 0.263, "p_reading": 0.073, "barbin": 0, "rgb": "#000000", "zyx": [15, 42, 27]}