{"timescalecorr": 0.06676768511533737, "corr_listening": 0.03442797064781189, "corr_reading": 0.001072663115337491, "p_listening": 0.305, "p_reading": 0.5, "barbin": 0, "rgb": "#000000", "zyx": [11, 73, 56]}