{"timescalecorr": 0.000208722151000984, "corr_listening": 0.015029704198241234, "corr_reading": 0.0029360800981521606, "p_listening": 0.399, "p_reading": 0.36, "barbin": 0, "rgb": "#000000", "zyx": [4, 52, 67]}