{"timescalecorr": 0.5612326264381409, "corr_listening": 0.02828798070549965, "corr_reading": 0.11388079822063446, "p_listening": 0.301, "p_reading": 0.021, "barbin": 0, "rgb": "#000000", "zyx": [13, 33, 71]}