{"timescalecorr": 0.00046312453923746943, "corr_listening": 0.039991412311792374, "corr_reading": 0.00946265272796154, "p_listening": 0.191, "p_reading": 0.45, "barbin": 0, "rgb": "#000000", "zyx": [17, 51, 55]}