{"timescalecorr": 0.07265938818454742, "corr_listening": 0.0052975318394601345, "corr_reading": 0.032515063881874084, "p_listening": 0.458, "p_reading": 0.112, "barbin": 0, "rgb": "#000000", "zyx": [2, 79, 44]}