{"timescalecorr": 9.021057394420495e-07, "corr_listening": 0.04436589032411575, "corr_reading": 0.01761104352772236, "p_listening": 0.209, "p_reading": 0.192, "barbin": 0, "rgb": "#000000", "zyx": [15, 64, 31]}