{"timescalecorr": 7.09592315462082e-11, "corr_listening": 7.185638969531283e-05, "corr_reading": -0.057152632623910904, "p_listening": 0.273, "p_reading": 0.905, "barbin": 0, "rgb": "#000000", "zyx": [2, 47, 41]}