{"timescalecorr": 0.0016606725985184312, "corr_listening": -0.0011735716834664345, "corr_reading": 0.008104491978883743, "p_listening": 0.579, "p_reading": 0.431, "barbin": 0, "rgb": "#000000", "zyx": [13, 32, 42]}