{"timescalecorr": 0.3083566427230835, "corr_listening": 0.02191842347383499, "corr_reading": -0.012434474192559719, "p_listening": 0.328, "p_reading": 0.61, "barbin": 0, "rgb": "#000000", "zyx": [21, 55, 73]}