{"timescalecorr": 0.7973347902297974, "corr_listening": 0.2140624225139618, "corr_reading": 0.19541297852993011, "p_listening": 0.0, "p_reading": 0.0, "barbin": 3, "rgb": "#000000", "zyx": [2, 80, 51]}