{"timescalecorr": 9.66954694092692e-09, "corr_listening": 0.0184316523373127, "corr_reading": 0.00637341383844614, "p_listening": 0.361, "p_reading": 0.451, "barbin": 0, "rgb": "#000000", "zyx": [10, 55, 54]}