{"timescalecorr": 0.02746211364865303, "corr_listening": 0.07453186810016632, "corr_reading": 0.029886731877923012, "p_listening": 0.093, "p_reading": 0.27, "barbin": 0, "rgb": "#000000", "zyx": [6, 95, 59]}