{"timescalecorr": 0.002440103329718113, "corr_listening": -0.05219098553061485, "corr_reading": -0.003993453923612833, "p_listening": 0.809, "p_reading": 0.66, "barbin": 0, "rgb": "#000000", "zyx": [4, 80, 57]}