{"timescalecorr": 0.029685208573937416, "corr_listening": -0.024683475494384766, "corr_reading": 0.005003055557608604, "p_listening": 0.722, "p_reading": 0.307, "barbin": 0, "rgb": "#000000", "zyx": [2, 81, 33]}