{"timescalecorr": 2.391072712271125e-06, "corr_listening": 0.054649870842695236, "corr_reading": 0.032722003757953644, "p_listening": 0.155, "p_reading": 0.302, "barbin": 0, "rgb": "#000000", "zyx": [1, 85, 50]}