{"timescalecorr": 0.9960097670555115, "corr_listening": 0.00816559512168169, "corr_reading": 0.058933500200510025, "p_listening": 0.232, "p_reading": 0.138, "barbin": 0, "rgb": "#000000", "zyx": [1, 79, 38]}