{"timescalecorr": 0.28372666239738464, "corr_listening": 0.191388800740242, "corr_reading": 0.2723016142845154, "p_listening": 0.0, "p_reading": 0.0, "barbin": 3, "rgb": "#000000", "zyx": [10, 57, 76]}