{"timescalecorr": 0.8322362303733826, "corr_listening": 0.2837618589401245, "corr_reading": 0.2616753578186035, "p_listening": 0.0, "p_reading": 0.0, "barbin": 4, "rgb": "#000000", "zyx": [15, 35, 63]}