{"timescalecorr": 1.4917040971340612e-06, "corr_listening": -0.16607671976089478, "corr_reading": -0.06794720143079758, "p_listening": 0.999, "p_reading": 0.93, "barbin": 0, "rgb": "#000000", "zyx": [1, 43, 40]}