{"timescalecorr": 0.009153577499091625, "corr_listening": 0.09025228023529053, "corr_reading": 0.06574951112270355, "p_listening": 0.068, "p_reading": 0.117, "barbin": 0, "rgb": "#000000", "zyx": [12, 38, 41]}