{"timescalecorr": 0.25367259979248047, "corr_listening": 0.16055946052074432, "corr_reading": 0.06380181759595871, "p_listening": 0.001, "p_reading": 0.0, "barbin": 1, "rgb": "#000000", "zyx": [13, 91, 50]}