{"timescalecorr": 2.2520272313641954e-09, "corr_listening": -0.033301450312137604, "corr_reading": -0.0922970175743103, "p_listening": 0.702, "p_reading": 0.957, "barbin": 0, "rgb": "#000000", "zyx": [11, 21, 55]}