{"timescalecorr": 0.9022471308708191, "corr_listening": 0.16939997673034668, "corr_reading": 0.10829698294401169, "p_listening": 0.0, "p_reading": 0.02, "barbin": 1, "rgb": "#000000", "zyx": [13, 38, 28]}