{"timescalecorr": 0.0808873102068901, "corr_listening": 0.009854434058070183, "corr_reading": 0.014254589565098286, "p_listening": 0.281, "p_reading": 0.319, "barbin": 0, "rgb": "#000000", "zyx": [14, 19, 40]}