{"timescalecorr": 0.2273091822862625, "corr_listening": -0.019712336361408234, "corr_reading": 0.16150689125061035, "p_listening": 0.663, "p_reading": 0.005, "barbin": 0, "rgb": "#000000", "zyx": [17, 33, 52]}