{"timescalecorr": 0.028590168803930283, "corr_listening": 0.0402088537812233, "corr_reading": 0.003974510822445154, "p_listening": 0.229, "p_reading": 0.467, "barbin": 0, "rgb": "#000000", "zyx": [8, 66, 36]}