{"timescalecorr": 0.005418031942099333, "corr_listening": -0.01999436877667904, "corr_reading": -0.0067349886521697044, "p_listening": 0.683, "p_reading": 0.782, "barbin": 0, "rgb": "#000000", "zyx": [5, 78, 41]}