{"timescalecorr": 0.03414183855056763, "corr_listening": -0.06990489363670349, "corr_reading": -0.04271875321865082, "p_listening": 0.88, "p_reading": 0.761, "barbin": 0, "rgb": "#000000", "zyx": [2, 69, 62]}