{"timescalecorr": 0.0313851535320282, "corr_listening": 0.035437289625406265, "corr_reading": -0.05489416792988777, "p_listening": 0.248, "p_reading": 0.851, "barbin": 0, "rgb": "#000000", "zyx": [11, 59, 26]}