{"timescalecorr": 0.5740348696708679, "corr_listening": 0.2679009735584259, "corr_reading": 0.23005002737045288, "p_listening": 0.0, "p_reading": 0.0, "barbin": 3, "rgb": "#000000", "zyx": [22, 43, 39]}