{"timescalecorr": 0.021969961002469063, "corr_listening": 0.08878573775291443, "corr_reading": -0.020732298493385315, "p_listening": 0.058, "p_reading": 0.715, "barbin": 0, "rgb": "#000000", "zyx": [5, 61, 42]}