{"timescalecorr": 0.0, "corr_listening": 0.1000896617770195, "corr_reading": 0.022855909541249275, "p_listening": 0.042, "p_reading": 0.25, "barbin": 0, "rgb": "#000000", "zyx": [7, 60, 59]}