{"timescalecorr": 1.6261277551166131e-06, "corr_listening": -0.007731401361525059, "corr_reading": -0.03627973794937134, "p_listening": 0.562, "p_reading": 0.814, "barbin": 0, "rgb": "#000000", "zyx": [15, 46, 35]}