{"timescalecorr": 1.2425927257628255e-13, "corr_listening": -0.026927154511213303, "corr_reading": 0.08544959127902985, "p_listening": 0.736, "p_reading": 0.072, "barbin": 0, "rgb": "#000000", "zyx": [17, 65, 71]}