{"timescalecorr": 0.05681991949677467, "corr_listening": -0.10615271329879761, "corr_reading": 0.028566837310791016, "p_listening": 0.962, "p_reading": 0.071, "barbin": 0, "rgb": "#000000", "zyx": [3, 72, 38]}