{"timescalecorr": 0.25098222494125366, "corr_listening": 0.19019079208374023, "corr_reading": 0.05242202803492546, "p_listening": 0.0, "p_reading": 0.213, "barbin": 1, "rgb": "#000000", "zyx": [6, 62, 44]}