{"timescalecorr": 0.010156798176467419, "corr_listening": 0.0023962254635989666, "corr_reading": 0.012578620575368404, "p_listening": 0.47, "p_reading": 0.41, "barbin": 0, "rgb": "#000000", "zyx": [22, 26, 53]}