{"timescalecorr": 0.3456703722476959, "corr_listening": -0.0002846787392627448, "corr_reading": -0.008384563960134983, "p_listening": 0.514, "p_reading": 0.554, "barbin": 0, "rgb": "#000000", "zyx": [11, 49, 72]}