{"timescalecorr": 7.494263263652101e-05, "corr_listening": 0.01378685887902975, "corr_reading": 0.13724251091480255, "p_listening": 0.424, "p_reading": 0.009, "barbin": 0, "rgb": "#000000", "zyx": [17, 91, 47]}