{"timescalecorr": 0.06769140809774399, "corr_listening": 0.034690286964178085, "corr_reading": -0.012022408656775951, "p_listening": 0.307, "p_reading": 0.741, "barbin": 0, "rgb": "#000000", "zyx": [8, 32, 59]}