{"timescalecorr": 0.7776309847831726, "corr_listening": -0.0458957813680172, "corr_reading": 0.008728918619453907, "p_listening": 0.796, "p_reading": 0.3, "barbin": 0, "rgb": "#000000", "zyx": [17, 27, 33]}