{"timescalecorr": 0.0028843304608017206, "corr_listening": 0.09860482811927795, "corr_reading": -0.025551429018378258, "p_listening": 0.049, "p_reading": 0.677, "barbin": 0, "rgb": "#000000", "zyx": [8, 63, 48]}