{"timescalecorr": 0.9691377878189087, "corr_listening": 0.0025111595168709755, "corr_reading": 0.024707624688744545, "p_listening": 0.439, "p_reading": 0.326, "barbin": 0, "rgb": "#000000", "zyx": [3, 72, 41]}