{"timescalecorr": 3.466288762865588e-05, "corr_listening": -0.005216955207288265, "corr_reading": 0.021849375218153, "p_listening": 0.599, "p_reading": 0.0, "barbin": 0, "rgb": "#000000", "zyx": [22, 60, 50]}