{"timescalecorr": 0.19956253468990326, "corr_listening": -0.06910621374845505, "corr_reading": 0.10460930317640305, "p_listening": 0.864, "p_reading": 0.0, "barbin": 0, "rgb": "#000000", "zyx": [4, 83, 65]}