{"timescalecorr": 0.5730146765708923, "corr_listening": 0.2961324155330658, "corr_reading": 0.23160308599472046, "p_listening": 0.0, "p_reading": 0.0, "barbin": 4, "rgb": "#000000", "zyx": [9, 67, 71]}