{"timescalecorr": 0.04963506758213043, "corr_listening": 0.001992857316508889, "corr_reading": -0.00014325969095807523, "p_listening": 0.364, "p_reading": 0.541, "barbin": 0, "rgb": "#000000", "zyx": [4, 91, 42]}