{"timescalecorr": 0.45571646094322205, "corr_listening": 0.006137477699667215, "corr_reading": 0.04129781201481819, "p_listening": 0.447, "p_reading": 0.246, "barbin": 0, "rgb": "#000000", "zyx": [12, 53, 77]}