{"timescalecorr": 0.2967921197414398, "corr_listening": 0.03540406376123428, "corr_reading": -0.06020141765475273, "p_listening": 0.284, "p_reading": 0.834, "barbin": 0, "rgb": "#000000", "zyx": [25, 54, 66]}