{"timescalecorr": 0.9625025391578674, "corr_listening": 0.2154608517885208, "corr_reading": 0.3760766386985779, "p_listening": 0.0, "p_reading": 0.0, "barbin": 4, "rgb": "#000000", "zyx": [16, 71, 55]}