{"timescalecorr": 0.019713573157787323, "corr_listening": -0.022331057116389275, "corr_reading": 0.03364738076925278, "p_listening": 0.674, "p_reading": 0.181, "barbin": 0, "rgb": "#000000", "zyx": [11, 24, 56]}