{"timescalecorr": 0.049533311277627945, "corr_listening": -0.008790068328380585, "corr_reading": -0.031766150146722794, "p_listening": 0.858, "p_reading": 0.71, "barbin": 0, "rgb": "#000000", "zyx": [16, 47, 48]}