{"timescalecorr": 0.38413098454475403, "corr_listening": 0.35314884781837463, "corr_reading": 0.09090697765350342, "p_listening": 0.0, "p_reading": 0.058, "barbin": 3, "rgb": "#000000", "zyx": [17, 31, 50]}