{"timescalecorr": 0.5024564862251282, "corr_listening": 0.0662275031208992, "corr_reading": 0.14061160385608673, "p_listening": 0.113, "p_reading": 0.002, "barbin": 1, "rgb": "#000000", "zyx": [21, 53, 35]}