{"timescalecorr": 0.8983772993087769, "corr_listening": -0.011545674875378609, "corr_reading": 0.05334954708814621, "p_listening": 0.596, "p_reading": 0.171, "barbin": 0, "rgb": "#000000", "zyx": [24, 73, 48]}