{"timescalecorr": 0.6886081099510193, "corr_listening": 0.00895778089761734, "corr_reading": 0.23555082082748413, "p_listening": 0.406, "p_reading": 0.0, "barbin": 1, "rgb": "#000000", "zyx": [23, 48, 46]}