{"timescalecorr": 0.0667845606803894, "corr_listening": 0.06724574416875839, "corr_reading": 0.033826857805252075, "p_listening": 0.02, "p_reading": 0.284, "barbin": 0, "rgb": "#000000", "zyx": [3, 68, 32]}