{"timescalecorr": 0.011917649768292904, "corr_listening": -0.1248394250869751, "corr_reading": -0.0025357843842357397, "p_listening": 0.986, "p_reading": 0.718, "barbin": 0, "rgb": "#000000", "zyx": [6, 56, 22]}