{"timescalecorr": 0.04259554296731949, "corr_listening": -0.027091989293694496, "corr_reading": 0.08015567809343338, "p_listening": 0.667, "p_reading": 0.007, "barbin": 0, "rgb": "#000000", "zyx": [9, 82, 41]}