{"timescalecorr": 0.10276073217391968, "corr_listening": 0.07600164413452148, "corr_reading": 0.1421155035495758, "p_listening": 0.1, "p_reading": 0.006, "barbin": 1, "rgb": "#000000", "zyx": [22, 68, 62]}