{"timescalecorr": 0.0010815741261467338, "corr_listening": -0.04291106015443802, "corr_reading": 0.007873973809182644, "p_listening": 0.828, "p_reading": 0.421, "barbin": 0, "rgb": "#000000", "zyx": [21, 54, 71]}