{"timescalecorr": 0.0023406611289829016, "corr_listening": -0.09363605082035065, "corr_reading": 0.21293409168720245, "p_listening": 0.931, "p_reading": 0.0, "barbin": 0, "rgb": "#000000", "zyx": [22, 65, 71]}