{"timescalecorr": 0.0004390855028759688, "corr_listening": 0.09663727134466171, "corr_reading": 0.05679117143154144, "p_listening": 0.057, "p_reading": 0.151, "barbin": 0, "rgb": "#000000", "zyx": [4, 61, 61]}