{"timescalecorr": 0.0101547259837389, "corr_listening": 0.13786903023719788, "corr_reading": -0.032983072102069855, "p_listening": 0.01, "p_reading": 0.686, "barbin": 0, "rgb": "#000000", "zyx": [12, 68, 81]}