{"timescalecorr": 0.1561642736196518, "corr_listening": -0.004669943358749151, "corr_reading": -0.024797318503260612, "p_listening": 0.681, "p_reading": 0.715, "barbin": 0, "rgb": "#000000", "zyx": [22, 66, 64]}