{"timescalecorr": 0.7273985147476196, "corr_listening": 0.07056097686290741, "corr_reading": 0.01771886646747589, "p_listening": 0.055, "p_reading": 0.387, "barbin": 0, "rgb": "#000000", "zyx": [20, 37, 59]}