{"timescalecorr": 0.5900784730911255, "corr_listening": 0.1546972393989563, "corr_reading": 0.10005497187376022, "p_listening": 0.003, "p_reading": 0.041, "barbin": 1, "rgb": "#000000", "zyx": [9, 50, 31]}