{"timescalecorr": 0.15214656293392181, "corr_listening": 0.23377586901187897, "corr_reading": -0.06182480603456497, "p_listening": 0.0, "p_reading": 0.842, "barbin": 0, "rgb": "#000000", "zyx": [16, 25, 41]}