{"timescalecorr": 0.5299569964408875, "corr_listening": -0.0519975870847702, "corr_reading": 0.020916830748319626, "p_listening": 0.826, "p_reading": 0.291, "barbin": 0, "rgb": "#000000", "zyx": [23, 75, 41]}