{"timescalecorr": 0.0004326741909608245, "corr_listening": -0.17190533876419067, "corr_reading": -0.11644206196069717, "p_listening": 0.999, "p_reading": 0.971, "barbin": 0, "rgb": "#000000", "zyx": [25, 36, 44]}