{"timescalecorr": 1.5069247183419066e-07, "corr_listening": 0.044130682945251465, "corr_reading": 0.04829274117946625, "p_listening": 0.198, "p_reading": 0.203, "barbin": 0, "rgb": "#000000", "zyx": [9, 35, 67]}