{"timescalecorr": 3.995453880634159e-05, "corr_listening": 0.11308139562606812, "corr_reading": -0.02658896893262863, "p_listening": 0.029, "p_reading": 0.826, "barbin": 0, "rgb": "#000000", "zyx": [17, 59, 31]}