{"timescalecorr": 0.004951607435941696, "corr_listening": 0.03701910376548767, "corr_reading": -0.03144184499979019, "p_listening": 0.276, "p_reading": 0.687, "barbin": 0, "rgb": "#000000", "zyx": [8, 51, 49]}