{"timescalecorr": 0.5062081217765808, "corr_listening": -0.0011406512930989265, "corr_reading": 0.04746369272470474, "p_listening": 0.498, "p_reading": 0.218, "barbin": 0, "rgb": "#000000", "zyx": [16, 42, 62]}