{"timescalecorr": 0.1976490616798401, "corr_listening": 0.11063151806592941, "corr_reading": 0.08340708166360855, "p_listening": 0.001, "p_reading": 0.081, "barbin": 0, "rgb": "#000000", "zyx": [10, 34, 38]}