{"timescalecorr": 0.11168624460697174, "corr_listening": -0.011165937408804893, "corr_reading": 0.16508641839027405, "p_listening": 0.662, "p_reading": 0.004, "barbin": 0, "rgb": "#000000", "zyx": [10, 26, 35]}