{"timescalecorr": 2.7103470756628667e-07, "corr_listening": -6.747644511051476e-05, "corr_reading": 3.1411136660608463e-06, "p_listening": 0.561, "p_reading": 0.42, "barbin": 0, "rgb": "#000000", "zyx": [18, 89, 49]}