{"timescalecorr": 0.8222211003303528, "corr_listening": 0.005514813121408224, "corr_reading": 0.06867264956235886, "p_listening": 0.484, "p_reading": 0.114, "barbin": 0, "rgb": "#000000", "zyx": [8, 50, 50]}