{"timescalecorr": 0.9438373446464539, "corr_listening": 0.09097464382648468, "corr_reading": 0.0540684312582016, "p_listening": 0.05, "p_reading": 0.145, "barbin": 0, "rgb": "#000000", "zyx": [17, 69, 36]}