{"timescalecorr": 0.001571259694173932, "corr_listening": -0.043613072484731674, "corr_reading": -0.05289676412940025, "p_listening": 0.862, "p_reading": 0.805, "barbin": 0, "rgb": "#000000", "zyx": [25, 44, 64]}