{"timescalecorr": 0.004378449637442827, "corr_listening": -0.04003313183784485, "corr_reading": 0.04003400355577469, "p_listening": 0.952, "p_reading": 0.249, "barbin": 0, "rgb": "#000000", "zyx": [16, 57, 48]}