{"timescalecorr": 0.00018577466835267842, "corr_listening": -0.006705656182020903, "corr_reading": -0.02959776110947132, "p_listening": 0.694, "p_reading": 0.685, "barbin": 0, "rgb": "#000000", "zyx": [3, 45, 33]}