{"timescalecorr": 0.9848552346229553, "corr_listening": -0.04978293925523758, "corr_reading": -0.0044859349727630615, "p_listening": 0.813, "p_reading": 0.501, "barbin": 0, "rgb": "#000000", "zyx": [19, 64, 58]}