{"timescalecorr": 0.00399461155757308, "corr_listening": -0.01690656878054142, "corr_reading": -0.15509216487407684, "p_listening": 0.751, "p_reading": 0.998, "barbin": 0, "rgb": "#000000", "zyx": [27, 57, 59]}