{"timescalecorr": 0.010300572030246258, "corr_listening": 0.010307659395039082, "corr_reading": 0.013807745650410652, "p_listening": 0.403, "p_reading": 0.18, "barbin": 0, "rgb": "#000000", "zyx": [17, 37, 44]}