{"timescalecorr": 0.00742355128750205, "corr_listening": 0.010160350240767002, "corr_reading": -0.07892655581235886, "p_listening": 0.393, "p_reading": 0.911, "barbin": 0, "rgb": "#000000", "zyx": [12, 72, 75]}