{"timescalecorr": 0.023038646206259727, "corr_listening": -0.07767724245786667, "corr_reading": 0.038958895951509476, "p_listening": 0.907, "p_reading": 0.252, "barbin": 0, "rgb": "#000000", "zyx": [6, 82, 50]}