{"timescalecorr": 5.729283293476328e-05, "corr_listening": 0.12406383454799652, "corr_reading": 0.0817413181066513, "p_listening": 0.014, "p_reading": 0.0, "barbin": 1, "rgb": "#000000", "zyx": [7, 76, 73]}