{"timescalecorr": 9.553687259059214e-17, "corr_listening": -0.07597274333238602, "corr_reading": -0.02144392766058445, "p_listening": 0.918, "p_reading": 0.808, "barbin": 0, "rgb": "#000000", "zyx": [20, 52, 73]}