{"timescalecorr": 8.509682629664894e-06, "corr_listening": 0.04758184403181076, "corr_reading": 0.005741416476666927, "p_listening": 0.197, "p_reading": 0.46, "barbin": 0, "rgb": "#000000", "zyx": [4, 57, 65]}