{"timescalecorr": 0.0005911703919991851, "corr_listening": 0.07837728410959244, "corr_reading": 0.009511898271739483, "p_listening": 0.085, "p_reading": 0.456, "barbin": 0, "rgb": "#000000", "zyx": [11, 23, 40]}