{"timescalecorr": 0.7966475486755371, "corr_listening": 0.1920335292816162, "corr_reading": 0.13921953737735748, "p_listening": 0.0, "p_reading": 0.007, "barbin": 2, "rgb": "#000000", "zyx": [21, 44, 40]}