{"timescalecorr": 0.2448333352804184, "corr_listening": 0.1281287521123886, "corr_reading": -0.004057832527905703, "p_listening": 0.005, "p_reading": 0.569, "barbin": 0, "rgb": "#000000", "zyx": [20, 78, 43]}