{"timescalecorr": 0.005631126929074526, "corr_listening": 0.13674011826515198, "corr_reading": 0.07918506860733032, "p_listening": 0.011, "p_reading": 0.009, "barbin": 1, "rgb": "#000000", "zyx": [5, 48, 64]}