{"timescalecorr": 0.1268191635608673, "corr_listening": 0.11141163855791092, "corr_reading": 0.05313089117407799, "p_listening": 0.027, "p_reading": 0.21, "barbin": 0, "rgb": "#000000", "zyx": [14, 58, 36]}