{"timescalecorr": 0.9949431419372559, "corr_listening": 0.04472130909562111, "corr_reading": 0.0040028877556324005, "p_listening": 0.119, "p_reading": 0.471, "barbin": 0, "rgb": "#000000", "zyx": [3, 89, 51]}