{"timescalecorr": 1.1191269777555135e-07, "corr_listening": -0.014672208577394485, "corr_reading": -0.0814364105463028, "p_listening": 0.761, "p_reading": 0.927, "barbin": 0, "rgb": "#000000", "zyx": [23, 59, 72]}