{"timescalecorr": 0.0001105839473893866, "corr_listening": 0.0512237511575222, "corr_reading": 0.0005021376418881118, "p_listening": 0.139, "p_reading": 0.416, "barbin": 0, "rgb": "#000000", "zyx": [21, 69, 52]}