{"timescalecorr": 0.8166970014572144, "corr_listening": 0.06371454894542694, "corr_reading": 0.24435564875602722, "p_listening": 0.092, "p_reading": 0.0, "barbin": 2, "rgb": "#000000", "zyx": [9, 55, 32]}