{"timescalecorr": 0.9285715222358704, "corr_listening": 0.18964441120624542, "corr_reading": 0.10525166243314743, "p_listening": 0.001, "p_reading": 0.04, "barbin": 1, "rgb": "#000000", "zyx": [7, 44, 33]}