{"timescalecorr": 0.13165615499019623, "corr_listening": 0.09524722397327423, "corr_reading": 0.09212267398834229, "p_listening": 0.062, "p_reading": 0.062, "barbin": 0, "rgb": "#000000", "zyx": [19, 37, 40]}