{"timescalecorr": 2.0496805518632755e-05, "corr_listening": 0.08156415820121765, "corr_reading": 0.008462964557111263, "p_listening": 0.087, "p_reading": 0.387, "barbin": 0, "rgb": "#000000", "zyx": [18, 62, 38]}