{"timescalecorr": 3.424243777416791e-09, "corr_listening": -0.0827069878578186, "corr_reading": -0.03331917151808739, "p_listening": 0.942, "p_reading": 0.784, "barbin": 0, "rgb": "#000000", "zyx": [6, 80, 51]}