{"timescalecorr": 0.582877516746521, "corr_listening": 0.3433142900466919, "corr_reading": 0.30766797065734863, "p_listening": 0.0, "p_reading": 0.0, "barbin": 4, "rgb": "#000000", "zyx": [10, 73, 75]}