{"timescalecorr": 0.9695281386375427, "corr_listening": 0.10730631649494171, "corr_reading": -0.06547823548316956, "p_listening": 0.035, "p_reading": 0.986, "barbin": 0, "rgb": "#000000", "zyx": [10, 86, 65]}