{"timescalecorr": 0.696246862411499, "corr_listening": -0.008707665838301182, "corr_reading": -0.04741512984037399, "p_listening": 0.56, "p_reading": 0.776, "barbin": 0, "rgb": "#000000", "zyx": [6, 53, 67]}