{"timescalecorr": 0.0006956830620765686, "corr_listening": 0.2088848352432251, "corr_reading": 0.1056593731045723, "p_listening": 0.0, "p_reading": 0.04, "barbin": 2, "rgb": "#000000", "zyx": [14, 34, 55]}