{"timescalecorr": 0.0007444450166076422, "corr_listening": 0.04813891276717186, "corr_reading": 0.051169503480196, "p_listening": 0.192, "p_reading": 0.179, "barbin": 0, "rgb": "#000000", "zyx": [5, 57, 40]}