{"timescalecorr": 0.7854036092758179, "corr_listening": 0.06708341836929321, "corr_reading": 0.00797269120812416, "p_listening": 0.11, "p_reading": 0.435, "barbin": 0, "rgb": "#000000", "zyx": [15, 75, 40]}