{"timescalecorr": 1.0718440024426457e-10, "corr_listening": -0.032531652599573135, "corr_reading": -0.0021230392158031464, "p_listening": 0.731, "p_reading": 0.738, "barbin": 0, "rgb": "#000000", "zyx": [14, 85, 45]}