{"timescalecorr": 0.0, "corr_listening": -0.08063977211713791, "corr_reading": -0.10536549985408783, "p_listening": 0.926, "p_reading": 0.975, "barbin": 0, "rgb": "#000000", "zyx": [23, 66, 47]}