{"timescalecorr": 0.11336872726678848, "corr_listening": 0.026775941252708435, "corr_reading": 0.1846143901348114, "p_listening": 0.314, "p_reading": 0.0, "barbin": 1, "rgb": "#000000", "zyx": [16, 89, 44]}