{"timescalecorr": 0.6336719393730164, "corr_listening": -0.019991908222436905, "corr_reading": 0.014530091546475887, "p_listening": 0.664, "p_reading": 0.044, "barbin": 0, "rgb": "#000000", "zyx": [8, 87, 44]}