{"timescalecorr": 4.1573374517239747e-13, "corr_listening": -0.12302429974079132, "corr_reading": 0.016012588515877724, "p_listening": 0.995, "p_reading": 0.122, "barbin": 0, "rgb": "#000000", "zyx": [5, 40, 42]}