{"timescalecorr": 0.002294059144333005, "corr_listening": 0.011955003254115582, "corr_reading": -0.015511457808315754, "p_listening": 0.236, "p_reading": 0.575, "barbin": 0, "rgb": "#000000", "zyx": [11, 79, 39]}