{"timescalecorr": 3.1007096890078856e-09, "corr_listening": -0.00042909756302833557, "corr_reading": 0.06109248846769333, "p_listening": 0.488, "p_reading": 0.153, "barbin": 0, "rgb": "#000000", "zyx": [11, 20, 40]}