{"timescalecorr": 0.6189556121826172, "corr_listening": 0.1463773250579834, "corr_reading": 0.10475997626781464, "p_listening": 0.002, "p_reading": 0.041, "barbin": 1, "rgb": "#000000", "zyx": [18, 41, 38]}