{"timescalecorr": 1.719934630273201e-07, "corr_listening": 0.24422740936279297, "corr_reading": 0.0646207183599472, "p_listening": 0.0, "p_reading": 0.152, "barbin": 2, "rgb": "#000000", "zyx": [9, 30, 49]}