{"timescalecorr": 0.0003493614203762263, "corr_listening": 0.06368623673915863, "corr_reading": 0.009299264289438725, "p_listening": 0.147, "p_reading": 0.169, "barbin": 0, "rgb": "#000000", "zyx": [8, 39, 37]}