{"timescalecorr": 4.420447658048943e-05, "corr_listening": 0.01599477231502533, "corr_reading": -0.060027074068784714, "p_listening": 0.338, "p_reading": 0.834, "barbin": 0, "rgb": "#000000", "zyx": [7, 49, 57]}