{"timescalecorr": 6.215769872142118e-07, "corr_listening": -0.013003280386328697, "corr_reading": -0.010591473430395126, "p_listening": 0.574, "p_reading": 0.569, "barbin": 0, "rgb": "#000000", "zyx": [5, 50, 70]}