{"timescalecorr": 0.19342905282974243, "corr_listening": 0.039789777249097824, "corr_reading": -0.010268446058034897, "p_listening": 0.245, "p_reading": 0.558, "barbin": 0, "rgb": "#000000", "zyx": [19, 36, 66]}