{"timescalecorr": 0.9900637269020081, "corr_listening": 0.1338919848203659, "corr_reading": 0.0971701368689537, "p_listening": 0.008, "p_reading": 0.042, "barbin": 1, "rgb": "#000000", "zyx": [10, 86, 50]}