{"timescalecorr": 0.35505369305610657, "corr_listening": 0.023672914132475853, "corr_reading": 0.03162230923771858, "p_listening": 0.294, "p_reading": 0.13, "barbin": 0, "rgb": "#000000", "zyx": [4, 72, 36]}