{"timescalecorr": 9.813456991469849e-11, "corr_listening": -0.021245190873742104, "corr_reading": -0.05375734344124794, "p_listening": 0.654, "p_reading": 0.845, "barbin": 0, "rgb": "#000000", "zyx": [17, 71, 67]}