{"timescalecorr": 0.47967663407325745, "corr_listening": 0.10338792949914932, "corr_reading": 0.2094022035598755, "p_listening": 0.032, "p_reading": 0.0, "barbin": 2, "rgb": "#000000", "zyx": [15, 38, 37]}