{"timescalecorr": 0.3985854387283325, "corr_listening": 0.047966402024030685, "corr_reading": -0.06356455385684967, "p_listening": 0.198, "p_reading": 0.877, "barbin": 0, "rgb": "#000000", "zyx": [21, 54, 70]}