{"timescalecorr": 0.013304611667990685, "corr_listening": 0.06481698155403137, "corr_reading": 0.003408951684832573, "p_listening": 0.144, "p_reading": 0.495, "barbin": 0, "rgb": "#000000", "zyx": [12, 64, 54]}