{"timescalecorr": 0.09535582363605499, "corr_listening": -0.024603327736258507, "corr_reading": 0.03654768690466881, "p_listening": 0.665, "p_reading": 0.273, "barbin": 0, "rgb": "#000000", "zyx": [16, 82, 33]}