{"timescalecorr": 0.025417523458600044, "corr_listening": 0.015613091178238392, "corr_reading": 0.037029050290584564, "p_listening": 0.327, "p_reading": 0.195, "barbin": 0, "rgb": "#000000", "zyx": [22, 63, 32]}