{"timescalecorr": 8.994565092734774e-08, "corr_listening": 0.017472578212618828, "corr_reading": -0.004924158565700054, "p_listening": 0.41, "p_reading": 0.541, "barbin": 0, "rgb": "#000000", "zyx": [2, 42, 46]}