{"timescalecorr": 0.0, "corr_listening": -0.08035410940647125, "corr_reading": 0.02727930061519146, "p_listening": 0.947, "p_reading": 0.187, "barbin": 0, "rgb": "#000000", "zyx": [3, 90, 64]}