{"timescalecorr": 0.9200882911682129, "corr_listening": 0.048718422651290894, "corr_reading": 0.032225001603364944, "p_listening": 0.177, "p_reading": 0.284, "barbin": 0, "rgb": "#000000", "zyx": [17, 22, 36]}