{"timescalecorr": 0.0009721280657686293, "corr_listening": -0.09530383348464966, "corr_reading": 0.043192967772483826, "p_listening": 0.961, "p_reading": 0.251, "barbin": 0, "rgb": "#000000", "zyx": [13, 71, 35]}