{"timescalecorr": 0.26404398679733276, "corr_listening": 0.21158643066883087, "corr_reading": -0.03694789111614227, "p_listening": 0.0, "p_reading": 0.834, "barbin": 0, "rgb": "#000000", "zyx": [11, 41, 68]}