{"timescalecorr": 0.0003295056812930852, "corr_listening": 0.016715452075004578, "corr_reading": -0.015796517953276634, "p_listening": 0.382, "p_reading": 0.71, "barbin": 0, "rgb": "#000000", "zyx": [7, 95, 58]}