{"timescalecorr": 2.4400401404250927e-12, "corr_listening": -0.049624018371105194, "corr_reading": -0.028494197875261307, "p_listening": 0.788, "p_reading": 0.674, "barbin": 0, "rgb": "#000000", "zyx": [24, 38, 41]}