{"timescalecorr": 0.2699483036994934, "corr_listening": 0.19974759221076965, "corr_reading": 0.06921593099832535, "p_listening": 0.0, "p_reading": 0.1, "barbin": 1, "rgb": "#000000", "zyx": [12, 79, 50]}