{"timescalecorr": 0.000773680629208684, "corr_listening": 0.033598579466342926, "corr_reading": -0.019618019461631775, "p_listening": 0.307, "p_reading": 0.631, "barbin": 0, "rgb": "#000000", "zyx": [16, 49, 55]}