{"timescalecorr": 0.14742347598075867, "corr_listening": 0.026527874171733856, "corr_reading": 0.013263399712741375, "p_listening": 0.325, "p_reading": 0.333, "barbin": 0, "rgb": "#000000", "zyx": [5, 58, 38]}