{"timescalecorr": 0.630974292755127, "corr_listening": 0.05588969588279724, "corr_reading": 0.07774268090724945, "p_listening": 0.133, "p_reading": 0.073, "barbin": 0, "rgb": "#000000", "zyx": [12, 65, 70]}