{"timescalecorr": 0.0041081877425313, "corr_listening": -0.005462895147502422, "corr_reading": -0.11099004000425339, "p_listening": 0.538, "p_reading": 0.982, "barbin": 0, "rgb": "#000000", "zyx": [10, 59, 38]}