{"timescalecorr": 0.02459944225847721, "corr_listening": 2.4003940779948607e-05, "corr_reading": 0.04177136719226837, "p_listening": 0.45, "p_reading": 0.21, "barbin": 0, "rgb": "#000000", "zyx": [27, 43, 47]}