{"timescalecorr": 0.16216793656349182, "corr_listening": -0.0006656886544078588, "corr_reading": 0.051952656358480453, "p_listening": 0.507, "p_reading": 0.006, "barbin": 0, "rgb": "#000000", "zyx": [3, 77, 69]}