{"timescalecorr": 0.00920095480978489, "corr_listening": -0.035475607961416245, "corr_reading": 0.03781948983669281, "p_listening": 0.746, "p_reading": 0.247, "barbin": 0, "rgb": "#000000", "zyx": [10, 79, 62]}