{"timescalecorr": 0.06581765413284302, "corr_listening": 0.11893046647310257, "corr_reading": 0.02800564095377922, "p_listening": 0.014, "p_reading": 0.278, "barbin": 0, "rgb": "#000000", "zyx": [1, 90, 53]}