{"timescalecorr": 4.5840931051088774e-08, "corr_listening": 0.07608048617839813, "corr_reading": 0.05224261432886124, "p_listening": 0.104, "p_reading": 0.158, "barbin": 0, "rgb": "#000000", "zyx": [19, 44, 61]}