{"timescalecorr": 0.007890152744948864, "corr_listening": -0.0024844156578183174, "corr_reading": -0.03138059005141258, "p_listening": 0.623, "p_reading": 0.715, "barbin": 0, "rgb": "#000000", "zyx": [7, 95, 57]}