{"timescalecorr": 1.763797286002955e-08, "corr_listening": 0.002958454191684723, "corr_reading": -0.013219097629189491, "p_listening": 0.486, "p_reading": 0.575, "barbin": 0, "rgb": "#000000", "zyx": [18, 64, 62]}