{"timescalecorr": 0.37601330876350403, "corr_listening": -0.1157667264342308, "corr_reading": 0.14222241938114166, "p_listening": 0.988, "p_reading": 0.0, "barbin": 0, "rgb": "#000000", "zyx": [9, 92, 46]}