{"timescalecorr": 1.7294291812432888e-13, "corr_listening": 0.03915688022971153, "corr_reading": -0.11852934956550598, "p_listening": 0.236, "p_reading": 0.98, "barbin": 0, "rgb": "#000000", "zyx": [14, 31, 41]}