{"timescalecorr": 0.0004769278457388282, "corr_listening": -0.009604977443814278, "corr_reading": 0.1632946878671646, "p_listening": 0.55, "p_reading": 0.002, "barbin": 0, "rgb": "#000000", "zyx": [12, 79, 48]}