{"timescalecorr": 0.0004125802079215646, "corr_listening": -0.043959617614746094, "corr_reading": -0.0007749961223453283, "p_listening": 0.774, "p_reading": 0.511, "barbin": 0, "rgb": "#000000", "zyx": [19, 29, 33]}