{"timescalecorr": 0.23551267385482788, "corr_listening": 0.0023243515752255917, "corr_reading": 0.029384810477495193, "p_listening": 0.49, "p_reading": 0.292, "barbin": 0, "rgb": "#000000", "zyx": [9, 70, 29]}