{"timescalecorr": 0.5753243565559387, "corr_listening": -0.052924077957868576, "corr_reading": -0.032508037984371185, "p_listening": 0.815, "p_reading": 0.808, "barbin": 0, "rgb": "#000000", "zyx": [5, 35, 43]}