{"timescalecorr": 0.7817028760910034, "corr_listening": 0.1688540279865265, "corr_reading": 0.10293742269277573, "p_listening": 0.0, "p_reading": 0.012, "barbin": 1, "rgb": "#000000", "zyx": [13, 26, 47]}