{"timescalecorr": 0.8670676350593567, "corr_listening": 0.16698914766311646, "corr_reading": 0.045428305864334106, "p_listening": 0.0, "p_reading": 0.21, "barbin": 1, "rgb": "#000000", "zyx": [11, 82, 66]}