{"timescalecorr": 0.08403676748275757, "corr_listening": 0.005544102750718594, "corr_reading": -0.00972518976777792, "p_listening": 0.489, "p_reading": 0.812, "barbin": 0, "rgb": "#000000", "zyx": [19, 74, 62]}