{"timescalecorr": 0.7048009037971497, "corr_listening": 0.02611677162349224, "corr_reading": 0.12019912898540497, "p_listening": 0.333, "p_reading": 0.012, "barbin": 0, "rgb": "#000000", "zyx": [24, 47, 46]}