{"timescalecorr": 4.161185279372148e-05, "corr_listening": 0.10806213319301605, "corr_reading": 0.005914728157222271, "p_listening": 0.035, "p_reading": 0.406, "barbin": 0, "rgb": "#000000", "zyx": [10, 23, 40]}