{"timescalecorr": 1.095644211992399e-27, "corr_listening": 0.10491137206554413, "corr_reading": -0.0059156580828130245, "p_listening": 0.004, "p_reading": 0.523, "barbin": 0, "rgb": "#000000", "zyx": [20, 28, 49]}