{"timescalecorr": 4.85039493014483e-08, "corr_listening": -0.029310431331396103, "corr_reading": 0.017972156405448914, "p_listening": 0.736, "p_reading": 0.385, "barbin": 0, "rgb": "#000000", "zyx": [14, 62, 24]}