{"timescalecorr": 0.11523304879665375, "corr_listening": 0.09407259523868561, "corr_reading": 0.2794852554798126, "p_listening": 0.069, "p_reading": 0.0, "barbin": 2, "rgb": "#000000", "zyx": [5, 72, 28]}