{"timescalecorr": 0.9668008089065552, "corr_listening": -0.04469485953450203, "corr_reading": -0.12792827188968658, "p_listening": 0.813, "p_reading": 0.99, "barbin": 0, "rgb": "#000000", "zyx": [18, 46, 70]}