{"timescalecorr": 0.0075865196995437145, "corr_listening": -0.05985478311777115, "corr_reading": -0.0020437773782759905, "p_listening": 0.849, "p_reading": 0.535, "barbin": 0, "rgb": "#000000", "zyx": [20, 72, 75]}