{"timescalecorr": 0.49859803915023804, "corr_listening": 0.1505759358406067, "corr_reading": 0.16973134875297546, "p_listening": 0.003, "p_reading": 0.0, "barbin": 2, "rgb": "#000000", "zyx": [14, 35, 63]}