{"timescalecorr": 0.5694090127944946, "corr_listening": 0.09604350477457047, "corr_reading": 0.11515775322914124, "p_listening": 0.049, "p_reading": 0.025, "barbin": 1, "rgb": "#000000", "zyx": [14, 60, 32]}