{"timescalecorr": NaN, "corr_listening": -0.013520199805498123, "corr_reading": -0.04732655733823776, "p_listening": 0.595, "p_reading": 0.822, "barbin": 0, "rgb": "#000000", "zyx": [17, 58, 29]}