{"timescalecorr": 0.0185664352029562, "corr_listening": 0.011149942874908447, "corr_reading": 0.03735212981700897, "p_listening": 0.398, "p_reading": 0.253, "barbin": 0, "rgb": "#000000", "zyx": [7, 46, 35]}