{"timescalecorr": 0.015330959111452103, "corr_listening": -0.018755117431282997, "corr_reading": -0.045292217284440994, "p_listening": 0.67, "p_reading": 0.892, "barbin": 0, "rgb": "#000000", "zyx": [14, 45, 35]}