{"timescalecorr": 0.9989910125732422, "corr_listening": -0.03211071342229843, "corr_reading": -0.006356794387102127, "p_listening": 0.844, "p_reading": 0.536, "barbin": 0, "rgb": "#000000", "zyx": [6, 37, 55]}