{"timescalecorr": 0.12284264713525772, "corr_listening": 0.1066703200340271, "corr_reading": -0.046433351933956146, "p_listening": 0.019, "p_reading": 0.775, "barbin": 0, "rgb": "#000000", "zyx": [18, 40, 51]}