{"timescalecorr": 0.010340865701436996, "corr_listening": 0.11087881028652191, "corr_reading": -0.10499829053878784, "p_listening": 0.023, "p_reading": 0.979, "barbin": 0, "rgb": "#000000", "zyx": [9, 33, 37]}