{"timescalecorr": 0.9493051171302795, "corr_listening": 0.23640087246894836, "corr_reading": 0.18614235520362854, "p_listening": 0.0, "p_reading": 0.001, "barbin": 3, "rgb": "#000000", "zyx": [21, 36, 56]}