{"timescalecorr": 0.01580692268908024, "corr_listening": -0.0009107111254706979, "corr_reading": 0.0821828544139862, "p_listening": 0.516, "p_reading": 0.076, "barbin": 0, "rgb": "#000000", "zyx": [11, 86, 31]}