{"timescalecorr": 0.4554588198661804, "corr_listening": 0.03404690697789192, "corr_reading": 0.12152814120054245, "p_listening": 0.245, "p_reading": 0.006, "barbin": 0, "rgb": "#000000", "zyx": [11, 83, 57]}