{"timescalecorr": 0.0, "corr_listening": 0.1167139858007431, "corr_reading": -0.17850202322006226, "p_listening": 0.014, "p_reading": 0.999, "barbin": 0, "rgb": "#000000", "zyx": [26, 44, 58]}