{"timescalecorr": 0.06399954855442047, "corr_listening": -0.019901016727089882, "corr_reading": -0.0016784335020929575, "p_listening": 0.643, "p_reading": 0.638, "barbin": 0, "rgb": "#000000", "zyx": [22, 70, 46]}