{"timescalecorr": 0.6346986293792725, "corr_listening": 0.18715229630470276, "corr_reading": 0.08332087844610214, "p_listening": 0.0, "p_reading": 0.074, "barbin": 1, "rgb": "#000000", "zyx": [14, 77, 32]}