{"timescalecorr": 2.570167367821341e-08, "corr_listening": 0.0005125617608428001, "corr_reading": 0.052798882126808167, "p_listening": 0.5, "p_reading": 0.197, "barbin": 0, "rgb": "#000000", "zyx": [25, 42, 56]}