{"timescalecorr": 0.6696721911430359, "corr_listening": 0.07836130261421204, "corr_reading": 0.1917629837989807, "p_listening": 0.079, "p_reading": 0.0, "barbin": 1, "rgb": "#000000", "zyx": [1, 75, 60]}