{"timescalecorr": 7.885025077314367e-09, "corr_listening": 0.20318588614463806, "corr_reading": -0.02899063006043434, "p_listening": 0.0, "p_reading": 0.679, "barbin": 0, "rgb": "#000000", "zyx": [8, 57, 24]}