{"timescalecorr": 0.008989812806248665, "corr_listening": -0.009168093092739582, "corr_reading": -0.006691879127174616, "p_listening": 0.604, "p_reading": 0.531, "barbin": 0, "rgb": "#000000", "zyx": [1, 86, 52]}