{"timescalecorr": 0.005010266788303852, "corr_listening": 0.01974879577755928, "corr_reading": 0.0543954037129879, "p_listening": 0.364, "p_reading": 0.076, "barbin": 0, "rgb": "#000000", "zyx": [11, 55, 71]}