{"timescalecorr": 1.651161801419221e-05, "corr_listening": 0.16715146601200104, "corr_reading": -0.0674891471862793, "p_listening": 0.004, "p_reading": 0.881, "barbin": 0, "rgb": "#000000", "zyx": [18, 60, 58]}