{"timescalecorr": 0.00035034341271966696, "corr_listening": 0.009075257927179337, "corr_reading": 0.022126909345388412, "p_listening": 0.453, "p_reading": 0.134, "barbin": 0, "rgb": "#000000", "zyx": [13, 63, 33]}