{"timescalecorr": 0.9950094223022461, "corr_listening": 0.004948694724589586, "corr_reading": 0.003834789851680398, "p_listening": 0.271, "p_reading": 0.188, "barbin": 0, "rgb": "#000000", "zyx": [9, 50, 47]}