{"timescalecorr": 0.0036293761804699898, "corr_listening": -0.0033620260655879974, "corr_reading": 0.047342777252197266, "p_listening": 0.529, "p_reading": 0.038, "barbin": 0, "rgb": "#000000", "zyx": [7, 94, 47]}