{"timescalecorr": 0.8695396184921265, "corr_listening": 0.19076378643512726, "corr_reading": 0.09550108760595322, "p_listening": 0.001, "p_reading": 0.053, "barbin": 1, "rgb": "#000000", "zyx": [6, 31, 39]}