{"timescalecorr": 1.2152171620982699e-05, "corr_listening": -0.02136475034058094, "corr_reading": 0.05509736016392708, "p_listening": 0.637, "p_reading": 0.168, "barbin": 0, "rgb": "#000000", "zyx": [7, 42, 44]}