{"timescalecorr": 6.632362167064906e-14, "corr_listening": -0.06689652055501938, "corr_reading": 0.03145722299814224, "p_listening": 0.865, "p_reading": 0.032, "barbin": 0, "rgb": "#000000", "zyx": [8, 94, 54]}