{"timescalecorr": 0.6548309922218323, "corr_listening": -0.027421245351433754, "corr_reading": -0.0003141791094094515, "p_listening": 0.703, "p_reading": 0.495, "barbin": 0, "rgb": "#000000", "zyx": [3, 76, 39]}