{"timescalecorr": 0.007217349484562874, "corr_listening": 0.07930729538202286, "corr_reading": -0.022899653762578964, "p_listening": 0.095, "p_reading": 0.646, "barbin": 0, "rgb": "#000000", "zyx": [22, 32, 53]}