{"timescalecorr": 0.8372676372528076, "corr_listening": 0.04241111874580383, "corr_reading": 0.0049543678760528564, "p_listening": 0.227, "p_reading": 0.471, "barbin": 0, "rgb": "#000000", "zyx": [18, 39, 34]}