{"timescalecorr": 0.0011471699690446258, "corr_listening": 0.3560611605644226, "corr_reading": 0.012355821207165718, "p_listening": 0.0, "p_reading": 0.392, "barbin": 2, "rgb": "#000000", "zyx": [23, 42, 62]}