{"timescalecorr": 0.31241923570632935, "corr_listening": 0.1114058792591095, "corr_reading": 0.15579105913639069, "p_listening": 0.007, "p_reading": 0.0, "barbin": 1, "rgb": "#000000", "zyx": [16, 87, 43]}