{"timescalecorr": 0.05478978902101517, "corr_listening": 0.1173451840877533, "corr_reading": 0.08845945447683334, "p_listening": 0.009, "p_reading": 0.053, "barbin": 1, "rgb": "#000000", "zyx": [2, 68, 30]}