{"timescalecorr": 1.1427011941123055e-06, "corr_listening": -0.014921852387487888, "corr_reading": 0.059945471584796906, "p_listening": 0.698, "p_reading": 0.023, "barbin": 0, "rgb": "#000000", "zyx": [7, 88, 48]}