{"timescalecorr": 0.009564160369336605, "corr_listening": -0.04523496329784393, "corr_reading": 0.006897763814777136, "p_listening": 0.795, "p_reading": 0.089, "barbin": 0, "rgb": "#000000", "zyx": [5, 83, 43]}