{"timescalecorr": 6.018316071276786e-06, "corr_listening": -0.041486453264951706, "corr_reading": 0.008016142062842846, "p_listening": 0.758, "p_reading": 0.21, "barbin": 0, "rgb": "#000000", "zyx": [14, 44, 63]}