{"timescalecorr": 0.41892510652542114, "corr_listening": 0.014451620168983936, "corr_reading": 0.07933440804481506, "p_listening": 0.335, "p_reading": 0.11, "barbin": 0, "rgb": "#000000", "zyx": [11, 52, 40]}