{"timescalecorr": 0.17205803096294403, "corr_listening": 0.04097944498062134, "corr_reading": 0.00936999823898077, "p_listening": 0.274, "p_reading": 0.425, "barbin": 0, "rgb": "#000000", "zyx": [0, 45, 40]}