{"timescalecorr": 0.3925151228904724, "corr_listening": 0.3552592098712921, "corr_reading": 0.22966492176055908, "p_listening": 0.0, "p_reading": 0.0, "barbin": 4, "rgb": "#000000", "zyx": [14, 76, 54]}