{"timescalecorr": 0.16603213548660278, "corr_listening": 0.17260748147964478, "corr_reading": -0.004091696813702583, "p_listening": 0.0, "p_reading": 0.524, "barbin": 0, "rgb": "#000000", "zyx": [20, 42, 54]}