{"timescalecorr": 4.4781406360883125e-10, "corr_listening": -0.03554641082882881, "corr_reading": 0.0008631636155769229, "p_listening": 0.952, "p_reading": 0.299, "barbin": 0, "rgb": "#000000", "zyx": [11, 47, 38]}