{"timescalecorr": 0.11512007564306259, "corr_listening": 0.0076423585414886475, "corr_reading": -0.007692703977227211, "p_listening": 0.476, "p_reading": 0.558, "barbin": 0, "rgb": "#000000", "zyx": [6, 77, 59]}