{"timescalecorr": 0.017788905650377274, "corr_listening": -0.06077276170253754, "corr_reading": 0.06826142221689224, "p_listening": 0.851, "p_reading": 0.002, "barbin": 0, "rgb": "#000000", "zyx": [4, 85, 62]}