{"timescalecorr": 0.0, "corr_listening": -0.039570849388837814, "corr_reading": -0.029711980372667313, "p_listening": 0.81, "p_reading": 0.706, "barbin": 0, "rgb": "#000000", "zyx": [2, 79, 32]}