{"timescalecorr": 0.5191510915756226, "corr_listening": -0.04721344634890556, "corr_reading": 0.011073662899434566, "p_listening": 0.884, "p_reading": 0.307, "barbin": 0, "rgb": "#000000", "zyx": [10, 93, 55]}