{"timescalecorr": 0.0, "corr_listening": -0.07198000699281693, "corr_reading": 0.0027829583268612623, "p_listening": 0.93, "p_reading": 0.489, "barbin": 0, "rgb": "#000000", "zyx": [17, 47, 57]}