{"timescalecorr": 0.058063216507434845, "corr_listening": 0.035138338804244995, "corr_reading": 2.888542803702876e-05, "p_listening": 0.218, "p_reading": 0.188, "barbin": 0, "rgb": "#000000", "zyx": [17, 80, 64]}