{"timescalecorr": 0.06478787958621979, "corr_listening": 0.013534759171307087, "corr_reading": 0.2857476472854614, "p_listening": 0.409, "p_reading": 0.0, "barbin": 1, "rgb": "#000000", "zyx": [19, 29, 57]}