{"timescalecorr": 0.008636927232146263, "corr_listening": 0.18288850784301758, "corr_reading": -0.04727347567677498, "p_listening": 0.0, "p_reading": 0.815, "barbin": 0, "rgb": "#000000", "zyx": [16, 46, 51]}