{"timescalecorr": 0.002885414520278573, "corr_listening": 0.016248006373643875, "corr_reading": -0.010415557771921158, "p_listening": 0.409, "p_reading": 0.571, "barbin": 0, "rgb": "#000000", "zyx": [9, 48, 64]}