{"timescalecorr": 0.3887425661087036, "corr_listening": 0.13278424739837646, "corr_reading": 0.11150670051574707, "p_listening": 0.002, "p_reading": 0.027, "barbin": 1, "rgb": "#000000", "zyx": [8, 50, 31]}