{"timescalecorr": 0.11994802206754684, "corr_listening": 0.04518554359674454, "corr_reading": -0.0704071894288063, "p_listening": 0.239, "p_reading": 0.897, "barbin": 0, "rgb": "#000000", "zyx": [22, 79, 61]}