{"timescalecorr": 0.017605086788535118, "corr_listening": 0.00558275543153286, "corr_reading": 0.06342876702547073, "p_listening": 0.451, "p_reading": 0.115, "barbin": 0, "rgb": "#000000", "zyx": [25, 52, 46]}