{"timescalecorr": 1.4320330592454411e-06, "corr_listening": -0.05771275982260704, "corr_reading": 0.048142578452825546, "p_listening": 0.858, "p_reading": 0.205, "barbin": 0, "rgb": "#000000", "zyx": [15, 41, 62]}