{"timescalecorr": 0.0011711897095665336, "corr_listening": 0.003966131247580051, "corr_reading": 0.0037452448159456253, "p_listening": 0.433, "p_reading": 0.245, "barbin": 0, "rgb": "#000000", "zyx": [26, 65, 44]}