{"timescalecorr": 0.0, "corr_listening": -0.004741786979138851, "corr_reading": -0.07688172161579132, "p_listening": 0.53, "p_reading": 0.889, "barbin": 0, "rgb": "#000000", "zyx": [18, 70, 46]}