{"timescalecorr": 4.4639936191970264e-08, "corr_listening": 0.06375698745250702, "corr_reading": 0.00823249202221632, "p_listening": 0.16, "p_reading": 0.111, "barbin": 0, "rgb": "#000000", "zyx": [15, 55, 73]}