{"timescalecorr": 0.005214874166995287, "corr_listening": 0.026297634467482567, "corr_reading": 0.08717779070138931, "p_listening": 0.019, "p_reading": 0.038, "barbin": 0, "rgb": "#000000", "zyx": [21, 71, 71]}