{"timescalecorr": 1.365729531244142e-06, "corr_listening": 0.1133216917514801, "corr_reading": 0.05177697166800499, "p_listening": 0.032, "p_reading": 0.188, "barbin": 0, "rgb": "#000000", "zyx": [1, 67, 28]}