{"timescalecorr": 0.0004170552419964224, "corr_listening": -0.1417490392923355, "corr_reading": 0.0396280437707901, "p_listening": 0.995, "p_reading": 0.222, "barbin": 0, "rgb": "#000000", "zyx": [10, 70, 38]}