{"timescalecorr": 0.08281950652599335, "corr_listening": 0.05639772117137909, "corr_reading": 0.013985731638967991, "p_listening": 0.169, "p_reading": 0.407, "barbin": 0, "rgb": "#000000", "zyx": [6, 46, 75]}