{"timescalecorr": 0.0, "corr_listening": -0.021793659776449203, "corr_reading": -0.002888251096010208, "p_listening": 0.662, "p_reading": 0.528, "barbin": 0, "rgb": "#000000", "zyx": [15, 64, 58]}