{"timescalecorr": 0.33628231287002563, "corr_listening": 0.13603061437606812, "corr_reading": 0.05118881165981293, "p_listening": 0.009, "p_reading": 0.184, "barbin": 0, "rgb": "#000000", "zyx": [25, 58, 63]}