{"timescalecorr": 0.008934134617447853, "corr_listening": 0.0706089437007904, "corr_reading": 0.03637632355093956, "p_listening": 0.088, "p_reading": 0.21, "barbin": 0, "rgb": "#000000", "zyx": [27, 48, 57]}