{"timescalecorr": 0.05541083961725235, "corr_listening": 0.0902785211801529, "corr_reading": -0.008205019868910313, "p_listening": 0.0, "p_reading": 0.589, "barbin": 0, "rgb": "#000000", "zyx": [16, 58, 33]}