{"timescalecorr": 0.0005202302127145231, "corr_listening": -0.03014766424894333, "corr_reading": 0.0503171943128109, "p_listening": 0.918, "p_reading": 0.138, "barbin": 0, "rgb": "#000000", "zyx": [3, 49, 31]}