{"timescalecorr": 0.6375816464424133, "corr_listening": 0.035187479108572006, "corr_reading": 0.006917314603924751, "p_listening": 0.257, "p_reading": 0.461, "barbin": 0, "rgb": "#000000", "zyx": [12, 88, 66]}