{"timescalecorr": 0.0018697191262617707, "corr_listening": 0.11084803193807602, "corr_reading": 0.02543441392481327, "p_listening": 0.001, "p_reading": 0.291, "barbin": 0, "rgb": "#000000", "zyx": [15, 37, 33]}