{"timescalecorr": 0.006812972016632557, "corr_listening": 0.01908174343407154, "corr_reading": 0.04853416606783867, "p_listening": 0.354, "p_reading": 0.0, "barbin": 0, "rgb": "#000000", "zyx": [7, 86, 42]}