{"timescalecorr": 0.02139103226363659, "corr_listening": -0.13221058249473572, "corr_reading": 0.01566634140908718, "p_listening": 0.986, "p_reading": 0.385, "barbin": 0, "rgb": "#000000", "zyx": [23, 73, 39]}