{"timescalecorr": 0.0, "corr_listening": -0.01582786999642849, "corr_reading": 0.0729808434844017, "p_listening": 0.605, "p_reading": 0.087, "barbin": 0, "rgb": "#000000", "zyx": [18, 56, 57]}