{"timescalecorr": 0.23048394918441772, "corr_listening": 0.02641630917787552, "corr_reading": 0.056240398436784744, "p_listening": 0.316, "p_reading": 0.141, "barbin": 0, "rgb": "#000000", "zyx": [11, 58, 82]}