{"timescalecorr": 2.14325227716472e-05, "corr_listening": -0.01369180902838707, "corr_reading": 0.19633977115154266, "p_listening": 0.609, "p_reading": 0.001, "barbin": 0, "rgb": "#000000", "zyx": [13, 53, 26]}