{"timescalecorr": 1.2615195414439513e-14, "corr_listening": 0.01183109451085329, "corr_reading": -0.007704947143793106, "p_listening": 0.428, "p_reading": 0.579, "barbin": 0, "rgb": "#000000", "zyx": [4, 50, 79]}