{"timescalecorr": 4.488894514412711e-16, "corr_listening": 0.04583309218287468, "corr_reading": 0.025279870256781578, "p_listening": 0.113, "p_reading": 0.221, "barbin": 0, "rgb": "#000000", "zyx": [13, 63, 81]}