{"timescalecorr": 2.847040434517112e-07, "corr_listening": -0.01442303229123354, "corr_reading": 0.09004808217287064, "p_listening": 0.639, "p_reading": 0.023, "barbin": 0, "rgb": "#000000", "zyx": [12, 30, 51]}