{"timescalecorr": 0.13145190477371216, "corr_listening": -0.0450628437101841, "corr_reading": 0.11940884590148926, "p_listening": 0.78, "p_reading": 0.015, "barbin": 0, "rgb": "#000000", "zyx": [20, 50, 69]}