{"timescalecorr": 0.1287245899438858, "corr_listening": 0.011277588084340096, "corr_reading": 0.05638820677995682, "p_listening": 0.419, "p_reading": 0.0, "barbin": 0, "rgb": "#000000", "zyx": [7, 87, 42]}