{"timescalecorr": 0.23742009699344635, "corr_listening": 0.09338581562042236, "corr_reading": 0.0975736454129219, "p_listening": 0.063, "p_reading": 0.047, "barbin": 0, "rgb": "#000000", "zyx": [4, 92, 63]}