{"timescalecorr": 0.789387583732605, "corr_listening": 0.17264112830162048, "corr_reading": 0.14632290601730347, "p_listening": 0.0, "p_reading": 0.009, "barbin": 2, "rgb": "#000000", "zyx": [14, 73, 60]}