{"timescalecorr": 0.025347230955958366, "corr_listening": -0.004952784162014723, "corr_reading": 0.08003050088882446, "p_listening": 0.598, "p_reading": 0.079, "barbin": 0, "rgb": "#000000", "zyx": [14, 70, 68]}