{"timescalecorr": 0.002785132033750415, "corr_listening": -0.004366949200630188, "corr_reading": 0.036352600902318954, "p_listening": 0.524, "p_reading": 0.213, "barbin": 0, "rgb": "#000000", "zyx": [9, 78, 58]}