{"timescalecorr": 0.013630635105073452, "corr_listening": -0.020430834963917732, "corr_reading": -0.002393849892541766, "p_listening": 0.695, "p_reading": 0.546, "barbin": 0, "rgb": "#000000", "zyx": [3, 53, 61]}