{"timescalecorr": 0.8878662586212158, "corr_listening": -0.04059859737753868, "corr_reading": -0.0011347755789756775, "p_listening": 0.763, "p_reading": 0.53, "barbin": 0, "rgb": "#000000", "zyx": [17, 22, 54]}