{"timescalecorr": 0.07321596145629883, "corr_listening": -0.0014884400879964232, "corr_reading": 0.09073097258806229, "p_listening": 0.515, "p_reading": 0.051, "barbin": 0, "rgb": "#000000", "zyx": [5, 82, 46]}