{"timescalecorr": 0.0016871688421815634, "corr_listening": 0.052077654749155045, "corr_reading": -0.23948173224925995, "p_listening": 0.174, "p_reading": 1.0, "barbin": 0, "rgb": "#000000", "zyx": [16, 19, 54]}