{"timescalecorr": 0.48441803455352783, "corr_listening": 0.12144248932600021, "corr_reading": 0.1572788804769516, "p_listening": 0.013, "p_reading": 0.0, "barbin": 1, "rgb": "#000000", "zyx": [2, 81, 44]}