{"timescalecorr": 1.172487486655882e-06, "corr_listening": 0.14885695278644562, "corr_reading": -0.021979179233312607, "p_listening": 0.001, "p_reading": 0.644, "barbin": 0, "rgb": "#000000", "zyx": [22, 79, 59]}