{"timescalecorr": 0.9046201109886169, "corr_listening": -0.03196188434958458, "corr_reading": 0.02924034185707569, "p_listening": 0.712, "p_reading": 0.158, "barbin": 0, "rgb": "#000000", "zyx": [16, 53, 35]}