{"timescalecorr": 0.8744519352912903, "corr_listening": 0.12525920569896698, "corr_reading": 0.0962788388133049, "p_listening": 0.012, "p_reading": 0.043, "barbin": 1, "rgb": "#000000", "zyx": [25, 52, 55]}