{"timescalecorr": 0.008417165838181973, "corr_listening": 0.006907755509018898, "corr_reading": 0.00608944334089756, "p_listening": 0.099, "p_reading": 0.141, "barbin": 0, "rgb": "#000000", "zyx": [10, 34, 63]}