{"timescalecorr": 0.9743887782096863, "corr_listening": -0.08129827678203583, "corr_reading": -0.024280091747641563, "p_listening": 0.911, "p_reading": 0.677, "barbin": 0, "rgb": "#000000", "zyx": [18, 77, 31]}