{"timescalecorr": 0.7031258344650269, "corr_listening": 0.21550461649894714, "corr_reading": 0.2821592092514038, "p_listening": 0.0, "p_reading": 0.0, "barbin": 3, "rgb": "#000000", "zyx": [22, 30, 58]}