{"timescalecorr": 9.046524640510256e-10, "corr_listening": -0.02146507240831852, "corr_reading": 0.018353169783949852, "p_listening": 0.679, "p_reading": 0.393, "barbin": 0, "rgb": "#000000", "zyx": [4, 47, 46]}