{"timescalecorr": 0.17021840810775757, "corr_listening": -0.005438672378659248, "corr_reading": -0.09306982159614563, "p_listening": 0.523, "p_reading": 0.958, "barbin": 0, "rgb": "#000000", "zyx": [19, 55, 54]}