{"timescalecorr": 0.2668743431568146, "corr_listening": -0.01949978433549404, "corr_reading": 0.05119483172893524, "p_listening": 0.606, "p_reading": 0.015, "barbin": 0, "rgb": "#000000", "zyx": [20, 64, 53]}