{"timescalecorr": 0.8353180885314941, "corr_listening": 0.011174185201525688, "corr_reading": -0.07893519103527069, "p_listening": 0.438, "p_reading": 0.92, "barbin": 0, "rgb": "#000000", "zyx": [18, 61, 70]}