{"timescalecorr": 0.0337141677737236, "corr_listening": -0.008975857868790627, "corr_reading": 0.0020340140908956528, "p_listening": 0.643, "p_reading": 0.453, "barbin": 0, "rgb": "#000000", "zyx": [3, 84, 67]}