{"timescalecorr": 1.831220174608461e-06, "corr_listening": 0.09025999903678894, "corr_reading": 0.024026576429605484, "p_listening": 0.052, "p_reading": 0.341, "barbin": 0, "rgb": "#000000", "zyx": [15, 52, 38]}