{"timescalecorr": 0.02897270768880844, "corr_listening": 0.09909769147634506, "corr_reading": 0.10194645822048187, "p_listening": 0.048, "p_reading": 0.02, "barbin": 1, "rgb": "#000000", "zyx": [6, 38, 39]}