{"timescalecorr": 0.2454647272825241, "corr_listening": 0.24542319774627686, "corr_reading": 0.030473999679088593, "p_listening": 0.0, "p_reading": 0.215, "barbin": 1, "rgb": "#000000", "zyx": [19, 46, 33]}