{"timescalecorr": 0.4540613889694214, "corr_listening": 0.07387765496969223, "corr_reading": 0.05501250550150871, "p_listening": 0.102, "p_reading": 0.168, "barbin": 0, "rgb": "#000000", "zyx": [9, 45, 62]}