{"timescalecorr": 0.033905670046806335, "corr_listening": 0.0609942302107811, "corr_reading": -0.06450700014829636, "p_listening": 0.059, "p_reading": 0.963, "barbin": 0, "rgb": "#000000", "zyx": [18, 35, 62]}