{"timescalecorr": 0.5351454019546509, "corr_listening": 0.2174629271030426, "corr_reading": 0.16271494328975677, "p_listening": 0.0, "p_reading": 0.002, "barbin": 2, "rgb": "#000000", "zyx": [16, 50, 67]}