{"timescalecorr": 0.0018492937088012695, "corr_listening": 0.09584394097328186, "corr_reading": 0.0468139573931694, "p_listening": 0.032, "p_reading": 0.216, "barbin": 0, "rgb": "#000000", "zyx": [3, 75, 45]}