{"timescalecorr": 0.00011086076847277582, "corr_listening": 0.02738858386874199, "corr_reading": 0.03476105257868767, "p_listening": 0.114, "p_reading": 0.276, "barbin": 0, "rgb": "#000000", "zyx": [19, 40, 39]}