{"timescalecorr": 2.6470622742635896e-06, "corr_listening": 0.07319650053977966, "corr_reading": 0.05906640365719795, "p_listening": 0.124, "p_reading": 0.027, "barbin": 0, "rgb": "#000000", "zyx": [3, 81, 62]}