{"timescalecorr": 0.525672197341919, "corr_listening": 0.060958415269851685, "corr_reading": -0.013639177195727825, "p_listening": 0.098, "p_reading": 0.609, "barbin": 0, "rgb": "#000000", "zyx": [16, 63, 40]}