{"timescalecorr": 0.7076968550682068, "corr_listening": 0.10602300614118576, "corr_reading": 0.12752513587474823, "p_listening": 0.029, "p_reading": 0.014, "barbin": 1, "rgb": "#000000", "zyx": [1, 74, 45]}