{"timescalecorr": 0.04710257798433304, "corr_listening": 0.039132121950387955, "corr_reading": 0.07039575278759003, "p_listening": 0.265, "p_reading": 0.121, "barbin": 0, "rgb": "#000000", "zyx": [11, 51, 23]}