{"timescalecorr": 3.9698684872746526e-07, "corr_listening": -0.06425201892852783, "corr_reading": 0.039903074502944946, "p_listening": 0.922, "p_reading": 0.032, "barbin": 0, "rgb": "#000000", "zyx": [3, 48, 37]}