{"timescalecorr": 0.650711178779602, "corr_listening": 0.05194689333438873, "corr_reading": 0.1241798847913742, "p_listening": 0.173, "p_reading": 0.014, "barbin": 0, "rgb": "#000000", "zyx": [12, 26, 58]}