{"timescalecorr": 0.38169291615486145, "corr_listening": 0.115489162504673, "corr_reading": -0.003185047535225749, "p_listening": 0.017, "p_reading": 0.533, "barbin": 0, "rgb": "#000000", "zyx": [12, 87, 59]}