{"timescalecorr": 2.6138723114854656e-06, "corr_listening": 0.09755479544401169, "corr_reading": 0.03595317155122757, "p_listening": 0.041, "p_reading": 0.274, "barbin": 0, "rgb": "#000000", "zyx": [4, 57, 70]}