{"timescalecorr": 0.25880640745162964, "corr_listening": 0.2575686573982239, "corr_reading": 0.14462296664714813, "p_listening": 0.0, "p_reading": 0.012, "barbin": 3, "rgb": "#000000", "zyx": [16, 35, 63]}