{"timescalecorr": 0.652262270450592, "corr_listening": 0.07480884343385696, "corr_reading": 0.3041401505470276, "p_listening": 0.112, "p_reading": 0.0, "barbin": 2, "rgb": "#000000", "zyx": [19, 25, 44]}