{"timescalecorr": 0.721656858921051, "corr_listening": 0.2970580756664276, "corr_reading": 0.16638605296611786, "p_listening": 0.0, "p_reading": 0.001, "barbin": 3, "rgb": "#000000", "zyx": [10, 46, 28]}