{"timescalecorr": 0.006736708804965019, "corr_listening": -0.051893215626478195, "corr_reading": 0.0038958569057285786, "p_listening": 0.846, "p_reading": 0.505, "barbin": 0, "rgb": "#000000", "zyx": [19, 76, 33]}