{"timescalecorr": 0.05528198555111885, "corr_listening": 0.023000743240118027, "corr_reading": -0.026261206716299057, "p_listening": 0.325, "p_reading": 0.689, "barbin": 0, "rgb": "#000000", "zyx": [19, 71, 33]}