{"timescalecorr": 0.7246578335762024, "corr_listening": 0.05970882251858711, "corr_reading": 0.03766440600156784, "p_listening": 0.076, "p_reading": 0.284, "barbin": 0, "rgb": "#000000", "zyx": [12, 52, 53]}