{"timescalecorr": 0.6852824687957764, "corr_listening": -0.1495574712753296, "corr_reading": 0.06822624802589417, "p_listening": 0.997, "p_reading": 0.001, "barbin": 0, "rgb": "#000000", "zyx": [5, 67, 35]}