{"timescalecorr": 0.16717630624771118, "corr_listening": -0.045585233718156815, "corr_reading": -0.00991720613092184, "p_listening": 0.774, "p_reading": 0.772, "barbin": 0, "rgb": "#000000", "zyx": [22, 42, 58]}