{"timescalecorr": 0.574919581413269, "corr_listening": 0.12032372504472733, "corr_reading": 0.13069379329681396, "p_listening": 0.013, "p_reading": 0.014, "barbin": 1, "rgb": "#000000", "zyx": [4, 41, 71]}