{"timescalecorr": 0.49817588925361633, "corr_listening": 0.028806794434785843, "corr_reading": -0.016588227823376656, "p_listening": 0.296, "p_reading": 0.678, "barbin": 0, "rgb": "#000000", "zyx": [7, 60, 49]}