{"timescalecorr": 2.0044301436428213e-06, "corr_listening": -0.1438799947500229, "corr_reading": -0.027393069118261337, "p_listening": 1.0, "p_reading": 0.679, "barbin": 0, "rgb": "#000000", "zyx": [4, 56, 67]}