{"timescalecorr": 0.3532851040363312, "corr_listening": -0.013820081949234009, "corr_reading": -0.040643736720085144, "p_listening": 0.823, "p_reading": 0.816, "barbin": 0, "rgb": "#000000", "zyx": [7, 42, 60]}