{"timescalecorr": 0.1938330978155136, "corr_listening": -0.05253441259264946, "corr_reading": 0.1457265019416809, "p_listening": 0.807, "p_reading": 0.01, "barbin": 0, "rgb": "#000000", "zyx": [0, 78, 69]}