{"timescalecorr": 0.6403599381446838, "corr_listening": 0.2796987295150757, "corr_reading": 0.06878730654716492, "p_listening": 0.0, "p_reading": 0.127, "barbin": 2, "rgb": "#000000", "zyx": [12, 89, 67]}