{"timescalecorr": 0.004299263469874859, "corr_listening": 0.007437741383910179, "corr_reading": -0.004163350909948349, "p_listening": 0.432, "p_reading": 0.559, "barbin": 0, "rgb": "#000000", "zyx": [13, 32, 49]}