{"timescalecorr": 0.02179001271724701, "corr_listening": 0.04261757805943489, "corr_reading": -0.023525238037109375, "p_listening": 0.237, "p_reading": 0.894, "barbin": 0, "rgb": "#000000", "zyx": [14, 68, 81]}