{"timescalecorr": 0.9319308400154114, "corr_listening": 0.12865625321865082, "corr_reading": 0.11107280850410461, "p_listening": 0.015, "p_reading": 0.013, "barbin": 1, "rgb": "#000000", "zyx": [10, 55, 67]}