{"timescalecorr": 1.0607734396877975e-17, "corr_listening": -0.01805688440799713, "corr_reading": -0.08505964279174805, "p_listening": 0.644, "p_reading": 0.918, "barbin": 0, "rgb": "#000000", "zyx": [20, 70, 32]}