{"timescalecorr": 3.825863677775487e-05, "corr_listening": -0.006929031573235989, "corr_reading": 0.050085555762052536, "p_listening": 0.579, "p_reading": 0.204, "barbin": 0, "rgb": "#000000", "zyx": [9, 83, 43]}