{"timescalecorr": 0.6611953973770142, "corr_listening": 0.09813221544027328, "corr_reading": 0.13932713866233826, "p_listening": 0.056, "p_reading": 0.007, "barbin": 1, "rgb": "#000000", "zyx": [10, 61, 28]}