{"timescalecorr": 0.657845675945282, "corr_listening": 0.0920996442437172, "corr_reading": -0.002170549239963293, "p_listening": 0.057, "p_reading": 0.521, "barbin": 0, "rgb": "#000000", "zyx": [21, 80, 59]}