{"timescalecorr": 0.0015941135352477431, "corr_listening": 0.1834947019815445, "corr_reading": 0.02262924239039421, "p_listening": 0.0, "p_reading": 0.378, "barbin": 1, "rgb": "#000000", "zyx": [11, 61, 78]}