{"timescalecorr": 0.00012025723117403686, "corr_listening": 0.08146203309297562, "corr_reading": 0.016103088855743408, "p_listening": 0.082, "p_reading": 0.308, "barbin": 0, "rgb": "#000000", "zyx": [16, 58, 79]}