{"timescalecorr": 8.027099829632789e-05, "corr_listening": 0.06487831473350525, "corr_reading": 0.0021492138039320707, "p_listening": 0.145, "p_reading": 0.47, "barbin": 0, "rgb": "#000000", "zyx": [18, 45, 74]}