{"timescalecorr": 0.9791265726089478, "corr_listening": -0.058765120804309845, "corr_reading": 0.049623530358076096, "p_listening": 0.837, "p_reading": 0.206, "barbin": 0, "rgb": "#000000", "zyx": [13, 47, 41]}