{"timescalecorr": 0.00010351014498155564, "corr_listening": 0.0060273222625255585, "corr_reading": 0.05446305871009827, "p_listening": 0.36, "p_reading": 0.09, "barbin": 0, "rgb": "#000000", "zyx": [9, 64, 24]}