{"timescalecorr": 0.9736073613166809, "corr_listening": 0.12256165593862534, "corr_reading": 0.03365043178200722, "p_listening": 0.02, "p_reading": 0.282, "barbin": 0, "rgb": "#000000", "zyx": [23, 33, 38]}