{"timescalecorr": 0.0374421589076519, "corr_listening": -0.09056993573904037, "corr_reading": 0.03585492819547653, "p_listening": 0.97, "p_reading": 0.147, "barbin": 0, "rgb": "#000000", "zyx": [1, 85, 70]}