{"timescalecorr": 1.206702563649742e-05, "corr_listening": 0.009039148688316345, "corr_reading": 0.0632208064198494, "p_listening": 0.306, "p_reading": 0.089, "barbin": 0, "rgb": "#000000", "zyx": [15, 40, 26]}