{"timescalecorr": 0.9603422284126282, "corr_listening": 0.07676555216312408, "corr_reading": 0.1033671498298645, "p_listening": 0.01, "p_reading": 0.031, "barbin": 0, "rgb": "#000000", "zyx": [22, 27, 61]}