{"timescalecorr": 0.13410454988479614, "corr_listening": 0.09847813844680786, "corr_reading": -0.007917548529803753, "p_listening": 0.054, "p_reading": 0.527, "barbin": 0, "rgb": "#000000", "zyx": [22, 46, 66]}