{"timescalecorr": 0.08095920830965042, "corr_listening": -0.06677717715501785, "corr_reading": 0.0004178845847491175, "p_listening": 0.905, "p_reading": 0.486, "barbin": 0, "rgb": "#000000", "zyx": [15, 72, 39]}