{"timescalecorr": 1.5668041442040703e-06, "corr_listening": -0.02626805193722248, "corr_reading": 0.003435547696426511, "p_listening": 0.691, "p_reading": 0.389, "barbin": 0, "rgb": "#000000", "zyx": [7, 74, 24]}