{"timescalecorr": 1.9917470694963413e-07, "corr_listening": -0.02547961100935936, "corr_reading": 0.01584717445075512, "p_listening": 0.714, "p_reading": 0.326, "barbin": 0, "rgb": "#000000", "zyx": [11, 32, 43]}