{"timescalecorr": 0.16679999232292175, "corr_listening": 0.010208670049905777, "corr_reading": 0.0163661390542984, "p_listening": 0.432, "p_reading": 0.395, "barbin": 0, "rgb": "#000000", "zyx": [14, 29, 55]}