{"timescalecorr": 0.16577447950839996, "corr_listening": 0.00304430746473372, "corr_reading": 0.19814825057983398, "p_listening": 0.013, "p_reading": 0.001, "barbin": 1, "rgb": "#000000", "zyx": [25, 66, 38]}