{"timescalecorr": 0.950283944606781, "corr_listening": 0.2332104742527008, "corr_reading": 0.28885114192962646, "p_listening": 0.0, "p_reading": 0.0, "barbin": 4, "rgb": "#000000", "zyx": [24, 45, 41]}