{"timescalecorr": 0.0037342526484280825, "corr_listening": 0.06739289313554764, "corr_reading": 0.0013366079656407237, "p_listening": 0.122, "p_reading": 0.477, "barbin": 0, "rgb": "#000000", "zyx": [4, 36, 45]}