{"timescalecorr": 0.9834960103034973, "corr_listening": -0.014014465734362602, "corr_reading": 0.06752477586269379, "p_listening": 0.921, "p_reading": 0.117, "barbin": 0, "rgb": "#000000", "zyx": [3, 91, 39]}