{"timescalecorr": 0.004679264035075903, "corr_listening": 0.019749395549297333, "corr_reading": 0.1717367023229599, "p_listening": 0.354, "p_reading": 0.002, "barbin": 0, "rgb": "#000000", "zyx": [6, 86, 45]}