{"timescalecorr": 0.2878786027431488, "corr_listening": 0.017246568575501442, "corr_reading": 0.11130685359239578, "p_listening": 0.034, "p_reading": 0.0, "barbin": 0, "rgb": "#000000", "zyx": [23, 60, 52]}