{"timescalecorr": 9.255459758605866e-07, "corr_listening": -0.07814950495958328, "corr_reading": -0.01746479794383049, "p_listening": 0.911, "p_reading": 0.873, "barbin": 0, "rgb": "#000000", "zyx": [25, 75, 56]}