{"timescalecorr": 0.07571330666542053, "corr_listening": 0.014993824996054173, "corr_reading": 0.20894016325473785, "p_listening": 0.42, "p_reading": 0.001, "barbin": 1, "rgb": "#000000", "zyx": [19, 65, 76]}