{"timescalecorr": 2.533402766857762e-05, "corr_listening": 0.04437034949660301, "corr_reading": -0.008189359679818153, "p_listening": 0.231, "p_reading": 0.731, "barbin": 0, "rgb": "#000000", "zyx": [13, 45, 75]}