{"timescalecorr": 0.0008659246959723532, "corr_listening": 0.04796595871448517, "corr_reading": 0.015451918356120586, "p_listening": 0.185, "p_reading": 0.39, "barbin": 0, "rgb": "#000000", "zyx": [1, 50, 31]}