{"timescalecorr": 0.22598758339881897, "corr_listening": 0.15207737684249878, "corr_reading": 0.05052970349788666, "p_listening": 0.0, "p_reading": 0.208, "barbin": 1, "rgb": "#000000", "zyx": [13, 73, 53]}