{"timescalecorr": 0.6962231993675232, "corr_listening": -0.06877421587705612, "corr_reading": -0.017031006515026093, "p_listening": 0.869, "p_reading": 0.603, "barbin": 0, "rgb": "#000000", "zyx": [1, 42, 42]}