{"timescalecorr": 0.802191972732544, "corr_listening": 0.17862679064273834, "corr_reading": 0.19815273582935333, "p_listening": 0.002, "p_reading": 0.0, "barbin": 2, "rgb": "#000000", "zyx": [16, 69, 74]}