{"timescalecorr": 0.00012685373076237738, "corr_listening": -0.04682331532239914, "corr_reading": 0.028809426352381706, "p_listening": 0.782, "p_reading": 0.354, "barbin": 0, "rgb": "#000000", "zyx": [6, 57, 80]}