{"timescalecorr": 0.044572655111551285, "corr_listening": -0.1192808449268341, "corr_reading": 0.18439655005931854, "p_listening": 0.984, "p_reading": 0.002, "barbin": 0, "rgb": "#000000", "zyx": [9, 69, 76]}