{"timescalecorr": 0.0, "corr_listening": -0.0004667860921472311, "corr_reading": 0.0216180719435215, "p_listening": 0.908, "p_reading": 0.344, "barbin": 0, "rgb": "#000000", "zyx": [19, 51, 30]}