{"timescalecorr": 0.14016848802566528, "corr_listening": 0.05194055289030075, "corr_reading": 0.016350265592336655, "p_listening": 0.198, "p_reading": 0.358, "barbin": 0, "rgb": "#000000", "zyx": [10, 83, 68]}