{"timescalecorr": 0.0016444830689579248, "corr_listening": -0.016165845096111298, "corr_reading": 0.07081543654203415, "p_listening": 0.596, "p_reading": 0.044, "barbin": 0, "rgb": "#000000", "zyx": [18, 76, 42]}