{"timescalecorr": 0.019879091531038284, "corr_listening": -0.010967983864247799, "corr_reading": 0.06426997482776642, "p_listening": 0.588, "p_reading": 0.151, "barbin": 0, "rgb": "#000000", "zyx": [7, 62, 60]}