{"timescalecorr": 1.9612114016132054e-11, "corr_listening": 0.06527157127857208, "corr_reading": 0.007313025649636984, "p_listening": 0.143, "p_reading": 0.452, "barbin": 0, "rgb": "#000000", "zyx": [10, 35, 51]}