{"timescalecorr": 0.0005178771098144352, "corr_listening": -0.020581355318427086, "corr_reading": 0.08384130150079727, "p_listening": 0.631, "p_reading": 0.084, "barbin": 0, "rgb": "#000000", "zyx": [10, 49, 34]}