{"timescalecorr": 2.0344252334325574e-05, "corr_listening": -0.02453457936644554, "corr_reading": 0.006682027131319046, "p_listening": 0.8, "p_reading": 0.458, "barbin": 0, "rgb": "#000000", "zyx": [3, 94, 47]}